frame,system,rom_label,kind,total_count,ordinal,event_id,event_name,arg0,arg1,arg2,seq_ptr_raw,ptr_res,seq_index,seq_byte,seq_source,ppu_index,ppu_ptr_raw,ppu_ptr_res
12,genesis,zelda_v358_autostart,ppu,2,1,04A9,BANK6_PPU request,0000,0302,00FF,,00000000,,,,0000,0302,00000000
12,genesis,zelda_v358_autostart,ppu,2,2,04A8,BANK6_PPU fallback request,0000,0302,8100,,00000000,,,,0000,0302,00000000
13,genesis,zelda_v358_autostart,ppu,4,3,04A9,BANK6_PPU request,0000,0302,00FF,,00000000,,,,0000,0302,00000000
13,genesis,zelda_v358_autostart,ppu,4,4,04A8,BANK6_PPU fallback request,0000,0302,8100,,00000000,,,,0000,0302,00000000
43,genesis,zelda_v358_autostart,ppu,6,5,04A9,BANK6_PPU request,0000,0302,00FF,,00000000,,,,0000,0302,00000000
43,genesis,zelda_v358_autostart,ppu,6,6,04A8,BANK6_PPU fallback request,0000,0302,8100,,00000000,,,,0000,0302,00000000
44,genesis,zelda_v358_autostart,ppu,8,7,04A9,BANK6_PPU request,0000,0302,00FF,,00000000,,,,0000,0302,00000000
44,genesis,zelda_v358_autostart,ppu,8,8,04A8,BANK6_PPU fallback request,0000,0302,8100,,00000000,,,,0000,0302,00000000
53,genesis,zelda_v358_autostart,ppu,10,9,04A9,BANK6_PPU request,0000,0302,00FF,,00000000,,,,0000,0302,00000000
53,genesis,zelda_v358_autostart,ppu,10,10,04A8,BANK6_PPU fallback request,0000,0302,8100,,00000000,,,,0000,0302,00000000
54,genesis,zelda_v358_autostart,ppu,13,11,04A9,BANK6_PPU request,0000,0302,003F,,00000000,,,,0000,0302,00000000
54,genesis,zelda_v358_autostart,ppu,13,12,04A8,BANK6_PPU fallback request,0000,0302,8100,,00000000,,,,0000,0302,00000000
54,genesis,zelda_v358_autostart,ppu,13,13,04A0,BANK6_PPU_LEGACY raw header,3F00,0002,2000,,00000000,,,,0000,0302,00000000
58,genesis,zelda_v358_autostart,ppu,14,14,04A1,BANK6_PPU_LEGACY literal decode,3F00,2002,0000,,00000000,,,,0000,0302,00000000
59,genesis,zelda_v358_autostart,ppu,18,15,04A3,BANK6_PPU_LEGACY palette fixup,3F00,0000,0000,,00000000,,,,0000,0302,00000000
59,genesis,zelda_v358_autostart,ppu,18,16,04A4,BANK6_PPU_LEGACY pointer advance,2200,2500,0300,,00000000,,,,0000,0302,00000000
59,genesis,zelda_v358_autostart,ppu,18,17,04A9,BANK6_PPU request,0000,0302,00FF,,00000000,,,,0000,0302,00000000
59,genesis,zelda_v358_autostart,ppu,18,18,04A8,BANK6_PPU fallback request,0000,0302,8100,,00000000,,,,0000,0302,00000000
89,genesis,zelda_v358_autostart,ppu,20,19,04A9,BANK6_PPU request,0000,0302,00FF,,00000000,,,,0000,0302,00000000
89,genesis,zelda_v358_autostart,ppu,20,20,04A8,BANK6_PPU fallback request,0000,0302,8100,,00000000,,,,0000,0302,00000000
94,genesis,zelda_v358_autostart,ppu,22,21,04A9,BANK6_PPU request,0000,0302,00FF,,00000000,,,,0000,0302,00000000
94,genesis,zelda_v358_autostart,ppu,22,22,04A8,BANK6_PPU fallback request,0000,0302,8100,,00000000,,,,0000,0302,00000000
95,genesis,zelda_v358_autostart,seq,4,1,04B1,BANK0_SEQ 9D37 primary fetch,0000,,,8F0F,0000573B,0000,0481,8F80,,,
95,genesis,zelda_v358_autostart,seq,4,2,04B3,BANK0_SEQ 9DBE pulse fetch,0016,,,8F0F,0000573B,0416,043F,8F80,,,
95,genesis,zelda_v358_autostart,seq,4,3,04B5,BANK0_SEQ 9E2C control fetch,0035,,,8F0F,0000573B,0435,043C,8F80,,,
95,genesis,zelda_v358_autostart,seq,4,4,04B7,BANK0_SEQ 9EA7 noise fetch,00CE,,,8F0F,0000573B,04CE,04FE,8F80,,,
95,genesis,zelda_v358_autostart,ppu,24,23,04A9,BANK6_PPU request,0000,0302,00FF,,00000000,,,,0000,0302,00000000
95,genesis,zelda_v358_autostart,ppu,24,24,04A8,BANK6_PPU fallback request,0000,0302,8100,,00000000,,,,0000,0302,00000000
104,genesis,zelda_v358_autostart,seq,8,5,04B1,BANK0_SEQ 9D37 primary fetch,0000,,,948B,00005781,0000,0481,94F8,,,
104,genesis,zelda_v358_autostart,seq,8,6,04B3,BANK0_SEQ 9DBE pulse fetch,001D,,,948B,00005781,041D,0400,94F8,,,
104,genesis,zelda_v358_autostart,seq,8,7,04B5,BANK0_SEQ 9E2C control fetch,003B,,,948B,00005781,043B,0410,94F8,,,
104,genesis,zelda_v358_autostart,seq,8,8,04B7,BANK0_SEQ 9EA7 noise fetch,004F,,,948B,00005781,044F,044E,94F8,,,
104,genesis,zelda_v358_autostart,ppu,26,25,04A9,BANK6_PPU request,0000,0302,00FF,,00000000,,,,0000,0302,00000000
104,genesis,zelda_v358_autostart,ppu,26,26,04A8,BANK6_PPU fallback request,0000,0302,8100,,00000000,,,,0000,0302,00000000
105,genesis,zelda_v358_autostart,ppu,28,27,04A9,BANK6_PPU request,0000,0302,00FF,,00000000,,,,0000,0302,00000000
105,genesis,zelda_v358_autostart,ppu,28,28,04A8,BANK6_PPU fallback request,0000,0302,8100,,00000000,,,,0000,0302,00000000
106,genesis,zelda_v358_autostart,ppu,29,29,04A9,BANK6_PPU request,0010,A869,0000,,00000000,,,,0010,A869,00000000
111,genesis,zelda_v358_autostart,seq,12,9,04B1,BANK0_SEQ 9D37 primary fetch,0000,,,94DC,000057D2,0000,0481,9480,,,
111,genesis,zelda_v358_autostart,seq,12,10,04B3,BANK0_SEQ 9DBE pulse fetch,0057,,,94DC,000057D2,0457,0400,9480,,,
111,genesis,zelda_v358_autostart,seq,12,11,04B5,BANK0_SEQ 9E2C control fetch,0027,,,94DC,000057D2,0427,0400,9480,,,
111,genesis,zelda_v358_autostart,seq,12,12,04B7,BANK0_SEQ 9EA7 noise fetch,0023,,,94DC,000057D2,0423,0415,9480,,,
111,genesis,zelda_v358_autostart,ppu,31,30,04A9,BANK6_PPU request,0000,0302,00FF,,00000000,,,,0000,0302,00000000
111,genesis,zelda_v358_autostart,ppu,31,31,04A8,BANK6_PPU fallback request,0000,0302,8100,,00000000,,,,0000,0302,00000000
116,genesis,zelda_v358_autostart,seq,15,13,04B1,BANK0_SEQ 9D37 primary fetch,0000,,,92CC,FFFF92CC,0000,0400,924E,,,
116,genesis,zelda_v358_autostart,seq,15,14,04B3,BANK0_SEQ 9DBE pulse fetch,0010,,,92CC,FFFF92CC,0010,0400,924E,,,
116,genesis,zelda_v358_autostart,seq,15,15,04B5,BANK0_SEQ 9E2C control fetch,0022,,,92CC,FFFF92CC,0022,0400,924E,,,
116,genesis,zelda_v358_autostart,ppu,33,32,04A9,BANK6_PPU request,0000,0302,00FF,,00000000,,,,0000,0302,00000000
116,genesis,zelda_v358_autostart,ppu,33,33,04A8,BANK6_PPU fallback request,0000,0302,8100,,00000000,,,,0000,0302,00000000
117,genesis,zelda_v358_autostart,seq,22,16,04B1,BANK0_SEQ 9D37 primary fetch,0000,,,948B,00005781,0000,0481,94B2,,,
117,genesis,zelda_v358_autostart,seq,22,17,04B3,BANK0_SEQ 9DBE pulse fetch,001D,,,948B,00005781,041D,0400,94B2,,,
117,genesis,zelda_v358_autostart,seq,22,18,04B5,BANK0_SEQ 9E2C control fetch,003B,,,948B,00005781,043B,0410,94B2,,,
117,genesis,zelda_v358_autostart,seq,22,19,04B7,BANK0_SEQ 9EA7 noise fetch,004F,,,948B,00005781,044F,044E,94B2,,,
117,genesis,zelda_v358_autostart,seq,22,20,04B1,BANK0_SEQ 9D37 primary fetch,0000,,,92CC,FFFF92CC,0000,0400,924E,,,
117,genesis,zelda_v358_autostart,seq,22,21,04B3,BANK0_SEQ 9DBE pulse fetch,0010,,,92CC,FFFF92CC,0010,0400,924E,,,
117,genesis,zelda_v358_autostart,seq,22,22,04B5,BANK0_SEQ 9E2C control fetch,0022,,,92CC,FFFF92CC,0022,0400,924E,,,
117,genesis,zelda_v358_autostart,ppu,35,34,04A9,BANK6_PPU request,0000,0302,00FF,,00000000,,,,0000,0302,00000000
117,genesis,zelda_v358_autostart,ppu,35,35,04A8,BANK6_PPU fallback request,0000,0302,8100,,00000000,,,,0000,0302,00000000
118,genesis,zelda_v358_autostart,seq,26,23,04B1,BANK0_SEQ 9D37 primary fetch,0000,,,948B,00005781,0000,0481,94B2,,,
118,genesis,zelda_v358_autostart,seq,26,24,04B3,BANK0_SEQ 9DBE pulse fetch,001D,,,948B,00005781,041D,0400,94B2,,,
118,genesis,zelda_v358_autostart,seq,26,25,04B5,BANK0_SEQ 9E2C control fetch,003B,,,948B,00005781,043B,0410,94B2,,,
118,genesis,zelda_v358_autostart,seq,26,26,04B7,BANK0_SEQ 9EA7 noise fetch,004F,,,948B,00005781,044F,044E,94B2,,,
118,genesis,zelda_v358_autostart,ppu,37,36,04A9,BANK6_PPU request,0000,0302,00FF,,00000000,,,,0000,0302,00000000
118,genesis,zelda_v358_autostart,ppu,37,37,04A8,BANK6_PPU fallback request,0000,0302,8100,,00000000,,,,0000,0302,00000000
119,genesis,zelda_v358_autostart,seq,29,27,04B1,BANK0_SEQ 9D37 primary fetch,0000,,,92CC,FFFF92CC,0000,0400,924E,,,
119,genesis,zelda_v358_autostart,seq,29,28,04B3,BANK0_SEQ 9DBE pulse fetch,0010,,,92CC,FFFF92CC,0010,0400,924E,,,
119,genesis,zelda_v358_autostart,seq,29,29,04B5,BANK0_SEQ 9E2C control fetch,0022,,,92CC,FFFF92CC,0022,0400,924E,,,
119,genesis,zelda_v358_autostart,ppu,39,38,04A9,BANK6_PPU request,0000,0302,00FF,,00000000,,,,0000,0302,00000000
119,genesis,zelda_v358_autostart,ppu,39,39,04A8,BANK6_PPU fallback request,0000,0302,8100,,00000000,,,,0000,0302,00000000
120,genesis,zelda_v358_autostart,seq,33,30,04B1,BANK0_SEQ 9D37 primary fetch,0000,,,948B,00005781,0000,0481,94B2,,,
120,genesis,zelda_v358_autostart,seq,33,31,04B3,BANK0_SEQ 9DBE pulse fetch,001D,,,948B,00005781,041D,0400,94B2,,,
120,genesis,zelda_v358_autostart,seq,33,32,04B5,BANK0_SEQ 9E2C control fetch,003B,,,948B,00005781,043B,0410,94B2,,,
120,genesis,zelda_v358_autostart,seq,33,33,04B7,BANK0_SEQ 9EA7 noise fetch,004F,,,948B,00005781,044F,044E,94B2,,,
120,genesis,zelda_v358_autostart,ppu,41,40,04A9,BANK6_PPU request,0000,0302,00FF,,00000000,,,,0000,0302,00000000
120,genesis,zelda_v358_autostart,ppu,41,41,04A8,BANK6_PPU fallback request,0000,0302,8100,,00000000,,,,0000,0302,00000000
121,genesis,zelda_v358_autostart,seq,36,34,04B1,BANK0_SEQ 9D37 primary fetch,0000,,,92CC,FFFF92CC,0000,0400,924E,,,
121,genesis,zelda_v358_autostart,seq,36,35,04B3,BANK0_SEQ 9DBE pulse fetch,0010,,,92CC,FFFF92CC,0010,0400,924E,,,
121,genesis,zelda_v358_autostart,seq,36,36,04B5,BANK0_SEQ 9E2C control fetch,0022,,,92CC,FFFF92CC,0022,0400,924E,,,
121,genesis,zelda_v358_autostart,ppu,43,42,04A9,BANK6_PPU request,0000,0302,00FF,,00000000,,,,0000,0302,00000000
121,genesis,zelda_v358_autostart,ppu,43,43,04A8,BANK6_PPU fallback request,0000,0302,8100,,00000000,,,,0000,0302,00000000
122,genesis,zelda_v358_autostart,seq,40,37,04B1,BANK0_SEQ 9D37 primary fetch,0000,,,948B,00005781,0000,0481,94B2,,,
122,genesis,zelda_v358_autostart,seq,40,38,04B3,BANK0_SEQ 9DBE pulse fetch,001D,,,948B,00005781,041D,0400,94B2,,,
122,genesis,zelda_v358_autostart,seq,40,39,04B5,BANK0_SEQ 9E2C control fetch,003B,,,948B,00005781,043B,0410,94B2,,,
122,genesis,zelda_v358_autostart,seq,40,40,04B7,BANK0_SEQ 9EA7 noise fetch,004F,,,948B,00005781,044F,044E,94B2,,,
122,genesis,zelda_v358_autostart,ppu,45,44,04A9,BANK6_PPU request,0000,0302,00FF,,00000000,,,,0000,0302,00000000
122,genesis,zelda_v358_autostart,ppu,45,45,04A8,BANK6_PPU fallback request,0000,0302,8100,,00000000,,,,0000,0302,00000000
123,genesis,zelda_v358_autostart,seq,43,41,04B1,BANK0_SEQ 9D37 primary fetch,0000,,,92CC,FFFF92CC,0000,0400,924E,,,
123,genesis,zelda_v358_autostart,seq,43,42,04B3,BANK0_SEQ 9DBE pulse fetch,0010,,,92CC,FFFF92CC,0010,0400,924E,,,
123,genesis,zelda_v358_autostart,seq,43,43,04B5,BANK0_SEQ 9E2C control fetch,0022,,,92CC,FFFF92CC,0022,0400,924E,,,
123,genesis,zelda_v358_autostart,ppu,47,46,04A9,BANK6_PPU request,0000,0302,00FF,,00000000,,,,0000,0302,00000000
123,genesis,zelda_v358_autostart,ppu,47,47,04A8,BANK6_PPU fallback request,0000,0302,8100,,00000000,,,,0000,0302,00000000
124,genesis,zelda_v358_autostart,seq,47,44,04B1,BANK0_SEQ 9D37 primary fetch,0000,,,948B,00005781,0000,0481,94B2,,,
124,genesis,zelda_v358_autostart,seq,47,45,04B3,BANK0_SEQ 9DBE pulse fetch,001D,,,948B,00005781,041D,0400,94B2,,,
124,genesis,zelda_v358_autostart,seq,47,46,04B5,BANK0_SEQ 9E2C control fetch,003B,,,948B,00005781,043B,0410,94B2,,,
124,genesis,zelda_v358_autostart,seq,47,47,04B7,BANK0_SEQ 9EA7 noise fetch,004F,,,948B,00005781,044F,044E,94B2,,,
124,genesis,zelda_v358_autostart,ppu,49,48,04A9,BANK6_PPU request,0000,0302,00FF,,00000000,,,,0000,0302,00000000
124,genesis,zelda_v358_autostart,ppu,49,49,04A8,BANK6_PPU fallback request,0000,0302,8100,,00000000,,,,0000,0302,00000000
125,genesis,zelda_v358_autostart,seq,50,48,04B1,BANK0_SEQ 9D37 primary fetch,0000,,,92CC,FFFF92CC,0000,0400,924E,,,
125,genesis,zelda_v358_autostart,seq,50,49,04B3,BANK0_SEQ 9DBE pulse fetch,0010,,,92CC,FFFF92CC,0010,0400,924E,,,
125,genesis,zelda_v358_autostart,seq,50,50,04B5,BANK0_SEQ 9E2C control fetch,0022,,,92CC,FFFF92CC,0022,0400,924E,,,
125,genesis,zelda_v358_autostart,ppu,51,50,04A9,BANK6_PPU request,0000,0302,00FF,,00000000,,,,0000,0302,00000000
125,genesis,zelda_v358_autostart,ppu,51,51,04A8,BANK6_PPU fallback request,0000,0302,8100,,00000000,,,,0000,0302,00000000
126,genesis,zelda_v358_autostart,seq,54,51,04B1,BANK0_SEQ 9D37 primary fetch,0000,,,948B,00005781,0000,0481,94B2,,,
126,genesis,zelda_v358_autostart,seq,54,52,04B3,BANK0_SEQ 9DBE pulse fetch,001D,,,948B,00005781,041D,0400,94B2,,,
126,genesis,zelda_v358_autostart,seq,54,53,04B5,BANK0_SEQ 9E2C control fetch,003B,,,948B,00005781,043B,0410,94B2,,,
126,genesis,zelda_v358_autostart,seq,54,54,04B7,BANK0_SEQ 9EA7 noise fetch,004F,,,948B,00005781,044F,044E,94B2,,,
126,genesis,zelda_v358_autostart,ppu,53,52,04A9,BANK6_PPU request,0000,0302,00FF,,00000000,,,,0000,0302,00000000
126,genesis,zelda_v358_autostart,ppu,53,53,04A8,BANK6_PPU fallback request,0000,0302,8100,,00000000,,,,0000,0302,00000000
127,genesis,zelda_v358_autostart,seq,57,55,04B1,BANK0_SEQ 9D37 primary fetch,0000,,,92CC,FFFF92CC,0000,0400,924E,,,
127,genesis,zelda_v358_autostart,seq,57,56,04B3,BANK0_SEQ 9DBE pulse fetch,0010,,,92CC,FFFF92CC,0010,0400,924E,,,
127,genesis,zelda_v358_autostart,seq,57,57,04B5,BANK0_SEQ 9E2C control fetch,0022,,,92CC,FFFF92CC,0022,0400,924E,,,
127,genesis,zelda_v358_autostart,ppu,55,54,04A9,BANK6_PPU request,0000,0302,00FF,,00000000,,,,0000,0302,00000000
127,genesis,zelda_v358_autostart,ppu,55,55,04A8,BANK6_PPU fallback request,0000,0302,8100,,00000000,,,,0000,0302,00000000
128,genesis,zelda_v358_autostart,seq,61,58,04B1,BANK0_SEQ 9D37 primary fetch,0000,,,948B,00005781,0000,0481,94B2,,,
128,genesis,zelda_v358_autostart,seq,61,59,04B3,BANK0_SEQ 9DBE pulse fetch,001D,,,948B,00005781,041D,0400,94B2,,,
128,genesis,zelda_v358_autostart,seq,61,60,04B5,BANK0_SEQ 9E2C control fetch,003B,,,948B,00005781,043B,0410,94B2,,,
128,genesis,zelda_v358_autostart,seq,61,61,04B7,BANK0_SEQ 9EA7 noise fetch,004F,,,948B,00005781,044F,044E,94B2,,,
128,genesis,zelda_v358_autostart,ppu,57,56,04A9,BANK6_PPU request,0000,0302,00FF,,00000000,,,,0000,0302,00000000
128,genesis,zelda_v358_autostart,ppu,57,57,04A8,BANK6_PPU fallback request,0000,0302,8100,,00000000,,,,0000,0302,00000000
129,genesis,zelda_v358_autostart,seq,64,62,04B1,BANK0_SEQ 9D37 primary fetch,0000,,,92CC,FFFF92CC,0000,0400,924E,,,
129,genesis,zelda_v358_autostart,seq,64,63,04B3,BANK0_SEQ 9DBE pulse fetch,0010,,,92CC,FFFF92CC,0010,0400,924E,,,
129,genesis,zelda_v358_autostart,seq,64,64,04B5,BANK0_SEQ 9E2C control fetch,0022,,,92CC,FFFF92CC,0022,0400,924E,,,
129,genesis,zelda_v358_autostart,ppu,59,58,04A9,BANK6_PPU request,0000,0302,00FF,,00000000,,,,0000,0302,00000000
129,genesis,zelda_v358_autostart,ppu,59,59,04A8,BANK6_PPU fallback request,0000,0302,8100,,00000000,,,,0000,0302,00000000
130,genesis,zelda_v358_autostart,seq,68,65,04B1,BANK0_SEQ 9D37 primary fetch,0000,,,948B,00005781,0000,0481,94B2,,,
130,genesis,zelda_v358_autostart,seq,68,66,04B3,BANK0_SEQ 9DBE pulse fetch,001D,,,948B,00005781,041D,0400,94B2,,,
130,genesis,zelda_v358_autostart,seq,68,67,04B5,BANK0_SEQ 9E2C control fetch,003B,,,948B,00005781,043B,0410,94B2,,,
130,genesis,zelda_v358_autostart,seq,68,68,04B7,BANK0_SEQ 9EA7 noise fetch,004F,,,948B,00005781,044F,044E,94B2,,,
130,genesis,zelda_v358_autostart,ppu,61,60,04A9,BANK6_PPU request,0000,0302,00FF,,00000000,,,,0000,0302,00000000
130,genesis,zelda_v358_autostart,ppu,61,61,04A8,BANK6_PPU fallback request,0000,0302,8100,,00000000,,,,0000,0302,00000000
131,genesis,zelda_v358_autostart,seq,71,69,04B1,BANK0_SEQ 9D37 primary fetch,0000,,,92CC,FFFF92CC,0000,0400,924E,,,
131,genesis,zelda_v358_autostart,seq,71,70,04B3,BANK0_SEQ 9DBE pulse fetch,0010,,,92CC,FFFF92CC,0010,0400,924E,,,
131,genesis,zelda_v358_autostart,seq,71,71,04B5,BANK0_SEQ 9E2C control fetch,0022,,,92CC,FFFF92CC,0022,0400,924E,,,
131,genesis,zelda_v358_autostart,ppu,63,62,04A9,BANK6_PPU request,0000,0302,00FF,,00000000,,,,0000,0302,00000000
131,genesis,zelda_v358_autostart,ppu,63,63,04A8,BANK6_PPU fallback request,0000,0302,8100,,00000000,,,,0000,0302,00000000
132,genesis,zelda_v358_autostart,seq,75,72,04B1,BANK0_SEQ 9D37 primary fetch,0000,,,948B,00005781,0000,0481,94B2,,,
132,genesis,zelda_v358_autostart,seq,75,73,04B3,BANK0_SEQ 9DBE pulse fetch,001D,,,948B,00005781,041D,0400,94B2,,,
132,genesis,zelda_v358_autostart,seq,75,74,04B5,BANK0_SEQ 9E2C control fetch,003B,,,948B,00005781,043B,0410,94B2,,,
132,genesis,zelda_v358_autostart,seq,75,75,04B7,BANK0_SEQ 9EA7 noise fetch,004F,,,948B,00005781,044F,044E,94B2,,,
132,genesis,zelda_v358_autostart,ppu,65,64,04A9,BANK6_PPU request,0000,0302,00FF,,00000000,,,,0000,0302,00000000
132,genesis,zelda_v358_autostart,ppu,65,65,04A8,BANK6_PPU fallback request,0000,0302,8100,,00000000,,,,0000,0302,00000000
133,genesis,zelda_v358_autostart,seq,78,76,04B1,BANK0_SEQ 9D37 primary fetch,0000,,,92CC,FFFF92CC,0000,0400,924E,,,
133,genesis,zelda_v358_autostart,seq,78,77,04B3,BANK0_SEQ 9DBE pulse fetch,0010,,,92CC,FFFF92CC,0010,0400,924E,,,
133,genesis,zelda_v358_autostart,seq,78,78,04B5,BANK0_SEQ 9E2C control fetch,0022,,,92CC,FFFF92CC,0022,0400,924E,,,
133,genesis,zelda_v358_autostart,ppu,67,66,04A9,BANK6_PPU request,0000,0302,00FF,,00000000,,,,0000,0302,00000000
133,genesis,zelda_v358_autostart,ppu,67,67,04A8,BANK6_PPU fallback request,0000,0302,8100,,00000000,,,,0000,0302,00000000
134,genesis,zelda_v358_autostart,seq,82,79,04B1,BANK0_SEQ 9D37 primary fetch,0000,,,948B,00005781,0000,0481,94B2,,,
134,genesis,zelda_v358_autostart,seq,82,80,04B3,BANK0_SEQ 9DBE pulse fetch,001D,,,948B,00005781,041D,0400,94B2,,,
134,genesis,zelda_v358_autostart,seq,82,81,04B5,BANK0_SEQ 9E2C control fetch,003B,,,948B,00005781,043B,0410,94B2,,,
134,genesis,zelda_v358_autostart,seq,82,82,04B7,BANK0_SEQ 9EA7 noise fetch,004F,,,948B,00005781,044F,044E,94B2,,,
134,genesis,zelda_v358_autostart,ppu,69,68,04A9,BANK6_PPU request,0000,0302,00FF,,00000000,,,,0000,0302,00000000
134,genesis,zelda_v358_autostart,ppu,69,69,04A8,BANK6_PPU fallback request,0000,0302,8100,,00000000,,,,0000,0302,00000000
135,genesis,zelda_v358_autostart,seq,85,83,04B1,BANK0_SEQ 9D37 primary fetch,0000,,,92CC,FFFF92CC,0000,0400,924E,,,
135,genesis,zelda_v358_autostart,seq,85,84,04B3,BANK0_SEQ 9DBE pulse fetch,0010,,,92CC,FFFF92CC,0010,0400,924E,,,
135,genesis,zelda_v358_autostart,seq,85,85,04B5,BANK0_SEQ 9E2C control fetch,0022,,,92CC,FFFF92CC,0022,0400,924E,,,
135,genesis,zelda_v358_autostart,ppu,71,70,04A9,BANK6_PPU request,0000,0302,00FF,,00000000,,,,0000,0302,00000000
135,genesis,zelda_v358_autostart,ppu,71,71,04A8,BANK6_PPU fallback request,0000,0302,8100,,00000000,,,,0000,0302,00000000
136,genesis,zelda_v358_autostart,seq,89,86,04B1,BANK0_SEQ 9D37 primary fetch,0000,,,948B,00005781,0000,0481,94B2,,,
136,genesis,zelda_v358_autostart,seq,89,87,04B3,BANK0_SEQ 9DBE pulse fetch,001D,,,948B,00005781,041D,0400,94B2,,,
136,genesis,zelda_v358_autostart,seq,89,88,04B5,BANK0_SEQ 9E2C control fetch,003B,,,948B,00005781,043B,0410,94B2,,,
136,genesis,zelda_v358_autostart,seq,89,89,04B7,BANK0_SEQ 9EA7 noise fetch,004F,,,948B,00005781,044F,044E,94B2,,,
136,genesis,zelda_v358_autostart,ppu,73,72,04A9,BANK6_PPU request,0000,0302,00FF,,00000000,,,,0000,0302,00000000
136,genesis,zelda_v358_autostart,ppu,73,73,04A8,BANK6_PPU fallback request,0000,0302,8100,,00000000,,,,0000,0302,00000000
137,genesis,zelda_v358_autostart,seq,92,90,04B1,BANK0_SEQ 9D37 primary fetch,0000,,,92CC,FFFF92CC,0000,0400,924E,,,
137,genesis,zelda_v358_autostart,seq,92,91,04B3,BANK0_SEQ 9DBE pulse fetch,0010,,,92CC,FFFF92CC,0010,0400,924E,,,
137,genesis,zelda_v358_autostart,seq,92,92,04B5,BANK0_SEQ 9E2C control fetch,0022,,,92CC,FFFF92CC,0022,0400,924E,,,
137,genesis,zelda_v358_autostart,ppu,75,74,04A9,BANK6_PPU request,0000,0302,00FF,,00000000,,,,0000,0302,00000000
137,genesis,zelda_v358_autostart,ppu,75,75,04A8,BANK6_PPU fallback request,0000,0302,8100,,00000000,,,,0000,0302,00000000
138,genesis,zelda_v358_autostart,seq,96,93,04B1,BANK0_SEQ 9D37 primary fetch,0000,,,948B,00005781,0000,0481,94B2,,,
138,genesis,zelda_v358_autostart,seq,96,94,04B3,BANK0_SEQ 9DBE pulse fetch,001D,,,948B,00005781,041D,0400,94B2,,,
138,genesis,zelda_v358_autostart,seq,96,95,04B5,BANK0_SEQ 9E2C control fetch,003B,,,948B,00005781,043B,0410,94B2,,,
138,genesis,zelda_v358_autostart,seq,96,96,04B7,BANK0_SEQ 9EA7 noise fetch,004F,,,948B,00005781,044F,044E,94B2,,,
138,genesis,zelda_v358_autostart,ppu,77,76,04A9,BANK6_PPU request,0000,0302,00FF,,00000000,,,,0000,0302,00000000
138,genesis,zelda_v358_autostart,ppu,77,77,04A8,BANK6_PPU fallback request,0000,0302,8100,,00000000,,,,0000,0302,00000000
139,genesis,zelda_v358_autostart,seq,99,97,04B1,BANK0_SEQ 9D37 primary fetch,0000,,,92CC,FFFF92CC,0000,0400,924E,,,
139,genesis,zelda_v358_autostart,seq,99,98,04B3,BANK0_SEQ 9DBE pulse fetch,0010,,,92CC,FFFF92CC,0010,0400,924E,,,
139,genesis,zelda_v358_autostart,seq,99,99,04B5,BANK0_SEQ 9E2C control fetch,0022,,,92CC,FFFF92CC,0022,0400,924E,,,
139,genesis,zelda_v358_autostart,ppu,79,78,04A9,BANK6_PPU request,0000,0302,00FF,,00000000,,,,0000,0302,00000000
139,genesis,zelda_v358_autostart,ppu,79,79,04A8,BANK6_PPU fallback request,0000,0302,8100,,00000000,,,,0000,0302,00000000
140,genesis,zelda_v358_autostart,seq,103,100,04B1,BANK0_SEQ 9D37 primary fetch,0000,,,948B,00005781,0000,0481,94B2,,,
140,genesis,zelda_v358_autostart,seq,103,101,04B3,BANK0_SEQ 9DBE pulse fetch,001D,,,948B,00005781,041D,0400,94B2,,,
140,genesis,zelda_v358_autostart,seq,103,102,04B5,BANK0_SEQ 9E2C control fetch,003B,,,948B,00005781,043B,0410,94B2,,,
140,genesis,zelda_v358_autostart,seq,103,103,04B7,BANK0_SEQ 9EA7 noise fetch,004F,,,948B,00005781,044F,044E,94B2,,,
140,genesis,zelda_v358_autostart,ppu,81,80,04A9,BANK6_PPU request,0000,0302,00FF,,00000000,,,,0000,0302,00000000
140,genesis,zelda_v358_autostart,ppu,81,81,04A8,BANK6_PPU fallback request,0000,0302,8100,,00000000,,,,0000,0302,00000000
141,genesis,zelda_v358_autostart,seq,106,104,04B1,BANK0_SEQ 9D37 primary fetch,0000,,,92CC,FFFF92CC,0000,0400,924E,,,
141,genesis,zelda_v358_autostart,seq,106,105,04B3,BANK0_SEQ 9DBE pulse fetch,0010,,,92CC,FFFF92CC,0010,0400,924E,,,
141,genesis,zelda_v358_autostart,seq,106,106,04B5,BANK0_SEQ 9E2C control fetch,0022,,,92CC,FFFF92CC,0022,0400,924E,,,
141,genesis,zelda_v358_autostart,ppu,83,82,04A9,BANK6_PPU request,0000,0302,00FF,,00000000,,,,0000,0302,00000000
141,genesis,zelda_v358_autostart,ppu,83,83,04A8,BANK6_PPU fallback request,0000,0302,8100,,00000000,,,,0000,0302,00000000
142,genesis,zelda_v358_autostart,seq,110,107,04B1,BANK0_SEQ 9D37 primary fetch,0000,,,948B,00005781,0000,0481,94B2,,,
142,genesis,zelda_v358_autostart,seq,110,108,04B3,BANK0_SEQ 9DBE pulse fetch,001D,,,948B,00005781,041D,0400,94B2,,,
142,genesis,zelda_v358_autostart,seq,110,109,04B5,BANK0_SEQ 9E2C control fetch,003B,,,948B,00005781,043B,0410,94B2,,,
142,genesis,zelda_v358_autostart,seq,110,110,04B7,BANK0_SEQ 9EA7 noise fetch,004F,,,948B,00005781,044F,044E,94B2,,,
142,genesis,zelda_v358_autostart,ppu,85,84,04A9,BANK6_PPU request,0000,0302,00FF,,00000000,,,,0000,0302,00000000
142,genesis,zelda_v358_autostart,ppu,85,85,04A8,BANK6_PPU fallback request,0000,0302,8100,,00000000,,,,0000,0302,00000000
143,genesis,zelda_v358_autostart,seq,113,111,04B1,BANK0_SEQ 9D37 primary fetch,0000,,,92CC,FFFF92CC,0000,0400,924E,,,
143,genesis,zelda_v358_autostart,seq,113,112,04B3,BANK0_SEQ 9DBE pulse fetch,0010,,,92CC,FFFF92CC,0010,0400,924E,,,
143,genesis,zelda_v358_autostart,seq,113,113,04B5,BANK0_SEQ 9E2C control fetch,0022,,,92CC,FFFF92CC,0022,0400,924E,,,
143,genesis,zelda_v358_autostart,ppu,87,86,04A9,BANK6_PPU request,0000,0302,00FF,,00000000,,,,0000,0302,00000000
143,genesis,zelda_v358_autostart,ppu,87,87,04A8,BANK6_PPU fallback request,0000,0302,8100,,00000000,,,,0000,0302,00000000
144,genesis,zelda_v358_autostart,seq,117,114,04B1,BANK0_SEQ 9D37 primary fetch,0000,,,948B,00005781,0000,0481,94B2,,,
144,genesis,zelda_v358_autostart,seq,117,115,04B3,BANK0_SEQ 9DBE pulse fetch,001D,,,948B,00005781,041D,0400,94B2,,,
144,genesis,zelda_v358_autostart,seq,117,116,04B5,BANK0_SEQ 9E2C control fetch,003B,,,948B,00005781,043B,0410,94B2,,,
144,genesis,zelda_v358_autostart,seq,117,117,04B7,BANK0_SEQ 9EA7 noise fetch,004F,,,948B,00005781,044F,044E,94B2,,,
144,genesis,zelda_v358_autostart,ppu,89,88,04A9,BANK6_PPU request,0000,0302,00FF,,00000000,,,,0000,0302,00000000
144,genesis,zelda_v358_autostart,ppu,89,89,04A8,BANK6_PPU fallback request,0000,0302,8100,,00000000,,,,0000,0302,00000000
145,genesis,zelda_v358_autostart,seq,120,118,04B1,BANK0_SEQ 9D37 primary fetch,0000,,,92CC,FFFF92CC,0000,0400,924E,,,
145,genesis,zelda_v358_autostart,seq,120,119,04B3,BANK0_SEQ 9DBE pulse fetch,0010,,,92CC,FFFF92CC,0010,0400,924E,,,
145,genesis,zelda_v358_autostart,seq,120,120,04B5,BANK0_SEQ 9E2C control fetch,0022,,,92CC,FFFF92CC,0022,0400,924E,,,
145,genesis,zelda_v358_autostart,ppu,91,90,04A9,BANK6_PPU request,0000,0302,00FF,,00000000,,,,0000,0302,00000000
145,genesis,zelda_v358_autostart,ppu,91,91,04A8,BANK6_PPU fallback request,0000,0302,8100,,00000000,,,,0000,0302,00000000
146,genesis,zelda_v358_autostart,seq,124,121,04B1,BANK0_SEQ 9D37 primary fetch,0000,,,948B,00005781,0000,0481,94B2,,,
146,genesis,zelda_v358_autostart,seq,124,122,04B3,BANK0_SEQ 9DBE pulse fetch,001D,,,948B,00005781,041D,0400,94B2,,,
146,genesis,zelda_v358_autostart,seq,124,123,04B5,BANK0_SEQ 9E2C control fetch,003B,,,948B,00005781,043B,0410,94B2,,,
146,genesis,zelda_v358_autostart,seq,124,124,04B7,BANK0_SEQ 9EA7 noise fetch,004F,,,948B,00005781,044F,044E,94B2,,,
146,genesis,zelda_v358_autostart,ppu,93,92,04A9,BANK6_PPU request,0000,0302,00FF,,00000000,,,,0000,0302,00000000
146,genesis,zelda_v358_autostart,ppu,93,93,04A8,BANK6_PPU fallback request,0000,0302,8100,,00000000,,,,0000,0302,00000000
147,genesis,zelda_v358_autostart,seq,127,125,04B1,BANK0_SEQ 9D37 primary fetch,0000,,,92CC,FFFF92CC,0000,0400,924E,,,
147,genesis,zelda_v358_autostart,seq,127,126,04B3,BANK0_SEQ 9DBE pulse fetch,0010,,,92CC,FFFF92CC,0010,0400,924E,,,
147,genesis,zelda_v358_autostart,seq,127,127,04B5,BANK0_SEQ 9E2C control fetch,0022,,,92CC,FFFF92CC,0022,0400,924E,,,
147,genesis,zelda_v358_autostart,ppu,95,94,04A9,BANK6_PPU request,0000,0302,00FF,,00000000,,,,0000,0302,00000000
147,genesis,zelda_v358_autostart,ppu,95,95,04A8,BANK6_PPU fallback request,0000,0302,8100,,00000000,,,,0000,0302,00000000
148,genesis,zelda_v358_autostart,seq,131,128,04B1,BANK0_SEQ 9D37 primary fetch,0000,,,948B,00005781,0000,0481,94B2,,,
148,genesis,zelda_v358_autostart,seq,131,129,04B3,BANK0_SEQ 9DBE pulse fetch,001D,,,948B,00005781,041D,0400,94B2,,,
148,genesis,zelda_v358_autostart,seq,131,130,04B5,BANK0_SEQ 9E2C control fetch,003B,,,948B,00005781,043B,0410,94B2,,,
148,genesis,zelda_v358_autostart,seq,131,131,04B7,BANK0_SEQ 9EA7 noise fetch,004F,,,948B,00005781,044F,044E,94B2,,,
148,genesis,zelda_v358_autostart,ppu,97,96,04A9,BANK6_PPU request,0000,0302,00FF,,00000000,,,,0000,0302,00000000
148,genesis,zelda_v358_autostart,ppu,97,97,04A8,BANK6_PPU fallback request,0000,0302,8100,,00000000,,,,0000,0302,00000000
149,genesis,zelda_v358_autostart,seq,134,132,04B1,BANK0_SEQ 9D37 primary fetch,0000,,,92CC,FFFF92CC,0000,0400,924E,,,
149,genesis,zelda_v358_autostart,seq,134,133,04B3,BANK0_SEQ 9DBE pulse fetch,0010,,,92CC,FFFF92CC,0010,0400,924E,,,
149,genesis,zelda_v358_autostart,seq,134,134,04B5,BANK0_SEQ 9E2C control fetch,0022,,,92CC,FFFF92CC,0022,0400,924E,,,
149,genesis,zelda_v358_autostart,ppu,99,98,04A9,BANK6_PPU request,0000,0302,00FF,,00000000,,,,0000,0302,00000000
149,genesis,zelda_v358_autostart,ppu,99,99,04A8,BANK6_PPU fallback request,0000,0302,8100,,00000000,,,,0000,0302,00000000
150,genesis,zelda_v358_autostart,seq,138,135,04B1,BANK0_SEQ 9D37 primary fetch,0000,,,948B,00005781,0000,0481,94B2,,,
150,genesis,zelda_v358_autostart,seq,138,136,04B3,BANK0_SEQ 9DBE pulse fetch,001D,,,948B,00005781,041D,0400,94B2,,,
150,genesis,zelda_v358_autostart,seq,138,137,04B5,BANK0_SEQ 9E2C control fetch,003B,,,948B,00005781,043B,0410,94B2,,,
150,genesis,zelda_v358_autostart,seq,138,138,04B7,BANK0_SEQ 9EA7 noise fetch,004F,,,948B,00005781,044F,044E,94B2,,,
150,genesis,zelda_v358_autostart,ppu,101,100,04A9,BANK6_PPU request,0000,0302,00FF,,00000000,,,,0000,0302,00000000
150,genesis,zelda_v358_autostart,ppu,101,101,04A8,BANK6_PPU fallback request,0000,0302,8100,,00000000,,,,0000,0302,00000000
151,genesis,zelda_v358_autostart,seq,141,139,04B1,BANK0_SEQ 9D37 primary fetch,0000,,,92CC,FFFF92CC,0000,0400,924E,,,
151,genesis,zelda_v358_autostart,seq,141,140,04B3,BANK0_SEQ 9DBE pulse fetch,0010,,,92CC,FFFF92CC,0010,0400,924E,,,
151,genesis,zelda_v358_autostart,seq,141,141,04B5,BANK0_SEQ 9E2C control fetch,0022,,,92CC,FFFF92CC,0022,0400,924E,,,
151,genesis,zelda_v358_autostart,ppu,103,102,04A9,BANK6_PPU request,0000,0302,00FF,,00000000,,,,0000,0302,00000000
151,genesis,zelda_v358_autostart,ppu,103,103,04A8,BANK6_PPU fallback request,0000,0302,8100,,00000000,,,,0000,0302,00000000
152,genesis,zelda_v358_autostart,seq,145,142,04B1,BANK0_SEQ 9D37 primary fetch,0000,,,948B,00005781,0000,0481,94B2,,,
152,genesis,zelda_v358_autostart,seq,145,143,04B3,BANK0_SEQ 9DBE pulse fetch,001D,,,948B,00005781,041D,0400,94B2,,,
152,genesis,zelda_v358_autostart,seq,145,144,04B5,BANK0_SEQ 9E2C control fetch,003B,,,948B,00005781,043B,0410,94B2,,,
152,genesis,zelda_v358_autostart,seq,145,145,04B7,BANK0_SEQ 9EA7 noise fetch,004F,,,948B,00005781,044F,044E,94B2,,,
152,genesis,zelda_v358_autostart,ppu,105,104,04A9,BANK6_PPU request,0000,0302,00FF,,00000000,,,,0000,0302,00000000
152,genesis,zelda_v358_autostart,ppu,105,105,04A8,BANK6_PPU fallback request,0000,0302,8100,,00000000,,,,0000,0302,00000000
153,genesis,zelda_v358_autostart,seq,148,146,04B1,BANK0_SEQ 9D37 primary fetch,0000,,,92CC,FFFF92CC,0000,0400,924E,,,
153,genesis,zelda_v358_autostart,seq,148,147,04B3,BANK0_SEQ 9DBE pulse fetch,0010,,,92CC,FFFF92CC,0010,0400,924E,,,
153,genesis,zelda_v358_autostart,seq,148,148,04B5,BANK0_SEQ 9E2C control fetch,0022,,,92CC,FFFF92CC,0022,0400,924E,,,
153,genesis,zelda_v358_autostart,ppu,107,106,04A9,BANK6_PPU request,0000,0302,00FF,,00000000,,,,0000,0302,00000000
153,genesis,zelda_v358_autostart,ppu,107,107,04A8,BANK6_PPU fallback request,0000,0302,8100,,00000000,,,,0000,0302,00000000
154,genesis,zelda_v358_autostart,seq,152,149,04B1,BANK0_SEQ 9D37 primary fetch,0000,,,948B,00005781,0000,0481,94B2,,,
154,genesis,zelda_v358_autostart,seq,152,150,04B3,BANK0_SEQ 9DBE pulse fetch,001D,,,948B,00005781,041D,0400,94B2,,,
154,genesis,zelda_v358_autostart,seq,152,151,04B5,BANK0_SEQ 9E2C control fetch,003B,,,948B,00005781,043B,0410,94B2,,,
154,genesis,zelda_v358_autostart,seq,152,152,04B7,BANK0_SEQ 9EA7 noise fetch,004F,,,948B,00005781,044F,044E,94B2,,,
154,genesis,zelda_v358_autostart,ppu,109,108,04A9,BANK6_PPU request,0000,0302,00FF,,00000000,,,,0000,0302,00000000
154,genesis,zelda_v358_autostart,ppu,109,109,04A8,BANK6_PPU fallback request,0000,0302,8100,,00000000,,,,0000,0302,00000000
155,genesis,zelda_v358_autostart,seq,155,153,04B1,BANK0_SEQ 9D37 primary fetch,0000,,,92CC,FFFF92CC,0000,0400,924E,,,
155,genesis,zelda_v358_autostart,seq,155,154,04B3,BANK0_SEQ 9DBE pulse fetch,0010,,,92CC,FFFF92CC,0010,0400,924E,,,
155,genesis,zelda_v358_autostart,seq,155,155,04B5,BANK0_SEQ 9E2C control fetch,0022,,,92CC,FFFF92CC,0022,0400,924E,,,
155,genesis,zelda_v358_autostart,ppu,111,110,04A9,BANK6_PPU request,0000,0302,00FF,,00000000,,,,0000,0302,00000000
155,genesis,zelda_v358_autostart,ppu,111,111,04A8,BANK6_PPU fallback request,0000,0302,8100,,00000000,,,,0000,0302,00000000
156,genesis,zelda_v358_autostart,seq,159,156,04B1,BANK0_SEQ 9D37 primary fetch,0000,,,948B,00005781,0000,0481,94B2,,,
156,genesis,zelda_v358_autostart,seq,159,157,04B3,BANK0_SEQ 9DBE pulse fetch,001D,,,948B,00005781,041D,0400,94B2,,,
156,genesis,zelda_v358_autostart,seq,159,158,04B5,BANK0_SEQ 9E2C control fetch,003B,,,948B,00005781,043B,0410,94B2,,,
156,genesis,zelda_v358_autostart,seq,159,159,04B7,BANK0_SEQ 9EA7 noise fetch,004F,,,948B,00005781,044F,044E,94B2,,,
156,genesis,zelda_v358_autostart,ppu,113,112,04A9,BANK6_PPU request,0000,0302,00FF,,00000000,,,,0000,0302,00000000
156,genesis,zelda_v358_autostart,ppu,113,113,04A8,BANK6_PPU fallback request,0000,0302,8100,,00000000,,,,0000,0302,00000000
157,genesis,zelda_v358_autostart,seq,162,160,04B1,BANK0_SEQ 9D37 primary fetch,0000,,,92CC,FFFF92CC,0000,0400,924E,,,
157,genesis,zelda_v358_autostart,seq,162,161,04B3,BANK0_SEQ 9DBE pulse fetch,0010,,,92CC,FFFF92CC,0010,0400,924E,,,
157,genesis,zelda_v358_autostart,seq,162,162,04B5,BANK0_SEQ 9E2C control fetch,0022,,,92CC,FFFF92CC,0022,0400,924E,,,
157,genesis,zelda_v358_autostart,ppu,115,114,04A9,BANK6_PPU request,0000,0302,00FF,,00000000,,,,0000,0302,00000000
157,genesis,zelda_v358_autostart,ppu,115,115,04A8,BANK6_PPU fallback request,0000,0302,8100,,00000000,,,,0000,0302,00000000
158,genesis,zelda_v358_autostart,seq,166,163,04B1,BANK0_SEQ 9D37 primary fetch,0000,,,948B,00005781,0000,0481,94B2,,,
158,genesis,zelda_v358_autostart,seq,166,164,04B3,BANK0_SEQ 9DBE pulse fetch,001D,,,948B,00005781,041D,0400,94B2,,,
158,genesis,zelda_v358_autostart,seq,166,165,04B5,BANK0_SEQ 9E2C control fetch,003B,,,948B,00005781,043B,0410,94B2,,,
158,genesis,zelda_v358_autostart,seq,166,166,04B7,BANK0_SEQ 9EA7 noise fetch,004F,,,948B,00005781,044F,044E,94B2,,,
158,genesis,zelda_v358_autostart,ppu,117,116,04A9,BANK6_PPU request,0000,0302,00FF,,00000000,,,,0000,0302,00000000
158,genesis,zelda_v358_autostart,ppu,117,117,04A8,BANK6_PPU fallback request,0000,0302,8100,,00000000,,,,0000,0302,00000000
159,genesis,zelda_v358_autostart,seq,169,167,04B1,BANK0_SEQ 9D37 primary fetch,0000,,,92CC,FFFF92CC,0000,0400,924E,,,
159,genesis,zelda_v358_autostart,seq,169,168,04B3,BANK0_SEQ 9DBE pulse fetch,0010,,,92CC,FFFF92CC,0010,0400,924E,,,
159,genesis,zelda_v358_autostart,seq,169,169,04B5,BANK0_SEQ 9E2C control fetch,0022,,,92CC,FFFF92CC,0022,0400,924E,,,
159,genesis,zelda_v358_autostart,ppu,119,118,04A9,BANK6_PPU request,0000,0302,00FF,,00000000,,,,0000,0302,00000000
159,genesis,zelda_v358_autostart,ppu,119,119,04A8,BANK6_PPU fallback request,0000,0302,8100,,00000000,,,,0000,0302,00000000
160,genesis,zelda_v358_autostart,seq,173,170,04B1,BANK0_SEQ 9D37 primary fetch,0000,,,948B,00005781,0000,0481,94B2,,,
160,genesis,zelda_v358_autostart,seq,173,171,04B3,BANK0_SEQ 9DBE pulse fetch,001D,,,948B,00005781,041D,0400,94B2,,,
160,genesis,zelda_v358_autostart,seq,173,172,04B5,BANK0_SEQ 9E2C control fetch,003B,,,948B,00005781,043B,0410,94B2,,,
160,genesis,zelda_v358_autostart,seq,173,173,04B7,BANK0_SEQ 9EA7 noise fetch,004F,,,948B,00005781,044F,044E,94B2,,,
160,genesis,zelda_v358_autostart,ppu,121,120,04A9,BANK6_PPU request,0000,0302,00FF,,00000000,,,,0000,0302,00000000
160,genesis,zelda_v358_autostart,ppu,121,121,04A8,BANK6_PPU fallback request,0000,0302,8100,,00000000,,,,0000,0302,00000000
161,genesis,zelda_v358_autostart,seq,176,174,04B1,BANK0_SEQ 9D37 primary fetch,0000,,,92CC,FFFF92CC,0000,0400,924E,,,
161,genesis,zelda_v358_autostart,seq,176,175,04B3,BANK0_SEQ 9DBE pulse fetch,0010,,,92CC,FFFF92CC,0010,0400,924E,,,
161,genesis,zelda_v358_autostart,seq,176,176,04B5,BANK0_SEQ 9E2C control fetch,0022,,,92CC,FFFF92CC,0022,0400,924E,,,
161,genesis,zelda_v358_autostart,ppu,123,122,04A9,BANK6_PPU request,0000,0302,00FF,,00000000,,,,0000,0302,00000000
161,genesis,zelda_v358_autostart,ppu,123,123,04A8,BANK6_PPU fallback request,0000,0302,8100,,00000000,,,,0000,0302,00000000
162,genesis,zelda_v358_autostart,seq,180,177,04B1,BANK0_SEQ 9D37 primary fetch,0000,,,948B,00005781,0000,0481,94B2,,,
162,genesis,zelda_v358_autostart,seq,180,178,04B3,BANK0_SEQ 9DBE pulse fetch,001D,,,948B,00005781,041D,0400,94B2,,,
162,genesis,zelda_v358_autostart,seq,180,179,04B5,BANK0_SEQ 9E2C control fetch,003B,,,948B,00005781,043B,0410,94B2,,,
162,genesis,zelda_v358_autostart,seq,180,180,04B7,BANK0_SEQ 9EA7 noise fetch,004F,,,948B,00005781,044F,044E,94B2,,,
162,genesis,zelda_v358_autostart,ppu,125,124,04A9,BANK6_PPU request,0000,0302,00FF,,00000000,,,,0000,0302,00000000
162,genesis,zelda_v358_autostart,ppu,125,125,04A8,BANK6_PPU fallback request,0000,0302,8100,,00000000,,,,0000,0302,00000000
163,genesis,zelda_v358_autostart,seq,183,181,04B1,BANK0_SEQ 9D37 primary fetch,0000,,,92CC,FFFF92CC,0000,0400,924E,,,
163,genesis,zelda_v358_autostart,seq,183,182,04B3,BANK0_SEQ 9DBE pulse fetch,0010,,,92CC,FFFF92CC,0010,0400,924E,,,
163,genesis,zelda_v358_autostart,seq,183,183,04B5,BANK0_SEQ 9E2C control fetch,0022,,,92CC,FFFF92CC,0022,0400,924E,,,
163,genesis,zelda_v358_autostart,ppu,127,126,04A9,BANK6_PPU request,0000,0302,00FF,,00000000,,,,0000,0302,00000000
163,genesis,zelda_v358_autostart,ppu,127,127,04A8,BANK6_PPU fallback request,0000,0302,8100,,00000000,,,,0000,0302,00000000
164,genesis,zelda_v358_autostart,seq,187,184,04B1,BANK0_SEQ 9D37 primary fetch,0000,,,948B,00005781,0000,0481,94B2,,,
164,genesis,zelda_v358_autostart,seq,187,185,04B3,BANK0_SEQ 9DBE pulse fetch,001D,,,948B,00005781,041D,0400,94B2,,,
164,genesis,zelda_v358_autostart,seq,187,186,04B5,BANK0_SEQ 9E2C control fetch,003B,,,948B,00005781,043B,0410,94B2,,,
164,genesis,zelda_v358_autostart,seq,187,187,04B7,BANK0_SEQ 9EA7 noise fetch,004F,,,948B,00005781,044F,044E,94B2,,,
164,genesis,zelda_v358_autostart,ppu,129,128,04A9,BANK6_PPU request,0000,0302,00FF,,00000000,,,,0000,0302,00000000
164,genesis,zelda_v358_autostart,ppu,129,129,04A8,BANK6_PPU fallback request,0000,0302,8100,,00000000,,,,0000,0302,00000000
165,genesis,zelda_v358_autostart,seq,190,188,04B1,BANK0_SEQ 9D37 primary fetch,0000,,,92CC,FFFF92CC,0000,0400,924E,,,
165,genesis,zelda_v358_autostart,seq,190,189,04B3,BANK0_SEQ 9DBE pulse fetch,0010,,,92CC,FFFF92CC,0010,0400,924E,,,
165,genesis,zelda_v358_autostart,seq,190,190,04B5,BANK0_SEQ 9E2C control fetch,0022,,,92CC,FFFF92CC,0022,0400,924E,,,
165,genesis,zelda_v358_autostart,ppu,131,130,04A9,BANK6_PPU request,0000,0302,00FF,,00000000,,,,0000,0302,00000000
165,genesis,zelda_v358_autostart,ppu,131,131,04A8,BANK6_PPU fallback request,0000,0302,8100,,00000000,,,,0000,0302,00000000
166,genesis,zelda_v358_autostart,seq,194,191,04B1,BANK0_SEQ 9D37 primary fetch,0000,,,948B,00005781,0000,0481,94B2,,,
166,genesis,zelda_v358_autostart,seq,194,192,04B3,BANK0_SEQ 9DBE pulse fetch,001D,,,948B,00005781,041D,0400,94B2,,,
166,genesis,zelda_v358_autostart,seq,194,193,04B5,BANK0_SEQ 9E2C control fetch,003B,,,948B,00005781,043B,0410,94B2,,,
166,genesis,zelda_v358_autostart,seq,194,194,04B7,BANK0_SEQ 9EA7 noise fetch,004F,,,948B,00005781,044F,044E,94B2,,,
166,genesis,zelda_v358_autostart,ppu,133,132,04A9,BANK6_PPU request,0000,0302,00FF,,00000000,,,,0000,0302,00000000
166,genesis,zelda_v358_autostart,ppu,133,133,04A8,BANK6_PPU fallback request,0000,0302,8100,,00000000,,,,0000,0302,00000000
167,genesis,zelda_v358_autostart,seq,197,195,04B1,BANK0_SEQ 9D37 primary fetch,0000,,,92CC,FFFF92CC,0000,0400,924E,,,
167,genesis,zelda_v358_autostart,seq,197,196,04B3,BANK0_SEQ 9DBE pulse fetch,0010,,,92CC,FFFF92CC,0010,0400,924E,,,
167,genesis,zelda_v358_autostart,seq,197,197,04B5,BANK0_SEQ 9E2C control fetch,0022,,,92CC,FFFF92CC,0022,0400,924E,,,
167,genesis,zelda_v358_autostart,ppu,135,134,04A9,BANK6_PPU request,0000,0302,00FF,,00000000,,,,0000,0302,00000000
167,genesis,zelda_v358_autostart,ppu,135,135,04A8,BANK6_PPU fallback request,0000,0302,8100,,00000000,,,,0000,0302,00000000
168,genesis,zelda_v358_autostart,seq,201,198,04B1,BANK0_SEQ 9D37 primary fetch,0000,,,948B,00005781,0000,0481,94B2,,,
168,genesis,zelda_v358_autostart,seq,201,199,04B3,BANK0_SEQ 9DBE pulse fetch,001D,,,948B,00005781,041D,0400,94B2,,,
168,genesis,zelda_v358_autostart,seq,201,200,04B5,BANK0_SEQ 9E2C control fetch,003B,,,948B,00005781,043B,0410,94B2,,,
168,genesis,zelda_v358_autostart,seq,201,201,04B7,BANK0_SEQ 9EA7 noise fetch,004F,,,948B,00005781,044F,044E,94B2,,,
168,genesis,zelda_v358_autostart,ppu,137,136,04A9,BANK6_PPU request,0000,0302,00FF,,00000000,,,,0000,0302,00000000
168,genesis,zelda_v358_autostart,ppu,137,137,04A8,BANK6_PPU fallback request,0000,0302,8100,,00000000,,,,0000,0302,00000000
169,genesis,zelda_v358_autostart,seq,204,202,04B1,BANK0_SEQ 9D37 primary fetch,0000,,,92CC,FFFF92CC,0000,0400,924E,,,
169,genesis,zelda_v358_autostart,seq,204,203,04B3,BANK0_SEQ 9DBE pulse fetch,0010,,,92CC,FFFF92CC,0010,0400,924E,,,
169,genesis,zelda_v358_autostart,seq,204,204,04B5,BANK0_SEQ 9E2C control fetch,0022,,,92CC,FFFF92CC,0022,0400,924E,,,
169,genesis,zelda_v358_autostart,ppu,139,138,04A9,BANK6_PPU request,0000,0302,00FF,,00000000,,,,0000,0302,00000000
169,genesis,zelda_v358_autostart,ppu,139,139,04A8,BANK6_PPU fallback request,0000,0302,8100,,00000000,,,,0000,0302,00000000
170,genesis,zelda_v358_autostart,seq,208,205,04B1,BANK0_SEQ 9D37 primary fetch,0000,,,948B,00005781,0000,0481,94B2,,,
170,genesis,zelda_v358_autostart,seq,208,206,04B3,BANK0_SEQ 9DBE pulse fetch,001D,,,948B,00005781,041D,0400,94B2,,,
170,genesis,zelda_v358_autostart,seq,208,207,04B5,BANK0_SEQ 9E2C control fetch,003B,,,948B,00005781,043B,0410,94B2,,,
170,genesis,zelda_v358_autostart,seq,208,208,04B7,BANK0_SEQ 9EA7 noise fetch,004F,,,948B,00005781,044F,044E,94B2,,,
170,genesis,zelda_v358_autostart,ppu,141,140,04A9,BANK6_PPU request,0000,0302,00FF,,00000000,,,,0000,0302,00000000
170,genesis,zelda_v358_autostart,ppu,141,141,04A8,BANK6_PPU fallback request,0000,0302,8100,,00000000,,,,0000,0302,00000000
171,genesis,zelda_v358_autostart,seq,211,209,04B1,BANK0_SEQ 9D37 primary fetch,0000,,,92CC,FFFF92CC,0000,0400,924E,,,
171,genesis,zelda_v358_autostart,seq,211,210,04B3,BANK0_SEQ 9DBE pulse fetch,0010,,,92CC,FFFF92CC,0010,0400,924E,,,
171,genesis,zelda_v358_autostart,seq,211,211,04B5,BANK0_SEQ 9E2C control fetch,0022,,,92CC,FFFF92CC,0022,0400,924E,,,
171,genesis,zelda_v358_autostart,ppu,143,142,04A9,BANK6_PPU request,0000,0302,00FF,,00000000,,,,0000,0302,00000000
171,genesis,zelda_v358_autostart,ppu,143,143,04A8,BANK6_PPU fallback request,0000,0302,8100,,00000000,,,,0000,0302,00000000
172,genesis,zelda_v358_autostart,seq,215,212,04B1,BANK0_SEQ 9D37 primary fetch,0000,,,948B,00005781,0000,0481,94B2,,,
172,genesis,zelda_v358_autostart,seq,215,213,04B3,BANK0_SEQ 9DBE pulse fetch,001D,,,948B,00005781,041D,0400,94B2,,,
172,genesis,zelda_v358_autostart,seq,215,214,04B5,BANK0_SEQ 9E2C control fetch,003B,,,948B,00005781,043B,0410,94B2,,,
172,genesis,zelda_v358_autostart,seq,215,215,04B7,BANK0_SEQ 9EA7 noise fetch,004F,,,948B,00005781,044F,044E,94B2,,,
172,genesis,zelda_v358_autostart,ppu,145,144,04A9,BANK6_PPU request,0000,0302,00FF,,00000000,,,,0000,0302,00000000
172,genesis,zelda_v358_autostart,ppu,145,145,04A8,BANK6_PPU fallback request,0000,0302,8100,,00000000,,,,0000,0302,00000000
173,genesis,zelda_v358_autostart,seq,218,216,04B1,BANK0_SEQ 9D37 primary fetch,0000,,,92CC,FFFF92CC,0000,0400,924E,,,
173,genesis,zelda_v358_autostart,seq,218,217,04B3,BANK0_SEQ 9DBE pulse fetch,0010,,,92CC,FFFF92CC,0010,0400,924E,,,
173,genesis,zelda_v358_autostart,seq,218,218,04B5,BANK0_SEQ 9E2C control fetch,0022,,,92CC,FFFF92CC,0022,0400,924E,,,
173,genesis,zelda_v358_autostart,ppu,147,146,04A9,BANK6_PPU request,0000,0302,00FF,,00000000,,,,0000,0302,00000000
173,genesis,zelda_v358_autostart,ppu,147,147,04A8,BANK6_PPU fallback request,0000,0302,8100,,00000000,,,,0000,0302,00000000
174,genesis,zelda_v358_autostart,seq,222,219,04B1,BANK0_SEQ 9D37 primary fetch,0000,,,948B,00005781,0000,0481,94B2,,,
174,genesis,zelda_v358_autostart,seq,222,220,04B3,BANK0_SEQ 9DBE pulse fetch,001D,,,948B,00005781,041D,0400,94B2,,,
174,genesis,zelda_v358_autostart,seq,222,221,04B5,BANK0_SEQ 9E2C control fetch,003B,,,948B,00005781,043B,0410,94B2,,,
174,genesis,zelda_v358_autostart,seq,222,222,04B7,BANK0_SEQ 9EA7 noise fetch,004F,,,948B,00005781,044F,044E,94B2,,,
174,genesis,zelda_v358_autostart,ppu,149,148,04A9,BANK6_PPU request,0000,0302,00FF,,00000000,,,,0000,0302,00000000
174,genesis,zelda_v358_autostart,ppu,149,149,04A8,BANK6_PPU fallback request,0000,0302,8100,,00000000,,,,0000,0302,00000000
175,genesis,zelda_v358_autostart,seq,225,223,04B1,BANK0_SEQ 9D37 primary fetch,0000,,,92CC,FFFF92CC,0000,0400,924E,,,
175,genesis,zelda_v358_autostart,seq,225,224,04B3,BANK0_SEQ 9DBE pulse fetch,0010,,,92CC,FFFF92CC,0010,0400,924E,,,
175,genesis,zelda_v358_autostart,seq,225,225,04B5,BANK0_SEQ 9E2C control fetch,0022,,,92CC,FFFF92CC,0022,0400,924E,,,
175,genesis,zelda_v358_autostart,ppu,151,150,04A9,BANK6_PPU request,0000,0302,00FF,,00000000,,,,0000,0302,00000000
175,genesis,zelda_v358_autostart,ppu,151,151,04A8,BANK6_PPU fallback request,0000,0302,8100,,00000000,,,,0000,0302,00000000
176,genesis,zelda_v358_autostart,seq,229,226,04B1,BANK0_SEQ 9D37 primary fetch,0000,,,948B,00005781,0000,0481,94B2,,,
176,genesis,zelda_v358_autostart,seq,229,227,04B3,BANK0_SEQ 9DBE pulse fetch,001D,,,948B,00005781,041D,0400,94B2,,,
176,genesis,zelda_v358_autostart,seq,229,228,04B5,BANK0_SEQ 9E2C control fetch,003B,,,948B,00005781,043B,0410,94B2,,,
176,genesis,zelda_v358_autostart,seq,229,229,04B7,BANK0_SEQ 9EA7 noise fetch,004F,,,948B,00005781,044F,044E,94B2,,,
176,genesis,zelda_v358_autostart,ppu,153,152,04A9,BANK6_PPU request,0000,0302,00FF,,00000000,,,,0000,0302,00000000
176,genesis,zelda_v358_autostart,ppu,153,153,04A8,BANK6_PPU fallback request,0000,0302,8100,,00000000,,,,0000,0302,00000000
177,genesis,zelda_v358_autostart,seq,232,230,04B1,BANK0_SEQ 9D37 primary fetch,0000,,,92CC,FFFF92CC,0000,0400,924E,,,
177,genesis,zelda_v358_autostart,seq,232,231,04B3,BANK0_SEQ 9DBE pulse fetch,0010,,,92CC,FFFF92CC,0010,0400,924E,,,
177,genesis,zelda_v358_autostart,seq,232,232,04B5,BANK0_SEQ 9E2C control fetch,0022,,,92CC,FFFF92CC,0022,0400,924E,,,
177,genesis,zelda_v358_autostart,ppu,155,154,04A9,BANK6_PPU request,0000,0302,00FF,,00000000,,,,0000,0302,00000000
177,genesis,zelda_v358_autostart,ppu,155,155,04A8,BANK6_PPU fallback request,0000,0302,8100,,00000000,,,,0000,0302,00000000
178,genesis,zelda_v358_autostart,seq,236,233,04B1,BANK0_SEQ 9D37 primary fetch,0000,,,948B,00005781,0000,0481,94B2,,,
178,genesis,zelda_v358_autostart,seq,236,234,04B3,BANK0_SEQ 9DBE pulse fetch,001D,,,948B,00005781,041D,0400,94B2,,,
178,genesis,zelda_v358_autostart,seq,236,235,04B5,BANK0_SEQ 9E2C control fetch,003B,,,948B,00005781,043B,0410,94B2,,,
178,genesis,zelda_v358_autostart,seq,236,236,04B7,BANK0_SEQ 9EA7 noise fetch,004F,,,948B,00005781,044F,044E,94B2,,,
178,genesis,zelda_v358_autostart,ppu,157,156,04A9,BANK6_PPU request,0000,0302,00FF,,00000000,,,,0000,0302,00000000
178,genesis,zelda_v358_autostart,ppu,157,157,04A8,BANK6_PPU fallback request,0000,0302,8100,,00000000,,,,0000,0302,00000000
179,genesis,zelda_v358_autostart,seq,239,237,04B1,BANK0_SEQ 9D37 primary fetch,0000,,,92CC,FFFF92CC,0000,0400,924E,,,
179,genesis,zelda_v358_autostart,seq,239,238,04B3,BANK0_SEQ 9DBE pulse fetch,0010,,,92CC,FFFF92CC,0010,0400,924E,,,
179,genesis,zelda_v358_autostart,seq,239,239,04B5,BANK0_SEQ 9E2C control fetch,0022,,,92CC,FFFF92CC,0022,0400,924E,,,
179,genesis,zelda_v358_autostart,ppu,159,158,04A9,BANK6_PPU request,0000,0302,00FF,,00000000,,,,0000,0302,00000000
179,genesis,zelda_v358_autostart,ppu,159,159,04A8,BANK6_PPU fallback request,0000,0302,8100,,00000000,,,,0000,0302,00000000
180,genesis,zelda_v358_autostart,seq,243,240,04B1,BANK0_SEQ 9D37 primary fetch,0000,,,948B,00005781,0000,0481,94B2,,,
180,genesis,zelda_v358_autostart,seq,243,241,04B3,BANK0_SEQ 9DBE pulse fetch,001D,,,948B,00005781,041D,0400,94B2,,,
180,genesis,zelda_v358_autostart,seq,243,242,04B5,BANK0_SEQ 9E2C control fetch,003B,,,948B,00005781,043B,0410,94B2,,,
180,genesis,zelda_v358_autostart,seq,243,243,04B7,BANK0_SEQ 9EA7 noise fetch,004F,,,948B,00005781,044F,044E,94B2,,,
180,genesis,zelda_v358_autostart,ppu,161,160,04A9,BANK6_PPU request,0000,0302,00FF,,00000000,,,,0000,0302,00000000
180,genesis,zelda_v358_autostart,ppu,161,161,04A8,BANK6_PPU fallback request,0000,0302,8100,,00000000,,,,0000,0302,00000000
181,genesis,zelda_v358_autostart,seq,246,244,04B1,BANK0_SEQ 9D37 primary fetch,0000,,,92CC,FFFF92CC,0000,0400,924E,,,
181,genesis,zelda_v358_autostart,seq,246,245,04B3,BANK0_SEQ 9DBE pulse fetch,0010,,,92CC,FFFF92CC,0010,0400,924E,,,
181,genesis,zelda_v358_autostart,seq,246,246,04B5,BANK0_SEQ 9E2C control fetch,0022,,,92CC,FFFF92CC,0022,0400,924E,,,
181,genesis,zelda_v358_autostart,ppu,163,162,04A9,BANK6_PPU request,0000,0302,00FF,,00000000,,,,0000,0302,00000000
181,genesis,zelda_v358_autostart,ppu,163,163,04A8,BANK6_PPU fallback request,0000,0302,8100,,00000000,,,,0000,0302,00000000
182,genesis,zelda_v358_autostart,seq,250,247,04B1,BANK0_SEQ 9D37 primary fetch,0000,,,948B,00005781,0000,0481,94B2,,,
182,genesis,zelda_v358_autostart,seq,250,248,04B3,BANK0_SEQ 9DBE pulse fetch,001D,,,948B,00005781,041D,0400,94B2,,,
182,genesis,zelda_v358_autostart,seq,250,249,04B5,BANK0_SEQ 9E2C control fetch,003B,,,948B,00005781,043B,0410,94B2,,,
182,genesis,zelda_v358_autostart,seq,250,250,04B7,BANK0_SEQ 9EA7 noise fetch,004F,,,948B,00005781,044F,044E,94B2,,,
182,genesis,zelda_v358_autostart,ppu,165,164,04A9,BANK6_PPU request,0000,0302,00FF,,00000000,,,,0000,0302,00000000
182,genesis,zelda_v358_autostart,ppu,165,165,04A8,BANK6_PPU fallback request,0000,0302,8100,,00000000,,,,0000,0302,00000000
183,genesis,zelda_v358_autostart,seq,253,251,04B1,BANK0_SEQ 9D37 primary fetch,0000,,,92CC,FFFF92CC,0000,0400,924E,,,
183,genesis,zelda_v358_autostart,seq,253,252,04B3,BANK0_SEQ 9DBE pulse fetch,0010,,,92CC,FFFF92CC,0010,0400,924E,,,
183,genesis,zelda_v358_autostart,seq,253,253,04B5,BANK0_SEQ 9E2C control fetch,0022,,,92CC,FFFF92CC,0022,0400,924E,,,
183,genesis,zelda_v358_autostart,ppu,167,166,04A9,BANK6_PPU request,0000,0302,00FF,,00000000,,,,0000,0302,00000000
183,genesis,zelda_v358_autostart,ppu,167,167,04A8,BANK6_PPU fallback request,0000,0302,8100,,00000000,,,,0000,0302,00000000
184,genesis,zelda_v358_autostart,seq,257,254,04B1,BANK0_SEQ 9D37 primary fetch,0000,,,948B,00005781,0000,0481,94B2,,,
184,genesis,zelda_v358_autostart,seq,257,255,04B3,BANK0_SEQ 9DBE pulse fetch,001D,,,948B,00005781,041D,0400,94B2,,,
184,genesis,zelda_v358_autostart,seq,257,256,04B5,BANK0_SEQ 9E2C control fetch,003B,,,948B,00005781,043B,0410,94B2,,,
184,genesis,zelda_v358_autostart,seq,257,257,04B7,BANK0_SEQ 9EA7 noise fetch,004F,,,948B,00005781,044F,044E,94B2,,,
184,genesis,zelda_v358_autostart,ppu,169,168,04A9,BANK6_PPU request,0000,0302,00FF,,00000000,,,,0000,0302,00000000
184,genesis,zelda_v358_autostart,ppu,169,169,04A8,BANK6_PPU fallback request,0000,0302,8100,,00000000,,,,0000,0302,00000000
185,genesis,zelda_v358_autostart,seq,260,258,04B1,BANK0_SEQ 9D37 primary fetch,0000,,,92CC,FFFF92CC,0000,0400,924E,,,
185,genesis,zelda_v358_autostart,seq,260,259,04B3,BANK0_SEQ 9DBE pulse fetch,0010,,,92CC,FFFF92CC,0010,0400,924E,,,
185,genesis,zelda_v358_autostart,seq,260,260,04B5,BANK0_SEQ 9E2C control fetch,0022,,,92CC,FFFF92CC,0022,0400,924E,,,
185,genesis,zelda_v358_autostart,ppu,171,170,04A9,BANK6_PPU request,0000,0302,00FF,,00000000,,,,0000,0302,00000000
185,genesis,zelda_v358_autostart,ppu,171,171,04A8,BANK6_PPU fallback request,0000,0302,8100,,00000000,,,,0000,0302,00000000
186,genesis,zelda_v358_autostart,seq,264,261,04B1,BANK0_SEQ 9D37 primary fetch,0000,,,948B,00005781,0000,0481,94B2,,,
186,genesis,zelda_v358_autostart,seq,264,262,04B3,BANK0_SEQ 9DBE pulse fetch,001D,,,948B,00005781,041D,0400,94B2,,,
186,genesis,zelda_v358_autostart,seq,264,263,04B5,BANK0_SEQ 9E2C control fetch,003B,,,948B,00005781,043B,0410,94B2,,,
186,genesis,zelda_v358_autostart,seq,264,264,04B7,BANK0_SEQ 9EA7 noise fetch,004F,,,948B,00005781,044F,044E,94B2,,,
186,genesis,zelda_v358_autostart,ppu,173,172,04A9,BANK6_PPU request,0000,0302,00FF,,00000000,,,,0000,0302,00000000
186,genesis,zelda_v358_autostart,ppu,173,173,04A8,BANK6_PPU fallback request,0000,0302,8100,,00000000,,,,0000,0302,00000000
187,genesis,zelda_v358_autostart,seq,267,265,04B1,BANK0_SEQ 9D37 primary fetch,0000,,,92CC,FFFF92CC,0000,0400,924E,,,
187,genesis,zelda_v358_autostart,seq,267,266,04B3,BANK0_SEQ 9DBE pulse fetch,0010,,,92CC,FFFF92CC,0010,0400,924E,,,
187,genesis,zelda_v358_autostart,seq,267,267,04B5,BANK0_SEQ 9E2C control fetch,0022,,,92CC,FFFF92CC,0022,0400,924E,,,
187,genesis,zelda_v358_autostart,ppu,175,174,04A9,BANK6_PPU request,0000,0302,00FF,,00000000,,,,0000,0302,00000000
187,genesis,zelda_v358_autostart,ppu,175,175,04A8,BANK6_PPU fallback request,0000,0302,8100,,00000000,,,,0000,0302,00000000
188,genesis,zelda_v358_autostart,seq,271,268,04B1,BANK0_SEQ 9D37 primary fetch,0000,,,948B,00005781,0000,0481,94B2,,,
188,genesis,zelda_v358_autostart,seq,271,269,04B3,BANK0_SEQ 9DBE pulse fetch,001D,,,948B,00005781,041D,0400,94B2,,,
188,genesis,zelda_v358_autostart,seq,271,270,04B5,BANK0_SEQ 9E2C control fetch,003B,,,948B,00005781,043B,0410,94B2,,,
188,genesis,zelda_v358_autostart,seq,271,271,04B7,BANK0_SEQ 9EA7 noise fetch,004F,,,948B,00005781,044F,044E,94B2,,,
188,genesis,zelda_v358_autostart,ppu,177,176,04A9,BANK6_PPU request,0000,0302,00FF,,00000000,,,,0000,0302,00000000
188,genesis,zelda_v358_autostart,ppu,177,177,04A8,BANK6_PPU fallback request,0000,0302,8100,,00000000,,,,0000,0302,00000000
189,genesis,zelda_v358_autostart,seq,274,272,04B1,BANK0_SEQ 9D37 primary fetch,0000,,,92CC,FFFF92CC,0000,0400,924E,,,
189,genesis,zelda_v358_autostart,seq,274,273,04B3,BANK0_SEQ 9DBE pulse fetch,0010,,,92CC,FFFF92CC,0010,0400,924E,,,
189,genesis,zelda_v358_autostart,seq,274,274,04B5,BANK0_SEQ 9E2C control fetch,0022,,,92CC,FFFF92CC,0022,0400,924E,,,
189,genesis,zelda_v358_autostart,ppu,179,178,04A9,BANK6_PPU request,0000,0302,00FF,,00000000,,,,0000,0302,00000000
189,genesis,zelda_v358_autostart,ppu,179,179,04A8,BANK6_PPU fallback request,0000,0302,8100,,00000000,,,,0000,0302,00000000
190,genesis,zelda_v358_autostart,seq,278,275,04B1,BANK0_SEQ 9D37 primary fetch,0000,,,948B,00005781,0000,0481,94B2,,,
190,genesis,zelda_v358_autostart,seq,278,276,04B3,BANK0_SEQ 9DBE pulse fetch,001D,,,948B,00005781,041D,0400,94B2,,,
190,genesis,zelda_v358_autostart,seq,278,277,04B5,BANK0_SEQ 9E2C control fetch,003B,,,948B,00005781,043B,0410,94B2,,,
190,genesis,zelda_v358_autostart,seq,278,278,04B7,BANK0_SEQ 9EA7 noise fetch,004F,,,948B,00005781,044F,044E,94B2,,,
190,genesis,zelda_v358_autostart,ppu,181,180,04A9,BANK6_PPU request,0000,0302,00FF,,00000000,,,,0000,0302,00000000
190,genesis,zelda_v358_autostart,ppu,181,181,04A8,BANK6_PPU fallback request,0000,0302,8100,,00000000,,,,0000,0302,00000000
191,genesis,zelda_v358_autostart,seq,281,279,04B1,BANK0_SEQ 9D37 primary fetch,0000,,,92CC,FFFF92CC,0000,0400,924E,,,
191,genesis,zelda_v358_autostart,seq,281,280,04B3,BANK0_SEQ 9DBE pulse fetch,0010,,,92CC,FFFF92CC,0010,0400,924E,,,
191,genesis,zelda_v358_autostart,seq,281,281,04B5,BANK0_SEQ 9E2C control fetch,0022,,,92CC,FFFF92CC,0022,0400,924E,,,
191,genesis,zelda_v358_autostart,ppu,183,182,04A9,BANK6_PPU request,0000,0302,00FF,,00000000,,,,0000,0302,00000000
191,genesis,zelda_v358_autostart,ppu,183,183,04A8,BANK6_PPU fallback request,0000,0302,8100,,00000000,,,,0000,0302,00000000
192,genesis,zelda_v358_autostart,seq,285,282,04B1,BANK0_SEQ 9D37 primary fetch,0000,,,948B,00005781,0000,0481,94B2,,,
192,genesis,zelda_v358_autostart,seq,285,283,04B3,BANK0_SEQ 9DBE pulse fetch,001D,,,948B,00005781,041D,0400,94B2,,,
192,genesis,zelda_v358_autostart,seq,285,284,04B5,BANK0_SEQ 9E2C control fetch,003B,,,948B,00005781,043B,0410,94B2,,,
192,genesis,zelda_v358_autostart,seq,285,285,04B7,BANK0_SEQ 9EA7 noise fetch,004F,,,948B,00005781,044F,044E,94B2,,,
192,genesis,zelda_v358_autostart,ppu,185,184,04A9,BANK6_PPU request,0000,0302,00FF,,00000000,,,,0000,0302,00000000
192,genesis,zelda_v358_autostart,ppu,185,185,04A8,BANK6_PPU fallback request,0000,0302,8100,,00000000,,,,0000,0302,00000000
193,genesis,zelda_v358_autostart,seq,288,286,04B1,BANK0_SEQ 9D37 primary fetch,0000,,,92CC,FFFF92CC,0000,0400,924E,,,
193,genesis,zelda_v358_autostart,seq,288,287,04B3,BANK0_SEQ 9DBE pulse fetch,0010,,,92CC,FFFF92CC,0010,0400,924E,,,
193,genesis,zelda_v358_autostart,seq,288,288,04B5,BANK0_SEQ 9E2C control fetch,0022,,,92CC,FFFF92CC,0022,0400,924E,,,
193,genesis,zelda_v358_autostart,ppu,187,186,04A9,BANK6_PPU request,0000,0302,00FF,,00000000,,,,0000,0302,00000000
193,genesis,zelda_v358_autostart,ppu,187,187,04A8,BANK6_PPU fallback request,0000,0302,8100,,00000000,,,,0000,0302,00000000
194,genesis,zelda_v358_autostart,seq,292,289,04B1,BANK0_SEQ 9D37 primary fetch,0000,,,948B,00005781,0000,0481,94B2,,,
194,genesis,zelda_v358_autostart,seq,292,290,04B3,BANK0_SEQ 9DBE pulse fetch,001D,,,948B,00005781,041D,0400,94B2,,,
194,genesis,zelda_v358_autostart,seq,292,291,04B5,BANK0_SEQ 9E2C control fetch,003B,,,948B,00005781,043B,0410,94B2,,,
194,genesis,zelda_v358_autostart,seq,292,292,04B7,BANK0_SEQ 9EA7 noise fetch,004F,,,948B,00005781,044F,044E,94B2,,,
194,genesis,zelda_v358_autostart,ppu,189,188,04A9,BANK6_PPU request,0000,0302,00FF,,00000000,,,,0000,0302,00000000
194,genesis,zelda_v358_autostart,ppu,189,189,04A8,BANK6_PPU fallback request,0000,0302,8100,,00000000,,,,0000,0302,00000000
195,genesis,zelda_v358_autostart,seq,295,293,04B1,BANK0_SEQ 9D37 primary fetch,0000,,,92CC,FFFF92CC,0000,0400,924E,,,
195,genesis,zelda_v358_autostart,seq,295,294,04B3,BANK0_SEQ 9DBE pulse fetch,0010,,,92CC,FFFF92CC,0010,0400,924E,,,
195,genesis,zelda_v358_autostart,seq,295,295,04B5,BANK0_SEQ 9E2C control fetch,0022,,,92CC,FFFF92CC,0022,0400,924E,,,
195,genesis,zelda_v358_autostart,ppu,191,190,04A9,BANK6_PPU request,0000,0302,00FF,,00000000,,,,0000,0302,00000000
195,genesis,zelda_v358_autostart,ppu,191,191,04A8,BANK6_PPU fallback request,0000,0302,8100,,00000000,,,,0000,0302,00000000
196,genesis,zelda_v358_autostart,seq,299,296,04B1,BANK0_SEQ 9D37 primary fetch,0000,,,948B,00005781,0000,0481,94B2,,,
196,genesis,zelda_v358_autostart,seq,299,297,04B3,BANK0_SEQ 9DBE pulse fetch,001D,,,948B,00005781,041D,0400,94B2,,,
196,genesis,zelda_v358_autostart,seq,299,298,04B5,BANK0_SEQ 9E2C control fetch,003B,,,948B,00005781,043B,0410,94B2,,,
196,genesis,zelda_v358_autostart,seq,299,299,04B7,BANK0_SEQ 9EA7 noise fetch,004F,,,948B,00005781,044F,044E,94B2,,,
196,genesis,zelda_v358_autostart,ppu,193,192,04A9,BANK6_PPU request,0000,0302,00FF,,00000000,,,,0000,0302,00000000
196,genesis,zelda_v358_autostart,ppu,193,193,04A8,BANK6_PPU fallback request,0000,0302,8100,,00000000,,,,0000,0302,00000000
197,genesis,zelda_v358_autostart,seq,302,300,04B1,BANK0_SEQ 9D37 primary fetch,0000,,,92CC,FFFF92CC,0000,0400,924E,,,
197,genesis,zelda_v358_autostart,seq,302,301,04B3,BANK0_SEQ 9DBE pulse fetch,0010,,,92CC,FFFF92CC,0010,0400,924E,,,
197,genesis,zelda_v358_autostart,seq,302,302,04B5,BANK0_SEQ 9E2C control fetch,0022,,,92CC,FFFF92CC,0022,0400,924E,,,
197,genesis,zelda_v358_autostart,ppu,195,194,04A9,BANK6_PPU request,0000,0302,00FF,,00000000,,,,0000,0302,00000000
197,genesis,zelda_v358_autostart,ppu,195,195,04A8,BANK6_PPU fallback request,0000,0302,8100,,00000000,,,,0000,0302,00000000
198,genesis,zelda_v358_autostart,seq,306,303,04B1,BANK0_SEQ 9D37 primary fetch,0000,,,948B,00005781,0000,0481,94B2,,,
198,genesis,zelda_v358_autostart,seq,306,304,04B3,BANK0_SEQ 9DBE pulse fetch,001D,,,948B,00005781,041D,0400,94B2,,,
198,genesis,zelda_v358_autostart,seq,306,305,04B5,BANK0_SEQ 9E2C control fetch,003B,,,948B,00005781,043B,0410,94B2,,,
198,genesis,zelda_v358_autostart,seq,306,306,04B7,BANK0_SEQ 9EA7 noise fetch,004F,,,948B,00005781,044F,044E,94B2,,,
198,genesis,zelda_v358_autostart,ppu,197,196,04A9,BANK6_PPU request,0000,0302,00FF,,00000000,,,,0000,0302,00000000
198,genesis,zelda_v358_autostart,ppu,197,197,04A8,BANK6_PPU fallback request,0000,0302,8100,,00000000,,,,0000,0302,00000000
199,genesis,zelda_v358_autostart,seq,309,307,04B1,BANK0_SEQ 9D37 primary fetch,0000,,,92CC,FFFF92CC,0000,0400,924E,,,
199,genesis,zelda_v358_autostart,seq,309,308,04B3,BANK0_SEQ 9DBE pulse fetch,0010,,,92CC,FFFF92CC,0010,0400,924E,,,
199,genesis,zelda_v358_autostart,seq,309,309,04B5,BANK0_SEQ 9E2C control fetch,0022,,,92CC,FFFF92CC,0022,0400,924E,,,
199,genesis,zelda_v358_autostart,ppu,199,198,04A9,BANK6_PPU request,0000,0302,00FF,,00000000,,,,0000,0302,00000000
199,genesis,zelda_v358_autostart,ppu,199,199,04A8,BANK6_PPU fallback request,0000,0302,8100,,00000000,,,,0000,0302,00000000
200,genesis,zelda_v358_autostart,seq,313,310,04B1,BANK0_SEQ 9D37 primary fetch,0000,,,948B,00005781,0000,0481,94B2,,,
200,genesis,zelda_v358_autostart,seq,313,311,04B3,BANK0_SEQ 9DBE pulse fetch,001D,,,948B,00005781,041D,0400,94B2,,,
200,genesis,zelda_v358_autostart,seq,313,312,04B5,BANK0_SEQ 9E2C control fetch,003B,,,948B,00005781,043B,0410,94B2,,,
200,genesis,zelda_v358_autostart,seq,313,313,04B7,BANK0_SEQ 9EA7 noise fetch,004F,,,948B,00005781,044F,044E,94B2,,,
200,genesis,zelda_v358_autostart,ppu,201,200,04A9,BANK6_PPU request,0000,0302,00FF,,00000000,,,,0000,0302,00000000
200,genesis,zelda_v358_autostart,ppu,201,201,04A8,BANK6_PPU fallback request,0000,0302,8100,,00000000,,,,0000,0302,00000000
201,genesis,zelda_v358_autostart,seq,316,314,04B1,BANK0_SEQ 9D37 primary fetch,0000,,,92CC,FFFF92CC,0000,0400,924E,,,
201,genesis,zelda_v358_autostart,seq,316,315,04B3,BANK0_SEQ 9DBE pulse fetch,0010,,,92CC,FFFF92CC,0010,0400,924E,,,
201,genesis,zelda_v358_autostart,seq,316,316,04B5,BANK0_SEQ 9E2C control fetch,0022,,,92CC,FFFF92CC,0022,0400,924E,,,
201,genesis,zelda_v358_autostart,ppu,203,202,04A9,BANK6_PPU request,0000,0302,00FF,,00000000,,,,0000,0302,00000000
201,genesis,zelda_v358_autostart,ppu,203,203,04A8,BANK6_PPU fallback request,0000,0302,8100,,00000000,,,,0000,0302,00000000
202,genesis,zelda_v358_autostart,seq,320,317,04B1,BANK0_SEQ 9D37 primary fetch,0000,,,948B,00005781,0000,0481,94B2,,,
202,genesis,zelda_v358_autostart,seq,320,318,04B3,BANK0_SEQ 9DBE pulse fetch,001D,,,948B,00005781,041D,0400,94B2,,,
202,genesis,zelda_v358_autostart,seq,320,319,04B5,BANK0_SEQ 9E2C control fetch,003B,,,948B,00005781,043B,0410,94B2,,,
202,genesis,zelda_v358_autostart,seq,320,320,04B7,BANK0_SEQ 9EA7 noise fetch,004F,,,948B,00005781,044F,044E,94B2,,,
202,genesis,zelda_v358_autostart,ppu,205,204,04A9,BANK6_PPU request,0000,0302,00FF,,00000000,,,,0000,0302,00000000
202,genesis,zelda_v358_autostart,ppu,205,205,04A8,BANK6_PPU fallback request,0000,0302,8100,,00000000,,,,0000,0302,00000000
203,genesis,zelda_v358_autostart,seq,323,321,04B1,BANK0_SEQ 9D37 primary fetch,0000,,,92CC,FFFF92CC,0000,0400,924E,,,
203,genesis,zelda_v358_autostart,seq,323,322,04B3,BANK0_SEQ 9DBE pulse fetch,0010,,,92CC,FFFF92CC,0010,0400,924E,,,
203,genesis,zelda_v358_autostart,seq,323,323,04B5,BANK0_SEQ 9E2C control fetch,0022,,,92CC,FFFF92CC,0022,0400,924E,,,
203,genesis,zelda_v358_autostart,ppu,207,206,04A9,BANK6_PPU request,0000,0302,00FF,,00000000,,,,0000,0302,00000000
203,genesis,zelda_v358_autostart,ppu,207,207,04A8,BANK6_PPU fallback request,0000,0302,8100,,00000000,,,,0000,0302,00000000
204,genesis,zelda_v358_autostart,seq,327,324,04B1,BANK0_SEQ 9D37 primary fetch,0000,,,948B,00005781,0000,0481,94B2,,,
204,genesis,zelda_v358_autostart,seq,327,325,04B3,BANK0_SEQ 9DBE pulse fetch,001D,,,948B,00005781,041D,0400,94B2,,,
204,genesis,zelda_v358_autostart,seq,327,326,04B5,BANK0_SEQ 9E2C control fetch,003B,,,948B,00005781,043B,0410,94B2,,,
204,genesis,zelda_v358_autostart,seq,327,327,04B7,BANK0_SEQ 9EA7 noise fetch,004F,,,948B,00005781,044F,044E,94B2,,,
204,genesis,zelda_v358_autostart,ppu,209,208,04A9,BANK6_PPU request,0000,0302,00FF,,00000000,,,,0000,0302,00000000
204,genesis,zelda_v358_autostart,ppu,209,209,04A8,BANK6_PPU fallback request,0000,0302,8100,,00000000,,,,0000,0302,00000000
205,genesis,zelda_v358_autostart,seq,330,328,04B1,BANK0_SEQ 9D37 primary fetch,0000,,,92CC,FFFF92CC,0000,0400,924E,,,
205,genesis,zelda_v358_autostart,seq,330,329,04B3,BANK0_SEQ 9DBE pulse fetch,0010,,,92CC,FFFF92CC,0010,0400,924E,,,
205,genesis,zelda_v358_autostart,seq,330,330,04B5,BANK0_SEQ 9E2C control fetch,0022,,,92CC,FFFF92CC,0022,0400,924E,,,
205,genesis,zelda_v358_autostart,ppu,211,210,04A9,BANK6_PPU request,0000,0302,00FF,,00000000,,,,0000,0302,00000000
205,genesis,zelda_v358_autostart,ppu,211,211,04A8,BANK6_PPU fallback request,0000,0302,8100,,00000000,,,,0000,0302,00000000
206,genesis,zelda_v358_autostart,seq,334,331,04B1,BANK0_SEQ 9D37 primary fetch,0000,,,948B,00005781,0000,0481,94B2,,,
206,genesis,zelda_v358_autostart,seq,334,332,04B3,BANK0_SEQ 9DBE pulse fetch,001D,,,948B,00005781,041D,0400,94B2,,,
206,genesis,zelda_v358_autostart,seq,334,333,04B5,BANK0_SEQ 9E2C control fetch,003B,,,948B,00005781,043B,0410,94B2,,,
206,genesis,zelda_v358_autostart,seq,334,334,04B7,BANK0_SEQ 9EA7 noise fetch,004F,,,948B,00005781,044F,044E,94B2,,,
206,genesis,zelda_v358_autostart,ppu,213,212,04A9,BANK6_PPU request,0000,0302,00FF,,00000000,,,,0000,0302,00000000
206,genesis,zelda_v358_autostart,ppu,213,213,04A8,BANK6_PPU fallback request,0000,0302,8100,,00000000,,,,0000,0302,00000000
207,genesis,zelda_v358_autostart,seq,337,335,04B1,BANK0_SEQ 9D37 primary fetch,0000,,,92CC,FFFF92CC,0000,0400,924E,,,
207,genesis,zelda_v358_autostart,seq,337,336,04B3,BANK0_SEQ 9DBE pulse fetch,0010,,,92CC,FFFF92CC,0010,0400,924E,,,
207,genesis,zelda_v358_autostart,seq,337,337,04B5,BANK0_SEQ 9E2C control fetch,0022,,,92CC,FFFF92CC,0022,0400,924E,,,
207,genesis,zelda_v358_autostart,ppu,215,214,04A9,BANK6_PPU request,0000,0302,00FF,,00000000,,,,0000,0302,00000000
207,genesis,zelda_v358_autostart,ppu,215,215,04A8,BANK6_PPU fallback request,0000,0302,8100,,00000000,,,,0000,0302,00000000
208,genesis,zelda_v358_autostart,seq,341,338,04B1,BANK0_SEQ 9D37 primary fetch,0000,,,948B,00005781,0000,0481,94B2,,,
208,genesis,zelda_v358_autostart,seq,341,339,04B3,BANK0_SEQ 9DBE pulse fetch,001D,,,948B,00005781,041D,0400,94B2,,,
208,genesis,zelda_v358_autostart,seq,341,340,04B5,BANK0_SEQ 9E2C control fetch,003B,,,948B,00005781,043B,0410,94B2,,,
208,genesis,zelda_v358_autostart,seq,341,341,04B7,BANK0_SEQ 9EA7 noise fetch,004F,,,948B,00005781,044F,044E,94B2,,,
208,genesis,zelda_v358_autostart,ppu,217,216,04A9,BANK6_PPU request,0000,0302,00FF,,00000000,,,,0000,0302,00000000
208,genesis,zelda_v358_autostart,ppu,217,217,04A8,BANK6_PPU fallback request,0000,0302,8100,,00000000,,,,0000,0302,00000000
209,genesis,zelda_v358_autostart,seq,344,342,04B1,BANK0_SEQ 9D37 primary fetch,0000,,,92CC,FFFF92CC,0000,0400,924E,,,
209,genesis,zelda_v358_autostart,seq,344,343,04B3,BANK0_SEQ 9DBE pulse fetch,0010,,,92CC,FFFF92CC,0010,0400,924E,,,
209,genesis,zelda_v358_autostart,seq,344,344,04B5,BANK0_SEQ 9E2C control fetch,0022,,,92CC,FFFF92CC,0022,0400,924E,,,
209,genesis,zelda_v358_autostart,ppu,219,218,04A9,BANK6_PPU request,0000,0302,00FF,,00000000,,,,0000,0302,00000000
209,genesis,zelda_v358_autostart,ppu,219,219,04A8,BANK6_PPU fallback request,0000,0302,8100,,00000000,,,,0000,0302,00000000
210,genesis,zelda_v358_autostart,seq,348,345,04B1,BANK0_SEQ 9D37 primary fetch,0000,,,948B,00005781,0000,0481,94B2,,,
210,genesis,zelda_v358_autostart,seq,348,346,04B3,BANK0_SEQ 9DBE pulse fetch,001D,,,948B,00005781,041D,0400,94B2,,,
210,genesis,zelda_v358_autostart,seq,348,347,04B5,BANK0_SEQ 9E2C control fetch,003B,,,948B,00005781,043B,0410,94B2,,,
210,genesis,zelda_v358_autostart,seq,348,348,04B7,BANK0_SEQ 9EA7 noise fetch,004F,,,948B,00005781,044F,044E,94B2,,,
210,genesis,zelda_v358_autostart,ppu,221,220,04A9,BANK6_PPU request,0000,0302,00FF,,00000000,,,,0000,0302,00000000
210,genesis,zelda_v358_autostart,ppu,221,221,04A8,BANK6_PPU fallback request,0000,0302,8100,,00000000,,,,0000,0302,00000000
211,genesis,zelda_v358_autostart,seq,351,349,04B1,BANK0_SEQ 9D37 primary fetch,0000,,,92CC,FFFF92CC,0000,0400,924E,,,
211,genesis,zelda_v358_autostart,seq,351,350,04B3,BANK0_SEQ 9DBE pulse fetch,0010,,,92CC,FFFF92CC,0010,0400,924E,,,
211,genesis,zelda_v358_autostart,seq,351,351,04B5,BANK0_SEQ 9E2C control fetch,0022,,,92CC,FFFF92CC,0022,0400,924E,,,
211,genesis,zelda_v358_autostart,ppu,223,222,04A9,BANK6_PPU request,0000,0302,00FF,,00000000,,,,0000,0302,00000000
211,genesis,zelda_v358_autostart,ppu,223,223,04A8,BANK6_PPU fallback request,0000,0302,8100,,00000000,,,,0000,0302,00000000
212,genesis,zelda_v358_autostart,seq,355,352,04B1,BANK0_SEQ 9D37 primary fetch,0000,,,948B,00005781,0000,0481,94B2,,,
212,genesis,zelda_v358_autostart,seq,355,353,04B3,BANK0_SEQ 9DBE pulse fetch,001D,,,948B,00005781,041D,0400,94B2,,,
212,genesis,zelda_v358_autostart,seq,355,354,04B5,BANK0_SEQ 9E2C control fetch,003B,,,948B,00005781,043B,0410,94B2,,,
212,genesis,zelda_v358_autostart,seq,355,355,04B7,BANK0_SEQ 9EA7 noise fetch,004F,,,948B,00005781,044F,044E,94B2,,,
212,genesis,zelda_v358_autostart,ppu,225,224,04A9,BANK6_PPU request,0000,0302,00FF,,00000000,,,,0000,0302,00000000
212,genesis,zelda_v358_autostart,ppu,225,225,04A8,BANK6_PPU fallback request,0000,0302,8100,,00000000,,,,0000,0302,00000000
213,genesis,zelda_v358_autostart,seq,358,356,04B1,BANK0_SEQ 9D37 primary fetch,0000,,,92CC,FFFF92CC,0000,0400,924E,,,
213,genesis,zelda_v358_autostart,seq,358,357,04B3,BANK0_SEQ 9DBE pulse fetch,0010,,,92CC,FFFF92CC,0010,0400,924E,,,
213,genesis,zelda_v358_autostart,seq,358,358,04B5,BANK0_SEQ 9E2C control fetch,0022,,,92CC,FFFF92CC,0022,0400,924E,,,
213,genesis,zelda_v358_autostart,ppu,227,226,04A9,BANK6_PPU request,0000,0302,00FF,,00000000,,,,0000,0302,00000000
213,genesis,zelda_v358_autostart,ppu,227,227,04A8,BANK6_PPU fallback request,0000,0302,8100,,00000000,,,,0000,0302,00000000
214,genesis,zelda_v358_autostart,seq,362,359,04B1,BANK0_SEQ 9D37 primary fetch,0000,,,948B,00005781,0000,0481,94B2,,,
214,genesis,zelda_v358_autostart,seq,362,360,04B3,BANK0_SEQ 9DBE pulse fetch,001D,,,948B,00005781,041D,0400,94B2,,,
214,genesis,zelda_v358_autostart,seq,362,361,04B5,BANK0_SEQ 9E2C control fetch,003B,,,948B,00005781,043B,0410,94B2,,,
214,genesis,zelda_v358_autostart,seq,362,362,04B7,BANK0_SEQ 9EA7 noise fetch,004F,,,948B,00005781,044F,044E,94B2,,,
214,genesis,zelda_v358_autostart,ppu,229,228,04A9,BANK6_PPU request,0000,0302,00FF,,00000000,,,,0000,0302,00000000
214,genesis,zelda_v358_autostart,ppu,229,229,04A8,BANK6_PPU fallback request,0000,0302,8100,,00000000,,,,0000,0302,00000000
215,genesis,zelda_v358_autostart,seq,365,363,04B1,BANK0_SEQ 9D37 primary fetch,0000,,,92CC,FFFF92CC,0000,0400,924E,,,
215,genesis,zelda_v358_autostart,seq,365,364,04B3,BANK0_SEQ 9DBE pulse fetch,0010,,,92CC,FFFF92CC,0010,0400,924E,,,
215,genesis,zelda_v358_autostart,seq,365,365,04B5,BANK0_SEQ 9E2C control fetch,0022,,,92CC,FFFF92CC,0022,0400,924E,,,
215,genesis,zelda_v358_autostart,ppu,231,230,04A9,BANK6_PPU request,0000,0302,00FF,,00000000,,,,0000,0302,00000000
215,genesis,zelda_v358_autostart,ppu,231,231,04A8,BANK6_PPU fallback request,0000,0302,8100,,00000000,,,,0000,0302,00000000
216,genesis,zelda_v358_autostart,seq,369,366,04B1,BANK0_SEQ 9D37 primary fetch,0000,,,948B,00005781,0000,0481,94B2,,,
216,genesis,zelda_v358_autostart,seq,369,367,04B3,BANK0_SEQ 9DBE pulse fetch,001D,,,948B,00005781,041D,0400,94B2,,,
216,genesis,zelda_v358_autostart,seq,369,368,04B5,BANK0_SEQ 9E2C control fetch,003B,,,948B,00005781,043B,0410,94B2,,,
216,genesis,zelda_v358_autostart,seq,369,369,04B7,BANK0_SEQ 9EA7 noise fetch,004F,,,948B,00005781,044F,044E,94B2,,,
216,genesis,zelda_v358_autostart,ppu,233,232,04A9,BANK6_PPU request,0000,0302,00FF,,00000000,,,,0000,0302,00000000
216,genesis,zelda_v358_autostart,ppu,233,233,04A8,BANK6_PPU fallback request,0000,0302,8100,,00000000,,,,0000,0302,00000000
217,genesis,zelda_v358_autostart,seq,372,370,04B1,BANK0_SEQ 9D37 primary fetch,0000,,,92CC,FFFF92CC,0000,0400,924E,,,
217,genesis,zelda_v358_autostart,seq,372,371,04B3,BANK0_SEQ 9DBE pulse fetch,0010,,,92CC,FFFF92CC,0010,0400,924E,,,
217,genesis,zelda_v358_autostart,seq,372,372,04B5,BANK0_SEQ 9E2C control fetch,0022,,,92CC,FFFF92CC,0022,0400,924E,,,
217,genesis,zelda_v358_autostart,ppu,235,234,04A9,BANK6_PPU request,0000,0302,00FF,,00000000,,,,0000,0302,00000000
217,genesis,zelda_v358_autostart,ppu,235,235,04A8,BANK6_PPU fallback request,0000,0302,8100,,00000000,,,,0000,0302,00000000
218,genesis,zelda_v358_autostart,seq,376,373,04B1,BANK0_SEQ 9D37 primary fetch,0000,,,948B,00005781,0000,0481,94B2,,,
218,genesis,zelda_v358_autostart,seq,376,374,04B3,BANK0_SEQ 9DBE pulse fetch,001D,,,948B,00005781,041D,0400,94B2,,,
218,genesis,zelda_v358_autostart,seq,376,375,04B5,BANK0_SEQ 9E2C control fetch,003B,,,948B,00005781,043B,0410,94B2,,,
218,genesis,zelda_v358_autostart,seq,376,376,04B7,BANK0_SEQ 9EA7 noise fetch,004F,,,948B,00005781,044F,044E,94B2,,,
218,genesis,zelda_v358_autostart,ppu,237,236,04A9,BANK6_PPU request,0000,0302,00FF,,00000000,,,,0000,0302,00000000
218,genesis,zelda_v358_autostart,ppu,237,237,04A8,BANK6_PPU fallback request,0000,0302,8100,,00000000,,,,0000,0302,00000000
219,genesis,zelda_v358_autostart,seq,379,377,04B1,BANK0_SEQ 9D37 primary fetch,0000,,,92CC,FFFF92CC,0000,0400,924E,,,
219,genesis,zelda_v358_autostart,seq,379,378,04B3,BANK0_SEQ 9DBE pulse fetch,0010,,,92CC,FFFF92CC,0010,0400,924E,,,
219,genesis,zelda_v358_autostart,seq,379,379,04B5,BANK0_SEQ 9E2C control fetch,0022,,,92CC,FFFF92CC,0022,0400,924E,,,
219,genesis,zelda_v358_autostart,ppu,239,238,04A9,BANK6_PPU request,0000,0302,00FF,,00000000,,,,0000,0302,00000000
219,genesis,zelda_v358_autostart,ppu,239,239,04A8,BANK6_PPU fallback request,0000,0302,8100,,00000000,,,,0000,0302,00000000
220,genesis,zelda_v358_autostart,seq,383,380,04B1,BANK0_SEQ 9D37 primary fetch,0000,,,948B,00005781,0000,0481,94B2,,,
220,genesis,zelda_v358_autostart,seq,383,381,04B3,BANK0_SEQ 9DBE pulse fetch,001D,,,948B,00005781,041D,0400,94B2,,,
220,genesis,zelda_v358_autostart,seq,383,382,04B5,BANK0_SEQ 9E2C control fetch,003B,,,948B,00005781,043B,0410,94B2,,,
220,genesis,zelda_v358_autostart,seq,383,383,04B7,BANK0_SEQ 9EA7 noise fetch,004F,,,948B,00005781,044F,044E,94B2,,,
220,genesis,zelda_v358_autostart,ppu,241,240,04A9,BANK6_PPU request,0000,0302,00FF,,00000000,,,,0000,0302,00000000
220,genesis,zelda_v358_autostart,ppu,241,241,04A8,BANK6_PPU fallback request,0000,0302,8100,,00000000,,,,0000,0302,00000000
221,genesis,zelda_v358_autostart,seq,386,384,04B1,BANK0_SEQ 9D37 primary fetch,0000,,,92CC,FFFF92CC,0000,0400,924E,,,
221,genesis,zelda_v358_autostart,seq,386,385,04B3,BANK0_SEQ 9DBE pulse fetch,0010,,,92CC,FFFF92CC,0010,0400,924E,,,
221,genesis,zelda_v358_autostart,seq,386,386,04B5,BANK0_SEQ 9E2C control fetch,0022,,,92CC,FFFF92CC,0022,0400,924E,,,
221,genesis,zelda_v358_autostart,ppu,243,242,04A9,BANK6_PPU request,0000,0302,00FF,,00000000,,,,0000,0302,00000000
221,genesis,zelda_v358_autostart,ppu,243,243,04A8,BANK6_PPU fallback request,0000,0302,8100,,00000000,,,,0000,0302,00000000
222,genesis,zelda_v358_autostart,seq,390,387,04B1,BANK0_SEQ 9D37 primary fetch,0000,,,948B,00005781,0000,0481,94B2,,,
222,genesis,zelda_v358_autostart,seq,390,388,04B3,BANK0_SEQ 9DBE pulse fetch,001D,,,948B,00005781,041D,0400,94B2,,,
222,genesis,zelda_v358_autostart,seq,390,389,04B5,BANK0_SEQ 9E2C control fetch,003B,,,948B,00005781,043B,0410,94B2,,,
222,genesis,zelda_v358_autostart,seq,390,390,04B7,BANK0_SEQ 9EA7 noise fetch,004F,,,948B,00005781,044F,044E,94B2,,,
222,genesis,zelda_v358_autostart,ppu,245,244,04A9,BANK6_PPU request,0000,0302,00FF,,00000000,,,,0000,0302,00000000
222,genesis,zelda_v358_autostart,ppu,245,245,04A8,BANK6_PPU fallback request,0000,0302,8100,,00000000,,,,0000,0302,00000000
223,genesis,zelda_v358_autostart,seq,393,391,04B1,BANK0_SEQ 9D37 primary fetch,0000,,,92CC,FFFF92CC,0000,0400,924E,,,
223,genesis,zelda_v358_autostart,seq,393,392,04B3,BANK0_SEQ 9DBE pulse fetch,0010,,,92CC,FFFF92CC,0010,0400,924E,,,
223,genesis,zelda_v358_autostart,seq,393,393,04B5,BANK0_SEQ 9E2C control fetch,0022,,,92CC,FFFF92CC,0022,0400,924E,,,
223,genesis,zelda_v358_autostart,ppu,247,246,04A9,BANK6_PPU request,0000,0302,00FF,,00000000,,,,0000,0302,00000000
223,genesis,zelda_v358_autostart,ppu,247,247,04A8,BANK6_PPU fallback request,0000,0302,8100,,00000000,,,,0000,0302,00000000
224,genesis,zelda_v358_autostart,seq,397,394,04B1,BANK0_SEQ 9D37 primary fetch,0000,,,948B,00005781,0000,0481,94B2,,,
224,genesis,zelda_v358_autostart,seq,397,395,04B3,BANK0_SEQ 9DBE pulse fetch,001D,,,948B,00005781,041D,0400,94B2,,,
224,genesis,zelda_v358_autostart,seq,397,396,04B5,BANK0_SEQ 9E2C control fetch,003B,,,948B,00005781,043B,0410,94B2,,,
224,genesis,zelda_v358_autostart,seq,397,397,04B7,BANK0_SEQ 9EA7 noise fetch,004F,,,948B,00005781,044F,044E,94B2,,,
224,genesis,zelda_v358_autostart,ppu,249,248,04A9,BANK6_PPU request,0000,0302,00FF,,00000000,,,,0000,0302,00000000
224,genesis,zelda_v358_autostart,ppu,249,249,04A8,BANK6_PPU fallback request,0000,0302,8100,,00000000,,,,0000,0302,00000000
225,genesis,zelda_v358_autostart,seq,400,398,04B1,BANK0_SEQ 9D37 primary fetch,0000,,,92CC,FFFF92CC,0000,0400,924E,,,
225,genesis,zelda_v358_autostart,seq,400,399,04B3,BANK0_SEQ 9DBE pulse fetch,0010,,,92CC,FFFF92CC,0010,0400,924E,,,
225,genesis,zelda_v358_autostart,seq,400,400,04B5,BANK0_SEQ 9E2C control fetch,0022,,,92CC,FFFF92CC,0022,0400,924E,,,
225,genesis,zelda_v358_autostart,ppu,251,250,04A9,BANK6_PPU request,0000,0302,00FF,,00000000,,,,0000,0302,00000000
225,genesis,zelda_v358_autostart,ppu,251,251,04A8,BANK6_PPU fallback request,0000,0302,8100,,00000000,,,,0000,0302,00000000
226,genesis,zelda_v358_autostart,seq,404,401,04B1,BANK0_SEQ 9D37 primary fetch,0000,,,948B,00005781,0000,0481,94B2,,,
226,genesis,zelda_v358_autostart,seq,404,402,04B3,BANK0_SEQ 9DBE pulse fetch,001D,,,948B,00005781,041D,0400,94B2,,,
226,genesis,zelda_v358_autostart,seq,404,403,04B5,BANK0_SEQ 9E2C control fetch,003B,,,948B,00005781,043B,0410,94B2,,,
226,genesis,zelda_v358_autostart,seq,404,404,04B7,BANK0_SEQ 9EA7 noise fetch,004F,,,948B,00005781,044F,044E,94B2,,,
226,genesis,zelda_v358_autostart,ppu,253,252,04A9,BANK6_PPU request,0000,0302,00FF,,00000000,,,,0000,0302,00000000
226,genesis,zelda_v358_autostart,ppu,253,253,04A8,BANK6_PPU fallback request,0000,0302,8100,,00000000,,,,0000,0302,00000000
227,genesis,zelda_v358_autostart,seq,407,405,04B1,BANK0_SEQ 9D37 primary fetch,0000,,,92CC,FFFF92CC,0000,0400,924E,,,
227,genesis,zelda_v358_autostart,seq,407,406,04B3,BANK0_SEQ 9DBE pulse fetch,0010,,,92CC,FFFF92CC,0010,0400,924E,,,
227,genesis,zelda_v358_autostart,seq,407,407,04B5,BANK0_SEQ 9E2C control fetch,0022,,,92CC,FFFF92CC,0022,0400,924E,,,
227,genesis,zelda_v358_autostart,ppu,255,254,04A9,BANK6_PPU request,0000,0302,00FF,,00000000,,,,0000,0302,00000000
227,genesis,zelda_v358_autostart,ppu,255,255,04A8,BANK6_PPU fallback request,0000,0302,8100,,00000000,,,,0000,0302,00000000
228,genesis,zelda_v358_autostart,seq,411,408,04B1,BANK0_SEQ 9D37 primary fetch,0000,,,948B,00005781,0000,0481,94B2,,,
228,genesis,zelda_v358_autostart,seq,411,409,04B3,BANK0_SEQ 9DBE pulse fetch,001D,,,948B,00005781,041D,0400,94B2,,,
228,genesis,zelda_v358_autostart,seq,411,410,04B5,BANK0_SEQ 9E2C control fetch,003B,,,948B,00005781,043B,0410,94B2,,,
228,genesis,zelda_v358_autostart,seq,411,411,04B7,BANK0_SEQ 9EA7 noise fetch,004F,,,948B,00005781,044F,044E,94B2,,,
228,genesis,zelda_v358_autostart,ppu,257,256,04A9,BANK6_PPU request,0000,0302,00FF,,00000000,,,,0000,0302,00000000
228,genesis,zelda_v358_autostart,ppu,257,257,04A8,BANK6_PPU fallback request,0000,0302,8100,,00000000,,,,0000,0302,00000000
229,genesis,zelda_v358_autostart,seq,414,412,04B1,BANK0_SEQ 9D37 primary fetch,0000,,,92CC,FFFF92CC,0000,0400,924E,,,
229,genesis,zelda_v358_autostart,seq,414,413,04B3,BANK0_SEQ 9DBE pulse fetch,0010,,,92CC,FFFF92CC,0010,0400,924E,,,
229,genesis,zelda_v358_autostart,seq,414,414,04B5,BANK0_SEQ 9E2C control fetch,0022,,,92CC,FFFF92CC,0022,0400,924E,,,
229,genesis,zelda_v358_autostart,ppu,259,258,04A9,BANK6_PPU request,0000,0302,00FF,,00000000,,,,0000,0302,00000000
229,genesis,zelda_v358_autostart,ppu,259,259,04A8,BANK6_PPU fallback request,0000,0302,8100,,00000000,,,,0000,0302,00000000
230,genesis,zelda_v358_autostart,seq,418,415,04B1,BANK0_SEQ 9D37 primary fetch,0000,,,948B,00005781,0000,0481,94B2,,,
230,genesis,zelda_v358_autostart,seq,418,416,04B3,BANK0_SEQ 9DBE pulse fetch,001D,,,948B,00005781,041D,0400,94B2,,,
230,genesis,zelda_v358_autostart,seq,418,417,04B5,BANK0_SEQ 9E2C control fetch,003B,,,948B,00005781,043B,0410,94B2,,,
230,genesis,zelda_v358_autostart,seq,418,418,04B7,BANK0_SEQ 9EA7 noise fetch,004F,,,948B,00005781,044F,044E,94B2,,,
230,genesis,zelda_v358_autostart,ppu,261,260,04A9,BANK6_PPU request,0000,0302,00FF,,00000000,,,,0000,0302,00000000
230,genesis,zelda_v358_autostart,ppu,261,261,04A8,BANK6_PPU fallback request,0000,0302,8100,,00000000,,,,0000,0302,00000000
231,genesis,zelda_v358_autostart,seq,421,419,04B1,BANK0_SEQ 9D37 primary fetch,0000,,,92CC,FFFF92CC,0000,0400,924E,,,
231,genesis,zelda_v358_autostart,seq,421,420,04B3,BANK0_SEQ 9DBE pulse fetch,0010,,,92CC,FFFF92CC,0010,0400,924E,,,
231,genesis,zelda_v358_autostart,seq,421,421,04B5,BANK0_SEQ 9E2C control fetch,0022,,,92CC,FFFF92CC,0022,0400,924E,,,
231,genesis,zelda_v358_autostart,ppu,263,262,04A9,BANK6_PPU request,0000,0302,00FF,,00000000,,,,0000,0302,00000000
231,genesis,zelda_v358_autostart,ppu,263,263,04A8,BANK6_PPU fallback request,0000,0302,8100,,00000000,,,,0000,0302,00000000
232,genesis,zelda_v358_autostart,seq,425,422,04B1,BANK0_SEQ 9D37 primary fetch,0000,,,948B,00005781,0000,0481,94B2,,,
232,genesis,zelda_v358_autostart,seq,425,423,04B3,BANK0_SEQ 9DBE pulse fetch,001D,,,948B,00005781,041D,0400,94B2,,,
232,genesis,zelda_v358_autostart,seq,425,424,04B5,BANK0_SEQ 9E2C control fetch,003B,,,948B,00005781,043B,0410,94B2,,,
232,genesis,zelda_v358_autostart,seq,425,425,04B7,BANK0_SEQ 9EA7 noise fetch,004F,,,948B,00005781,044F,044E,94B2,,,
232,genesis,zelda_v358_autostart,ppu,265,264,04A9,BANK6_PPU request,0000,0302,00FF,,00000000,,,,0000,0302,00000000
232,genesis,zelda_v358_autostart,ppu,265,265,04A8,BANK6_PPU fallback request,0000,0302,8100,,00000000,,,,0000,0302,00000000
233,genesis,zelda_v358_autostart,seq,428,426,04B1,BANK0_SEQ 9D37 primary fetch,0000,,,92CC,FFFF92CC,0000,0400,924E,,,
233,genesis,zelda_v358_autostart,seq,428,427,04B3,BANK0_SEQ 9DBE pulse fetch,0010,,,92CC,FFFF92CC,0010,0400,924E,,,
233,genesis,zelda_v358_autostart,seq,428,428,04B5,BANK0_SEQ 9E2C control fetch,0022,,,92CC,FFFF92CC,0022,0400,924E,,,
233,genesis,zelda_v358_autostart,ppu,267,266,04A9,BANK6_PPU request,0000,0302,00FF,,00000000,,,,0000,0302,00000000
233,genesis,zelda_v358_autostart,ppu,267,267,04A8,BANK6_PPU fallback request,0000,0302,8100,,00000000,,,,0000,0302,00000000
234,genesis,zelda_v358_autostart,seq,432,429,04B1,BANK0_SEQ 9D37 primary fetch,0000,,,948B,00005781,0000,0481,94B2,,,
234,genesis,zelda_v358_autostart,seq,432,430,04B3,BANK0_SEQ 9DBE pulse fetch,001D,,,948B,00005781,041D,0400,94B2,,,
234,genesis,zelda_v358_autostart,seq,432,431,04B5,BANK0_SEQ 9E2C control fetch,003B,,,948B,00005781,043B,0410,94B2,,,
234,genesis,zelda_v358_autostart,seq,432,432,04B7,BANK0_SEQ 9EA7 noise fetch,004F,,,948B,00005781,044F,044E,94B2,,,
234,genesis,zelda_v358_autostart,ppu,269,268,04A9,BANK6_PPU request,0000,0302,00FF,,00000000,,,,0000,0302,00000000
234,genesis,zelda_v358_autostart,ppu,269,269,04A8,BANK6_PPU fallback request,0000,0302,8100,,00000000,,,,0000,0302,00000000
235,genesis,zelda_v358_autostart,seq,435,433,04B1,BANK0_SEQ 9D37 primary fetch,0000,,,92CC,FFFF92CC,0000,0400,924E,,,
235,genesis,zelda_v358_autostart,seq,435,434,04B3,BANK0_SEQ 9DBE pulse fetch,0010,,,92CC,FFFF92CC,0010,0400,924E,,,
235,genesis,zelda_v358_autostart,seq,435,435,04B5,BANK0_SEQ 9E2C control fetch,0022,,,92CC,FFFF92CC,0022,0400,924E,,,
235,genesis,zelda_v358_autostart,ppu,271,270,04A9,BANK6_PPU request,0000,0302,00FF,,00000000,,,,0000,0302,00000000
235,genesis,zelda_v358_autostart,ppu,271,271,04A8,BANK6_PPU fallback request,0000,0302,8100,,00000000,,,,0000,0302,00000000
236,genesis,zelda_v358_autostart,seq,439,436,04B1,BANK0_SEQ 9D37 primary fetch,0000,,,948B,00005781,0000,0481,94B2,,,
236,genesis,zelda_v358_autostart,seq,439,437,04B3,BANK0_SEQ 9DBE pulse fetch,001D,,,948B,00005781,041D,0400,94B2,,,
236,genesis,zelda_v358_autostart,seq,439,438,04B5,BANK0_SEQ 9E2C control fetch,003B,,,948B,00005781,043B,0410,94B2,,,
236,genesis,zelda_v358_autostart,seq,439,439,04B7,BANK0_SEQ 9EA7 noise fetch,004F,,,948B,00005781,044F,044E,94B2,,,
236,genesis,zelda_v358_autostart,ppu,273,272,04A9,BANK6_PPU request,0000,0302,00FF,,00000000,,,,0000,0302,00000000
236,genesis,zelda_v358_autostart,ppu,273,273,04A8,BANK6_PPU fallback request,0000,0302,8100,,00000000,,,,0000,0302,00000000
237,genesis,zelda_v358_autostart,seq,442,440,04B1,BANK0_SEQ 9D37 primary fetch,0000,,,92CC,FFFF92CC,0000,0400,924E,,,
237,genesis,zelda_v358_autostart,seq,442,441,04B3,BANK0_SEQ 9DBE pulse fetch,0010,,,92CC,FFFF92CC,0010,0400,924E,,,
237,genesis,zelda_v358_autostart,seq,442,442,04B5,BANK0_SEQ 9E2C control fetch,0022,,,92CC,FFFF92CC,0022,0400,924E,,,
237,genesis,zelda_v358_autostart,ppu,275,274,04A9,BANK6_PPU request,0000,0302,00FF,,00000000,,,,0000,0302,00000000
237,genesis,zelda_v358_autostart,ppu,275,275,04A8,BANK6_PPU fallback request,0000,0302,8100,,00000000,,,,0000,0302,00000000
238,genesis,zelda_v358_autostart,seq,446,443,04B1,BANK0_SEQ 9D37 primary fetch,0000,,,948B,00005781,0000,0481,94B2,,,
238,genesis,zelda_v358_autostart,seq,446,444,04B3,BANK0_SEQ 9DBE pulse fetch,001D,,,948B,00005781,041D,0400,94B2,,,
238,genesis,zelda_v358_autostart,seq,446,445,04B5,BANK0_SEQ 9E2C control fetch,003B,,,948B,00005781,043B,0410,94B2,,,
238,genesis,zelda_v358_autostart,seq,446,446,04B7,BANK0_SEQ 9EA7 noise fetch,004F,,,948B,00005781,044F,044E,94B2,,,
238,genesis,zelda_v358_autostart,ppu,277,276,04A9,BANK6_PPU request,0000,0302,00FF,,00000000,,,,0000,0302,00000000
238,genesis,zelda_v358_autostart,ppu,277,277,04A8,BANK6_PPU fallback request,0000,0302,8100,,00000000,,,,0000,0302,00000000
239,genesis,zelda_v358_autostart,seq,449,447,04B1,BANK0_SEQ 9D37 primary fetch,0000,,,92CC,FFFF92CC,0000,0400,924E,,,
239,genesis,zelda_v358_autostart,seq,449,448,04B3,BANK0_SEQ 9DBE pulse fetch,0010,,,92CC,FFFF92CC,0010,0400,924E,,,
239,genesis,zelda_v358_autostart,seq,449,449,04B5,BANK0_SEQ 9E2C control fetch,0022,,,92CC,FFFF92CC,0022,0400,924E,,,
239,genesis,zelda_v358_autostart,ppu,279,278,04A9,BANK6_PPU request,0000,0302,00FF,,00000000,,,,0000,0302,00000000
239,genesis,zelda_v358_autostart,ppu,279,279,04A8,BANK6_PPU fallback request,0000,0302,8100,,00000000,,,,0000,0302,00000000
240,genesis,zelda_v358_autostart,seq,453,450,04B1,BANK0_SEQ 9D37 primary fetch,0000,,,948B,00005781,0000,0481,94B2,,,
240,genesis,zelda_v358_autostart,seq,453,451,04B3,BANK0_SEQ 9DBE pulse fetch,001D,,,948B,00005781,041D,0400,94B2,,,
240,genesis,zelda_v358_autostart,seq,453,452,04B5,BANK0_SEQ 9E2C control fetch,003B,,,948B,00005781,043B,0410,94B2,,,
240,genesis,zelda_v358_autostart,seq,453,453,04B7,BANK0_SEQ 9EA7 noise fetch,004F,,,948B,00005781,044F,044E,94B2,,,
240,genesis,zelda_v358_autostart,ppu,281,280,04A9,BANK6_PPU request,0000,0302,00FF,,00000000,,,,0000,0302,00000000
240,genesis,zelda_v358_autostart,ppu,281,281,04A8,BANK6_PPU fallback request,0000,0302,8100,,00000000,,,,0000,0302,00000000
241,genesis,zelda_v358_autostart,seq,456,454,04B1,BANK0_SEQ 9D37 primary fetch,0000,,,92CC,FFFF92CC,0000,0400,924E,,,
241,genesis,zelda_v358_autostart,seq,456,455,04B3,BANK0_SEQ 9DBE pulse fetch,0010,,,92CC,FFFF92CC,0010,0400,924E,,,
241,genesis,zelda_v358_autostart,seq,456,456,04B5,BANK0_SEQ 9E2C control fetch,0022,,,92CC,FFFF92CC,0022,0400,924E,,,
241,genesis,zelda_v358_autostart,ppu,283,282,04A9,BANK6_PPU request,0000,0302,00FF,,00000000,,,,0000,0302,00000000
241,genesis,zelda_v358_autostart,ppu,283,283,04A8,BANK6_PPU fallback request,0000,0302,8100,,00000000,,,,0000,0302,00000000
242,genesis,zelda_v358_autostart,seq,460,457,04B1,BANK0_SEQ 9D37 primary fetch,0000,,,948B,00005781,0000,0481,94B2,,,
242,genesis,zelda_v358_autostart,seq,460,458,04B3,BANK0_SEQ 9DBE pulse fetch,001D,,,948B,00005781,041D,0400,94B2,,,
242,genesis,zelda_v358_autostart,seq,460,459,04B5,BANK0_SEQ 9E2C control fetch,003B,,,948B,00005781,043B,0410,94B2,,,
242,genesis,zelda_v358_autostart,seq,460,460,04B7,BANK0_SEQ 9EA7 noise fetch,004F,,,948B,00005781,044F,044E,94B2,,,
242,genesis,zelda_v358_autostart,ppu,285,284,04A9,BANK6_PPU request,0000,0302,00FF,,00000000,,,,0000,0302,00000000
242,genesis,zelda_v358_autostart,ppu,285,285,04A8,BANK6_PPU fallback request,0000,0302,8100,,00000000,,,,0000,0302,00000000
243,genesis,zelda_v358_autostart,seq,463,461,04B1,BANK0_SEQ 9D37 primary fetch,0000,,,92CC,FFFF92CC,0000,0400,924E,,,
243,genesis,zelda_v358_autostart,seq,463,462,04B3,BANK0_SEQ 9DBE pulse fetch,0010,,,92CC,FFFF92CC,0010,0400,924E,,,
243,genesis,zelda_v358_autostart,seq,463,463,04B5,BANK0_SEQ 9E2C control fetch,0022,,,92CC,FFFF92CC,0022,0400,924E,,,
243,genesis,zelda_v358_autostart,ppu,287,286,04A9,BANK6_PPU request,0000,0302,00FF,,00000000,,,,0000,0302,00000000
243,genesis,zelda_v358_autostart,ppu,287,287,04A8,BANK6_PPU fallback request,0000,0302,8100,,00000000,,,,0000,0302,00000000
244,genesis,zelda_v358_autostart,seq,467,464,04B1,BANK0_SEQ 9D37 primary fetch,0000,,,948B,00005781,0000,0481,94B2,,,
244,genesis,zelda_v358_autostart,seq,467,465,04B3,BANK0_SEQ 9DBE pulse fetch,001D,,,948B,00005781,041D,0400,94B2,,,
244,genesis,zelda_v358_autostart,seq,467,466,04B5,BANK0_SEQ 9E2C control fetch,003B,,,948B,00005781,043B,0410,94B2,,,
244,genesis,zelda_v358_autostart,seq,467,467,04B7,BANK0_SEQ 9EA7 noise fetch,004F,,,948B,00005781,044F,044E,94B2,,,
244,genesis,zelda_v358_autostart,ppu,289,288,04A9,BANK6_PPU request,0000,0302,00FF,,00000000,,,,0000,0302,00000000
244,genesis,zelda_v358_autostart,ppu,289,289,04A8,BANK6_PPU fallback request,0000,0302,8100,,00000000,,,,0000,0302,00000000
245,genesis,zelda_v358_autostart,seq,470,468,04B1,BANK0_SEQ 9D37 primary fetch,0000,,,92CC,FFFF92CC,0000,0400,924E,,,
245,genesis,zelda_v358_autostart,seq,470,469,04B3,BANK0_SEQ 9DBE pulse fetch,0010,,,92CC,FFFF92CC,0010,0400,924E,,,
245,genesis,zelda_v358_autostart,seq,470,470,04B5,BANK0_SEQ 9E2C control fetch,0022,,,92CC,FFFF92CC,0022,0400,924E,,,
245,genesis,zelda_v358_autostart,ppu,291,290,04A9,BANK6_PPU request,0000,0302,00FF,,00000000,,,,0000,0302,00000000
245,genesis,zelda_v358_autostart,ppu,291,291,04A8,BANK6_PPU fallback request,0000,0302,8100,,00000000,,,,0000,0302,00000000
246,genesis,zelda_v358_autostart,seq,474,471,04B1,BANK0_SEQ 9D37 primary fetch,0000,,,948B,00005781,0000,0481,94B2,,,
246,genesis,zelda_v358_autostart,seq,474,472,04B3,BANK0_SEQ 9DBE pulse fetch,001D,,,948B,00005781,041D,0400,94B2,,,
246,genesis,zelda_v358_autostart,seq,474,473,04B5,BANK0_SEQ 9E2C control fetch,003B,,,948B,00005781,043B,0410,94B2,,,
246,genesis,zelda_v358_autostart,seq,474,474,04B7,BANK0_SEQ 9EA7 noise fetch,004F,,,948B,00005781,044F,044E,94B2,,,
246,genesis,zelda_v358_autostart,ppu,293,292,04A9,BANK6_PPU request,0000,0302,00FF,,00000000,,,,0000,0302,00000000
246,genesis,zelda_v358_autostart,ppu,293,293,04A8,BANK6_PPU fallback request,0000,0302,8100,,00000000,,,,0000,0302,00000000
247,genesis,zelda_v358_autostart,seq,477,475,04B1,BANK0_SEQ 9D37 primary fetch,0000,,,92CC,FFFF92CC,0000,0400,924E,,,
247,genesis,zelda_v358_autostart,seq,477,476,04B3,BANK0_SEQ 9DBE pulse fetch,0010,,,92CC,FFFF92CC,0010,0400,924E,,,
247,genesis,zelda_v358_autostart,seq,477,477,04B5,BANK0_SEQ 9E2C control fetch,0022,,,92CC,FFFF92CC,0022,0400,924E,,,
247,genesis,zelda_v358_autostart,ppu,295,294,04A9,BANK6_PPU request,0000,0302,00FF,,00000000,,,,0000,0302,00000000
247,genesis,zelda_v358_autostart,ppu,295,295,04A8,BANK6_PPU fallback request,0000,0302,8100,,00000000,,,,0000,0302,00000000
248,genesis,zelda_v358_autostart,seq,481,478,04B1,BANK0_SEQ 9D37 primary fetch,0000,,,948B,00005781,0000,0481,94B2,,,
248,genesis,zelda_v358_autostart,seq,481,479,04B3,BANK0_SEQ 9DBE pulse fetch,001D,,,948B,00005781,041D,0400,94B2,,,
248,genesis,zelda_v358_autostart,seq,481,480,04B5,BANK0_SEQ 9E2C control fetch,003B,,,948B,00005781,043B,0410,94B2,,,
248,genesis,zelda_v358_autostart,seq,481,481,04B7,BANK0_SEQ 9EA7 noise fetch,004F,,,948B,00005781,044F,044E,94B2,,,
248,genesis,zelda_v358_autostart,ppu,297,296,04A9,BANK6_PPU request,0000,0302,00FF,,00000000,,,,0000,0302,00000000
248,genesis,zelda_v358_autostart,ppu,297,297,04A8,BANK6_PPU fallback request,0000,0302,8100,,00000000,,,,0000,0302,00000000
249,genesis,zelda_v358_autostart,seq,484,482,04B1,BANK0_SEQ 9D37 primary fetch,0000,,,92CC,FFFF92CC,0000,0400,924E,,,
249,genesis,zelda_v358_autostart,seq,484,483,04B3,BANK0_SEQ 9DBE pulse fetch,0010,,,92CC,FFFF92CC,0010,0400,924E,,,
249,genesis,zelda_v358_autostart,seq,484,484,04B5,BANK0_SEQ 9E2C control fetch,0022,,,92CC,FFFF92CC,0022,0400,924E,,,
249,genesis,zelda_v358_autostart,ppu,299,298,04A9,BANK6_PPU request,0000,0302,00FF,,00000000,,,,0000,0302,00000000
249,genesis,zelda_v358_autostart,ppu,299,299,04A8,BANK6_PPU fallback request,0000,0302,8100,,00000000,,,,0000,0302,00000000
250,genesis,zelda_v358_autostart,seq,488,485,04B1,BANK0_SEQ 9D37 primary fetch,0000,,,948B,00005781,0000,0481,94B2,,,
250,genesis,zelda_v358_autostart,seq,488,486,04B3,BANK0_SEQ 9DBE pulse fetch,001D,,,948B,00005781,041D,0400,94B2,,,
250,genesis,zelda_v358_autostart,seq,488,487,04B5,BANK0_SEQ 9E2C control fetch,003B,,,948B,00005781,043B,0410,94B2,,,
250,genesis,zelda_v358_autostart,seq,488,488,04B7,BANK0_SEQ 9EA7 noise fetch,004F,,,948B,00005781,044F,044E,94B2,,,
250,genesis,zelda_v358_autostart,ppu,301,300,04A9,BANK6_PPU request,0000,0302,00FF,,00000000,,,,0000,0302,00000000
250,genesis,zelda_v358_autostart,ppu,301,301,04A8,BANK6_PPU fallback request,0000,0302,8100,,00000000,,,,0000,0302,00000000
251,genesis,zelda_v358_autostart,seq,491,489,04B1,BANK0_SEQ 9D37 primary fetch,0000,,,92CC,FFFF92CC,0000,0400,924E,,,
251,genesis,zelda_v358_autostart,seq,491,490,04B3,BANK0_SEQ 9DBE pulse fetch,0010,,,92CC,FFFF92CC,0010,0400,924E,,,
251,genesis,zelda_v358_autostart,seq,491,491,04B5,BANK0_SEQ 9E2C control fetch,0022,,,92CC,FFFF92CC,0022,0400,924E,,,
251,genesis,zelda_v358_autostart,ppu,303,302,04A9,BANK6_PPU request,0000,0302,00FF,,00000000,,,,0000,0302,00000000
251,genesis,zelda_v358_autostart,ppu,303,303,04A8,BANK6_PPU fallback request,0000,0302,8100,,00000000,,,,0000,0302,00000000
252,genesis,zelda_v358_autostart,seq,495,492,04B1,BANK0_SEQ 9D37 primary fetch,0000,,,948B,00005781,0000,0481,94B2,,,
252,genesis,zelda_v358_autostart,seq,495,493,04B3,BANK0_SEQ 9DBE pulse fetch,001D,,,948B,00005781,041D,0400,94B2,,,
252,genesis,zelda_v358_autostart,seq,495,494,04B5,BANK0_SEQ 9E2C control fetch,003B,,,948B,00005781,043B,0410,94B2,,,
252,genesis,zelda_v358_autostart,seq,495,495,04B7,BANK0_SEQ 9EA7 noise fetch,004F,,,948B,00005781,044F,044E,94B2,,,
252,genesis,zelda_v358_autostart,ppu,305,304,04A9,BANK6_PPU request,0000,0302,00FF,,00000000,,,,0000,0302,00000000
252,genesis,zelda_v358_autostart,ppu,305,305,04A8,BANK6_PPU fallback request,0000,0302,8100,,00000000,,,,0000,0302,00000000
253,genesis,zelda_v358_autostart,seq,498,496,04B1,BANK0_SEQ 9D37 primary fetch,0000,,,92CC,FFFF92CC,0000,0400,924E,,,
253,genesis,zelda_v358_autostart,seq,498,497,04B3,BANK0_SEQ 9DBE pulse fetch,0010,,,92CC,FFFF92CC,0010,0400,924E,,,
253,genesis,zelda_v358_autostart,seq,498,498,04B5,BANK0_SEQ 9E2C control fetch,0022,,,92CC,FFFF92CC,0022,0400,924E,,,
253,genesis,zelda_v358_autostart,ppu,307,306,04A9,BANK6_PPU request,0000,0302,00FF,,00000000,,,,0000,0302,00000000
253,genesis,zelda_v358_autostart,ppu,307,307,04A8,BANK6_PPU fallback request,0000,0302,8100,,00000000,,,,0000,0302,00000000
254,genesis,zelda_v358_autostart,seq,502,499,04B1,BANK0_SEQ 9D37 primary fetch,0000,,,948B,00005781,0000,0481,94B2,,,
254,genesis,zelda_v358_autostart,seq,502,500,04B3,BANK0_SEQ 9DBE pulse fetch,001D,,,948B,00005781,041D,0400,94B2,,,
254,genesis,zelda_v358_autostart,seq,502,501,04B5,BANK0_SEQ 9E2C control fetch,003B,,,948B,00005781,043B,0410,94B2,,,
254,genesis,zelda_v358_autostart,seq,502,502,04B7,BANK0_SEQ 9EA7 noise fetch,004F,,,948B,00005781,044F,044E,94B2,,,
254,genesis,zelda_v358_autostart,ppu,309,308,04A9,BANK6_PPU request,0000,0302,00FF,,00000000,,,,0000,0302,00000000
254,genesis,zelda_v358_autostart,ppu,309,309,04A8,BANK6_PPU fallback request,0000,0302,8100,,00000000,,,,0000,0302,00000000
255,genesis,zelda_v358_autostart,seq,505,503,04B1,BANK0_SEQ 9D37 primary fetch,0000,,,92CC,FFFF92CC,0000,0400,924E,,,
255,genesis,zelda_v358_autostart,seq,505,504,04B3,BANK0_SEQ 9DBE pulse fetch,0010,,,92CC,FFFF92CC,0010,0400,924E,,,
255,genesis,zelda_v358_autostart,seq,505,505,04B5,BANK0_SEQ 9E2C control fetch,0022,,,92CC,FFFF92CC,0022,0400,924E,,,
255,genesis,zelda_v358_autostart,ppu,311,310,04A9,BANK6_PPU request,0000,0302,00FF,,00000000,,,,0000,0302,00000000
255,genesis,zelda_v358_autostart,ppu,311,311,04A8,BANK6_PPU fallback request,0000,0302,8100,,00000000,,,,0000,0302,00000000
256,genesis,zelda_v358_autostart,seq,509,506,04B1,BANK0_SEQ 9D37 primary fetch,0000,,,948B,00005781,0000,0481,94B2,,,
256,genesis,zelda_v358_autostart,seq,509,507,04B3,BANK0_SEQ 9DBE pulse fetch,001D,,,948B,00005781,041D,0400,94B2,,,
256,genesis,zelda_v358_autostart,seq,509,508,04B5,BANK0_SEQ 9E2C control fetch,003B,,,948B,00005781,043B,0410,94B2,,,
256,genesis,zelda_v358_autostart,seq,509,509,04B7,BANK0_SEQ 9EA7 noise fetch,004F,,,948B,00005781,044F,044E,94B2,,,
256,genesis,zelda_v358_autostart,ppu,313,312,04A9,BANK6_PPU request,0000,0302,00FF,,00000000,,,,0000,0302,00000000
256,genesis,zelda_v358_autostart,ppu,313,313,04A8,BANK6_PPU fallback request,0000,0302,8100,,00000000,,,,0000,0302,00000000
257,genesis,zelda_v358_autostart,seq,512,510,04B1,BANK0_SEQ 9D37 primary fetch,0000,,,92CC,FFFF92CC,0000,0400,924E,,,
257,genesis,zelda_v358_autostart,seq,512,511,04B3,BANK0_SEQ 9DBE pulse fetch,0010,,,92CC,FFFF92CC,0010,0400,924E,,,
257,genesis,zelda_v358_autostart,seq,512,512,04B5,BANK0_SEQ 9E2C control fetch,0022,,,92CC,FFFF92CC,0022,0400,924E,,,
257,genesis,zelda_v358_autostart,ppu,315,314,04A9,BANK6_PPU request,0000,0302,00FF,,00000000,,,,0000,0302,00000000
257,genesis,zelda_v358_autostart,ppu,315,315,04A8,BANK6_PPU fallback request,0000,0302,8100,,00000000,,,,0000,0302,00000000
258,genesis,zelda_v358_autostart,seq,516,513,04B1,BANK0_SEQ 9D37 primary fetch,0000,,,948B,00005781,0000,0481,94B2,,,
258,genesis,zelda_v358_autostart,seq,516,514,04B3,BANK0_SEQ 9DBE pulse fetch,001D,,,948B,00005781,041D,0400,94B2,,,
258,genesis,zelda_v358_autostart,seq,516,515,04B5,BANK0_SEQ 9E2C control fetch,003B,,,948B,00005781,043B,0410,94B2,,,
258,genesis,zelda_v358_autostart,seq,516,516,04B7,BANK0_SEQ 9EA7 noise fetch,004F,,,948B,00005781,044F,044E,94B2,,,
258,genesis,zelda_v358_autostart,ppu,317,316,04A9,BANK6_PPU request,0000,0302,00FF,,00000000,,,,0000,0302,00000000
258,genesis,zelda_v358_autostart,ppu,317,317,04A8,BANK6_PPU fallback request,0000,0302,8100,,00000000,,,,0000,0302,00000000
259,genesis,zelda_v358_autostart,seq,519,517,04B1,BANK0_SEQ 9D37 primary fetch,0000,,,92CC,FFFF92CC,0000,0400,924E,,,
259,genesis,zelda_v358_autostart,seq,519,518,04B3,BANK0_SEQ 9DBE pulse fetch,0010,,,92CC,FFFF92CC,0010,0400,924E,,,
259,genesis,zelda_v358_autostart,seq,519,519,04B5,BANK0_SEQ 9E2C control fetch,0022,,,92CC,FFFF92CC,0022,0400,924E,,,
259,genesis,zelda_v358_autostart,ppu,319,318,04A9,BANK6_PPU request,0000,0302,00FF,,00000000,,,,0000,0302,00000000
259,genesis,zelda_v358_autostart,ppu,319,319,04A8,BANK6_PPU fallback request,0000,0302,8100,,00000000,,,,0000,0302,00000000
260,genesis,zelda_v358_autostart,seq,523,520,04B1,BANK0_SEQ 9D37 primary fetch,0000,,,948B,00005781,0000,0481,94B2,,,
260,genesis,zelda_v358_autostart,seq,523,521,04B3,BANK0_SEQ 9DBE pulse fetch,001D,,,948B,00005781,041D,0400,94B2,,,
260,genesis,zelda_v358_autostart,seq,523,522,04B5,BANK0_SEQ 9E2C control fetch,003B,,,948B,00005781,043B,0410,94B2,,,
260,genesis,zelda_v358_autostart,seq,523,523,04B7,BANK0_SEQ 9EA7 noise fetch,004F,,,948B,00005781,044F,044E,94B2,,,
260,genesis,zelda_v358_autostart,ppu,321,320,04A9,BANK6_PPU request,0000,0302,00FF,,00000000,,,,0000,0302,00000000
260,genesis,zelda_v358_autostart,ppu,321,321,04A8,BANK6_PPU fallback request,0000,0302,8100,,00000000,,,,0000,0302,00000000
261,genesis,zelda_v358_autostart,seq,526,524,04B1,BANK0_SEQ 9D37 primary fetch,0000,,,92CC,FFFF92CC,0000,0400,924E,,,
261,genesis,zelda_v358_autostart,seq,526,525,04B3,BANK0_SEQ 9DBE pulse fetch,0010,,,92CC,FFFF92CC,0010,0400,924E,,,
261,genesis,zelda_v358_autostart,seq,526,526,04B5,BANK0_SEQ 9E2C control fetch,0022,,,92CC,FFFF92CC,0022,0400,924E,,,
261,genesis,zelda_v358_autostart,ppu,323,322,04A9,BANK6_PPU request,0000,0302,00FF,,00000000,,,,0000,0302,00000000
261,genesis,zelda_v358_autostart,ppu,323,323,04A8,BANK6_PPU fallback request,0000,0302,8100,,00000000,,,,0000,0302,00000000
262,genesis,zelda_v358_autostart,seq,530,527,04B1,BANK0_SEQ 9D37 primary fetch,0000,,,948B,00005781,0000,0481,94B2,,,
262,genesis,zelda_v358_autostart,seq,530,528,04B3,BANK0_SEQ 9DBE pulse fetch,001D,,,948B,00005781,041D,0400,94B2,,,
262,genesis,zelda_v358_autostart,seq,530,529,04B5,BANK0_SEQ 9E2C control fetch,003B,,,948B,00005781,043B,0410,94B2,,,
262,genesis,zelda_v358_autostart,seq,530,530,04B7,BANK0_SEQ 9EA7 noise fetch,004F,,,948B,00005781,044F,044E,94B2,,,
262,genesis,zelda_v358_autostart,ppu,325,324,04A9,BANK6_PPU request,0000,0302,00FF,,00000000,,,,0000,0302,00000000
262,genesis,zelda_v358_autostart,ppu,325,325,04A8,BANK6_PPU fallback request,0000,0302,8100,,00000000,,,,0000,0302,00000000
263,genesis,zelda_v358_autostart,seq,533,531,04B1,BANK0_SEQ 9D37 primary fetch,0000,,,92CC,FFFF92CC,0000,0400,924E,,,
263,genesis,zelda_v358_autostart,seq,533,532,04B3,BANK0_SEQ 9DBE pulse fetch,0010,,,92CC,FFFF92CC,0010,0400,924E,,,
263,genesis,zelda_v358_autostart,seq,533,533,04B5,BANK0_SEQ 9E2C control fetch,0022,,,92CC,FFFF92CC,0022,0400,924E,,,
263,genesis,zelda_v358_autostart,ppu,327,326,04A9,BANK6_PPU request,0000,0302,00FF,,00000000,,,,0000,0302,00000000
263,genesis,zelda_v358_autostart,ppu,327,327,04A8,BANK6_PPU fallback request,0000,0302,8100,,00000000,,,,0000,0302,00000000
264,genesis,zelda_v358_autostart,seq,537,534,04B1,BANK0_SEQ 9D37 primary fetch,0000,,,948B,00005781,0000,0481,94B2,,,
264,genesis,zelda_v358_autostart,seq,537,535,04B3,BANK0_SEQ 9DBE pulse fetch,001D,,,948B,00005781,041D,0400,94B2,,,
264,genesis,zelda_v358_autostart,seq,537,536,04B5,BANK0_SEQ 9E2C control fetch,003B,,,948B,00005781,043B,0410,94B2,,,
264,genesis,zelda_v358_autostart,seq,537,537,04B7,BANK0_SEQ 9EA7 noise fetch,004F,,,948B,00005781,044F,044E,94B2,,,
264,genesis,zelda_v358_autostart,ppu,329,328,04A9,BANK6_PPU request,0000,0302,00FF,,00000000,,,,0000,0302,00000000
264,genesis,zelda_v358_autostart,ppu,329,329,04A8,BANK6_PPU fallback request,0000,0302,8100,,00000000,,,,0000,0302,00000000
265,genesis,zelda_v358_autostart,seq,540,538,04B1,BANK0_SEQ 9D37 primary fetch,0000,,,92CC,FFFF92CC,0000,0400,924E,,,
265,genesis,zelda_v358_autostart,seq,540,539,04B3,BANK0_SEQ 9DBE pulse fetch,0010,,,92CC,FFFF92CC,0010,0400,924E,,,
265,genesis,zelda_v358_autostart,seq,540,540,04B5,BANK0_SEQ 9E2C control fetch,0022,,,92CC,FFFF92CC,0022,0400,924E,,,
265,genesis,zelda_v358_autostart,ppu,331,330,04A9,BANK6_PPU request,0000,0302,00FF,,00000000,,,,0000,0302,00000000
265,genesis,zelda_v358_autostart,ppu,331,331,04A8,BANK6_PPU fallback request,0000,0302,8100,,00000000,,,,0000,0302,00000000
266,genesis,zelda_v358_autostart,seq,544,541,04B1,BANK0_SEQ 9D37 primary fetch,0000,,,948B,00005781,0000,0481,94B2,,,
266,genesis,zelda_v358_autostart,seq,544,542,04B3,BANK0_SEQ 9DBE pulse fetch,001D,,,948B,00005781,041D,0400,94B2,,,
266,genesis,zelda_v358_autostart,seq,544,543,04B5,BANK0_SEQ 9E2C control fetch,003B,,,948B,00005781,043B,0410,94B2,,,
266,genesis,zelda_v358_autostart,seq,544,544,04B7,BANK0_SEQ 9EA7 noise fetch,004F,,,948B,00005781,044F,044E,94B2,,,
266,genesis,zelda_v358_autostart,ppu,333,332,04A9,BANK6_PPU request,0000,0302,00FF,,00000000,,,,0000,0302,00000000
266,genesis,zelda_v358_autostart,ppu,333,333,04A8,BANK6_PPU fallback request,0000,0302,8100,,00000000,,,,0000,0302,00000000
267,genesis,zelda_v358_autostart,seq,547,545,04B1,BANK0_SEQ 9D37 primary fetch,0000,,,92CC,FFFF92CC,0000,0400,924E,,,
267,genesis,zelda_v358_autostart,seq,547,546,04B3,BANK0_SEQ 9DBE pulse fetch,0010,,,92CC,FFFF92CC,0010,0400,924E,,,
267,genesis,zelda_v358_autostart,seq,547,547,04B5,BANK0_SEQ 9E2C control fetch,0022,,,92CC,FFFF92CC,0022,0400,924E,,,
267,genesis,zelda_v358_autostart,ppu,335,334,04A9,BANK6_PPU request,0000,0302,00FF,,00000000,,,,0000,0302,00000000
267,genesis,zelda_v358_autostart,ppu,335,335,04A8,BANK6_PPU fallback request,0000,0302,8100,,00000000,,,,0000,0302,00000000
268,genesis,zelda_v358_autostart,seq,551,548,04B1,BANK0_SEQ 9D37 primary fetch,0000,,,948B,00005781,0000,0481,94B2,,,
268,genesis,zelda_v358_autostart,seq,551,549,04B3,BANK0_SEQ 9DBE pulse fetch,001D,,,948B,00005781,041D,0400,94B2,,,
268,genesis,zelda_v358_autostart,seq,551,550,04B5,BANK0_SEQ 9E2C control fetch,003B,,,948B,00005781,043B,0410,94B2,,,
268,genesis,zelda_v358_autostart,seq,551,551,04B7,BANK0_SEQ 9EA7 noise fetch,004F,,,948B,00005781,044F,044E,94B2,,,
268,genesis,zelda_v358_autostart,ppu,337,336,04A9,BANK6_PPU request,0000,0302,00FF,,00000000,,,,0000,0302,00000000
268,genesis,zelda_v358_autostart,ppu,337,337,04A8,BANK6_PPU fallback request,0000,0302,8100,,00000000,,,,0000,0302,00000000
269,genesis,zelda_v358_autostart,seq,554,552,04B1,BANK0_SEQ 9D37 primary fetch,0000,,,92CC,FFFF92CC,0000,0400,924E,,,
269,genesis,zelda_v358_autostart,seq,554,553,04B3,BANK0_SEQ 9DBE pulse fetch,0010,,,92CC,FFFF92CC,0010,0400,924E,,,
269,genesis,zelda_v358_autostart,seq,554,554,04B5,BANK0_SEQ 9E2C control fetch,0022,,,92CC,FFFF92CC,0022,0400,924E,,,
269,genesis,zelda_v358_autostart,ppu,339,338,04A9,BANK6_PPU request,0000,0302,00FF,,00000000,,,,0000,0302,00000000
269,genesis,zelda_v358_autostart,ppu,339,339,04A8,BANK6_PPU fallback request,0000,0302,8100,,00000000,,,,0000,0302,00000000
270,genesis,zelda_v358_autostart,seq,558,555,04B1,BANK0_SEQ 9D37 primary fetch,0000,,,948B,00005781,0000,0481,94B2,,,
270,genesis,zelda_v358_autostart,seq,558,556,04B3,BANK0_SEQ 9DBE pulse fetch,001D,,,948B,00005781,041D,0400,94B2,,,
270,genesis,zelda_v358_autostart,seq,558,557,04B5,BANK0_SEQ 9E2C control fetch,003B,,,948B,00005781,043B,0410,94B2,,,
270,genesis,zelda_v358_autostart,seq,558,558,04B7,BANK0_SEQ 9EA7 noise fetch,004F,,,948B,00005781,044F,044E,94B2,,,
270,genesis,zelda_v358_autostart,ppu,341,340,04A9,BANK6_PPU request,0000,0302,00FF,,00000000,,,,0000,0302,00000000
270,genesis,zelda_v358_autostart,ppu,341,341,04A8,BANK6_PPU fallback request,0000,0302,8100,,00000000,,,,0000,0302,00000000
271,genesis,zelda_v358_autostart,seq,561,559,04B1,BANK0_SEQ 9D37 primary fetch,0000,,,92CC,FFFF92CC,0000,0400,924E,,,
271,genesis,zelda_v358_autostart,seq,561,560,04B3,BANK0_SEQ 9DBE pulse fetch,0010,,,92CC,FFFF92CC,0010,0400,924E,,,
271,genesis,zelda_v358_autostart,seq,561,561,04B5,BANK0_SEQ 9E2C control fetch,0022,,,92CC,FFFF92CC,0022,0400,924E,,,
271,genesis,zelda_v358_autostart,ppu,343,342,04A9,BANK6_PPU request,0000,0302,00FF,,00000000,,,,0000,0302,00000000
271,genesis,zelda_v358_autostart,ppu,343,343,04A8,BANK6_PPU fallback request,0000,0302,8100,,00000000,,,,0000,0302,00000000
272,genesis,zelda_v358_autostart,seq,565,562,04B1,BANK0_SEQ 9D37 primary fetch,0000,,,948B,00005781,0000,0481,94B2,,,
272,genesis,zelda_v358_autostart,seq,565,563,04B3,BANK0_SEQ 9DBE pulse fetch,001D,,,948B,00005781,041D,0400,94B2,,,
272,genesis,zelda_v358_autostart,seq,565,564,04B5,BANK0_SEQ 9E2C control fetch,003B,,,948B,00005781,043B,0410,94B2,,,
272,genesis,zelda_v358_autostart,seq,565,565,04B7,BANK0_SEQ 9EA7 noise fetch,004F,,,948B,00005781,044F,044E,94B2,,,
272,genesis,zelda_v358_autostart,ppu,345,344,04A9,BANK6_PPU request,0000,0302,00FF,,00000000,,,,0000,0302,00000000
272,genesis,zelda_v358_autostart,ppu,345,345,04A8,BANK6_PPU fallback request,0000,0302,8100,,00000000,,,,0000,0302,00000000
273,genesis,zelda_v358_autostart,seq,568,566,04B1,BANK0_SEQ 9D37 primary fetch,0000,,,92CC,FFFF92CC,0000,0400,924E,,,
273,genesis,zelda_v358_autostart,seq,568,567,04B3,BANK0_SEQ 9DBE pulse fetch,0010,,,92CC,FFFF92CC,0010,0400,924E,,,
273,genesis,zelda_v358_autostart,seq,568,568,04B5,BANK0_SEQ 9E2C control fetch,0022,,,92CC,FFFF92CC,0022,0400,924E,,,
273,genesis,zelda_v358_autostart,ppu,347,346,04A9,BANK6_PPU request,0000,0302,00FF,,00000000,,,,0000,0302,00000000
273,genesis,zelda_v358_autostart,ppu,347,347,04A8,BANK6_PPU fallback request,0000,0302,8100,,00000000,,,,0000,0302,00000000
274,genesis,zelda_v358_autostart,seq,572,569,04B1,BANK0_SEQ 9D37 primary fetch,0000,,,948B,00005781,0000,0481,94B2,,,
274,genesis,zelda_v358_autostart,seq,572,570,04B3,BANK0_SEQ 9DBE pulse fetch,001D,,,948B,00005781,041D,0400,94B2,,,
274,genesis,zelda_v358_autostart,seq,572,571,04B5,BANK0_SEQ 9E2C control fetch,003B,,,948B,00005781,043B,0410,94B2,,,
274,genesis,zelda_v358_autostart,seq,572,572,04B7,BANK0_SEQ 9EA7 noise fetch,004F,,,948B,00005781,044F,044E,94B2,,,
274,genesis,zelda_v358_autostart,ppu,349,348,04A9,BANK6_PPU request,0000,0302,00FF,,00000000,,,,0000,0302,00000000
274,genesis,zelda_v358_autostart,ppu,349,349,04A8,BANK6_PPU fallback request,0000,0302,8100,,00000000,,,,0000,0302,00000000
275,genesis,zelda_v358_autostart,seq,575,573,04B1,BANK0_SEQ 9D37 primary fetch,0000,,,92CC,FFFF92CC,0000,0400,924E,,,
275,genesis,zelda_v358_autostart,seq,575,574,04B3,BANK0_SEQ 9DBE pulse fetch,0010,,,92CC,FFFF92CC,0010,0400,924E,,,
275,genesis,zelda_v358_autostart,seq,575,575,04B5,BANK0_SEQ 9E2C control fetch,0022,,,92CC,FFFF92CC,0022,0400,924E,,,
275,genesis,zelda_v358_autostart,ppu,351,350,04A9,BANK6_PPU request,0000,0302,00FF,,00000000,,,,0000,0302,00000000
275,genesis,zelda_v358_autostart,ppu,351,351,04A8,BANK6_PPU fallback request,0000,0302,8100,,00000000,,,,0000,0302,00000000
276,genesis,zelda_v358_autostart,seq,579,576,04B1,BANK0_SEQ 9D37 primary fetch,0000,,,948B,00005781,0000,0481,94B2,,,
276,genesis,zelda_v358_autostart,seq,579,577,04B3,BANK0_SEQ 9DBE pulse fetch,001D,,,948B,00005781,041D,0400,94B2,,,
276,genesis,zelda_v358_autostart,seq,579,578,04B5,BANK0_SEQ 9E2C control fetch,003B,,,948B,00005781,043B,0410,94B2,,,
276,genesis,zelda_v358_autostart,seq,579,579,04B7,BANK0_SEQ 9EA7 noise fetch,004F,,,948B,00005781,044F,044E,94B2,,,
276,genesis,zelda_v358_autostart,ppu,353,352,04A9,BANK6_PPU request,0000,0302,00FF,,00000000,,,,0000,0302,00000000
276,genesis,zelda_v358_autostart,ppu,353,353,04A8,BANK6_PPU fallback request,0000,0302,8100,,00000000,,,,0000,0302,00000000
277,genesis,zelda_v358_autostart,seq,582,580,04B1,BANK0_SEQ 9D37 primary fetch,0000,,,92CC,FFFF92CC,0000,0400,924E,,,
277,genesis,zelda_v358_autostart,seq,582,581,04B3,BANK0_SEQ 9DBE pulse fetch,0010,,,92CC,FFFF92CC,0010,0400,924E,,,
277,genesis,zelda_v358_autostart,seq,582,582,04B5,BANK0_SEQ 9E2C control fetch,0022,,,92CC,FFFF92CC,0022,0400,924E,,,
277,genesis,zelda_v358_autostart,ppu,355,354,04A9,BANK6_PPU request,0000,0302,00FF,,00000000,,,,0000,0302,00000000
277,genesis,zelda_v358_autostart,ppu,355,355,04A8,BANK6_PPU fallback request,0000,0302,8100,,00000000,,,,0000,0302,00000000
278,genesis,zelda_v358_autostart,seq,586,583,04B1,BANK0_SEQ 9D37 primary fetch,0000,,,948B,00005781,0000,0481,94B2,,,
278,genesis,zelda_v358_autostart,seq,586,584,04B3,BANK0_SEQ 9DBE pulse fetch,001D,,,948B,00005781,041D,0400,94B2,,,
278,genesis,zelda_v358_autostart,seq,586,585,04B5,BANK0_SEQ 9E2C control fetch,003B,,,948B,00005781,043B,0410,94B2,,,
278,genesis,zelda_v358_autostart,seq,586,586,04B7,BANK0_SEQ 9EA7 noise fetch,004F,,,948B,00005781,044F,044E,94B2,,,
278,genesis,zelda_v358_autostart,ppu,357,356,04A9,BANK6_PPU request,0000,0302,00FF,,00000000,,,,0000,0302,00000000
278,genesis,zelda_v358_autostart,ppu,357,357,04A8,BANK6_PPU fallback request,0000,0302,8100,,00000000,,,,0000,0302,00000000
279,genesis,zelda_v358_autostart,seq,589,587,04B1,BANK0_SEQ 9D37 primary fetch,0000,,,92CC,FFFF92CC,0000,0400,924E,,,
279,genesis,zelda_v358_autostart,seq,589,588,04B3,BANK0_SEQ 9DBE pulse fetch,0010,,,92CC,FFFF92CC,0010,0400,924E,,,
279,genesis,zelda_v358_autostart,seq,589,589,04B5,BANK0_SEQ 9E2C control fetch,0022,,,92CC,FFFF92CC,0022,0400,924E,,,
279,genesis,zelda_v358_autostart,ppu,359,358,04A9,BANK6_PPU request,0000,0302,00FF,,00000000,,,,0000,0302,00000000
279,genesis,zelda_v358_autostart,ppu,359,359,04A8,BANK6_PPU fallback request,0000,0302,8100,,00000000,,,,0000,0302,00000000
280,genesis,zelda_v358_autostart,seq,593,590,04B1,BANK0_SEQ 9D37 primary fetch,0000,,,948B,00005781,0000,0481,94B2,,,
280,genesis,zelda_v358_autostart,seq,593,591,04B3,BANK0_SEQ 9DBE pulse fetch,001D,,,948B,00005781,041D,0400,94B2,,,
280,genesis,zelda_v358_autostart,seq,593,592,04B5,BANK0_SEQ 9E2C control fetch,003B,,,948B,00005781,043B,0410,94B2,,,
280,genesis,zelda_v358_autostart,seq,593,593,04B7,BANK0_SEQ 9EA7 noise fetch,004F,,,948B,00005781,044F,044E,94B2,,,
280,genesis,zelda_v358_autostart,ppu,361,360,04A9,BANK6_PPU request,0000,0302,00FF,,00000000,,,,0000,0302,00000000
280,genesis,zelda_v358_autostart,ppu,361,361,04A8,BANK6_PPU fallback request,0000,0302,8100,,00000000,,,,0000,0302,00000000
281,genesis,zelda_v358_autostart,seq,596,594,04B1,BANK0_SEQ 9D37 primary fetch,0000,,,92CC,FFFF92CC,0000,0400,924E,,,
281,genesis,zelda_v358_autostart,seq,596,595,04B3,BANK0_SEQ 9DBE pulse fetch,0010,,,92CC,FFFF92CC,0010,0400,924E,,,
281,genesis,zelda_v358_autostart,seq,596,596,04B5,BANK0_SEQ 9E2C control fetch,0022,,,92CC,FFFF92CC,0022,0400,924E,,,
281,genesis,zelda_v358_autostart,ppu,363,362,04A9,BANK6_PPU request,0000,0302,00FF,,00000000,,,,0000,0302,00000000
281,genesis,zelda_v358_autostart,ppu,363,363,04A8,BANK6_PPU fallback request,0000,0302,8100,,00000000,,,,0000,0302,00000000
282,genesis,zelda_v358_autostart,seq,600,597,04B1,BANK0_SEQ 9D37 primary fetch,0000,,,948B,00005781,0000,0481,94B2,,,
282,genesis,zelda_v358_autostart,seq,600,598,04B3,BANK0_SEQ 9DBE pulse fetch,001D,,,948B,00005781,041D,0400,94B2,,,
282,genesis,zelda_v358_autostart,seq,600,599,04B5,BANK0_SEQ 9E2C control fetch,003B,,,948B,00005781,043B,0410,94B2,,,
282,genesis,zelda_v358_autostart,seq,600,600,04B7,BANK0_SEQ 9EA7 noise fetch,004F,,,948B,00005781,044F,044E,94B2,,,
282,genesis,zelda_v358_autostart,ppu,365,364,04A9,BANK6_PPU request,0000,0302,00FF,,00000000,,,,0000,0302,00000000
282,genesis,zelda_v358_autostart,ppu,365,365,04A8,BANK6_PPU fallback request,0000,0302,8100,,00000000,,,,0000,0302,00000000
283,genesis,zelda_v358_autostart,seq,603,601,04B1,BANK0_SEQ 9D37 primary fetch,0000,,,92CC,FFFF92CC,0000,0400,924E,,,
283,genesis,zelda_v358_autostart,seq,603,602,04B3,BANK0_SEQ 9DBE pulse fetch,0010,,,92CC,FFFF92CC,0010,0400,924E,,,
283,genesis,zelda_v358_autostart,seq,603,603,04B5,BANK0_SEQ 9E2C control fetch,0022,,,92CC,FFFF92CC,0022,0400,924E,,,
283,genesis,zelda_v358_autostart,ppu,367,366,04A9,BANK6_PPU request,0000,0302,00FF,,00000000,,,,0000,0302,00000000
283,genesis,zelda_v358_autostart,ppu,367,367,04A8,BANK6_PPU fallback request,0000,0302,8100,,00000000,,,,0000,0302,00000000
284,genesis,zelda_v358_autostart,seq,607,604,04B1,BANK0_SEQ 9D37 primary fetch,0000,,,948B,00005781,0000,0481,94B2,,,
284,genesis,zelda_v358_autostart,seq,607,605,04B3,BANK0_SEQ 9DBE pulse fetch,001D,,,948B,00005781,041D,0400,94B2,,,
284,genesis,zelda_v358_autostart,seq,607,606,04B5,BANK0_SEQ 9E2C control fetch,003B,,,948B,00005781,043B,0410,94B2,,,
284,genesis,zelda_v358_autostart,seq,607,607,04B7,BANK0_SEQ 9EA7 noise fetch,004F,,,948B,00005781,044F,044E,94B2,,,
284,genesis,zelda_v358_autostart,ppu,369,368,04A9,BANK6_PPU request,0000,0302,00FF,,00000000,,,,0000,0302,00000000
284,genesis,zelda_v358_autostart,ppu,369,369,04A8,BANK6_PPU fallback request,0000,0302,8100,,00000000,,,,0000,0302,00000000
285,genesis,zelda_v358_autostart,seq,610,608,04B1,BANK0_SEQ 9D37 primary fetch,0000,,,92CC,FFFF92CC,0000,0400,924E,,,
285,genesis,zelda_v358_autostart,seq,610,609,04B3,BANK0_SEQ 9DBE pulse fetch,0010,,,92CC,FFFF92CC,0010,0400,924E,,,
285,genesis,zelda_v358_autostart,seq,610,610,04B5,BANK0_SEQ 9E2C control fetch,0022,,,92CC,FFFF92CC,0022,0400,924E,,,
285,genesis,zelda_v358_autostart,ppu,371,370,04A9,BANK6_PPU request,0000,0302,00FF,,00000000,,,,0000,0302,00000000
285,genesis,zelda_v358_autostart,ppu,371,371,04A8,BANK6_PPU fallback request,0000,0302,8100,,00000000,,,,0000,0302,00000000
286,genesis,zelda_v358_autostart,seq,614,611,04B1,BANK0_SEQ 9D37 primary fetch,0000,,,948B,00005781,0000,0481,94B2,,,
286,genesis,zelda_v358_autostart,seq,614,612,04B3,BANK0_SEQ 9DBE pulse fetch,001D,,,948B,00005781,041D,0400,94B2,,,
286,genesis,zelda_v358_autostart,seq,614,613,04B5,BANK0_SEQ 9E2C control fetch,003B,,,948B,00005781,043B,0410,94B2,,,
286,genesis,zelda_v358_autostart,seq,614,614,04B7,BANK0_SEQ 9EA7 noise fetch,004F,,,948B,00005781,044F,044E,94B2,,,
286,genesis,zelda_v358_autostart,ppu,373,372,04A9,BANK6_PPU request,0000,0302,00FF,,00000000,,,,0000,0302,00000000
286,genesis,zelda_v358_autostart,ppu,373,373,04A8,BANK6_PPU fallback request,0000,0302,8100,,00000000,,,,0000,0302,00000000
287,genesis,zelda_v358_autostart,seq,617,615,04B1,BANK0_SEQ 9D37 primary fetch,0000,,,92CC,FFFF92CC,0000,0400,924E,,,
287,genesis,zelda_v358_autostart,seq,617,616,04B3,BANK0_SEQ 9DBE pulse fetch,0010,,,92CC,FFFF92CC,0010,0400,924E,,,
287,genesis,zelda_v358_autostart,seq,617,617,04B5,BANK0_SEQ 9E2C control fetch,0022,,,92CC,FFFF92CC,0022,0400,924E,,,
287,genesis,zelda_v358_autostart,ppu,375,374,04A9,BANK6_PPU request,0000,0302,00FF,,00000000,,,,0000,0302,00000000
287,genesis,zelda_v358_autostart,ppu,375,375,04A8,BANK6_PPU fallback request,0000,0302,8100,,00000000,,,,0000,0302,00000000
288,genesis,zelda_v358_autostart,seq,621,618,04B1,BANK0_SEQ 9D37 primary fetch,0000,,,948B,00005781,0000,0481,94B2,,,
288,genesis,zelda_v358_autostart,seq,621,619,04B3,BANK0_SEQ 9DBE pulse fetch,001D,,,948B,00005781,041D,0400,94B2,,,
288,genesis,zelda_v358_autostart,seq,621,620,04B5,BANK0_SEQ 9E2C control fetch,003B,,,948B,00005781,043B,0410,94B2,,,
288,genesis,zelda_v358_autostart,seq,621,621,04B7,BANK0_SEQ 9EA7 noise fetch,004F,,,948B,00005781,044F,044E,94B2,,,
288,genesis,zelda_v358_autostart,ppu,377,376,04A9,BANK6_PPU request,0000,0302,00FF,,00000000,,,,0000,0302,00000000
288,genesis,zelda_v358_autostart,ppu,377,377,04A8,BANK6_PPU fallback request,0000,0302,8100,,00000000,,,,0000,0302,00000000
289,genesis,zelda_v358_autostart,seq,624,622,04B1,BANK0_SEQ 9D37 primary fetch,0000,,,92CC,FFFF92CC,0000,0400,924E,,,
289,genesis,zelda_v358_autostart,seq,624,623,04B3,BANK0_SEQ 9DBE pulse fetch,0010,,,92CC,FFFF92CC,0010,0400,924E,,,
289,genesis,zelda_v358_autostart,seq,624,624,04B5,BANK0_SEQ 9E2C control fetch,0022,,,92CC,FFFF92CC,0022,0400,924E,,,
289,genesis,zelda_v358_autostart,ppu,379,378,04A9,BANK6_PPU request,0000,0302,00FF,,00000000,,,,0000,0302,00000000
289,genesis,zelda_v358_autostart,ppu,379,379,04A8,BANK6_PPU fallback request,0000,0302,8100,,00000000,,,,0000,0302,00000000
290,genesis,zelda_v358_autostart,seq,628,625,04B1,BANK0_SEQ 9D37 primary fetch,0000,,,948B,00005781,0000,0481,94B2,,,
290,genesis,zelda_v358_autostart,seq,628,626,04B3,BANK0_SEQ 9DBE pulse fetch,001D,,,948B,00005781,041D,0400,94B2,,,
290,genesis,zelda_v358_autostart,seq,628,627,04B5,BANK0_SEQ 9E2C control fetch,003B,,,948B,00005781,043B,0410,94B2,,,
290,genesis,zelda_v358_autostart,seq,628,628,04B7,BANK0_SEQ 9EA7 noise fetch,004F,,,948B,00005781,044F,044E,94B2,,,
290,genesis,zelda_v358_autostart,ppu,381,380,04A9,BANK6_PPU request,0000,0302,00FF,,00000000,,,,0000,0302,00000000
290,genesis,zelda_v358_autostart,ppu,381,381,04A8,BANK6_PPU fallback request,0000,0302,8100,,00000000,,,,0000,0302,00000000
291,genesis,zelda_v358_autostart,seq,631,629,04B1,BANK0_SEQ 9D37 primary fetch,0000,,,92CC,FFFF92CC,0000,0400,924E,,,
291,genesis,zelda_v358_autostart,seq,631,630,04B3,BANK0_SEQ 9DBE pulse fetch,0010,,,92CC,FFFF92CC,0010,0400,924E,,,
291,genesis,zelda_v358_autostart,seq,631,631,04B5,BANK0_SEQ 9E2C control fetch,0022,,,92CC,FFFF92CC,0022,0400,924E,,,
291,genesis,zelda_v358_autostart,ppu,383,382,04A9,BANK6_PPU request,0000,0302,00FF,,00000000,,,,0000,0302,00000000
291,genesis,zelda_v358_autostart,ppu,383,383,04A8,BANK6_PPU fallback request,0000,0302,8100,,00000000,,,,0000,0302,00000000
292,genesis,zelda_v358_autostart,seq,635,632,04B1,BANK0_SEQ 9D37 primary fetch,0000,,,948B,00005781,0000,0481,94B2,,,
292,genesis,zelda_v358_autostart,seq,635,633,04B3,BANK0_SEQ 9DBE pulse fetch,001D,,,948B,00005781,041D,0400,94B2,,,
292,genesis,zelda_v358_autostart,seq,635,634,04B5,BANK0_SEQ 9E2C control fetch,003B,,,948B,00005781,043B,0410,94B2,,,
292,genesis,zelda_v358_autostart,seq,635,635,04B7,BANK0_SEQ 9EA7 noise fetch,004F,,,948B,00005781,044F,044E,94B2,,,
292,genesis,zelda_v358_autostart,ppu,385,384,04A9,BANK6_PPU request,0000,0302,00FF,,00000000,,,,0000,0302,00000000
292,genesis,zelda_v358_autostart,ppu,385,385,04A8,BANK6_PPU fallback request,0000,0302,8100,,00000000,,,,0000,0302,00000000
293,genesis,zelda_v358_autostart,seq,638,636,04B1,BANK0_SEQ 9D37 primary fetch,0000,,,92CC,FFFF92CC,0000,0400,924E,,,
293,genesis,zelda_v358_autostart,seq,638,637,04B3,BANK0_SEQ 9DBE pulse fetch,0010,,,92CC,FFFF92CC,0010,0400,924E,,,
293,genesis,zelda_v358_autostart,seq,638,638,04B5,BANK0_SEQ 9E2C control fetch,0022,,,92CC,FFFF92CC,0022,0400,924E,,,
293,genesis,zelda_v358_autostart,ppu,387,386,04A9,BANK6_PPU request,0000,0302,00FF,,00000000,,,,0000,0302,00000000
293,genesis,zelda_v358_autostart,ppu,387,387,04A8,BANK6_PPU fallback request,0000,0302,8100,,00000000,,,,0000,0302,00000000
294,genesis,zelda_v358_autostart,seq,642,639,04B1,BANK0_SEQ 9D37 primary fetch,0000,,,948B,00005781,0000,0481,94B2,,,
294,genesis,zelda_v358_autostart,seq,642,640,04B3,BANK0_SEQ 9DBE pulse fetch,001D,,,948B,00005781,041D,0400,94B2,,,
294,genesis,zelda_v358_autostart,seq,642,641,04B5,BANK0_SEQ 9E2C control fetch,003B,,,948B,00005781,043B,0410,94B2,,,
294,genesis,zelda_v358_autostart,seq,642,642,04B7,BANK0_SEQ 9EA7 noise fetch,004F,,,948B,00005781,044F,044E,94B2,,,
294,genesis,zelda_v358_autostart,ppu,389,388,04A9,BANK6_PPU request,0000,0302,00FF,,00000000,,,,0000,0302,00000000
294,genesis,zelda_v358_autostart,ppu,389,389,04A8,BANK6_PPU fallback request,0000,0302,8100,,00000000,,,,0000,0302,00000000
295,genesis,zelda_v358_autostart,seq,645,643,04B1,BANK0_SEQ 9D37 primary fetch,0000,,,92CC,FFFF92CC,0000,0400,924E,,,
295,genesis,zelda_v358_autostart,seq,645,644,04B3,BANK0_SEQ 9DBE pulse fetch,0010,,,92CC,FFFF92CC,0010,0400,924E,,,
295,genesis,zelda_v358_autostart,seq,645,645,04B5,BANK0_SEQ 9E2C control fetch,0022,,,92CC,FFFF92CC,0022,0400,924E,,,
295,genesis,zelda_v358_autostart,ppu,391,390,04A9,BANK6_PPU request,0000,0302,00FF,,00000000,,,,0000,0302,00000000
295,genesis,zelda_v358_autostart,ppu,391,391,04A8,BANK6_PPU fallback request,0000,0302,8100,,00000000,,,,0000,0302,00000000
296,genesis,zelda_v358_autostart,seq,649,646,04B1,BANK0_SEQ 9D37 primary fetch,0000,,,948B,00005781,0000,0481,94B2,,,
296,genesis,zelda_v358_autostart,seq,649,647,04B3,BANK0_SEQ 9DBE pulse fetch,001D,,,948B,00005781,041D,0400,94B2,,,
296,genesis,zelda_v358_autostart,seq,649,648,04B5,BANK0_SEQ 9E2C control fetch,003B,,,948B,00005781,043B,0410,94B2,,,
296,genesis,zelda_v358_autostart,seq,649,649,04B7,BANK0_SEQ 9EA7 noise fetch,004F,,,948B,00005781,044F,044E,94B2,,,
296,genesis,zelda_v358_autostart,ppu,393,392,04A9,BANK6_PPU request,0000,0302,00FF,,00000000,,,,0000,0302,00000000
296,genesis,zelda_v358_autostart,ppu,393,393,04A8,BANK6_PPU fallback request,0000,0302,8100,,00000000,,,,0000,0302,00000000
297,genesis,zelda_v358_autostart,seq,652,650,04B1,BANK0_SEQ 9D37 primary fetch,0000,,,92CC,FFFF92CC,0000,0400,924E,,,
297,genesis,zelda_v358_autostart,seq,652,651,04B3,BANK0_SEQ 9DBE pulse fetch,0010,,,92CC,FFFF92CC,0010,0400,924E,,,
297,genesis,zelda_v358_autostart,seq,652,652,04B5,BANK0_SEQ 9E2C control fetch,0022,,,92CC,FFFF92CC,0022,0400,924E,,,
297,genesis,zelda_v358_autostart,ppu,395,394,04A9,BANK6_PPU request,0000,0302,00FF,,00000000,,,,0000,0302,00000000
297,genesis,zelda_v358_autostart,ppu,395,395,04A8,BANK6_PPU fallback request,0000,0302,8100,,00000000,,,,0000,0302,00000000
298,genesis,zelda_v358_autostart,seq,656,653,04B1,BANK0_SEQ 9D37 primary fetch,0000,,,948B,00005781,0000,0481,94B2,,,
298,genesis,zelda_v358_autostart,seq,656,654,04B3,BANK0_SEQ 9DBE pulse fetch,001D,,,948B,00005781,041D,0400,94B2,,,
298,genesis,zelda_v358_autostart,seq,656,655,04B5,BANK0_SEQ 9E2C control fetch,003B,,,948B,00005781,043B,0410,94B2,,,
298,genesis,zelda_v358_autostart,seq,656,656,04B7,BANK0_SEQ 9EA7 noise fetch,004F,,,948B,00005781,044F,044E,94B2,,,
298,genesis,zelda_v358_autostart,ppu,397,396,04A9,BANK6_PPU request,0000,0302,00FF,,00000000,,,,0000,0302,00000000
298,genesis,zelda_v358_autostart,ppu,397,397,04A8,BANK6_PPU fallback request,0000,0302,8100,,00000000,,,,0000,0302,00000000
299,genesis,zelda_v358_autostart,seq,659,657,04B1,BANK0_SEQ 9D37 primary fetch,0000,,,92CC,FFFF92CC,0000,0400,924E,,,
299,genesis,zelda_v358_autostart,seq,659,658,04B3,BANK0_SEQ 9DBE pulse fetch,0010,,,92CC,FFFF92CC,0010,0400,924E,,,
299,genesis,zelda_v358_autostart,seq,659,659,04B5,BANK0_SEQ 9E2C control fetch,0022,,,92CC,FFFF92CC,0022,0400,924E,,,
299,genesis,zelda_v358_autostart,ppu,399,398,04A9,BANK6_PPU request,0000,0302,00FF,,00000000,,,,0000,0302,00000000
299,genesis,zelda_v358_autostart,ppu,399,399,04A8,BANK6_PPU fallback request,0000,0302,8100,,00000000,,,,0000,0302,00000000
300,genesis,zelda_v358_autostart,seq,663,660,04B1,BANK0_SEQ 9D37 primary fetch,0000,,,948B,00005781,0000,0481,94B2,,,
300,genesis,zelda_v358_autostart,seq,663,661,04B3,BANK0_SEQ 9DBE pulse fetch,001D,,,948B,00005781,041D,0400,94B2,,,
300,genesis,zelda_v358_autostart,seq,663,662,04B5,BANK0_SEQ 9E2C control fetch,003B,,,948B,00005781,043B,0410,94B2,,,
300,genesis,zelda_v358_autostart,seq,663,663,04B7,BANK0_SEQ 9EA7 noise fetch,004F,,,948B,00005781,044F,044E,94B2,,,
300,genesis,zelda_v358_autostart,ppu,401,400,04A9,BANK6_PPU request,0000,0302,00FF,,00000000,,,,0000,0302,00000000
300,genesis,zelda_v358_autostart,ppu,401,401,04A8,BANK6_PPU fallback request,0000,0302,8100,,00000000,,,,0000,0302,00000000
