frame,system,rom_label,pc,ram_0000_t49,ram_0000_t41,ram_0000_t42,ram_0002_t17,ram_0003_t18,ram_0004_t18,game_mode,screen_ready,ram_script,ram_subscript,ppu_load_index,ram_frm_cnt,cur_save_slot,rendering_flag,ram_004D,ram_next_script,ram_005C,se_ptr_lo,se_ptr_hi,ram_006C_se,ram_00F6,btn_press,btn_hold,scroll_y,scroll_x,ram_for_2001,ram_for_2000,ram_0415,ram_041A,ram_041F,ram_0421,ram_0423,spr_index_1,spr_index_2,ram_042D,ram_042E,ram_00E7,ram_map_location,ram_next_map_location,ram_0528,ram_05F1,ram_05F4,ram_05F5,ram_music,ram_music_busy,ram_060A,ram_060B,ram_060C,ram_060D,ram_0611,ram_0612,ram_0613,ram_0616,ram_0617,ram_0619,ram_061B,ppu_buf_status,ppu_buf_index,ppu_buf_0,ppu_buf_1,ppu_buf_2,ppu_buf_3,ppu_buf_4,ppu_buf_5,ppu_buf_6,ppu_buf_7,pal_sh_00,pal_sh_01,pal_sh_02,pal_sh_03,pal_sh_04,pal_sh_05,pal_sh_06,pal_sh_07,trace_last,trace_seq,PPU_REQ_INDEX,PPU_REQ_PTR,PPU_REQ_RES,SEQ_EVT_COUNT,PPU_EVT_COUNT,reg_d0,reg_d1,reg_d2,reg_d3,reg_d4,reg_d5,reg_d6,reg_d7,reg_a0,reg_a1,reg_a2,reg_a3,reg_a4,reg_a5,reg_a6,reg_a7,reg_sr
0,genesis,zelda_v521,0003CA,00,00,00,00,00,00,00,00,00,00,00,00,00,00,00,00,00,00,00,00,00,00,00,00,00,00,00,00,00,00,00,00,00,00,00,00,00,00,00,00,00,00,00,00,00,00,00,00,00,00,00,00,00,00,00,00,00,00,00,00,00,00,00,00,00,00,00,00,00,00,00,00,00,00,0000,0000,0000,0000,00000000,0000,0000,000039F8,00000000,00000000,00000000,00000000,00000000,00000000,00000000,00FF081C,00000000,00000000,00000000,00000000,00000000,00000000,00FFFE00,2704
1,genesis,zelda_v521,0003CC,00,00,00,00,00,00,00,00,00,00,00,00,00,00,00,00,00,00,00,00,00,00,00,00,00,00,00,00,00,00,00,00,00,00,00,00,00,00,00,00,00,00,00,00,00,00,00,00,00,00,00,00,00,00,00,00,00,00,00,00,00,00,00,00,00,00,00,00,00,00,00,00,00,00,0000,0000,0000,0000,00000000,0000,0000,0000298C,00000000,00000000,00000000,00000000,00000000,00000000,00000000,00FF49D0,00000000,00000000,00000000,00000000,00000000,00000000,00FFFE00,2704
2,genesis,zelda_v521,0003CC,00,00,00,00,00,00,00,00,00,00,00,00,00,00,00,00,00,00,00,00,00,00,00,00,00,00,00,00,00,00,00,00,00,00,00,00,00,00,00,00,00,00,00,00,00,00,00,00,00,00,00,00,00,00,00,00,00,00,00,00,00,00,00,00,00,00,00,00,00,00,00,00,00,00,0000,0000,0000,0000,00000000,0000,0000,0000191F,00000000,00000000,00000000,00000000,00000000,00000000,00000000,00FF8B84,00000000,00000000,00000000,00000000,00000000,00000000,00FFFE00,2704
3,genesis,zelda_v521,0003CA,00,00,00,00,00,00,00,00,00,00,00,00,00,00,00,00,00,00,00,00,00,00,00,00,00,00,00,00,00,00,00,00,00,00,00,00,00,00,00,00,00,00,00,00,00,00,00,00,00,00,00,00,00,00,00,00,00,00,00,00,00,00,00,00,00,00,00,00,00,00,00,00,00,00,0000,0000,0000,0000,00000000,0000,0000,000008B2,00000000,00000000,00000000,00000000,00000000,00000000,00000000,00FFCD34,00000000,00000000,00000000,00000000,00000000,00000000,00FFFE00,2704
4,genesis,zelda_v521,000B56,00,00,00,00,00,00,00,00,00,00,00,00,00,00,00,00,00,00,00,00,00,00,00,00,00,00,00,00,00,00,00,00,00,00,00,00,00,00,00,00,00,00,00,00,00,00,00,00,00,00,00,00,00,00,00,00,00,00,00,00,00,00,00,00,00,00,00,00,00,00,00,00,00,00,0000,0000,0000,0000,00000000,0000,0000,0000FFFF,00000000,00000000,00000000,00000000,00000000,00000000,00003852,00FFF000,00000000,00000000,00000000,00000000,00000000,00000000,00FFFDF8,2704
5,genesis,zelda_v521,000B5E,00,00,00,00,00,00,00,00,00,00,00,00,00,00,00,00,00,00,00,00,00,00,00,00,00,00,00,00,00,00,00,00,00,00,00,00,00,00,00,00,00,00,00,00,00,00,00,00,00,00,00,00,00,00,00,00,00,00,00,00,00,00,00,00,00,00,00,00,00,00,00,00,00,00,0000,0000,0000,0000,00000000,0000,0000,0000FFFF,00000000,00000000,00000000,00000000,00000000,00000000,000027E6,00FFF000,00000000,00000000,00000000,00000000,00000000,00000000,00FFFDF8,2704
6,genesis,zelda_v521,000B56,00,00,00,00,00,00,00,00,00,00,00,00,00,00,00,00,00,00,00,00,00,00,00,00,00,00,00,00,00,00,00,00,00,00,00,00,00,00,00,00,00,00,00,00,00,00,00,00,00,00,00,00,00,00,00,00,00,00,00,00,00,00,00,00,00,00,00,00,00,00,00,00,00,00,0000,0000,0000,0000,00000000,0000,0000,0000FFFF,00000000,00000000,00000000,00000000,00000000,00000000,00001779,00FFF000,00000000,00000000,00000000,00000000,00000000,00000000,00FFFDF8,2704
7,genesis,zelda_v521,000B5E,00,00,00,00,00,00,00,00,00,00,00,00,00,00,00,00,00,00,00,00,00,00,00,00,00,00,00,00,00,00,00,00,00,00,00,00,00,00,00,00,00,00,00,00,00,00,00,00,00,00,00,00,00,00,00,00,00,00,00,00,00,00,00,00,00,00,00,00,00,00,00,00,00,00,0000,0000,0000,0000,00000000,0000,0000,0000FFFF,00000000,00000000,00000000,00000000,00000000,00000000,0000070D,00FFF000,00000000,00000000,00000000,00000000,00000000,00000000,00FFFDF8,2704
8,genesis,zelda_v521,000BD0,00,00,00,00,00,00,00,00,00,00,00,00,00,00,00,00,00,00,00,00,00,00,00,00,00,00,00,00,00,00,00,00,00,00,00,00,00,00,00,00,00,00,00,00,00,00,00,00,00,00,00,00,00,00,00,00,00,00,00,00,00,00,00,00,00,00,00,00,00,00,00,00,00,00,0000,0000,0000,0000,00000000,0000,0000,0000E000,60000003,00000000,00000000,00000000,00000000,00000000,000006C1,00FFF000,00000000,00000000,00000000,00000000,00000000,00000000,00FFFDF0,2710
9,genesis,zelda_v521,000E9E,00,00,00,00,00,00,00,00,00,00,00,00,00,00,00,00,00,00,00,00,00,00,00,00,00,00,00,00,00,00,00,00,00,00,00,00,00,00,00,00,00,00,00,00,00,00,00,00,00,00,00,00,00,00,00,00,00,00,00,00,00,00,00,00,00,00,00,00,00,00,00,00,00,00,0000,0000,0000,0000,00000000,0000,0000,00000666,78000666,00000000,00000000,C01E0000,00000000,00000000,000002AE,00FF8748,00000000,00000000,00000000,00000000,00000000,00000000,00FFFDF8,2704
10,genesis,zelda_v521,00064E,00,00,00,00,00,00,00,00,00,00,00,00,00,00,00,00,00,00,00,00,00,00,00,00,00,00,00,00,00,00,00,00,00,00,00,00,00,00,00,00,00,00,00,00,00,00,00,00,00,00,00,00,00,00,00,00,00,00,00,00,00,00,00,00,00,00,00,00,00,00,00,00,00,00,0000,0000,0000,0000,00000000,0000,0000,00000E65,78000666,00000000,00000000,C01E0000,00000000,00000000,0000FFFF,0002AA46,00000000,00000000,00000000,00000000,00000000,00000000,00FFFDFC,2700
11,genesis,zelda_v521,00064E,00,00,00,00,00,00,00,00,00,00,00,00,00,00,00,00,00,00,00,00,00,00,00,00,00,00,00,00,00,00,00,00,00,00,00,00,00,00,00,00,00,00,00,00,00,00,00,00,00,00,00,00,00,00,00,00,00,00,00,00,00,00,00,00,00,00,00,00,00,00,00,00,00,00,0000,0000,0000,0000,00000000,0000,0000,0000091C,78000666,00000000,00000000,C01E0000,00000000,00000000,0000FFFF,0002BF6A,00000000,00000000,00000000,00000000,00000000,00000000,00FFFDFC,2700
12,genesis,zelda_v521,00064E,00,00,00,00,00,00,00,00,00,00,00,00,00,00,00,00,00,00,00,00,00,00,00,00,00,00,00,00,00,00,00,00,00,00,00,00,00,00,00,00,00,00,00,00,00,00,00,00,00,00,00,00,00,00,00,00,00,00,00,00,00,00,00,00,00,00,00,00,00,00,00,00,00,00,0000,0000,0000,0000,00000000,0000,0000,000003D6,78000666,00000000,00000000,C01E0000,00000000,00000000,0000FFFF,0002D482,00000000,00000000,00000000,00000000,00000000,00000000,00FFFDFC,2700
13,genesis,zelda_v521,000666,00,00,00,00,00,00,00,00,00,00,00,00,00,00,00,00,00,00,00,00,00,00,00,00,00,00,00,00,00,00,00,00,00,00,00,00,00,00,00,00,00,00,00,00,00,00,00,00,00,00,00,00,00,00,00,00,00,00,00,00,00,00,00,00,00,00,00,00,00,00,00,00,00,00,0000,0000,0000,0000,00000000,0000,0000,000002E6,78000666,00000000,00000000,C01E0000,00000000,00000000,0000FFFF,0002F842,00FFD468,00000000,00000000,00000000,00000000,00000000,00FFFDFC,2704
14,genesis,zelda_v521,0007FC,00,00,03,00,00,00,00,00,00,00,00,01,00,00,00,00,00,00,00,00,00,00,00,00,00,1E,80,00,00,00,00,00,00,00,00,00,00,00,00,00,00,00,00,00,00,00,00,00,00,00,00,00,00,00,00,00,3F,00,FF,00,00,00,00,00,00,00,00,00,00,00,00,00,00,00,0203,0013,0000,0302,00000000,0000,0002,00003600,78000666,00000000,00003600,C01E8100,00000000,00000000,0000FFFF,000303DA,00FFE000,00000000,00000000,00000000,00000000,00000000,00FFFDFC,2000
15,genesis,zelda_v521,0008F6,20,20,81,5F,06,00,00,00,00,00,00,02,00,00,00,00,00,00,00,00,00,00,00,00,00,00,80,00,00,00,00,00,00,00,00,00,00,00,00,00,00,00,00,00,00,00,00,00,00,00,00,00,00,00,00,00,3F,00,FF,00,00,00,00,00,00,00,00,00,00,00,00,00,00,00,0403,0029,0000,0302,00000000,0000,0004,00000400,00000001,00000000,000000A1,C0000000,00008120,00000000,0000FFFF,00FF0000,00000302,00000000,00000000,00000000,00000000,00000000,00FFFD86,2609
16,genesis,zelda_v521,00C17E,D5,D5,81,AA,05,00,00,00,00,00,00,02,00,00,00,00,00,00,00,00,00,00,00,00,00,00,80,00,00,00,00,00,00,00,00,00,00,00,00,00,00,00,00,00,00,00,00,00,00,00,00,00,00,00,00,00,3F,00,FF,00,00,00,00,00,00,00,00,00,00,00,00,00,00,00,0403,0029,0000,0302,00000000,0000,0004,00000400,00000001,00000000,00000156,C0000005,000005AA,00000000,0000FFFF,00FF0000,00000302,00000000,00000000,00000000,00000000,00000000,00FFFDAA,2610
17,genesis,zelda_v521,000ECC,89,89,82,F6,04,00,00,00,00,00,00,02,00,00,00,00,00,00,00,00,00,00,00,00,00,00,80,00,00,00,00,00,00,00,00,00,00,00,00,00,00,00,00,00,00,00,00,00,00,00,00,00,00,00,00,00,3F,00,FF,00,00,00,00,00,00,00,00,00,00,00,00,00,00,00,0403,0029,0000,0302,00000000,0000,0004,00000400,00000001,00000000,0000020A,C0000200,00008289,00000000,0000FFFF,00FF0000,00000302,00000000,00000000,00000000,00000000,00000000,00FFFDA2,2600
18,genesis,zelda_v521,0008D4,3E,3E,83,41,04,00,00,00,00,00,00,02,00,00,00,00,00,00,00,00,00,00,00,00,00,00,80,00,00,00,00,00,00,00,00,00,00,00,00,00,00,00,00,00,00,00,00,00,00,00,00,00,00,00,00,00,3F,00,FF,00,00,00,00,00,00,00,00,00,00,00,00,00,00,00,0403,0029,0000,0302,00000000,0000,0004,00000400,00000001,00000000,000002BF,C0000200,0000833E,00000000,0000FFFF,00FF0000,00000302,00000000,00000000,00000000,00000000,00000000,00FFFDA6,2609
19,genesis,zelda_v521,00C166,F3,F3,83,8D,03,00,00,00,00,00,00,02,00,00,00,00,00,00,00,00,00,00,00,00,00,00,80,00,00,00,00,00,00,00,00,00,00,00,00,00,00,00,00,00,00,00,00,00,00,00,00,00,00,00,00,00,3F,00,FF,00,00,00,00,00,00,00,00,00,00,00,00,00,00,00,0403,0029,0000,0302,00000000,0000,0004,00000400,00000001,00000000,00000374,C0000083,00000300,00000000,0000FFFF,00FF0000,00000302,00000000,00000000,00000000,00000000,00000000,00FFFDAA,2600
20,genesis,zelda_v521,0008FE,A7,A7,84,D8,02,00,00,00,00,00,00,02,00,00,00,00,00,00,00,00,00,00,00,00,00,00,80,00,00,00,00,00,00,00,00,00,00,00,00,00,00,00,00,00,00,00,00,00,00,00,00,00,00,00,00,00,3F,00,FF,00,00,00,00,00,00,00,00,00,00,00,00,00,00,00,0403,0029,0000,0302,00000000,0000,0004,00000400,00000001,00000000,00000428,C0000400,000084A7,00000000,0000FFFF,00FF0000,00000302,00000000,00000000,00000000,00000000,00000000,00FFFDA6,2604
21,genesis,zelda_v521,00C144,5C,5C,85,23,02,00,00,00,00,00,00,02,00,00,00,00,00,00,00,00,00,00,00,00,00,00,80,00,00,00,00,00,00,00,00,00,00,00,00,00,00,00,00,00,00,00,00,00,00,00,00,00,00,00,00,00,3F,00,FF,00,00,00,00,00,00,00,00,00,00,00,00,00,00,00,0403,0029,0000,0302,00000000,0000,0004,00000400,00000001,00000000,000004DD,C0000002,0000855C,00000000,0000FFFF,00FF0000,00000302,00000000,00000000,00000000,00000000,00000000,00FFFDAA,2604
22,genesis,zelda_v521,00C14E,10,10,86,6F,01,00,00,00,00,00,00,02,00,00,00,00,00,00,00,00,00,00,00,00,00,00,80,00,00,00,00,00,00,00,00,00,00,00,00,00,00,00,00,00,00,00,00,00,00,00,00,00,00,00,00,00,3F,00,FF,00,00,00,00,00,00,00,00,00,00,00,00,00,00,00,0403,0029,0000,0302,00000000,0000,0004,00000400,00000001,00000000,00000592,C0008611,00008611,00000000,0000FFFF,00FF0000,00000302,00000000,00000000,00000000,00000000,00000000,00FFFDAA,2608
23,genesis,zelda_v521,001004,C5,C5,86,BA,00,00,00,00,00,00,00,02,00,00,00,00,00,00,00,00,00,00,00,00,00,00,80,00,00,00,00,00,00,00,00,00,00,00,00,00,00,00,00,00,00,00,00,00,00,00,00,00,00,00,00,00,3F,00,FF,00,00,00,00,00,00,00,00,00,00,00,00,00,00,00,0403,0029,0000,0302,00000000,0000,0004,00000400,00000001,00000000,00000646,C0000600,000086C5,00000000,0000FFFF,00FF0000,00000302,00000000,00000000,00000000,00000000,00000000,00FFFD82,2609
24,genesis,zelda_v521,00C12A,7A,7A,87,05,00,00,00,00,00,00,00,02,00,00,00,00,00,00,00,00,00,00,00,00,00,00,80,00,00,00,00,00,00,00,00,00,00,00,00,00,00,00,00,00,00,00,00,00,00,00,00,00,00,00,00,00,3F,00,FF,00,00,00,00,00,00,00,00,00,00,00,00,00,00,00,0403,0029,0000,0302,00000000,0000,0004,00000400,00000001,00000000,000006FB,C0000000,00000005,00000000,0000FFFF,00FF0000,00000302,00000000,00000000,00000000,00000000,00000000,00FFFDAA,2600
25,genesis,zelda_v521,00C140,2D,2D,88,52,06,00,00,00,00,00,00,02,00,00,00,00,00,00,00,00,00,00,00,00,00,00,80,00,00,00,00,00,00,00,00,00,00,00,00,00,00,00,00,00,00,00,00,00,00,00,00,00,00,00,00,00,3F,00,FF,00,00,00,00,00,00,00,00,00,00,00,00,00,00,00,0403,002B,0000,0302,00000000,0000,0004,00000400,00000003,00000000,000000BE,C0000006,0000882D,00000000,0000FFFF,00FF0000,00000302,00000000,00000000,00000000,00000000,00000000,00FFFDAA,2600
26,genesis,zelda_v521,00C14A,E1,E1,88,9E,05,00,00,00,00,00,00,02,00,00,00,00,00,00,00,00,00,00,00,00,00,00,80,00,00,00,00,00,00,00,00,00,00,00,00,00,00,00,00,00,00,00,00,00,00,00,00,00,00,00,00,00,3F,00,FF,00,00,00,00,00,00,00,00,00,00,00,00,00,00,00,0403,002B,0000,0302,00000000,0000,0004,00000400,00000003,00000000,00000173,C0000100,000088E1,00000000,0000FFFF,00FF0000,00000302,00000000,00000000,00000000,00000000,00000000,00FFFDAA,2600
27,genesis,zelda_v521,0008F6,96,96,89,E9,04,00,00,00,00,00,00,02,00,00,00,00,00,00,00,00,00,00,00,00,00,00,80,00,00,00,00,00,00,00,00,00,00,00,00,00,00,00,00,00,00,00,00,00,00,00,00,00,00,00,00,00,3F,00,FF,00,00,00,00,00,00,00,00,00,00,00,00,00,00,00,0403,002B,0000,0302,00000000,0000,0004,00000400,00000003,00000000,00000227,C0000200,00008996,00000000,0000FFFF,00FF0000,00000302,00000000,00000000,00000000,00000000,00000000,00FFFD86,2609
28,genesis,zelda_v521,00C17E,4B,4B,8A,34,04,00,00,00,00,00,00,02,00,00,00,00,00,00,00,00,00,00,00,00,00,00,80,00,00,00,00,00,00,00,00,00,00,00,00,00,00,00,00,00,00,00,00,00,00,00,00,00,00,00,00,00,3F,00,FF,00,00,00,00,00,00,00,00,00,00,00,00,00,00,00,0403,002B,0000,0302,00000000,0000,0004,00000400,00000003,00000000,000002DC,C0000004,00000434,00000000,0000FFFF,00FF0000,00000302,00000000,00000000,00000000,00000000,00000000,00FFFDAA,2600
29,genesis,zelda_v521,000ED4,FF,FF,8A,80,03,00,00,00,00,00,00,02,00,00,00,00,00,00,00,00,00,00,00,00,00,00,80,00,00,00,00,00,00,00,00,00,00,00,00,00,00,00,00,00,00,00,00,00,00,00,00,00,00,00,00,00,3F,00,FF,00,00,00,00,00,00,00,00,00,00,00,00,00,00,00,0403,002B,0000,0302,00000000,0000,0004,00000400,00000003,00000000,00000390,C0000300,00008AFF,00000000,0000FFFF,00FF0000,00000302,00000000,00000000,00000000,00000000,00000000,00FFFDA2,2604
30,genesis,zelda_v521,0008F2,B4,B4,8B,CB,02,00,00,00,00,00,00,02,00,00,00,00,00,00,00,00,00,00,00,00,00,00,80,00,00,00,00,00,00,00,00,00,00,00,00,00,00,00,00,00,00,00,00,00,00,00,00,00,00,00,00,00,3F,00,FF,00,00,00,00,00,00,00,00,00,00,00,00,00,00,00,0403,002B,0000,0302,00000000,0000,0004,00000400,00000003,00000000,00000445,C0000400,00008BB4,00000000,0000FFFF,00FF0000,00000302,00000000,00000000,00000000,00000000,00000000,00FFFDA6,2609
31,genesis,zelda_v521,00C166,69,69,8C,17,02,00,00,00,00,00,00,02,00,00,00,00,00,00,00,00,00,00,00,00,00,00,80,00,00,00,00,00,00,00,00,00,00,00,00,00,00,00,00,00,00,00,00,00,00,00,00,00,00,00,00,00,3F,00,FF,00,00,00,00,00,00,00,00,00,00,00,00,00,00,00,0403,002B,0000,0302,00000000,0000,0004,00000400,00000003,00000000,000004FA,C000008C,00000200,00000000,0000FFFF,00FF0000,00000302,00000000,00000000,00000000,00000000,00000000,00FFFDAA,2600
32,genesis,zelda_v521,0008FE,1D,1D,8D,62,01,00,00,00,00,00,00,02,00,00,00,00,00,00,00,00,00,00,00,00,00,00,80,00,00,00,00,00,00,00,00,00,00,00,00,00,00,00,00,00,00,00,00,00,00,00,00,00,00,00,00,00,3F,00,FF,00,00,00,00,00,00,00,00,00,00,00,00,00,00,00,0403,002B,0000,0302,00000000,0000,0004,00000400,00000003,00000000,000005AE,C0000500,00008D1D,00000000,0000FFFF,00FF0000,00000302,00000000,00000000,00000000,00000000,00000000,00FFFDA6,2604
33,genesis,zelda_v521,00C144,D2,D2,8D,AD,00,00,00,00,00,00,00,02,00,00,00,00,00,00,00,00,00,00,00,00,00,00,80,00,00,00,00,00,00,00,00,00,00,00,00,00,00,00,00,00,00,00,00,00,00,00,00,00,00,00,00,00,3F,00,FF,00,00,00,00,00,00,00,00,00,00,00,00,00,00,00,0403,002B,0000,0302,00000000,0000,0004,00000400,00000003,00000000,00000663,C0000000,00008DD2,00000000,0000FFFF,00FF0000,00000302,00000000,00000000,00000000,00000000,00000000,00FFFDAA,2604
34,genesis,zelda_v521,000F50,84,84,8E,DB,00,00,00,00,00,00,00,02,00,00,00,00,00,00,00,00,00,00,00,00,00,00,80,00,00,00,00,00,00,00,00,00,00,00,00,00,00,00,00,00,00,00,00,00,00,00,00,00,00,00,00,00,3F,00,FF,00,00,00,00,00,00,00,00,00,00,00,00,00,00,00,0403,002D,0000,0302,00000000,0000,0004,00000400,00000005,00000000,00002024,C0000024,00008E84,00000000,0000FFFF,00FF0000,00000302,00000000,00000000,00000000,00000000,00000000,00FFFD7A,2600
35,genesis,zelda_v521,00C166,21,21,8F,3F,00,00,00,00,00,00,00,02,00,00,00,00,00,00,00,00,00,00,00,00,00,00,80,00,00,00,00,00,00,00,00,00,00,00,00,00,00,00,00,00,00,00,00,00,00,00,00,00,00,00,00,00,3F,00,FF,00,00,00,00,00,00,00,00,00,00,00,00,00,00,00,0403,002D,0000,0302,00000000,0000,0004,00000400,00000005,00000000,000020C1,C000008F,00000000,00000000,0000FFFF,00FF0000,00000302,00000000,00000000,00000000,00000000,00000000,00FFFDAA,2604
36,genesis,zelda_v521,00118A,5F,5F,8F,00,00,00,00,00,00,00,00,02,00,00,00,00,00,00,00,00,00,00,00,00,00,00,80,00,00,00,00,00,00,00,00,00,00,00,00,00,00,00,00,00,00,00,00,00,00,00,00,00,00,00,00,00,3F,00,FF,00,00,00,00,00,00,00,00,00,00,00,00,00,00,00,0403,002D,0000,0302,00000000,0000,0004,00000000,00000000,00000000,00000000,00000000,00000000,00000005,000001EF,00FFC100,00FFC103,00FFC10B,000011EC,00000000,00000000,00000000,00FFFD72,2604
37,genesis,zelda_v521,001192,5F,5F,8F,00,00,00,00,00,00,00,00,02,00,00,00,00,00,00,00,00,00,00,00,00,00,00,80,00,00,00,00,00,00,00,00,00,00,00,00,00,00,00,00,00,00,00,00,00,00,00,00,00,00,00,00,00,3F,00,FF,00,00,00,00,00,00,00,00,00,00,00,00,00,00,00,0403,002D,0000,0302,00000000,0000,0004,00000000,00000000,00000000,00000000,00000000,00000000,00000004,000001D4,00FFC2B0,00FFC2B4,00FFC2BC,000011EC,00000000,00000000,00000000,00FFFD72,2604
38,genesis,zelda_v521,0011A0,5F,5F,8F,00,00,00,00,00,00,00,00,02,00,00,00,00,00,00,00,00,00,00,00,00,00,00,80,00,00,00,00,00,00,00,00,00,00,00,00,00,00,00,00,00,00,00,00,00,00,00,00,00,00,00,00,00,3F,00,FF,00,00,00,00,00,00,00,00,00,00,00,00,00,00,00,0403,002D,0000,0302,00000000,0000,0004,00000000,00000000,00000000,00000000,00000000,00000000,00000003,000001B9,00FFC460,00FFC465,00FFC46D,000011EC,00000000,00000000,00000000,00FFFD72,2604
39,genesis,zelda_v521,0011A6,5F,5F,8F,00,00,00,00,00,00,00,00,02,00,00,00,00,00,00,00,00,00,00,00,00,00,00,80,00,00,00,00,00,00,00,00,00,00,00,00,00,00,00,00,00,00,00,00,00,00,00,00,00,00,00,00,00,3F,00,FF,00,00,00,00,00,00,00,00,00,00,00,00,00,00,00,0403,002D,0000,0302,00000000,0000,0004,00000000,00000000,00000000,00000000,00000000,00000000,00000002,0000019E,00FFC610,00FFC616,00FFC61E,000011EC,00000000,00000000,00000000,00FFFD72,2604
40,genesis,zelda_v521,0011AC,5F,5F,8F,00,00,00,00,00,00,00,00,02,00,00,00,00,00,00,00,00,00,00,00,00,00,00,80,00,00,00,00,00,00,00,00,00,00,00,00,00,00,00,00,00,00,00,00,00,00,00,00,00,00,00,00,00,3F,00,FF,00,00,00,00,00,00,00,00,00,00,00,00,00,00,00,0403,002D,0000,0302,00000000,0000,0004,00000060,00000080,00000020,00000008,00000000,00000000,00000001,00000183,00FFC7C0,00FFC7C7,00FFC7CF,000011EC,00000000,00000000,00000000,00FFFD72,2600
41,genesis,zelda_v521,0011B8,5F,5F,8F,00,00,00,00,00,00,00,00,02,00,00,00,00,00,00,00,00,00,00,00,00,00,00,80,00,00,00,00,00,00,00,00,00,00,00,00,00,00,00,00,00,00,00,00,00,00,00,00,00,00,00,00,00,3F,00,FF,00,00,00,00,00,00,00,00,00,00,00,00,00,00,00,0403,002D,0000,0302,00000000,0000,0004,00000000,00000000,00000000,00000000,00000000,00000000,00000000,00000168,00FFC970,00FFC978,00FFC980,000011EC,00000000,00000000,00000000,00FFFD72,2604
42,genesis,zelda_v521,0011B6,5F,5F,8F,00,00,00,00,00,00,00,00,02,00,00,00,00,00,00,00,00,00,00,00,00,00,00,80,00,00,00,00,00,00,00,00,00,00,00,00,00,00,00,00,00,00,00,00,00,00,00,00,00,00,00,00,00,3F,00,FF,00,00,00,00,00,00,00,00,00,00,00,00,00,00,00,0403,002D,0000,0302,00000000,0000,0004,00000000,00000000,00000000,00000000,00000000,00000000,00000007,0000014C,00FFCB30,00FFCB31,00FFCB39,000011EC,00000000,00000000,00000000,00FFFD72,2604
43,genesis,zelda_v521,0011C2,5F,5F,8F,00,00,00,00,00,00,00,00,02,00,00,00,00,00,00,00,00,00,00,00,00,00,00,80,00,00,00,00,00,00,00,00,00,00,00,00,00,00,00,00,00,00,00,00,00,00,00,00,00,00,00,00,00,3F,00,FF,00,00,00,00,00,00,00,00,00,00,00,00,00,00,00,0403,002D,0000,0302,00000000,0000,0004,00000060,00000000,00000000,00000000,00000001,00000000,00000006,00000131,00FFCCE0,00FFCCE2,00FFCCEA,000011EC,00000000,00000000,00000000,00FFFD72,2600
44,genesis,zelda_v521,0011C6,5F,5F,8F,00,00,00,00,00,00,00,00,02,00,00,00,00,00,00,00,00,00,00,00,00,00,00,80,00,00,00,00,00,00,00,00,00,00,00,00,00,00,00,00,00,00,00,00,00,00,00,00,00,00,00,00,00,3F,00,FF,00,00,00,00,00,00,00,00,00,00,00,00,00,00,00,0403,002D,0000,0302,00000000,0000,0004,00000000,000000D0,00220200,0000000C,00000000,00000000,00000005,00000116,00FFCE90,00FFCE93,00FFCE9B,000011EC,00000000,00000000,00000000,00FFFD72,2600
45,genesis,zelda_v521,0011CE,5F,5F,8F,00,00,00,00,00,00,00,00,02,00,00,00,00,00,00,00,00,00,00,00,00,00,00,80,00,00,00,00,00,00,00,00,00,00,00,00,00,00,00,00,00,00,00,00,00,00,00,00,00,00,00,00,00,3F,00,FF,00,00,00,00,00,00,00,00,00,00,00,00,00,00,00,0403,002D,0000,0302,00000000,0000,0004,00000000,00000000,00110011,00000003,00000003,00000000,00000004,000000FB,00FFD040,00FFD044,00FFD04C,000011EC,00000000,00000000,00000000,00FFFD72,2604
46,genesis,zelda_v521,0011D8,5F,5F,8F,00,00,00,00,00,00,00,00,02,00,00,00,00,00,00,00,00,00,00,00,00,00,00,80,00,00,00,00,00,00,00,00,00,00,00,00,00,00,00,00,00,00,00,00,00,00,00,00,00,00,00,00,00,3F,00,FF,00,00,00,00,00,00,00,00,00,00,00,00,00,00,00,0403,002D,0000,0302,00000000,0000,0004,00000000,00000000,00011111,00000000,00000003,00000000,00000003,000000E0,00FFD1F0,00FFD1F5,00FFD1FD,000011EC,00000000,00000000,00000000,00FFFD72,2604
47,genesis,zelda_v521,0011E2,5F,5F,8F,00,00,00,00,00,00,00,00,02,00,00,00,00,00,00,00,00,00,00,00,00,00,00,80,00,00,00,00,00,00,00,00,00,00,00,00,00,00,00,00,00,00,00,00,00,00,00,00,00,00,00,00,00,3F,00,FF,00,00,00,00,00,00,00,00,00,00,00,00,00,00,00,0403,002D,0000,0302,00000000,0000,0004,00000000,00000000,00000000,00000000,00000000,00000000,00000002,000000C5,00FFD3A0,00FFD3A6,00FFD3AE,000011EC,00000000,00000000,00000000,00FFFD72,2604
48,genesis,zelda_v521,0011EA,5F,5F,8F,00,00,00,00,00,00,00,00,02,00,00,00,00,00,00,00,00,00,00,00,00,00,00,80,00,00,00,00,00,00,00,00,00,00,00,00,00,00,00,00,00,00,00,00,00,00,00,00,00,00,00,00,00,3F,00,FF,00,00,00,00,00,00,00,00,00,00,00,00,00,00,00,0403,002D,0000,0302,00000000,0000,0004,00000000,00000000,00000000,00000000,00000000,00000000,00000001,000000AA,00FFD550,00FFD557,00FFD55F,000011EC,00000000,00000000,00000000,00FFFD72,2604
49,genesis,zelda_v521,00104C,5F,5F,8F,00,00,00,00,00,00,00,00,02,00,00,00,00,00,00,00,00,00,00,00,00,00,00,80,00,00,00,00,00,00,00,00,00,00,00,00,00,00,00,00,00,00,00,00,00,00,00,00,00,00,00,00,00,3F,00,FF,00,00,00,00,00,00,00,00,00,00,00,00,00,00,00,0403,002D,0000,0302,00000000,0000,0004,00000000,00000000,00000000,00000000,00000000,00000000,00000000,0000008F,00FFD700,00FFD708,00FFD710,000011EC,00000000,00000000,00000000,00FFFD76,2604
50,genesis,zelda_v521,00104C,5F,5F,8F,00,00,00,00,00,00,00,00,02,00,00,00,00,00,00,00,00,00,00,00,00,00,00,80,00,00,00,00,00,00,00,00,00,00,00,00,00,00,00,00,00,00,00,00,00,00,00,00,00,00,00,00,00,3F,00,FF,00,00,00,00,00,00,00,00,00,00,00,00,00,00,00,0403,002D,0000,0302,00000000,0000,0004,000000C0,000000C0,00011333,0000000F,00000003,00000000,00000007,00000073,00FFD8C0,00FFD8C1,00FFD8C9,000011EC,00000000,00000000,00000000,00FFFD76,2600
51,genesis,zelda_v521,00103E,5F,5F,8F,00,00,00,00,00,00,00,00,02,00,00,00,00,00,00,00,00,00,00,00,00,00,00,80,00,00,00,00,00,00,00,00,00,00,00,00,00,00,00,00,00,00,00,00,00,00,00,00,00,00,00,00,00,3F,00,FF,00,00,00,00,00,00,00,00,00,00,00,00,00,00,00,0403,002D,0000,0302,00000000,0000,0004,00000000,00000000,23333111,00000003,00000003,00000000,00000005,00000058,00FFDA70,00FFDA72,00FFDA7A,000011EC,00000000,00000000,00000000,00FFFD76,2604
52,genesis,zelda_v521,00116C,5F,5F,8F,00,00,00,00,00,00,00,00,02,00,00,00,00,00,00,00,00,00,00,00,00,00,00,80,00,00,00,00,00,00,00,00,00,00,00,00,00,00,00,00,00,00,00,00,00,00,00,00,00,00,00,00,00,3F,00,FF,00,00,00,00,00,00,00,00,00,00,00,00,00,00,00,0403,002D,0000,0302,00000000,0000,0004,00000004,0000007F,22223322,0000000C,00000000,00000000,00000004,0000003D,00FFDC20,00FFDC24,00FFDC2C,000011EC,00000000,00000000,00000000,00FFFD72,2600
53,genesis,zelda_v521,00117A,5F,5F,8F,00,00,00,00,00,00,00,00,02,00,00,00,00,00,00,00,00,00,00,00,00,00,00,80,00,00,00,00,00,00,00,00,00,00,00,00,00,00,00,00,00,00,00,00,00,00,00,00,00,00,00,00,00,3F,00,FF,00,00,00,00,00,00,00,00,00,00,00,00,00,00,00,0403,002D,0000,0302,00000000,0000,0004,000000CF,00000030,00000000,00000000,00000000,00000000,00000003,00000022,00FFDDD0,00FFDDD5,00FFDDDD,000011EC,00000000,00000000,00000000,00FFFD72,2604
54,genesis,zelda_v521,001182,5F,5F,8F,00,00,00,00,00,00,00,00,02,00,00,00,00,00,00,00,00,00,00,00,00,00,00,80,00,00,00,00,00,00,00,00,00,00,00,00,00,00,00,00,00,00,00,00,00,00,00,00,00,00,00,00,00,3F,00,FF,00,00,00,00,00,00,00,00,00,00,00,00,00,00,00,0403,002D,0000,0302,00000000,0000,0004,00000000,00000000,00000000,00000000,00000000,00000000,00000002,00000007,00FFDF80,00FFDF86,00FFDF8E,000011EC,00000000,00000000,00000000,00FFFD72,2604
55,genesis,zelda_v521,001088,5F,5F,8F,00,00,00,00,00,00,00,00,02,00,00,00,00,00,00,00,00,00,00,00,00,00,00,80,00,00,00,00,00,00,00,00,00,00,00,00,00,00,00,00,00,00,00,00,00,00,00,00,00,00,00,00,00,3F,00,FF,00,00,00,00,00,00,00,00,00,00,00,00,00,00,00,0403,002D,0000,0302,00000000,0000,0004,00000000,00000000,00000000,00000000,00000000,00000000,00000002,000001EC,00FFC130,00FFC136,00FFC13E,000011FC,00000000,00000000,00000000,00FFFD76,2604
56,genesis,zelda_v521,00107A,5F,5F,8F,00,00,00,00,00,00,00,00,02,00,00,00,00,00,00,00,00,00,00,00,00,00,00,80,00,00,00,00,00,00,00,00,00,00,00,00,00,00,00,00,00,00,00,00,00,00,00,00,00,00,00,00,00,3F,00,FF,00,00,00,00,00,00,00,00,00,00,00,00,00,00,00,0403,002D,0000,0302,00000000,0000,0004,00000000,00000000,00000000,00000000,00000000,00000000,00000000,000001D1,00FFC2E0,00FFC2E7,00FFC2EF,000011FC,00000000,00000000,00000000,00FFFD76,2604
57,genesis,zelda_v521,001078,5F,5F,8F,00,00,00,00,00,00,00,00,02,00,00,00,00,00,00,00,00,00,00,00,00,00,00,80,00,00,00,00,00,00,00,00,00,00,00,00,00,00,00,00,00,00,00,00,00,00,00,00,00,00,00,00,00,3F,00,FF,00,00,00,00,00,00,00,00,00,00,00,00,00,00,00,0403,002D,0000,0302,00000000,0000,0004,00000000,00000000,00000000,00000000,00000000,00000000,00000007,000001B5,00FFC4A0,00FFC4A0,00FFC4A8,000011FC,00000000,00000000,00000000,00FFFD76,2604
58,genesis,zelda_v521,00116C,5F,5F,8F,00,00,00,00,00,00,00,00,02,00,00,00,00,00,00,00,00,00,00,00,00,00,00,80,00,00,00,00,00,00,00,00,00,00,00,00,00,00,00,00,00,00,00,00,00,00,00,00,00,00,00,00,00,3F,00,FF,00,00,00,00,00,00,00,00,00,00,00,00,00,00,00,0403,002D,0000,0302,00000000,0000,0004,00000000,00000000,00000000,00000000,00000000,00000000,00000006,0000019A,00FFC650,00FFC652,00FFC65A,000011FC,00000000,00000000,00000000,00FFFD72,2604
59,genesis,zelda_v521,001178,5F,5F,8F,00,00,00,00,00,00,00,00,02,00,00,00,00,00,00,00,00,00,00,00,00,00,00,80,00,00,00,00,00,00,00,00,00,00,00,00,00,00,00,00,00,00,00,00,00,00,00,00,00,00,00,00,00,3F,00,FF,00,00,00,00,00,00,00,00,00,00,00,00,00,00,00,0403,002D,0000,0302,00000000,0000,0004,000000F0,000000F0,00000000,0000000C,00000000,00000000,00000005,0000017F,00FFC800,00FFC803,00FFC80B,000011FC,00000000,00000000,00000000,00FFFD72,2600
60,genesis,zelda_v521,001182,5F,5F,8F,00,00,00,00,00,00,00,00,02,00,00,00,00,00,00,00,00,00,00,00,00,00,00,80,00,00,00,00,00,00,00,00,00,00,00,00,00,00,00,00,00,00,00,00,00,00,00,00,00,00,00,00,00,3F,00,FF,00,00,00,00,00,00,00,00,00,00,00,00,00,00,00,0403,002D,0000,0302,00000000,0000,0004,00000000,00000000,00000000,00000000,00000000,00000000,00000004,00000164,00FFC9B0,00FFC9B4,00FFC9BC,000011FC,00000000,00000000,00000000,00FFFD72,2604
61,genesis,zelda_v521,00118A,5F,5F,8F,00,00,00,00,00,00,00,00,02,00,00,00,00,00,00,00,00,00,00,00,00,00,00,80,00,00,00,00,00,00,00,00,00,00,00,00,00,00,00,00,00,00,00,00,00,00,00,00,00,00,00,00,00,3F,00,FF,00,00,00,00,00,00,00,00,00,00,00,00,00,00,00,0403,002D,0000,0302,00000000,0000,0004,000000FF,00000000,00000055,00000003,00000003,00000000,00000003,00000149,00FFCB60,00FFCB65,00FFCB6D,000011FC,00000000,00000000,00000000,00FFFD72,2600
62,genesis,zelda_v521,001190,5F,5F,8F,00,00,00,00,00,00,00,00,02,00,00,00,00,00,00,00,00,00,00,00,00,00,00,80,00,00,00,00,00,00,00,00,00,00,00,00,00,00,00,00,00,00,00,00,00,00,00,00,00,00,00,00,00,3F,00,FF,00,00,00,00,00,00,00,00,00,00,00,00,00,00,00,0403,002D,0000,0302,00000000,0000,0004,00000000,00000080,00000055,00000000,00000003,00000000,00000002,0000012E,00FFCD10,00FFCD16,00FFCD1E,000011FC,00000000,00000000,00000000,00FFFD72,2604
63,genesis,zelda_v521,00119C,5F,5F,8F,00,00,00,00,00,00,00,00,02,00,00,00,00,00,00,00,00,00,00,00,00,00,00,80,00,00,00,00,00,00,00,00,00,00,00,00,00,00,00,00,00,00,00,00,00,00,00,00,00,00,00,00,00,3F,00,FF,00,00,00,00,00,00,00,00,00,00,00,00,00,00,00,0403,002D,0000,0302,00000000,0000,0004,00000000,000000DC,00000006,0000000C,00000000,00000000,00000001,00000113,00FFCEC0,00FFCEC7,00FFCECF,000011FC,00000000,00000000,00000000,00FFFD72,2604
64,genesis,zelda_v521,0011A6,5F,5F,8F,00,00,00,00,00,00,00,00,02,00,00,00,00,00,00,00,00,00,00,00,00,00,00,80,00,00,00,00,00,00,00,00,00,00,00,00,00,00,00,00,00,00,00,00,00,00,00,00,00,00,00,00,00,3F,00,FF,00,00,00,00,00,00,00,00,00,00,00,00,00,00,00,0403,002D,0000,0302,00000000,0000,0004,00000000,00000000,00000000,00000000,00000000,00000000,00000000,000000F8,00FFD070,00FFD078,00FFD080,000011FC,00000000,00000000,00000000,00FFFD72,2604
65,genesis,zelda_v521,0011A4,5F,5F,8F,00,00,00,00,00,00,00,00,02,00,00,00,00,00,00,00,00,00,00,00,00,00,00,80,00,00,00,00,00,00,00,00,00,00,00,00,00,00,00,00,00,00,00,00,00,00,00,00,00,00,00,00,00,3F,00,FF,00,00,00,00,00,00,00,00,00,00,00,00,00,00,00,0403,002D,0000,0302,00000000,0000,0004,000000F8,00000000,00000055,00000003,00000003,00000000,00000007,000000DC,00FFD230,00FFD231,00FFD239,000011FC,00000000,00000000,00000000,00FFFD72,2600
66,genesis,zelda_v521,0011AA,5F,5F,8F,00,00,00,00,00,00,00,00,02,00,00,00,00,00,00,00,00,00,00,00,00,00,00,80,00,00,00,00,00,00,00,00,00,00,00,00,00,00,00,00,00,00,00,00,00,00,00,00,00,00,00,00,00,3F,00,FF,00,00,00,00,00,00,00,00,00,00,00,00,00,00,00,0403,002D,0000,0302,00000000,0000,0004,00000000,00000000,00000000,00000000,00000000,00000000,00000006,000000C1,00FFD3E0,00FFD3E2,00FFD3EA,000011FC,00000000,00000000,00000000,00FFFD72,2604
67,genesis,zelda_v521,0011B6,5F,5F,8F,00,00,00,00,00,00,00,00,02,00,00,00,00,00,00,00,00,00,00,00,00,00,00,80,00,00,00,00,00,00,00,00,00,00,00,00,00,00,00,00,00,00,00,00,00,00,00,00,00,00,00,00,00,3F,00,FF,00,00,00,00,00,00,00,00,00,00,00,00,00,00,00,0403,002D,0000,0302,00000000,0000,0004,00000000,00000000,00000000,00000000,00000000,00000000,00000005,000000A6,00FFD590,00FFD593,00FFD59B,000011FC,00000000,00000000,00000000,00FFFD72,2604
68,genesis,zelda_v521,0011C0,5F,5F,8F,00,00,00,00,00,00,00,00,02,00,00,00,00,00,00,00,00,00,00,00,00,00,00,80,00,00,00,00,00,00,00,00,00,00,00,00,00,00,00,00,00,00,00,00,00,00,00,00,00,00,00,00,00,3F,00,FF,00,00,00,00,00,00,00,00,00,00,00,00,00,00,00,0403,002D,0000,0302,00000000,0000,0004,00000020,000000F0,00000700,0000000C,00000000,00000000,00000004,0000008B,00FFD740,00FFD744,00FFD74C,000011FC,00000000,00000000,00000000,00FFFD72,2604
69,genesis,zelda_v521,0011C6,5F,5F,8F,00,00,00,00,00,00,00,00,02,00,00,00,00,00,00,00,00,00,00,00,00,00,00,80,00,00,00,00,00,00,00,00,00,00,00,00,00,00,00,00,00,00,00,00,00,00,00,00,00,00,00,00,00,3F,00,FF,00,00,00,00,00,00,00,00,00,00,00,00,00,00,00,0403,002D,0000,0302,00000000,0000,0004,00000000,00000000,00777700,00000000,00000000,00000000,00000003,00000070,00FFD8F0,00FFD8F5,00FFD8FD,000011FC,00000000,00000000,00000000,00FFFD72,2600
70,genesis,zelda_v521,0011CC,5F,5F,8F,00,00,00,00,00,00,00,00,02,00,00,00,00,00,00,00,00,00,00,00,00,00,00,80,00,00,00,00,00,00,00,00,00,00,00,00,00,00,00,00,00,00,00,00,00,00,00,00,00,00,00,00,00,3F,00,FF,00,00,00,00,00,00,00,00,00,00,00,00,00,00,00,0403,002D,0000,0302,00000000,0000,0004,000000C0,00000030,00555555,00000003,00000003,00000000,00000002,00000055,00FFDAA0,00FFDAA6,00FFDAAE,000011FC,00000000,00000000,00000000,00FFFD72,2619
71,genesis,zelda_v521,0011D8,5F,5F,8F,00,00,00,00,00,00,00,00,02,00,00,00,00,00,00,00,00,00,00,00,00,00,00,80,00,00,00,00,00,00,00,00,00,00,00,00,00,00,00,00,00,00,00,00,00,00,00,00,00,00,00,00,00,3F,00,FF,00,00,00,00,00,00,00,00,00,00,00,00,00,00,00,0403,002D,0000,0302,00000000,0000,0004,00000000,00000000,00666670,00000000,00000002,00000000,00000001,0000003A,00FFDC50,00FFDC57,00FFDC5F,000011FC,00000000,00000000,00000000,00FFFD72,2604
72,genesis,zelda_v521,0011E2,5F,5F,8F,00,00,00,00,00,00,00,00,02,00,00,00,00,00,00,00,00,00,00,00,00,00,00,80,00,00,00,00,00,00,00,00,00,00,00,00,00,00,00,00,00,00,00,00,00,00,00,00,00,00,00,00,00,3F,00,FF,00,00,00,00,00,00,00,00,00,00,00,00,00,00,00,0403,002D,0000,0302,00000000,0000,0004,00000000,000000C0,00666666,0000000C,00000000,00000000,00000000,0000001F,00FFDE00,00FFDE08,00FFDE10,000011FC,00000000,00000000,00000000,00FFFD72,2604
73,genesis,zelda_v521,0011E2,5F,5F,8F,00,00,00,00,00,00,00,00,02,00,00,00,00,00,00,00,00,00,00,00,00,00,00,80,00,00,00,00,00,00,00,00,00,00,00,00,00,00,00,00,00,00,00,00,00,00,00,00,00,00,00,00,00,3F,00,FF,00,00,00,00,00,00,00,00,00,00,00,00,00,00,00,0403,002D,0000,0302,00000000,0000,0004,00000000,00000000,00005555,00000000,00000000,00000000,00000007,00000003,00FFDFC0,00FFDFC1,00FFDFC9,000011FC,00000000,00000000,00000000,00FFFD72,2604
74,genesis,zelda_v521,004E1C,00,00,03,00,00,00,00,00,00,00,00,03,00,00,00,00,00,00,00,00,A5,00,00,00,00,1E,80,00,00,00,00,00,00,00,00,00,00,00,00,00,00,00,00,00,00,00,00,00,00,00,00,00,00,00,00,00,3F,00,FF,00,00,00,00,00,00,00,00,00,00,00,00,00,00,00,0203,0042,0000,0302,00000000,0000,0006,00003600,78000666,00000000,00003600,C01E8100,00000000,00000000,0000FFFF,000303DA,00FFE000,00000000,00000000,00000000,00000000,00000000,00FFFE00,2004
75,genesis,zelda_v521,000FC4,20,20,24,00,00,00,00,00,00,00,00,04,00,00,00,00,00,00,00,00,A5,00,00,00,00,00,B0,00,00,00,00,00,00,00,00,00,00,00,00,00,00,00,00,00,00,00,00,00,00,00,00,00,00,00,00,00,3F,00,FF,00,00,00,00,00,00,00,00,00,00,00,00,00,00,00,0403,0056,0000,0302,00000000,0000,0008,00000424,00000004,00000050,000020B0,C00000B0,00000000,00000000,0000FFFF,00FF8200,0000D122,00000000,00000000,00000000,00000000,00000000,00FFFD7A,2600
76,genesis,zelda_v521,000F6C,20,20,24,00,00,00,00,00,00,00,00,04,00,00,00,00,00,00,00,00,A5,00,00,00,00,00,B0,00,00,00,00,00,00,00,00,00,00,00,00,00,00,00,00,00,00,00,00,00,00,00,00,00,00,00,00,00,3F,00,FF,00,00,00,00,00,00,00,00,00,00,00,00,00,00,00,0403,0056,0000,0302,00000000,0000,0008,00000424,00000003,00000081,0000217F,C000017F,00000302,00000000,0000FFFF,00FF8200,0000D122,00000000,00000000,00000000,00000000,00000000,00FFFD7A,2600
77,genesis,zelda_v521,000F50,20,20,24,00,00,00,00,00,00,00,00,04,00,00,00,00,00,00,00,00,A5,00,00,00,00,00,B0,00,00,00,00,00,00,00,00,00,00,00,00,00,00,00,00,00,00,00,00,00,00,00,00,00,00,00,00,00,3F,00,FF,00,00,00,00,00,00,00,00,00,00,00,00,00,00,00,0403,0056,0000,0302,00000000,0000,0008,00000424,00000002,000000B2,0000224E,C000024E,00000302,00000000,0000FFFF,00FF0200,0000D122,00000000,00000000,00000000,00000000,00000000,00FFFD76,2600
78,genesis,zelda_v521,0008E4,20,20,24,00,00,00,00,00,00,00,00,04,00,00,00,00,00,00,00,00,A5,00,00,00,00,00,B0,00,00,00,00,00,00,00,00,00,00,00,00,00,00,00,00,00,00,00,00,00,00,00,00,00,00,00,00,00,3F,00,FF,00,00,00,00,00,00,00,00,00,00,00,00,00,00,00,0403,0056,0000,0302,00000000,0000,0008,00000424,00000001,000000E3,0000231D,C0002300,00000302,00000000,0000FFFF,00FF0200,0000D122,00000000,00000000,00000000,00000000,00000000,00FFFD7E,2609
79,genesis,zelda_v521,0008E4,20,20,24,00,00,00,00,00,00,00,00,04,00,00,00,00,00,00,00,00,A5,00,00,00,00,00,B0,00,00,00,00,00,00,00,00,00,00,00,00,00,00,00,00,00,00,00,00,00,00,00,00,00,00,00,00,00,3F,00,FF,00,00,00,00,00,00,00,00,00,00,00,00,00,00,00,0403,0056,0000,0302,00000000,0000,0008,00000424,00000001,00000014,000023EC,C0002300,00000302,00000000,0000FFFF,00FF0200,0000D122,00000000,00000000,00000000,00000000,00000000,00FFFD7E,2609
80,genesis,zelda_v521,001754,28,28,24,00,00,00,00,00,00,00,00,04,00,00,00,00,00,00,00,00,A5,00,00,00,00,00,B0,00,00,00,00,00,00,00,00,00,00,00,00,00,00,00,00,00,00,00,00,00,00,00,00,00,00,00,00,00,3F,00,FF,00,00,00,00,00,00,00,00,00,00,00,00,00,00,00,0403,005A,0000,0302,00000000,0000,0008,00000424,00000004,0000007A,00002887,C0002800,00000302,00000000,0000FFFF,00FF0200,0000D122,00000000,00000000,00000000,00000000,00000000,00FFFDAA,2600
81,genesis,zelda_v521,000F4C,28,28,24,00,00,00,00,00,00,00,00,04,00,00,00,00,00,00,00,00,A5,00,00,00,00,00,B0,00,00,00,00,00,00,00,00,00,00,00,00,00,00,00,00,00,00,00,00,00,00,00,00,00,00,00,00,00,3F,00,FF,00,00,00,00,00,00,00,00,00,00,00,00,00,00,00,0403,005A,0000,0302,00000000,0000,0008,00000424,00000003,00000090,00002970,C0002970,00000302,00000000,0000FFFF,00FF0200,0000D122,00000000,00000000,00000000,00000000,00000000,00FFFD7A,2600
82,genesis,zelda_v521,000ED4,28,28,24,00,00,00,00,00,00,00,00,04,00,00,00,00,00,00,00,00,A5,00,00,00,00,00,B0,00,00,00,00,00,00,00,00,00,00,00,00,00,00,00,00,00,00,00,00,00,00,00,00,00,00,00,00,00,3F,00,FF,00,00,00,00,00,00,00,00,00,00,00,00,00,00,00,0403,005A,0000,0302,00000000,0000,0008,00000424,00000002,000000A7,00002A59,C0002A00,00000302,00000000,0000FFFF,00FF0200,0000D122,00000000,00000000,00000000,00000000,00000000,00FFFDA2,2604
83,genesis,zelda_v521,0008CE,28,28,24,00,00,00,00,00,00,00,00,04,00,00,00,00,00,00,00,00,A5,00,00,00,00,00,B0,00,00,00,00,00,00,00,00,00,00,00,00,00,00,00,00,00,00,00,00,00,00,00,00,00,00,00,00,00,3F,00,FF,00,00,00,00,00,00,00,00,00,00,00,00,00,00,00,0403,005A,0000,0302,00000000,0000,0008,00000424,00000001,000000C5,00002B3B,C0002B00,00000302,00000000,0000FFFF,00FF0200,0000D122,00000000,00000000,00000000,00000000,00000000,00FFFDA6,2600
84,genesis,zelda_v521,0008CA,28,28,24,00,00,00,00,00,00,00,00,04,00,00,00,00,00,00,00,00,A5,00,00,00,00,00,B0,00,00,00,00,00,00,00,00,00,00,00,00,00,00,00,00,00,00,00,00,00,00,00,00,00,00,00,00,00,3F,00,FF,00,00,00,00,00,00,00,00,00,00,00,00,00,00,00,0403,005C,0000,0302,00000000,0000,0008,00000400,00000021,00000000,00002ADF,C0002ADF,00000302,00000000,0000FFFF,00FF0200,0000D122,00000000,00000000,00000000,00000000,00000000,00FFFDA6,2600
85,genesis,zelda_v521,00180E,00,00,06,00,00,00,00,00,00,00,00,00,00,00,00,00,00,00,00,00,00,00,00,00,00,00,00,00,00,00,00,00,00,00,02,00,00,00,00,00,00,00,00,00,00,00,00,00,00,00,00,00,00,00,00,00,23,23,3F,00,20,36,0F,00,10,36,00,00,00,00,00,00,00,00,0203,0074,0000,0302,00000000,0000,000A,00000000,78000666,0000000A,00003608,C01E8100,00000000,00000000,0000FFFF,01FE0000,00FF0006,00000000,00000000,00000000,00000000,00000000,00FFFDF8,2004
86,genesis,zelda_v521,0012DE,02,02,03,00,00,00,00,00,00,00,00,00,00,00,00,00,00,00,00,00,00,00,00,00,00,1E,80,00,00,00,00,00,00,00,02,00,00,00,00,00,00,00,00,00,00,00,00,00,00,00,00,00,00,00,00,00,23,23,3F,00,20,36,0F,00,10,36,00,00,00,00,00,00,00,00,0403,007A,0000,0302,00000000,0000,000D,00000000,42800005,00000024,000003CA,000000A8,00000000,00000024,00000008,00FF8200,00000302,00000000,00000000,00000000,00000000,00000000,00FFFD6E,2604
87,genesis,zelda_v521,000F04,02,02,03,00,00,00,00,00,00,00,00,00,00,00,00,00,00,00,00,00,00,00,00,00,00,1E,80,00,00,00,00,00,00,00,02,00,00,00,00,00,00,00,00,00,00,00,00,00,00,00,00,00,00,00,00,00,23,23,3F,00,20,36,0F,00,10,36,00,00,00,00,00,00,00,00,0403,007A,0000,0302,00000000,0000,000D,0000C530,4500000A,00000024,0000C530,00000159,00000000,00000006,00000013,00FF8200,00000302,00000000,00000000,00000000,00000000,00000000,00FFFD72,2600
88,genesis,zelda_v521,001274,02,02,03,00,00,00,00,00,00,00,00,00,00,00,00,00,00,00,00,00,00,00,00,00,00,1E,80,00,00,00,00,00,00,00,02,00,00,00,00,00,00,00,00,00,00,00,00,00,00,00,00,00,00,00,00,00,23,23,3F,00,20,36,0F,00,10,36,00,00,00,00,00,00,00,00,0403,007A,0000,0302,00000000,0000,000D,0000C810,48000010,00000024,0000C810,00000209,00000000,00000209,0000000D,00FF8200,00000302,00000000,00000000,00000000,00000000,00000000,00FFFD6E,2610
89,genesis,zelda_v521,00132C,02,02,03,00,00,00,00,00,00,00,00,00,00,00,00,00,00,00,00,00,00,00,00,00,00,1E,80,00,00,00,00,00,00,00,02,00,00,00,00,00,00,00,00,00,00,00,00,00,00,00,00,00,00,00,00,00,23,23,3F,00,20,36,0F,00,10,36,00,00,00,00,00,00,00,00,0403,007A,0000,0302,00000000,0000,000D,0000CAB2,4A800015,00000024,0000CAB2,000002B9,00000000,00000024,00000019,00FF8200,00000302,00000000,00000000,00000000,00000000,00000000,00FFFD6E,2600
90,genesis,zelda_v521,000F0C,02,02,03,00,00,00,00,00,00,00,00,00,00,00,00,00,00,00,00,00,00,00,00,00,00,1E,80,00,00,00,00,00,00,00,02,00,00,00,00,00,00,00,00,00,00,00,00,00,00,00,00,00,00,00,00,00,23,23,3F,00,20,36,0F,00,10,36,00,00,00,00,00,00,00,00,0403,007A,0000,0302,00000000,0000,000D,0000CD92,4D80001B,00000024,0000CD92,00000369,00000000,00000016,00000002,00FF8200,00000302,00000000,00000000,00000000,00000000,00000000,00FFFD7A,2600
91,genesis,zelda_v521,0015F8,26,26,03,00,00,00,00,00,00,00,00,01,00,00,00,00,00,00,00,00,00,00,00,00,00,1E,80,00,00,00,00,00,00,00,02,00,00,00,00,00,00,00,00,00,00,00,00,00,00,00,00,00,00,00,00,00,3F,00,FF,00,20,36,0F,00,10,36,36,0F,00,10,36,17,27,0F,0403,0093,0000,0302,00000000,0000,0012,00003600,0000002F,0000004E,00003600,C0000300,00000302,00000000,0000FFFF,00FF0000,00000302,00000000,00000000,00000000,00000000,00000000,00FFFDB2,2604
92,genesis,zelda_v521,0008D8,2A,2A,81,55,06,00,00,00,00,00,00,02,00,00,00,00,00,00,00,00,00,00,00,00,00,00,80,00,00,00,00,00,00,00,02,00,00,00,00,00,00,00,00,00,00,00,00,00,00,00,00,00,00,00,00,00,3F,00,FF,00,20,36,0F,00,10,36,36,0F,00,10,36,17,27,0F,0403,00A1,0000,0302,00000000,0000,0012,00000400,00000001,00000000,000000AB,C0000000,0000812A,00000000,0000FFFF,00FF0000,00000302,00000000,00000000,00000000,00000000,00000000,00FFFDA2,2609
93,genesis,zelda_v521,00C166,DF,DF,81,A1,05,00,00,00,00,00,00,02,00,00,00,00,00,00,00,00,00,00,00,00,00,00,80,00,00,00,00,00,00,00,02,00,00,00,00,00,00,00,00,00,00,00,00,00,00,00,00,00,00,00,00,00,3F,00,FF,00,20,36,0F,00,10,36,36,0F,00,10,36,17,27,0F,0403,00A1,0000,0302,00000000,0000,0012,00000400,00000001,00000000,00000160,C0000081,00000500,00000000,0000FFFF,00FF0000,00000302,00000000,00000000,00000000,00000000,00000000,00FFFDA6,2600
94,genesis,zelda_v521,0008FE,93,93,82,EC,04,00,00,00,00,00,00,02,00,00,00,00,00,00,00,00,00,00,00,00,00,00,80,00,00,00,00,00,00,00,02,00,00,00,00,00,00,00,00,00,00,00,00,00,00,00,00,00,00,00,00,00,3F,00,FF,00,20,36,0F,00,10,36,36,0F,00,10,36,17,27,0F,0403,00A1,0000,0302,00000000,0000,0012,00000424,00000001,00000000,00000214,C0000200,00008293,00000000,0000FFFF,00FF0000,00000302,00000000,00000000,00000000,00000000,00000000,00FFFDA2,2600
95,genesis,zelda_v521,00C144,48,48,83,37,04,00,00,00,00,00,00,02,00,00,00,00,00,00,00,00,00,00,00,00,00,00,80,00,00,00,00,00,00,00,02,00,00,00,00,00,00,00,00,00,00,00,00,00,00,00,00,00,00,00,00,00,3F,00,FF,00,20,36,0F,00,10,36,36,0F,00,10,36,17,27,0F,0403,00A1,0000,0302,00000000,0000,0012,00000424,00000001,00000000,000002C9,C0000004,00008348,00000000,0000FFFF,00FF0000,00000302,00000000,00000000,00000000,00000000,00000000,00FFFDA6,2600
96,genesis,zelda_v521,00C154,FD,FD,83,83,03,00,00,00,00,00,00,02,00,00,00,00,00,00,00,00,00,00,00,00,00,00,80,00,00,00,00,00,00,00,02,00,00,00,00,00,00,00,00,00,00,00,00,00,00,00,00,00,00,00,00,00,3F,00,FF,00,20,36,0F,00,10,36,36,0F,00,10,36,17,27,0F,0403,00A1,0000,0302,00000000,0000,0012,00000424,00000001,00000000,0000037E,C00083FD,000083FD,00000000,0000FFFF,00FF0000,00000302,00000000,00000000,00000000,00000000,00000000,00FFFDA6,2608
97,genesis,zelda_v521,001004,B1,B1,84,CE,02,00,00,00,00,00,00,02,00,00,00,00,00,00,00,00,00,00,00,00,00,00,80,00,00,00,00,00,00,00,02,00,00,00,00,00,00,00,00,00,00,00,00,00,00,00,00,00,00,00,00,00,3F,00,FF,00,20,36,0F,00,10,36,36,0F,00,10,36,17,27,0F,0403,00A1,0000,0302,00000000,0000,0012,00000424,00000001,00000000,00000432,C0000400,000084B1,00000000,0000FFFF,00FF0000,00000302,00000000,00000000,00000000,00000000,00000000,00FFFD7E,2609
98,genesis,zelda_v521,00C12A,66,66,85,19,02,00,00,00,00,00,00,02,00,00,00,00,00,00,00,00,00,00,00,00,00,00,80,00,00,00,00,00,00,00,02,00,00,00,00,00,00,00,00,00,00,00,00,00,00,00,00,00,00,00,00,00,3F,00,FF,00,20,36,0F,00,10,36,36,0F,00,10,36,17,27,0F,0403,00A1,0000,0302,00000000,0000,0012,00000424,00000001,00000000,000004E7,C0000002,00000219,00000000,0000FFFF,00FF0000,00000302,00000000,00000000,00000000,00000000,00000000,00FFFDA6,2600
99,genesis,zelda_v521,000ED4,1A,1A,86,65,01,00,00,00,00,00,00,02,00,00,00,00,00,00,00,00,00,00,00,00,00,00,80,00,00,00,00,00,00,00,02,00,00,00,00,00,00,00,00,00,00,00,00,00,00,00,00,00,00,00,00,00,3F,00,FF,00,20,36,0F,00,10,36,36,0F,00,10,36,17,27,0F,0403,00A1,0000,0302,00000000,0000,0012,00000400,00000001,00000000,0000059B,C0000500,0000861A,00000000,0000FFFF,00FF0000,00000302,00000000,00000000,00000000,00000000,00000000,00FFFD9E,2604
100,genesis,zelda_v521,0008F6,CF,CF,86,B0,00,00,00,00,00,00,00,02,00,00,00,00,00,00,00,00,00,00,00,00,00,00,80,00,00,00,00,00,00,00,02,00,00,00,00,00,00,00,00,00,00,00,00,00,00,00,00,00,00,00,00,00,3F,00,FF,00,20,36,0F,00,10,36,36,0F,00,10,36,17,27,0F,0403,00A1,0000,0302,00000000,0000,0012,00000400,00000001,00000000,00000650,C0000600,000086CF,00000000,0000FFFF,00FF0000,00000302,00000000,00000000,00000000,00000000,00000000,00FFFD82,2609
101,genesis,zelda_v521,001004,82,82,87,FD,06,00,00,00,00,00,00,02,00,00,00,00,00,00,00,00,00,00,00,00,00,00,80,00,00,00,00,00,00,00,02,00,00,00,00,00,00,00,00,00,00,00,00,00,00,00,00,00,00,00,00,00,3F,00,FF,00,20,36,0F,00,10,36,36,0F,00,10,36,17,27,0F,0403,00A3,0000,0302,00000000,0000,0012,00000400,00000003,00000000,00000013,C0000000,00008782,00000000,0000FFFF,00FF0000,00000302,00000000,00000000,00000000,00000000,00000000,00FFFD7E,2609
102,genesis,zelda_v521,00C17E,37,37,88,48,06,00,00,00,00,00,00,02,00,00,00,00,00,00,00,00,00,00,00,00,00,00,80,00,00,00,00,00,00,00,02,00,00,00,00,00,00,00,00,00,00,00,00,00,00,00,00,00,00,00,00,00,3F,00,FF,00,20,36,0F,00,10,36,36,0F,00,10,36,17,27,0F,0403,00A3,0000,0302,00000000,0000,0012,00000400,00000003,00000000,000000C8,C0000006,00000648,00000000,0000FFFF,00FF0000,00000302,00000000,00000000,00000000,00000000,00000000,00FFFDA6,2600
103,genesis,zelda_v521,000ED4,EB,EB,88,94,05,00,00,00,00,00,00,02,00,00,00,00,00,00,00,00,00,00,00,00,00,00,80,00,00,00,00,00,00,00,02,00,00,00,00,00,00,00,00,00,00,00,00,00,00,00,00,00,00,00,00,00,3F,00,FF,00,20,36,0F,00,10,36,36,0F,00,10,36,17,27,0F,0403,00A3,0000,0302,00000000,0000,0012,00000400,00000003,00000000,0000017C,C0000100,000088EB,00000000,0000FFFF,00FF0000,00000302,00000000,00000000,00000000,00000000,00000000,00FFFD9E,2604
104,genesis,zelda_v521,0008F2,A0,A0,89,DF,04,00,00,00,00,00,00,02,00,00,00,00,00,00,00,00,00,00,00,00,00,00,80,00,00,00,00,00,00,00,02,00,00,00,00,00,00,00,00,00,00,00,00,00,00,00,00,00,00,00,00,00,3F,00,FF,00,20,36,0F,00,10,36,36,0F,00,10,36,17,27,0F,0403,00A3,0000,0302,00000000,0000,0012,00000400,00000003,00000000,00000231,C0000200,000089A0,00000000,0000FFFF,00FF0000,00000302,00000000,00000000,00000000,00000000,00000000,00FFFDA2,2609
105,genesis,zelda_v521,00C166,55,55,8A,2B,04,00,00,00,00,00,00,02,00,00,00,00,00,00,00,00,00,00,00,00,00,00,80,00,00,00,00,00,00,00,02,00,00,00,00,00,00,00,00,00,00,00,00,00,00,00,00,00,00,00,00,00,3F,00,FF,00,20,36,0F,00,10,36,36,0F,00,10,36,17,27,0F,0403,00A3,0000,0302,00000000,0000,0012,00000400,00000003,00000000,000002E6,C000008A,00000400,00000000,0000FFFF,00FF0000,00000302,00000000,00000000,00000000,00000000,00000000,00FFFDA6,2600
106,genesis,zelda_v521,0008FE,09,09,8B,76,03,00,00,00,00,00,00,02,00,00,00,00,00,00,00,00,00,00,00,00,00,00,80,00,00,00,00,00,00,00,02,00,00,00,00,00,00,00,00,00,00,00,00,00,00,00,00,00,00,00,00,00,3F,00,FF,00,20,36,0F,00,10,36,36,0F,00,10,36,17,27,0F,0403,00A3,0000,0302,00000000,0000,0012,00000400,00000003,00000000,0000039A,C0000300,00008B09,00000000,0000FFFF,00FF0000,00000302,00000000,00000000,00000000,00000000,00000000,00FFFDA2,2604
107,genesis,zelda_v521,00C146,BE,BE,8B,C1,02,00,00,00,00,00,00,02,00,00,00,00,00,00,00,00,00,00,00,00,00,00,80,00,00,00,00,00,00,00,02,00,00,00,00,00,00,00,00,00,00,00,00,00,00,00,00,00,00,00,00,00,3F,00,FF,00,20,36,0F,00,10,36,36,0F,00,10,36,17,27,0F,0403,00A3,0000,0302,00000000,0000,0012,00000400,00000003,00000000,0000044F,C0000002,00008BBE,00000000,0000FFFF,00FF0000,00000302,00000000,00000000,00000000,00000000,00000000,00FFFDA6,2604
108,genesis,zelda_v521,00C154,73,73,8C,0D,02,00,00,00,00,00,00,02,00,00,00,00,00,00,00,00,00,00,00,00,00,00,80,00,00,00,00,00,00,00,02,00,00,00,00,00,00,00,00,00,00,00,00,00,00,00,00,00,00,00,00,00,3F,00,FF,00,20,36,0F,00,10,36,36,0F,00,10,36,17,27,0F,0403,00A3,0000,0302,00000000,0000,0012,00000400,00000003,00000000,00000504,C0008C73,00008C73,00000000,0000FFFF,00FF0000,00000302,00000000,00000000,00000000,00000000,00000000,00FFFDA6,2600
109,genesis,zelda_v521,00100A,27,27,8D,58,01,00,00,00,00,00,00,02,00,00,00,00,00,00,00,00,00,00,00,00,00,00,80,00,00,00,00,00,00,00,02,00,00,00,00,00,00,00,00,00,00,00,00,00,00,00,00,00,00,00,00,00,3F,00,FF,00,20,36,0F,00,10,36,36,0F,00,10,36,17,27,0F,0403,00A3,0000,0302,00000000,0000,0012,00000400,00000003,00000000,000005B8,C00005B8,00008D27,00000000,0000FFFF,00FF0000,00000302,00000000,00000000,00000000,00000000,00000000,00FFFD7E,2600
110,genesis,zelda_v521,00C132,DC,DC,8D,A3,00,00,00,00,00,00,00,02,00,00,00,00,00,00,00,00,00,00,00,00,00,00,80,00,00,00,00,00,00,00,02,00,00,00,00,00,00,00,00,00,00,00,00,00,00,00,00,00,00,00,00,00,3F,00,FF,00,20,36,0F,00,10,36,36,0F,00,10,36,17,27,0F,0403,00A3,0000,0302,00000000,0000,0012,00000400,00000003,00000000,0000066D,C0000000,0000008D,00000000,0000FFFF,00FF0000,00000302,00000000,00000000,00000000,00000000,00000000,00FFFDA6,2618
111,genesis,zelda_v521,00C15C,8C,8C,8E,D4,00,00,00,00,00,00,00,02,00,00,00,00,00,00,00,00,00,00,00,00,00,00,80,00,00,00,00,00,00,00,02,00,00,00,00,00,00,00,00,00,00,00,00,00,00,00,00,00,00,00,00,00,3F,00,FF,00,20,36,0F,00,10,36,36,0F,00,10,36,17,27,0F,0403,00A5,0000,0302,00000000,0000,0012,00000400,00000005,00000000,0000202C,C000008E,00008E8C,00000000,0000FFFF,00FF0000,00000302,00000000,00000000,00000000,00000000,00000000,00FFFDA6,2618
112,genesis,zelda_v521,00C166,1C,1C,8F,44,00,00,00,00,00,00,00,02,00,00,00,00,00,00,00,00,00,00,00,00,00,00,80,00,00,00,00,00,00,00,02,00,00,00,00,00,00,00,00,00,00,00,00,00,00,00,00,00,00,00,00,00,3F,00,FF,00,20,36,0F,00,10,36,36,0F,00,10,36,17,27,0F,0403,00A5,0000,0302,00000000,0000,0012,00000400,00000005,00000000,000020BC,C000008F,00000000,00000000,0000FFFF,00FF0000,00000302,00000000,00000000,00000000,00000000,00000000,00FFFDA6,2604
113,genesis,zelda_v521,001300,00,00,03,00,00,00,00,00,00,00,00,03,00,00,00,00,00,00,00,00,A5,00,00,00,00,1E,80,00,00,00,00,00,00,00,02,00,00,00,00,00,00,00,00,00,00,00,00,00,00,00,00,00,00,00,00,00,3F,00,FF,00,20,36,0F,00,10,36,36,0F,00,10,36,17,27,0F,0421,00B9,0000,0302,00000000,0000,0014,00000040,40800001,00000000,00000000,00000030,00000000,00000000,00000010,00FF8200,00000302,00000000,00000000,00000000,00000000,00000000,00FFFD7A,2600
114,genesis,zelda_v521,001332,00,00,03,00,00,00,00,00,00,00,00,03,00,00,00,00,00,00,00,00,A5,00,00,00,00,1E,80,00,00,00,00,00,00,00,02,00,00,00,00,00,00,00,00,00,00,00,00,00,00,00,00,00,00,00,00,00,3F,00,FF,00,20,36,0F,00,10,36,36,0F,00,10,36,17,27,0F,0421,00B9,0000,0302,00000000,0000,0014,0000C380,43800003,00000000,0000C340,000000E0,00000000,00004000,00000000,00FF8200,00000302,00000000,00000000,00000000,00000000,00000000,00FFFD7A,2600
115,genesis,zelda_v521,0012AA,00,00,03,00,00,00,00,00,00,00,00,03,00,00,00,00,00,00,00,00,A5,00,00,00,00,1E,80,00,00,00,00,00,00,00,02,00,00,00,00,00,00,00,00,00,00,00,00,00,00,00,00,00,00,00,00,00,3F,00,FF,00,20,36,0F,00,10,36,36,0F,00,10,36,17,27,0F,0421,00B9,0000,0302,00000000,0000,0014,0000C600,4600000C,00000024,0000C620,00000191,00000000,00000191,00000011,00FF8200,00000302,00000000,00000000,00000000,00000000,00000000,00FFFD7A,2619
116,genesis,zelda_v521,00131E,00,00,03,00,00,00,00,00,00,00,00,03,00,00,00,00,00,00,00,00,A5,00,00,00,00,1E,80,00,00,00,00,00,00,00,02,00,00,00,00,00,00,00,00,00,00,00,00,00,00,00,00,00,00,00,00,00,3F,00,FF,00,20,36,0F,00,10,36,36,0F,00,10,36,17,27,0F,0421,00B9,0000,0302,00000000,0000,0014,0000C902,49000012,00000024,0000C902,00000241,00000000,00004024,00000001,00FF8200,00000302,00000000,00000000,00000000,00000000,00000000,00FFFD7A,2604
117,genesis,zelda_v521,001268,00,00,03,00,00,00,00,00,00,00,00,03,00,00,00,00,00,00,00,00,A5,00,00,00,00,1E,80,00,00,00,00,00,00,00,02,00,00,00,00,00,00,00,00,00,00,00,00,00,00,00,00,00,00,00,00,00,3F,00,FF,00,20,36,0F,00,10,36,36,0F,00,10,36,17,27,0F,0421,00B9,0000,0302,00000000,0000,0014,0000CBA2,4B800017,00000000,0000CBA2,000002F2,00000000,0000000D,00000006,00FF8200,00000302,00000000,00000000,00000000,00000000,00000000,00FFFD7A,2600
118,genesis,zelda_v521,0012C4,00,00,03,00,00,00,00,00,00,00,00,03,00,00,00,00,00,00,00,00,A5,00,00,00,00,1E,80,00,00,00,00,00,00,00,02,00,00,00,00,00,00,00,00,00,00,00,00,00,00,00,00,00,00,00,00,00,3F,00,FF,00,20,36,0F,00,10,36,36,0F,00,10,36,17,27,0F,0421,00B9,0000,0302,00000000,0000,0014,0000CE00,4E80001D,00000024,00000000,000003A2,00000000,00000038,00000002,00FF8200,00000302,00000000,00000000,00000000,00000000,00000000,00FFFD7A,2600
119,genesis,zelda_v521,000EC6,20,20,24,00,00,00,00,00,00,00,00,00,00,00,00,00,00,00,00,00,00,00,00,00,00,00,B0,00,00,00,00,00,00,00,00,00,00,00,00,00,00,00,00,80,00,00,00,00,00,00,00,00,00,00,00,00,3F,00,FF,00,20,36,0F,00,10,36,36,0F,00,10,36,17,27,0F,0403,00D2,0000,0302,00000000,0000,0016,00000424,78000604,000000D4,0000202C,C01E2000,00000000,00000000,0000FFFF,00FF0200,00FF0003,00000000,00000000,00000000,00000000,00000000,00FFFDF0,2000
120,genesis,zelda_v521,000ED4,1E,1E,81,61,06,00,00,00,00,00,00,01,00,00,00,00,00,00,00,00,00,00,00,00,00,00,B0,00,00,00,00,00,00,00,00,00,00,00,00,00,00,00,00,80,00,00,00,00,00,00,00,00,00,00,00,00,3F,00,FF,00,20,36,0F,00,10,36,36,0F,00,10,36,17,27,0F,0403,00E8,0000,0302,00000000,0000,0018,00000400,00000001,00000000,0000009F,C0000000,0000811E,00000000,0000FFFF,00FF0000,00000302,00000000,00000000,00000000,00000000,00000000,00FFFD9E,2604
121,genesis,zelda_v521,0008F2,D3,D3,81,AC,05,00,00,00,00,00,00,01,00,00,00,00,00,00,00,00,00,00,00,00,00,00,B0,00,00,00,00,00,00,00,00,00,00,00,00,00,00,00,00,80,00,00,00,00,00,00,00,00,00,00,00,00,3F,00,FF,00,20,36,0F,00,10,36,36,0F,00,10,36,17,27,0F,0403,00E8,0000,0302,00000000,0000,0018,00000400,00000001,00000000,00000154,C0000100,000081D3,00000000,0000FFFF,00FF0000,00000302,00000000,00000000,00000000,00000000,00000000,00FFFDA2,2609
122,genesis,zelda_v521,00C166,88,88,82,F8,04,00,00,00,00,00,00,01,00,00,00,00,00,00,00,00,00,00,00,00,00,00,B0,00,00,00,00,00,00,00,00,00,00,00,00,00,00,00,00,80,00,00,00,00,00,00,00,00,00,00,00,00,3F,00,FF,00,20,36,0F,00,10,36,36,0F,00,10,36,17,27,0F,0403,00E8,0000,0302,00000000,0000,0018,00000400,00000001,00000000,00000209,C0000082,00000400,00000000,0000FFFF,00FF0000,00000302,00000000,00000000,00000000,00000000,00000000,00FFFDA6,2600
123,genesis,zelda_v521,0008FE,3C,3C,83,43,04,00,00,00,00,00,00,01,00,00,00,00,00,00,00,00,00,00,00,00,00,00,B0,00,00,00,00,00,00,00,00,00,00,00,00,00,00,00,00,80,00,00,00,00,00,00,00,00,00,00,00,00,3F,00,FF,00,20,36,0F,00,10,36,36,0F,00,10,36,17,27,0F,0403,00E8,0000,0302,00000000,0000,0018,00000424,00000001,00000000,000002BD,C0000200,0000833C,00000000,0000FFFF,00FF0000,00000302,00000000,00000000,00000000,00000000,00000000,00FFFDA2,2600
124,genesis,zelda_v521,00C146,F1,F1,83,8E,03,00,00,00,00,00,00,01,00,00,00,00,00,00,00,00,00,00,00,00,00,00,B0,00,00,00,00,00,00,00,00,00,00,00,00,00,00,00,00,80,00,00,00,00,00,00,00,00,00,00,00,00,3F,00,FF,00,20,36,0F,00,10,36,36,0F,00,10,36,17,27,0F,0403,00E8,0000,0302,00000000,0000,0018,00000424,00000001,00000000,00000372,C0000003,000083F1,00000000,0000FFFF,00FF0000,00000302,00000000,00000000,00000000,00000000,00000000,00FFFDA6,2600
125,genesis,zelda_v521,00C154,A6,A6,84,DA,02,00,00,00,00,00,00,01,00,00,00,00,00,00,00,00,00,00,00,00,00,00,B0,00,00,00,00,00,00,00,00,00,00,00,00,00,00,00,00,80,00,00,00,00,00,00,00,00,00,00,00,00,3F,00,FF,00,20,36,0F,00,10,36,36,0F,00,10,36,17,27,0F,0403,00E8,0000,0302,00000000,0000,0018,00000424,00000001,00000000,00000427,C00084A6,000084A6,00000000,0000FFFF,00FF0000,00000302,00000000,00000000,00000000,00000000,00000000,00FFFDA6,2608
126,genesis,zelda_v521,00100A,5A,5A,85,25,02,00,00,00,00,00,00,01,00,00,00,00,00,00,00,00,00,00,00,00,00,00,B0,00,00,00,00,00,00,00,00,00,00,00,00,00,00,00,00,80,00,00,00,00,00,00,00,00,00,00,00,00,3F,00,FF,00,20,36,0F,00,10,36,36,0F,00,10,36,17,27,0F,0403,00E8,0000,0302,00000000,0000,0018,00000424,00000001,00000000,000004DB,C00004DB,0000855A,00000000,0000FFFF,00FF0000,00000302,00000000,00000000,00000000,00000000,00000000,00FFFD7E,2600
127,genesis,zelda_v521,00C132,0F,0F,86,70,01,00,00,00,00,00,00,01,00,00,00,00,00,00,00,00,00,00,00,00,00,00,B0,00,00,00,00,00,00,00,00,00,00,00,00,00,00,00,00,80,00,00,00,00,00,00,00,00,00,00,00,00,3F,00,FF,00,20,36,0F,00,10,36,36,0F,00,10,36,17,27,0F,0403,00E8,0000,0302,00000000,0000,0018,00000400,00000001,00000000,00000590,C0000001,00000086,00000000,0000FFFF,00FF0000,00000302,00000000,00000000,00000000,00000000,00000000,00FFFDA6,2608
128,genesis,zelda_v521,000EDC,C3,C3,86,BC,00,00,00,00,00,00,00,01,00,00,00,00,00,00,00,00,00,00,00,00,00,00,B0,00,00,00,00,00,00,00,00,00,00,00,00,00,00,00,00,80,00,00,00,00,00,00,00,00,00,00,00,00,3F,00,FF,00,20,36,0F,00,10,36,36,0F,00,10,36,17,27,0F,0403,00E8,0000,0302,00000000,0000,0018,00000400,00000001,00000000,00000644,C0000600,000086C3,00000000,0000FFFF,00FF0000,00000302,00000000,00000000,00000000,00000000,00000000,00FFFD9E,2604
129,genesis,zelda_v521,0008F6,78,78,87,07,00,00,00,00,00,00,00,01,00,00,00,00,00,00,00,00,00,00,00,00,00,00,B0,00,00,00,00,00,00,00,00,00,00,00,00,00,00,00,00,80,00,00,00,00,00,00,00,00,00,00,00,00,3F,00,FF,00,20,36,0F,00,10,36,36,0F,00,10,36,17,27,0F,0403,00E8,0000,0302,00000000,0000,0018,00000400,00000001,00000000,000006F9,C0000600,00008778,00000000,0000FFFF,00FF0000,00000302,00000000,00000000,00000000,00000000,00000000,00FFFD82,2609
130,genesis,zelda_v521,001004,2B,2B,88,54,06,00,00,00,00,00,00,01,00,00,00,00,00,00,00,00,00,00,00,00,00,00,B0,00,00,00,00,00,00,00,00,00,00,00,00,00,00,00,00,80,00,00,00,00,00,00,00,00,00,00,00,00,3F,00,FF,00,20,36,0F,00,10,36,36,0F,00,10,36,17,27,0F,0403,00EA,0000,0302,00000000,0000,0018,00000400,00000003,00000000,000000BC,C0000000,0000882B,00000000,0000FFFF,00FF0000,00000302,00000000,00000000,00000000,00000000,00000000,00FFFD7E,2609
131,genesis,zelda_v521,00C12A,E0,E0,88,9F,05,00,00,00,00,00,00,01,00,00,00,00,00,00,00,00,00,00,00,00,00,00,B0,00,00,00,00,00,00,00,00,00,00,00,00,00,00,00,00,80,00,00,00,00,00,00,00,00,00,00,00,00,3F,00,FF,00,20,36,0F,00,10,36,36,0F,00,10,36,17,27,0F,0403,00EA,0000,0302,00000000,0000,0018,00000400,00000003,00000000,00000171,C0000005,0000059F,00000000,0000FFFF,00FF0000,00000302,00000000,00000000,00000000,00000000,00000000,00FFFDA6,2610
132,genesis,zelda_v521,000ED4,94,94,89,EB,04,00,00,00,00,00,00,01,00,00,00,00,00,00,00,00,00,00,00,00,00,00,B0,00,00,00,00,00,00,00,00,00,00,00,00,00,00,00,00,80,00,00,00,00,00,00,00,00,00,00,00,00,3F,00,FF,00,20,36,0F,00,10,36,36,0F,00,10,36,17,27,0F,0403,00EA,0000,0302,00000000,0000,0018,00000400,00000003,00000000,00000225,C0000200,00008994,00000000,0000FFFF,00FF0000,00000302,00000000,00000000,00000000,00000000,00000000,00FFFD9E,2604
133,genesis,zelda_v521,0008F6,49,49,8A,36,04,00,00,00,00,00,00,01,00,00,00,00,00,00,00,00,00,00,00,00,00,00,B0,00,00,00,00,00,00,00,00,00,00,00,00,00,00,00,00,80,00,00,00,00,00,00,00,00,00,00,00,00,3F,00,FF,00,20,36,0F,00,10,36,36,0F,00,10,36,17,27,0F,0403,00EA,0000,0302,00000000,0000,0018,00000400,00000003,00000000,000002DA,C0000200,00008A49,00000000,0000FFFF,00FF0000,00000302,00000000,00000000,00000000,00000000,00000000,00FFFD82,2609
134,genesis,zelda_v521,00C16C,FE,FE,8A,82,03,00,00,00,00,00,00,01,00,00,00,00,00,00,00,00,00,00,00,00,00,00,B0,00,00,00,00,00,00,00,00,00,00,00,00,00,00,00,00,80,00,00,00,00,00,00,00,00,00,00,00,00,3F,00,FF,00,20,36,0F,00,10,36,36,0F,00,10,36,17,27,0F,0403,00EA,0000,0302,00000000,0000,0018,00000400,00000003,00000000,0000038F,C000008A,00000382,00000000,0000FFFF,00FF0000,00000302,00000000,00000000,00000000,00000000,00000000,00FFFDA6,2608
135,genesis,zelda_v521,0008FE,B2,B2,8B,CD,02,00,00,00,00,00,00,01,00,00,00,00,00,00,00,00,00,00,00,00,00,00,B0,00,00,00,00,00,00,00,00,00,00,00,00,00,00,00,00,80,00,00,00,00,00,00,00,00,00,00,00,00,3F,00,FF,00,20,36,0F,00,10,36,36,0F,00,10,36,17,27,0F,0403,00EA,0000,0302,00000000,0000,0018,00000400,00000003,00000000,00000443,C0000400,00008BB2,00000000,0000FFFF,00FF0000,00000302,00000000,00000000,00000000,00000000,00000000,00FFFDA2,2604
136,genesis,zelda_v521,0008C2,67,67,8C,18,02,00,00,00,00,00,00,01,00,00,00,00,00,00,00,00,00,00,00,00,00,00,B0,00,00,00,00,00,00,00,00,00,00,00,00,00,00,00,00,80,00,00,00,00,00,00,00,00,00,00,00,00,3F,00,FF,00,20,36,0F,00,10,36,36,0F,00,10,36,17,27,0F,0403,00EA,0000,0302,00000000,0000,0018,00000400,00000003,00000000,000004F8,C0000002,00008C67,00000000,0000FFFF,00FF0000,00000302,00000000,00000000,00000000,00000000,00000000,00FFFDA2,2604
137,genesis,zelda_v521,00C156,1C,1C,8D,64,01,00,00,00,00,00,00,01,00,00,00,00,00,00,00,00,00,00,00,00,00,00,B0,00,00,00,00,00,00,00,00,00,00,00,00,00,00,00,00,80,00,00,00,00,00,00,00,00,00,00,00,00,3F,00,FF,00,20,36,0F,00,10,36,36,0F,00,10,36,17,27,0F,0403,00EA,0000,0302,00000000,0000,0018,00000400,00000003,00000000,000005AD,C000008D,00008D1C,00000000,0000FFFF,00FF0000,00000302,00000000,00000000,00000000,00000000,00000000,00FFFDA6,2600
138,genesis,zelda_v521,001010,D0,D0,8D,AF,00,00,00,00,00,00,00,01,00,00,00,00,00,00,00,00,00,00,00,00,00,00,B0,00,00,00,00,00,00,00,00,00,00,00,00,00,00,00,00,80,00,00,00,00,00,00,00,00,00,00,00,00,3F,00,FF,00,20,36,0F,00,10,36,36,0F,00,10,36,17,27,0F,0403,00EA,0000,0302,00000000,0000,0018,00000400,00000003,00000000,00000661,C0000661,00008DD0,00000000,0000FFFF,00FFC000,00000302,00000000,00000000,00000000,00000000,00000000,00FFFD7E,2600
139,genesis,zelda_v521,0008EC,82,82,8E,DD,00,00,00,00,00,00,00,01,00,00,00,00,00,00,00,00,00,00,00,00,00,00,B0,00,00,00,00,00,00,00,00,00,00,00,00,00,00,00,00,80,00,00,00,00,00,00,00,00,00,00,00,00,3F,00,FF,00,20,36,0F,00,10,36,36,0F,00,10,36,17,27,0F,0403,00EC,0000,0302,00000000,0000,0018,00000400,00000005,00000000,00002022,C0002000,00008E82,00000000,0000FFFF,00FF0000,00000302,00000000,00000000,00000000,00000000,00000000,00FFFDA2,2600
140,genesis,zelda_v521,0008D2,1E,1E,8F,41,00,00,00,00,00,00,00,01,00,00,00,00,00,00,00,00,00,00,00,00,00,00,B0,00,00,00,00,00,00,00,00,00,00,00,00,00,00,00,00,80,00,00,00,00,00,00,00,00,00,00,00,00,3F,00,FF,00,20,36,0F,00,10,36,36,0F,00,10,36,17,27,0F,0403,00EC,0000,0302,00000000,0000,0018,00000400,00000005,00000000,000020BE,C0002000,00008F1E,00000000,0000FFFF,00FF0000,00000302,00000000,00000000,00000000,00000000,00000000,00FFFDA2,2609
141,genesis,zelda_v521,0011B6,5F,5F,8F,00,00,00,00,00,00,00,00,01,00,00,00,00,00,00,00,00,00,00,00,00,00,00,B0,00,00,00,00,00,00,00,00,00,00,00,00,00,00,00,00,80,00,00,00,00,00,00,00,00,00,00,00,00,3F,00,FF,00,20,36,0F,00,10,36,36,0F,00,10,36,17,27,0F,0403,00EC,0000,0302,00000000,0000,0018,00000000,00000000,00000000,00000000,00000000,00000000,00000001,000001F0,00FFC0F0,00FFC0F7,00FFC0FF,000011EC,00000000,00000000,00000000,00FFFD6E,2604
142,genesis,zelda_v521,0011C2,5F,5F,8F,00,00,00,00,00,00,00,00,01,00,00,00,00,00,00,00,00,00,00,00,00,00,00,B0,00,00,00,00,00,00,00,00,00,00,00,00,00,00,00,00,80,00,00,00,00,00,00,00,00,00,00,00,00,3F,00,FF,00,20,36,0F,00,10,36,36,0F,00,10,36,17,27,0F,0403,00EC,0000,0302,00000000,0000,0018,00000000,00000000,00000000,00000000,00000000,00000000,00000000,000001D5,00FFC2A0,00FFC2A8,00FFC2B0,000011EC,00000000,00000000,00000000,00FFFD6E,2604
143,genesis,zelda_v521,0011C0,5F,5F,8F,00,00,00,00,00,00,00,00,01,00,00,00,00,00,00,00,00,00,00,00,00,00,00,B0,00,00,00,00,00,00,00,00,00,00,00,00,00,00,00,00,80,00,00,00,00,00,00,00,00,00,00,00,00,3F,00,FF,00,20,36,0F,00,10,36,36,0F,00,10,36,17,27,0F,0403,00EC,0000,0302,00000000,0000,0018,00000000,00000000,00000000,00000000,00000000,00000000,00000007,000001B9,00FFC460,00FFC461,00FFC469,000011EC,00000000,00000000,00000000,00FFFD6E,2604
144,genesis,zelda_v521,0011C6,5F,5F,8F,00,00,00,00,00,00,00,00,01,00,00,00,00,00,00,00,00,00,00,00,00,00,00,B0,00,00,00,00,00,00,00,00,00,00,00,00,00,00,00,00,80,00,00,00,00,00,00,00,00,00,00,00,00,3F,00,FF,00,20,36,0F,00,10,36,36,0F,00,10,36,17,27,0F,0403,00EC,0000,0302,00000000,0000,0018,00000000,00000000,00000000,00000000,00000000,00000000,00000006,0000019E,00FFC610,00FFC612,00FFC61A,000011EC,00000000,00000000,00000000,00FFFD6E,2604
145,genesis,zelda_v521,0011CC,5F,5F,8F,00,00,00,00,00,00,00,00,01,00,00,00,00,00,00,00,00,00,00,00,00,00,00,B0,00,00,00,00,00,00,00,00,00,00,00,00,00,00,00,00,80,00,00,00,00,00,00,00,00,00,00,00,00,3F,00,FF,00,20,36,0F,00,10,36,36,0F,00,10,36,17,27,0F,0403,00EC,0000,0302,00000000,0000,0018,00000000,00000010,00000100,00000000,00000000,00000000,00000005,00000183,00FFC7C0,00FFC7C3,00FFC7CB,000011EC,00000000,00000000,00000000,00FFFD6E,2604
146,genesis,zelda_v521,0011D8,5F,5F,8F,00,00,00,00,00,00,00,00,01,00,00,00,00,00,00,00,00,00,00,00,00,00,00,B0,00,00,00,00,00,00,00,00,00,00,00,00,00,00,00,00,80,00,00,00,00,00,00,00,00,00,00,00,00,3F,00,FF,00,20,36,0F,00,10,36,36,0F,00,10,36,17,27,0F,0403,00EC,0000,0302,00000000,0000,0018,00000000,00000000,00000000,00000000,00000000,00000000,00000004,00000168,00FFC970,00FFC974,00FFC97C,000011EC,00000000,00000000,00000000,00FFFD6E,2604
147,genesis,zelda_v521,0011E2,5F,5F,8F,00,00,00,00,00,00,00,00,01,00,00,00,00,00,00,00,00,00,00,00,00,00,00,B0,00,00,00,00,00,00,00,00,00,00,00,00,00,00,00,00,80,00,00,00,00,00,00,00,00,00,00,00,00,3F,00,FF,00,20,36,0F,00,10,36,36,0F,00,10,36,17,27,0F,0403,00EC,0000,0302,00000000,0000,0018,000000C0,00000000,00011111,00000000,00000003,00000000,00000003,0000014D,00FFCB20,00FFCB25,00FFCB2D,000011EC,00000000,00000000,00000000,00FFFD6E,2600
148,genesis,zelda_v521,0011E6,5F,5F,8F,00,00,00,00,00,00,00,00,01,00,00,00,00,00,00,00,00,00,00,00,00,00,00,B0,00,00,00,00,00,00,00,00,00,00,00,00,00,00,00,00,80,00,00,00,00,00,00,00,00,00,00,00,00,3F,00,FF,00,20,36,0F,00,10,36,36,0F,00,10,36,17,27,0F,0403,00EC,0000,0302,00000000,0000,0018,00000000,00000000,00000000,00000000,00000000,00000000,00000002,00000132,00FFCCD0,00FFCCD6,00FFCCDE,000011EC,00000000,00000000,00000000,00FFFD6E,2604
149,genesis,zelda_v521,00104C,5F,5F,8F,00,00,00,00,00,00,00,00,01,00,00,00,00,00,00,00,00,00,00,00,00,00,00,B0,00,00,00,00,00,00,00,00,00,00,00,00,00,00,00,00,80,00,00,00,00,00,00,00,00,00,00,00,00,3F,00,FF,00,20,36,0F,00,10,36,36,0F,00,10,36,17,27,0F,0403,00EC,0000,0302,00000000,0000,0018,00000000,00000040,22022202,00000004,00000000,00000000,00000001,00000117,00FFCE80,00FFCE87,00FFCE8F,000011EC,00000000,00000000,00000000,00FFFD72,2600
150,genesis,zelda_v521,001054,5F,5F,8F,00,00,00,00,00,00,00,00,01,00,00,00,00,00,00,00,00,00,00,00,00,00,00,B0,00,00,00,00,00,00,00,00,00,00,00,00,00,00,00,00,80,00,00,00,00,00,00,00,00,00,00,00,00,3F,00,FF,00,20,36,0F,00,10,36,36,0F,00,10,36,17,27,0F,0403,00EC,0000,0302,00000000,0000,0018,00000000,00000000,00000000,00000000,00000000,00000000,0000FFFF,000000FC,00FFD040,00FFD038,00FFD040,000011EC,00000000,00000000,00000000,00FFFD72,2604
151,genesis,zelda_v521,00103C,5F,5F,8F,00,00,00,00,00,00,00,00,01,00,00,00,00,00,00,00,00,00,00,00,00,00,00,B0,00,00,00,00,00,00,00,00,00,00,00,00,00,00,00,00,80,00,00,00,00,00,00,00,00,00,00,00,00,3F,00,FF,00,20,36,0F,00,10,36,36,0F,00,10,36,17,27,0F,0403,00EC,0000,0302,00000000,0000,0018,00000000,00000000,11000110,00000002,00000002,00000000,00000006,000000E0,00FFD1F0,00FFD1F1,00FFD1F9,000011EC,00000000,00000000,00000000,00FFFD72,2604
152,genesis,zelda_v521,00116C,5F,5F,8F,00,00,00,00,00,00,00,00,01,00,00,00,00,00,00,00,00,00,00,00,00,00,00,B0,00,00,00,00,00,00,00,00,00,00,00,00,00,00,00,00,80,00,00,00,00,00,00,00,00,00,00,00,00,3F,00,FF,00,20,36,0F,00,10,36,36,0F,00,10,36,17,27,0F,0403,00EC,0000,0302,00000000,0000,0018,00000000,00000000,00000000,00000000,00000000,00000000,00000005,000000C5,00FFD3A0,00FFD3A3,00FFD3AB,000011EC,00000000,00000000,00000000,00FFFD6E,2604
153,genesis,zelda_v521,001178,5F,5F,8F,00,00,00,00,00,00,00,00,01,00,00,00,00,00,00,00,00,00,00,00,00,00,00,B0,00,00,00,00,00,00,00,00,00,00,00,00,00,00,00,00,80,00,00,00,00,00,00,00,00,00,00,00,00,3F,00,FF,00,20,36,0F,00,10,36,36,0F,00,10,36,17,27,0F,0403,00EC,0000,0302,00000000,0000,0018,00000000,00000000,00000000,00000000,00000000,00000000,00000004,000000AA,00FFD550,00FFD554,00FFD55C,000011EC,00000000,00000000,00000000,00FFFD6E,2604
154,genesis,zelda_v521,001182,5F,5F,8F,00,00,00,00,00,00,00,00,01,00,00,00,00,00,00,00,00,00,00,00,00,00,00,B0,00,00,00,00,00,00,00,00,00,00,00,00,00,00,00,00,80,00,00,00,00,00,00,00,00,00,00,00,00,3F,00,FF,00,20,36,0F,00,10,36,36,0F,00,10,36,17,27,0F,0403,00EC,0000,0302,00000000,0000,0018,00000000,00000000,00000000,00000000,00000000,00000000,00000003,0000008F,00FFD700,00FFD705,00FFD70D,000011EC,00000000,00000000,00000000,00FFFD6E,2604
155,genesis,zelda_v521,00118A,5F,5F,8F,00,00,00,00,00,00,00,00,01,00,00,00,00,00,00,00,00,00,00,00,00,00,00,B0,00,00,00,00,00,00,00,00,00,00,00,00,00,00,00,00,80,00,00,00,00,00,00,00,00,00,00,00,00,3F,00,FF,00,20,36,0F,00,10,36,36,0F,00,10,36,17,27,0F,0403,00EC,0000,0302,00000000,0000,0018,00000080,00000000,00000010,00000002,00000002,00000000,00000002,00000074,00FFD8B0,00FFD8B6,00FFD8BE,000011EC,00000000,00000000,00000000,00FFFD6E,2600
156,genesis,zelda_v521,001190,5F,5F,8F,00,00,00,00,00,00,00,00,01,00,00,00,00,00,00,00,00,00,00,00,00,00,00,B0,00,00,00,00,00,00,00,00,00,00,00,00,00,00,00,00,80,00,00,00,00,00,00,00,00,00,00,00,00,3F,00,FF,00,20,36,0F,00,10,36,36,0F,00,10,36,17,27,0F,0403,00EC,0000,0302,00000000,0000,0018,000000FC,00000000,00000011,00000000,00000003,00000000,00000001,00000059,00FFDA60,00FFDA67,00FFDA6F,000011EC,00000000,00000000,00000000,00FFFD6E,2604
157,genesis,zelda_v521,00119C,5F,5F,8F,00,00,00,00,00,00,00,00,01,00,00,00,00,00,00,00,00,00,00,00,00,00,00,B0,00,00,00,00,00,00,00,00,00,00,00,00,00,00,00,00,80,00,00,00,00,00,00,00,00,00,00,00,00,3F,00,FF,00,20,36,0F,00,10,36,36,0F,00,10,36,17,27,0F,0403,00EC,0000,0302,00000000,0000,0018,00000000,00000000,00000000,00000000,00000000,00000000,00000000,0000003E,00FFDC10,00FFDC18,00FFDC20,000011EC,00000000,00000000,00000000,00FFFD6E,2604
158,genesis,zelda_v521,00119A,5F,5F,8F,00,00,00,00,00,00,00,00,01,00,00,00,00,00,00,00,00,00,00,00,00,00,00,B0,00,00,00,00,00,00,00,00,00,00,00,00,00,00,00,00,80,00,00,00,00,00,00,00,00,00,00,00,00,3F,00,FF,00,20,36,0F,00,10,36,36,0F,00,10,36,17,27,0F,0403,00EC,0000,0302,00000000,0000,0018,000000B8,00000044,00000011,00000004,00000000,00000000,00000007,00000022,00FFDDD0,00FFDDD1,00FFDDD9,000011EC,00000000,00000000,00000000,00FFFD6E,2604
159,genesis,zelda_v521,0011A4,5F,5F,8F,00,00,00,00,00,00,00,00,01,00,00,00,00,00,00,00,00,00,00,00,00,00,00,B0,00,00,00,00,00,00,00,00,00,00,00,00,00,00,00,00,80,00,00,00,00,00,00,00,00,00,00,00,00,3F,00,FF,00,20,36,0F,00,10,36,36,0F,00,10,36,17,27,0F,0403,00EC,0000,0302,00000000,0000,0018,00000000,00000000,00000000,00000000,00000000,00000000,00000006,00000007,00FFDF80,00FFDF82,00FFDF8A,000011EC,00000000,00000000,00000000,00FFFD6E,2604
160,genesis,zelda_v521,001182,5F,5F,8F,00,00,00,00,00,00,00,00,01,00,00,00,00,00,00,00,00,00,00,00,00,00,00,B0,00,00,00,00,00,00,00,00,00,00,00,00,00,00,00,00,80,00,00,00,00,00,00,00,00,00,00,00,00,3F,00,FF,00,20,36,0F,00,10,36,36,0F,00,10,36,17,27,0F,0403,00EC,0000,0302,00000000,0000,0018,00000000,00000000,00000000,00000000,00000000,00000000,00000005,000001EC,00FFC130,00FFC133,00FFC13B,000011FC,00000000,00000000,00000000,00FFFD6E,2604
161,genesis,zelda_v521,001186,5F,5F,8F,00,00,00,00,00,00,00,00,01,00,00,00,00,00,00,00,00,00,00,00,00,00,00,B0,00,00,00,00,00,00,00,00,00,00,00,00,00,00,00,00,80,00,00,00,00,00,00,00,00,00,00,00,00,3F,00,FF,00,20,36,0F,00,10,36,36,0F,00,10,36,17,27,0F,0403,00EC,0000,0302,00000000,0000,0018,00000000,00000000,00000000,00000000,00000000,00000000,00000004,000001D1,00FFC2E0,00FFC2E4,00FFC2EC,000011FC,00000000,00000000,00000000,00FFFD6E,2604
162,genesis,zelda_v521,00118E,5F,5F,8F,00,00,00,00,00,00,00,00,01,00,00,00,00,00,00,00,00,00,00,00,00,00,00,B0,00,00,00,00,00,00,00,00,00,00,00,00,00,00,00,00,80,00,00,00,00,00,00,00,00,00,00,00,00,3F,00,FF,00,20,36,0F,00,10,36,36,0F,00,10,36,17,27,0F,0403,00EC,0000,0302,00000000,0000,0018,00000000,00000000,00000000,00000000,00000000,00000000,00000003,000001B6,00FFC490,00FFC495,00FFC49D,000011FC,00000000,00000000,00000000,00FFFD6E,2604
163,genesis,zelda_v521,00119A,5F,5F,8F,00,00,00,00,00,00,00,00,01,00,00,00,00,00,00,00,00,00,00,00,00,00,00,B0,00,00,00,00,00,00,00,00,00,00,00,00,00,00,00,00,80,00,00,00,00,00,00,00,00,00,00,00,00,3F,00,FF,00,20,36,0F,00,10,36,36,0F,00,10,36,17,27,0F,0403,00EC,0000,0302,00000000,0000,0018,00000000,00000000,00000000,00000000,00000000,00000000,00000002,0000019B,00FFC640,00FFC646,00FFC64E,000011FC,00000000,00000000,00000000,00FFFD6E,2604
164,genesis,zelda_v521,0011A4,5F,5F,8F,00,00,00,00,00,00,00,00,01,00,00,00,00,00,00,00,00,00,00,00,00,00,00,B0,00,00,00,00,00,00,00,00,00,00,00,00,00,00,00,00,80,00,00,00,00,00,00,00,00,00,00,00,00,3F,00,FF,00,20,36,0F,00,10,36,36,0F,00,10,36,17,27,0F,0403,00EC,0000,0302,00000000,0000,0018,00000060,00000000,00000000,00000001,00000001,00000000,00000001,00000180,00FFC7F0,00FFC7F7,00FFC7FF,000011FC,00000000,00000000,00000000,00FFFD6E,2600
165,genesis,zelda_v521,0011AA,5F,5F,8F,00,00,00,00,00,00,00,00,01,00,00,00,00,00,00,00,00,00,00,00,00,00,00,B0,00,00,00,00,00,00,00,00,00,00,00,00,00,00,00,00,80,00,00,00,00,00,00,00,00,00,00,00,00,3F,00,FF,00,20,36,0F,00,10,36,36,0F,00,10,36,17,27,0F,0403,00EC,0000,0302,00000000,0000,0018,00000004,000000FC,00000666,0000000C,00000000,00000000,00000000,00000165,00FFC9A0,00FFC9A8,00FFC9B0,000011FC,00000000,00000000,00000000,00FFFD6E,2600
166,genesis,zelda_v521,0011AA,5F,5F,8F,00,00,00,00,00,00,00,00,01,00,00,00,00,00,00,00,00,00,00,00,00,00,00,B0,00,00,00,00,00,00,00,00,00,00,00,00,00,00,00,00,80,00,00,00,00,00,00,00,00,00,00,00,00,3F,00,FF,00,20,36,0F,00,10,36,36,0F,00,10,36,17,27,0F,0403,00EC,0000,0302,00000000,0000,0018,00000000,00000000,00000000,00000000,00000000,00000000,00000007,00000149,00FFCB60,00FFCB61,00FFCB69,000011FC,00000000,00000000,00000000,00FFFD6E,2604
167,genesis,zelda_v521,0011B0,5F,5F,8F,00,00,00,00,00,00,00,00,01,00,00,00,00,00,00,00,00,00,00,00,00,00,00,B0,00,00,00,00,00,00,00,00,00,00,00,00,00,00,00,00,80,00,00,00,00,00,00,00,00,00,00,00,00,3F,00,FF,00,20,36,0F,00,10,36,36,0F,00,10,36,17,27,0F,0403,00EC,0000,0302,00000000,0000,0018,00000080,00000090,00000766,00000000,00000000,00000000,00000006,0000012E,00FFCD10,00FFCD12,00FFCD1A,000011FC,00000000,00000000,00000000,00FFFD6E,2614
168,genesis,zelda_v521,0011BC,5F,5F,8F,00,00,00,00,00,00,00,00,01,00,00,00,00,00,00,00,00,00,00,00,00,00,00,B0,00,00,00,00,00,00,00,00,00,00,00,00,00,00,00,00,80,00,00,00,00,00,00,00,00,00,00,00,00,3F,00,FF,00,20,36,0F,00,10,36,36,0F,00,10,36,17,27,0F,0403,00EC,0000,0302,00000000,0000,0018,00000000,000000F0,00006666,0000000C,00000000,00000000,00000005,00000113,00FFCEC0,00FFCEC3,00FFCECB,000011FC,00000000,00000000,00000000,00FFFD6E,2604
169,genesis,zelda_v521,0011C6,5F,5F,8F,00,00,00,00,00,00,00,00,01,00,00,00,00,00,00,00,00,00,00,00,00,00,00,B0,00,00,00,00,00,00,00,00,00,00,00,00,00,00,00,00,80,00,00,00,00,00,00,00,00,00,00,00,00,3F,00,FF,00,20,36,0F,00,10,36,36,0F,00,10,36,17,27,0F,0403,00EC,0000,0302,00000000,0000,0018,00000080,00000000,00000500,00000002,00000002,00000000,00000004,000000F8,00FFD070,00FFD074,00FFD07C,000011FC,00000000,00000000,00000000,00FFFD6E,2600
170,genesis,zelda_v521,0011CC,5F,5F,8F,00,00,00,00,00,00,00,00,01,00,00,00,00,00,00,00,00,00,00,00,00,00,00,B0,00,00,00,00,00,00,00,00,00,00,00,00,00,00,00,00,80,00,00,00,00,00,00,00,00,00,00,00,00,3F,00,FF,00,20,36,0F,00,10,36,36,0F,00,10,36,17,27,0F,0403,00EC,0000,0302,00000000,0000,0018,00000000,00000000,00000550,00000002,00000002,00000000,00000003,000000DD,00FFD220,00FFD225,00FFD22D,000011FC,00000000,00000000,00000000,00FFFD6E,2604
171,genesis,zelda_v521,0011D6,5F,5F,8F,00,00,00,00,00,00,00,00,01,00,00,00,00,00,00,00,00,00,00,00,00,00,00,B0,00,00,00,00,00,00,00,00,00,00,00,00,00,00,00,00,80,00,00,00,00,00,00,00,00,00,00,00,00,3F,00,FF,00,20,36,0F,00,10,36,36,0F,00,10,36,17,27,0F,0403,00EC,0000,0302,00000000,0000,0018,00000000,00000000,00000000,00000000,00000000,00000000,00000002,000000C2,00FFD3D0,00FFD3D6,00FFD3DE,000011FC,00000000,00000000,00000000,00FFFD6E,2604
172,genesis,zelda_v521,0011E2,5F,5F,8F,00,00,00,00,00,00,00,00,01,00,00,00,00,00,00,00,00,00,00,00,00,00,00,B0,00,00,00,00,00,00,00,00,00,00,00,00,00,00,00,00,80,00,00,00,00,00,00,00,00,00,00,00,00,3F,00,FF,00,20,36,0F,00,10,36,36,0F,00,10,36,17,27,0F,0403,00EC,0000,0302,00000000,0000,0018,00000000,00000000,00000000,00000000,00000000,00000000,00000001,000000A7,00FFD580,00FFD587,00FFD58F,000011FC,00000000,00000000,00000000,00FFFD6E,2604
173,genesis,zelda_v521,0011E6,5F,5F,8F,00,00,00,00,00,00,00,00,01,00,00,00,00,00,00,00,00,00,00,00,00,00,00,B0,00,00,00,00,00,00,00,00,00,00,00,00,00,00,00,00,80,00,00,00,00,00,00,00,00,00,00,00,00,3F,00,FF,00,20,36,0F,00,10,36,36,0F,00,10,36,17,27,0F,0403,00EC,0000,0302,00000000,0000,0018,00000000,00000000,00000000,00000000,00000000,00000000,00000000,0000008C,00FFD730,00FFD738,00FFD740,000011FC,00000000,00000000,00000000,00FFFD6E,2604
174,genesis,zelda_v521,0011E6,5F,5F,8F,00,00,00,00,00,00,00,00,01,00,00,00,00,00,00,00,00,00,00,00,00,00,00,B0,00,00,00,00,00,00,00,00,00,00,00,00,00,00,00,00,80,00,00,00,00,00,00,00,00,00,00,00,00,3F,00,FF,00,20,36,0F,00,10,36,36,0F,00,10,36,17,27,0F,0403,00EC,0000,0302,00000000,0000,0018,000000C0,000000C0,77777700,0000000F,00000003,00000000,00000007,00000070,00FFD8F0,00FFD8F1,00FFD8F9,000011FC,00000000,00000000,00000000,00FFFD6E,2600
175,genesis,zelda_v521,001082,5F,5F,8F,00,00,00,00,00,00,00,00,01,00,00,00,00,00,00,00,00,00,00,00,00,00,00,B0,00,00,00,00,00,00,00,00,00,00,00,00,00,00,00,00,80,00,00,00,00,00,00,00,00,00,00,00,00,3F,00,FF,00,20,36,0F,00,10,36,36,0F,00,10,36,17,27,0F,0403,00EC,0000,0302,00000000,0000,0018,000000C0,000000C0,55555577,0000000F,00000003,00000000,00000006,00000055,00FFDAA0,00FFDAA2,00FFDAAA,000011FC,00000000,00000000,00000000,00FFFD72,2600
176,genesis,zelda_v521,001076,5F,5F,8F,00,00,00,00,00,00,00,00,01,00,00,00,00,00,00,00,00,00,00,00,00,00,00,B0,00,00,00,00,00,00,00,00,00,00,00,00,00,00,00,00,80,00,00,00,00,00,00,00,00,00,00,00,00,3F,00,FF,00,20,36,0F,00,10,36,36,0F,00,10,36,17,27,0F,0403,00EC,0000,0302,00000000,0000,0018,00000080,00000080,67666670,0000000A,00000002,00000000,00000004,0000003A,00FFDC50,00FFDC53,00FFDC5B,000011FC,00000000,00000000,00000000,00FFFD72,2600
177,genesis,zelda_v521,00116C,5F,5F,8F,00,00,00,00,00,00,00,00,01,00,00,00,00,00,00,00,00,00,00,00,00,00,00,B0,00,00,00,00,00,00,00,00,00,00,00,00,00,00,00,00,80,00,00,00,00,00,00,00,00,00,00,00,00,3F,00,FF,00,20,36,0F,00,10,36,36,0F,00,10,36,17,27,0F,0403,00EC,0000,0302,00000000,0000,0018,000000F9,0000009E,77557775,0000000B,00000003,00000000,00000003,0000001F,00FFDE00,00FFDE05,00FFDE0D,000011FC,00000000,00000000,00000000,00FFFD6E,2608
178,genesis,zelda_v521,001178,5F,5F,8F,00,00,00,00,00,00,00,00,01,00,00,00,00,00,00,00,00,00,00,00,00,00,00,B0,00,00,00,00,00,00,00,00,00,00,00,00,00,00,00,00,80,00,00,00,00,00,00,00,00,00,00,00,00,3F,00,FF,00,20,36,0F,00,10,36,36,0F,00,10,36,17,27,0F,0403,00EC,0000,0302,00000000,0000,0018,000000FE,000000FE,00000000,0000000C,00000002,00000000,00000002,00000004,00FFDFB0,00FFDFB6,00FFDFBE,000011FC,00000000,00000000,00000000,00FFFD6E,2600
179,genesis,zelda_v521,0012D0,00,00,03,00,00,00,00,00,00,00,00,02,00,00,00,00,00,00,00,00,A5,00,00,00,00,1E,B0,00,00,00,00,00,00,00,00,00,00,00,00,00,00,00,00,80,00,00,00,00,00,00,00,00,00,00,00,00,3F,00,FF,00,20,36,0F,00,10,36,36,0F,00,10,36,17,27,0F,0421,0100,0000,0302,00000000,0000,001A,0000C100,41000002,00000100,000003C7,0000005F,00000000,00000007,0000001F,00FF8200,00000302,00000000,00000000,00000000,00000000,00000000,00FFFD7A,2600
180,genesis,zelda_v521,00128A,00,00,03,00,00,00,00,00,00,00,00,02,00,00,00,00,00,00,00,00,A5,00,00,00,00,1E,B0,00,00,00,00,00,00,00,00,00,00,00,00,00,00,00,00,80,00,00,00,00,00,00,00,00,00,00,00,00,3F,00,FF,00,20,36,0F,00,10,36,36,0F,00,10,36,17,27,0F,0421,0100,0000,0302,00000000,0000,001A,0000C400,44000008,00000024,0000C41A,0000010E,00000000,0000010E,0000000E,00FF8200,00000302,00000000,00000000,00000000,00000000,00000000,00FFFD7A,2604
181,genesis,zelda_v521,0012D6,00,00,03,00,00,00,00,00,00,00,00,02,00,00,00,00,00,00,00,00,A5,00,00,00,00,1E,B0,00,00,00,00,00,00,00,00,00,00,00,00,00,00,00,00,80,00,00,00,00,00,00,00,00,00,00,00,00,3F,00,FF,00,20,36,0F,00,10,36,36,0F,00,10,36,17,27,0F,0421,0100,0000,0302,00000000,0000,001A,0000C600,4680000D,00000124,000003DF,000001BD,00000000,00000024,0000001D,00FF8200,00000302,00000000,00000000,00000000,00000000,00000000,00FFFD7A,2600
182,genesis,zelda_v521,00126E,00,00,03,00,00,00,00,00,00,00,00,02,00,00,00,00,00,00,00,00,A5,00,00,00,00,1E,B0,00,00,00,00,00,00,00,00,00,00,00,00,00,00,00,00,80,00,00,00,00,00,00,00,00,00,00,00,00,3F,00,FF,00,20,36,0F,00,10,36,36,0F,00,10,36,17,27,0F,0421,0100,0000,0302,00000000,0000,001A,0000C996,49800013,00000124,0000C996,0000026C,00000000,00000013,0000000A,00FF8200,00000302,00000000,00000000,00000000,00000000,00000000,00FFFD7A,2615
183,genesis,zelda_v521,00127E,00,00,03,00,00,00,00,00,00,00,00,02,00,00,00,00,00,00,00,00,A5,00,00,00,00,1E,B0,00,00,00,00,00,00,00,00,00,00,00,00,00,00,00,00,80,00,00,00,00,00,00,00,00,00,00,00,00,3F,00,FF,00,20,36,0F,00,10,36,36,0F,00,10,36,17,27,0F,0421,0100,0000,0302,00000000,0000,001A,0000CC34,4C000018,00000124,0000CC34,0000031B,00000000,0000031B,0000001B,00FF8200,00000302,00000000,00000000,00000000,00000000,00000000,00FFFD7A,2611
184,genesis,zelda_v521,000D0E,00,00,03,00,00,00,00,00,00,00,00,02,00,00,00,00,00,00,00,00,A5,00,00,00,00,1E,B0,00,00,00,00,00,00,00,00,00,00,00,00,00,00,00,00,80,00,00,00,00,00,00,00,00,00,00,00,00,3F,00,FF,00,20,36,0F,00,10,36,36,0F,00,10,36,17,27,0F,0421,0100,0000,0302,00000000,0000,001A,00000022,00000025,00000000,00000001,00000009,00000002,00000A00,0000FFFF,00FF9200,00000E12,00000000,00000000,00000000,00000000,00000000,00FFFD96,2600
185,genesis,zelda_v521,000F46,20,20,24,00,00,00,00,00,00,00,00,03,00,00,00,00,00,00,00,00,A5,00,00,00,00,00,B0,00,00,00,00,00,00,00,00,00,00,00,00,00,00,00,00,80,00,00,00,00,00,00,00,00,00,00,00,00,3F,00,FF,00,20,36,0F,00,10,36,36,0F,00,10,36,17,27,0F,0403,0115,0000,0302,00000000,0000,001C,00000424,00000004,0000006B,00002095,C0002000,00000302,00000000,0000FFFF,00FF0200,0000D122,00000000,00000000,00000000,00000000,00000000,00FFFD72,2609
186,genesis,zelda_v521,0008E4,20,20,24,00,00,00,00,00,00,00,00,03,00,00,00,00,00,00,00,00,A5,00,00,00,00,00,B0,00,00,00,00,00,00,00,00,00,00,00,00,00,00,00,00,80,00,00,00,00,00,00,00,00,00,00,00,00,3F,00,FF,00,20,36,0F,00,10,36,36,0F,00,10,36,17,27,0F,0403,0115,0000,0302,00000000,0000,001C,00000424,00000003,0000008F,00002171,C0002100,00000302,00000000,0000FFFF,00FF0200,0000D122,00000000,00000000,00000000,00000000,00000000,00FFFD7A,2609
187,genesis,zelda_v521,0008EC,20,20,24,00,00,00,00,00,00,00,00,03,00,00,00,00,00,00,00,00,A5,00,00,00,00,00,B0,00,00,00,00,00,00,00,00,00,00,00,00,00,00,00,00,80,00,00,00,00,00,00,00,00,00,00,00,00,3F,00,FF,00,20,36,0F,00,10,36,36,0F,00,10,36,17,27,0F,0403,0115,0000,0302,00000000,0000,001C,00000424,00000002,000000A6,0000225A,C0002200,00000302,00000000,0000FFFF,00FF0200,0000D122,00000000,00000000,00000000,00000000,00000000,00FFFD9E,2604
188,genesis,zelda_v521,000EE4,20,20,24,00,00,00,00,00,00,00,00,03,00,00,00,00,00,00,00,00,A5,00,00,00,00,00,B0,00,00,00,00,00,00,00,00,00,00,00,00,00,00,00,00,80,00,00,00,00,00,00,00,00,00,00,00,00,3F,00,FF,00,20,36,0F,00,10,36,36,0F,00,10,36,17,27,0F,0403,0115,0000,0302,00000000,0000,001C,00000424,00000001,000000C5,0000233C,C0002300,00000302,00000000,0000FFFF,00FF0200,0000D122,00000000,00000000,00000000,00000000,00000000,00FFFD9A,2600
189,genesis,zelda_v521,000EC6,20,20,24,00,00,00,00,00,00,00,00,03,00,00,00,00,00,00,00,00,A5,00,00,00,00,00,B0,00,00,00,00,00,00,00,00,00,00,00,00,00,00,00,00,80,00,00,00,00,00,00,00,00,00,00,00,00,3F,00,FF,00,20,36,0F,00,10,36,36,0F,00,10,36,17,27,0F,0403,0117,0000,0302,00000000,0000,001C,00000400,00000021,00000000,000022DF,C0002200,00000302,00000000,0000FFFF,00FF0200,0000D122,00000000,00000000,00000000,00000000,00000000,00FFFD9A,2600
190,genesis,zelda_v521,0008EC,28,28,24,00,00,00,00,00,00,00,00,03,00,00,00,00,00,00,00,00,A5,00,00,00,00,00,B0,00,00,00,00,00,00,00,00,00,00,00,00,00,00,00,00,80,00,00,00,00,00,00,00,00,00,00,00,00,3F,00,FF,00,20,36,0F,00,10,36,36,0F,00,10,36,17,27,0F,0403,0119,0000,0302,00000000,0000,001C,00000424,00000004,0000003E,000028C2,C0002800,00000302,00000000,0000FFFF,00FF0200,0000D122,00000000,00000000,00000000,00000000,00000000,00FFFDA2,2604
191,genesis,zelda_v521,0008DA,28,28,24,00,00,00,00,00,00,00,00,03,00,00,00,00,00,00,00,00,A5,00,00,00,00,00,B0,00,00,00,00,00,00,00,00,00,00,00,00,00,00,00,00,80,00,00,00,00,00,00,00,00,00,00,00,00,3F,00,FF,00,20,36,0F,00,10,36,36,0F,00,10,36,17,27,0F,0403,0119,0000,0302,00000000,0000,001C,00000424,00000003,00000054,000029AC,C0002900,00000302,00000000,0000FFFF,00FF0200,0000D122,00000000,00000000,00000000,00000000,00000000,00FFFDA2,2600
192,genesis,zelda_v521,0008E8,28,28,24,00,00,00,00,00,00,00,00,03,00,00,00,00,00,00,00,00,A5,00,00,00,00,00,B0,00,00,00,00,00,00,00,00,00,00,00,00,00,00,00,00,80,00,00,00,00,00,00,00,00,00,00,00,00,3F,00,FF,00,20,36,0F,00,10,36,36,0F,00,10,36,17,27,0F,0403,0119,0000,0302,00000000,0000,001C,00000424,00000002,0000006B,00002A95,C0000295,00000302,00000000,0000FFFF,00FF8200,0000D122,00000000,00000000,00000000,00000000,00000000,00FFFD7E,2604
193,genesis,zelda_v521,000ECC,28,28,24,00,00,00,00,00,00,00,00,03,00,00,00,00,00,00,00,00,A5,00,00,00,00,00,B0,00,00,00,00,00,00,00,00,00,00,00,00,00,00,00,00,80,00,00,00,00,00,00,00,00,00,00,00,00,3F,00,FF,00,20,36,0F,00,10,36,36,0F,00,10,36,17,27,0F,0403,0119,0000,0302,00000000,0000,001C,00000424,00000001,0000008A,00002B76,C0002B00,00000302,00000000,0000FFFF,00FF0200,0000D122,00000000,00000000,00000000,00000000,00000000,00FFFD9E,2600
194,genesis,zelda_v521,000AB4,28,28,24,00,00,00,00,00,00,00,00,03,00,00,00,00,00,00,00,00,A5,00,00,00,00,00,B0,00,00,00,00,00,00,00,01,00,00,00,00,00,00,00,00,80,00,00,00,00,00,00,00,00,00,00,00,00,3F,00,FF,00,20,36,0F,00,10,36,36,0F,00,10,36,17,27,0F,0421,011D,0000,0302,00000000,0000,001C,0000000F,00000024,00000000,000000F8,C0008100,00000300,00000000,00000031,00FF0200,00FF023C,00000000,00000000,00000000,00000000,00000000,00FFFDB2,2614
195,genesis,zelda_v521,0008F6,00,00,03,00,00,00,00,00,00,00,00,04,00,00,00,00,00,00,00,00,A5,00,00,00,00,00,B0,00,00,00,00,00,00,00,02,00,00,00,00,00,00,00,00,80,00,00,00,00,00,00,00,00,00,00,00,00,23,23,3F,00,20,36,0F,00,10,36,36,0F,00,10,36,17,27,0F,0203,0133,0000,0302,00000000,0000,001E,00000424,78000604,00000017,000003BF,C01E0300,00000000,00000000,0000FFFF,00FF0200,00FF0003,00000000,00000000,00000000,00000000,00000000,00FFFDD4,2009
196,genesis,zelda_v521,00126C,02,02,03,00,00,00,00,00,00,00,00,04,00,00,00,00,00,00,00,00,A5,00,00,00,00,1E,B0,00,00,00,00,00,00,00,02,00,00,00,00,00,00,00,00,80,00,00,00,00,00,00,00,00,00,00,00,00,23,23,3F,00,20,36,0F,00,10,36,36,0F,00,10,36,17,27,0F,0403,0139,0000,0302,00000000,0000,0021,0000C28C,42800005,00000124,0000C28C,000000A7,00000000,00000018,00000018,00FF8200,00000302,00000000,00000000,00000000,00000000,00000000,00FFFD6A,2615
197,genesis,zelda_v521,00127A,02,02,03,00,00,00,00,00,00,00,00,04,00,00,00,00,00,00,00,00,A5,00,00,00,00,1E,B0,00,00,00,00,00,00,00,02,00,00,00,00,00,00,00,00,80,00,00,00,00,00,00,00,00,00,00,00,00,23,23,3F,00,20,36,0F,00,10,36,36,0F,00,10,36,17,27,0F,0403,0139,0000,0302,00000000,0000,0021,0000C52A,4500000A,00000124,0000C52A,00000156,00000000,00000156,00000016,00FF8200,00000302,00000000,00000000,00000000,00000000,00000000,00FFFD6A,2600
198,genesis,zelda_v521,001308,02,02,03,00,00,00,00,00,00,00,00,04,00,00,00,00,00,00,00,00,A5,00,00,00,00,1E,B0,00,00,00,00,00,00,00,02,00,00,00,00,00,00,00,00,80,00,00,00,00,00,00,00,00,00,00,00,00,23,23,3F,00,20,36,0F,00,10,36,36,0F,00,10,36,17,27,0F,0403,0139,0000,0302,00000000,0000,0021,0000C808,48000010,00000124,00000000,00000204,00000000,00000124,00000004,00FF8200,00000302,00000000,00000000,00000000,00000000,00000000,00FFFD6A,2608
199,genesis,zelda_v521,001262,02,02,03,00,00,00,00,00,00,00,00,04,00,00,00,00,00,00,00,00,A5,00,00,00,00,1E,B0,00,00,00,00,00,00,00,02,00,00,00,00,00,00,00,00,80,00,00,00,00,00,00,00,00,00,00,00,00,23,23,3F,00,20,36,0F,00,10,36,36,0F,00,10,36,17,27,0F,0403,0139,0000,0302,00000000,0000,0021,0000CAA6,4A800015,00000124,0000CAA6,000002B4,00000000,0000000B,00000008,00FF8200,00000302,00000000,00000000,00000000,00000000,00000000,00FFFD6A,2600
200,genesis,zelda_v521,001304,02,02,03,00,00,00,00,00,00,00,00,04,00,00,00,00,00,00,00,00,A5,00,00,00,00,1E,B0,00,00,00,00,00,00,00,02,00,00,00,00,00,00,00,00,80,00,00,00,00,00,00,00,00,00,00,00,00,23,23,3F,00,20,36,0F,00,10,36,36,0F,00,10,36,17,27,0F,0403,0139,0000,0302,00000000,0000,0021,00000D84,4D80001B,00000124,00000002,00000362,00000000,00000124,00000002,00FF8200,00000302,00000000,00000000,00000000,00000000,00000000,00FFFD6A,2600
201,genesis,zelda_v521,025234,00,00,03,00,00,00,00,01,00,00,10,05,00,00,00,00,00,00,00,00,A5,00,00,00,00,00,B0,00,00,00,00,00,00,00,00,00,00,00,00,00,00,00,00,80,00,00,00,00,00,00,00,00,00,00,00,00,3F,00,FF,00,20,36,0F,00,10,36,36,0F,00,10,36,17,27,0F,0440,0152,0010,A869,0002537E,0000,0025,00003680,00000010,00000020,00003608,0002537E,0000A869,00000000,0000FFFF,00024BE0,0002537F,00000000,00000000,00000000,00000000,00000000,00FFFDA6,2600
202,genesis,zelda_v521,0252A6,00,00,03,00,00,00,00,01,00,00,10,05,00,00,00,00,00,00,00,00,A5,00,00,00,00,00,B0,00,00,00,00,00,00,00,00,00,00,00,00,00,00,00,00,80,00,00,00,00,00,00,00,00,00,00,00,00,3F,00,FF,00,20,36,0F,00,10,36,36,0F,00,10,36,17,27,0F,0403,0160,0010,A869,0002537E,0000,0025,00000424,0000001D,00000020,000020C4,00022000,0000A869,00000000,0000FFFF,00024BE0,00025457,00000000,00000000,00000000,00000000,00000000,00FFFDA2,2600
203,genesis,zelda_v521,025298,00,00,03,00,00,00,00,01,00,00,10,05,00,00,00,00,00,00,00,00,A5,00,00,00,00,00,B0,00,00,00,00,00,00,00,00,00,00,00,00,00,00,00,00,80,00,00,00,00,00,00,00,00,00,00,00,00,3F,00,FF,00,20,36,0F,00,10,36,36,0F,00,10,36,17,27,0F,0403,016C,0010,A869,0002537E,0000,0025,000004B0,00000020,00000021,00000020,00028100,0000A869,00000000,0000FFFF,00024BE0,00025525,00000000,00000000,00000000,00000000,00000000,00FFFDA6,2604
204,genesis,zelda_v521,0008EC,00,00,03,00,00,00,00,01,00,00,10,05,00,00,00,00,00,00,00,00,A5,00,00,00,00,00,B0,00,00,00,00,00,00,00,00,00,00,00,00,00,00,00,00,80,00,00,00,00,00,00,00,00,00,00,00,00,3F,00,FF,00,20,36,0F,00,10,36,36,0F,00,10,36,17,27,0F,0403,0176,0010,A869,0002537E,0000,0025,000004DF,00000001,00000022,0000223F,00022200,0000A869,00000000,0000FFFF,00024BE0,000255F4,00000000,00000000,00000000,00000000,00000000,00FFFD9C,2600
205,genesis,zelda_v521,02529A,00,00,03,00,00,00,00,01,00,00,10,05,00,00,00,00,00,00,00,00,A5,00,00,00,00,00,B0,00,00,00,00,00,00,00,00,00,00,00,00,00,00,00,00,80,00,00,00,00,00,00,00,00,00,00,00,00,3F,00,FF,00,20,36,0F,00,10,36,36,0F,00,10,36,17,27,0F,0403,0182,0010,A869,0002537E,0000,0025,000004DA,00000003,00000022,000022FD,00022200,0000A869,00000000,0000FFFF,00024BE0,000256C3,00000000,00000000,00000000,00000000,00000000,00FFFDA6,2600
206,genesis,zelda_v521,0008E4,00,00,03,00,00,00,00,01,00,00,10,05,00,00,00,00,00,00,00,00,A5,00,00,00,00,00,B0,00,00,00,00,00,00,00,00,00,00,00,00,00,00,00,00,80,00,00,00,00,00,00,00,00,00,00,00,00,3F,00,FF,00,20,36,0F,00,10,36,36,0F,00,10,36,17,27,0F,0403,018E,0010,A869,0002537E,0000,0025,000004DA,0000000E,00000023,000023B2,00022300,0000A869,00000000,0000FFFF,00024BE0,0002578B,00000000,00000000,00000000,00000000,00000000,00FFFD78,2609
207,genesis,zelda_v521,0012FA,02,02,03,00,00,00,00,01,00,00,00,06,00,00,00,00,00,00,00,00,A5,00,00,00,00,1E,B0,00,00,01,CA,C0,00,00,00,00,00,00,00,00,00,00,00,80,00,00,00,00,00,00,00,00,00,00,00,00,3F,00,FF,04,04,36,17,27,0F,FF,36,0F,00,10,36,17,27,0F,0403,01A9,0000,0302,00000000,0000,0027,00000000,40000000,00000124,00000002,0000000F,00000000,00002124,0000000F,00FF8200,00000302,00000000,00000000,00000000,00000000,00000000,00FFFD76,2604
208,genesis,zelda_v521,000F00,02,02,03,00,00,00,00,01,00,00,00,06,00,00,00,00,00,00,00,00,A5,00,00,00,00,1E,B0,00,00,01,CA,C0,00,00,00,00,00,00,00,00,00,00,00,80,00,00,00,00,00,00,00,00,00,00,00,00,3F,00,FF,04,04,36,17,27,0F,FF,36,0F,00,10,36,17,27,0F,0403,01A9,0000,0302,00000000,0000,0027,0000C2BC,42800005,000001D6,0000C2BC,000000BF,00000000,00000000,00000018,00FF8200,00000302,00000000,00000000,00000000,00000000,00000000,00FFFD82,2600
209,genesis,zelda_v521,0012E8,02,02,03,00,00,00,00,01,00,00,00,06,00,00,00,00,00,00,00,00,A5,00,00,00,00,1E,B0,00,00,01,CA,C0,00,00,00,00,00,00,00,00,00,00,00,80,00,00,00,00,00,00,00,00,00,00,00,00,3F,00,FF,04,04,36,17,27,0F,FF,36,0F,00,10,36,17,27,0F,0403,01A9,0000,0302,00000000,0000,0027,00000004,4580000B,000001B5,00000000,0000016D,00000000,00000005,0000000D,00FF8200,00000302,00000000,00000000,00000000,00000000,00000000,00FFFD76,2600
210,genesis,zelda_v521,0012F2,02,02,03,00,00,00,00,01,00,00,00,06,00,00,00,00,00,00,00,00,A5,00,00,00,00,1E,B0,00,00,01,CA,C0,00,00,00,00,00,00,00,00,00,00,00,80,00,00,00,00,00,00,00,00,00,00,00,00,3F,00,FF,04,04,36,17,27,0F,FF,36,0F,00,10,36,17,27,0F,0403,01A9,0000,0302,00000000,0000,0027,00000000,48000010,000001D4,00000000,0000021C,00000000,000001D4,0000001C,00FF8200,00000302,00000000,00000000,00000000,00000000,00000000,00FFFD76,2600
211,genesis,zelda_v521,0012EE,02,02,03,00,00,00,00,01,00,00,00,06,00,00,00,00,00,00,00,00,A5,00,00,00,00,1E,B0,00,00,01,CA,C0,00,00,00,00,00,00,00,00,00,00,00,80,00,00,00,00,00,00,00,00,00,00,00,00,3F,00,FF,04,04,36,17,27,0F,FF,36,0F,00,10,36,17,27,0F,0403,01A9,0000,0302,00000000,0000,0027,00000006,4B000016,00000124,00000002,000002CB,00000000,00000300,0000000B,00FF8200,00000302,00000000,00000000,00000000,00000000,00000000,00FFFD76,2600
212,genesis,zelda_v521,0012BC,02,02,03,00,00,00,00,01,00,00,00,06,00,00,00,00,00,00,00,00,A5,00,00,00,00,1E,B0,00,00,01,CA,C0,00,00,00,00,00,00,00,00,00,00,00,80,00,00,00,00,00,00,00,00,00,00,00,00,3F,00,FF,04,04,36,17,27,0F,FF,36,0F,00,10,36,17,27,0F,0403,01A9,0000,0302,00000000,0000,0027,0000CD00,4D80001B,000001E1,00000000,0000037A,00000000,0000037A,0000001A,00FF8200,00000302,00000000,00000000,00000000,00000000,00000000,00FFFD76,2604
213,genesis,zelda_v521,00045C,08,08,03,00,00,00,00,01,00,00,00,08,00,00,00,00,00,00,00,00,A5,00,00,00,00,1E,B0,00,01,01,CE,C0,00,00,00,00,00,00,00,00,00,00,00,80,00,00,00,00,00,00,00,00,00,00,00,00,3F,00,FF,04,04,36,17,27,0F,FF,36,0F,00,10,36,17,27,0F,0317,01C1,0000,0302,00000000,0000,0029,00000317,000000FF,00000000,00003608,C0008118,00000302,00000000,00000002,00FFF010,0000D16C,00000000,00000000,00000000,00000000,00000000,00FFFD9C,2600
214,genesis,zelda_v521,000ECC,08,08,03,00,00,00,00,01,00,00,00,09,00,00,00,00,00,00,00,00,A5,00,00,00,00,1E,B0,00,02,01,D0,C0,00,00,00,00,00,00,00,00,00,00,00,80,00,00,00,00,00,00,00,00,00,00,00,00,3F,00,FF,04,04,36,17,27,0F,FF,36,0F,00,10,36,17,27,0F,0203,01D7,0000,0302,00000000,0000,002B,00000424,78000603,000000CB,0000034F,C01E0300,00000000,00000000,0000FFFF,00FF0200,00FF0003,00000000,00000000,00000000,00000000,00000000,00FFFDF0,2000
215,genesis,zelda_v521,000902,08,08,03,00,00,00,00,01,00,00,00,0A,00,00,00,00,00,00,00,00,A5,00,00,00,00,1E,B0,00,02,01,D2,C0,00,00,00,00,00,00,00,00,00,00,00,80,00,00,00,00,00,00,00,00,00,00,00,00,3F,00,FF,04,04,36,17,27,0F,FF,36,0F,00,10,36,17,27,0F,0203,01E9,0000,0302,00000000,0000,002D,00000424,78000603,0000002F,0000039F,C01E0300,00000000,00000000,0000FFFF,00FF0200,00FF0003,00000000,00000000,00000000,00000000,00000000,00FFFDF4,2000
216,genesis,zelda_v521,001754,10,10,03,00,00,00,00,01,00,00,00,0B,00,00,00,00,00,00,00,00,A5,00,00,00,00,1E,B0,00,03,01,D4,C0,00,00,00,00,00,00,00,00,00,00,00,80,00,00,00,00,00,00,00,00,00,00,00,00,3F,00,FF,04,04,36,17,27,0F,FF,36,0F,00,10,36,17,27,0F,0203,01FB,0000,0302,00000000,0000,002F,00000424,78000602,00000096,0000039C,C01E0300,00000000,00000000,0000FFFF,00FF0200,00FF0003,00000000,00000000,00000000,00000000,00000000,00FFFDF8,2000
217,genesis,zelda_v521,00100A,10,10,03,00,00,00,00,01,00,00,00,0C,00,00,00,00,00,00,00,00,A5,00,00,00,00,1E,B0,00,03,01,D6,C0,00,00,00,00,00,00,00,00,00,00,00,80,00,00,00,00,00,00,00,00,00,00,00,00,3F,00,3F,04,04,36,17,37,0F,FF,36,0F,00,10,36,17,27,0F,0203,020D,0000,0302,00000000,0000,0031,00000424,78000601,000000FB,0000039D,C01E039D,00000000,00000000,0000FFFF,00FF0200,00FF0003,00000000,00000000,00000000,00000000,00000000,00FFFDD0,2000
218,genesis,zelda_v521,00100A,10,10,03,00,00,00,00,01,00,00,00,0D,00,00,00,00,00,00,00,00,A5,00,00,00,00,1E,B0,00,04,01,D8,C0,00,00,00,00,00,00,00,00,00,00,00,80,00,00,00,00,00,00,00,00,00,00,00,00,3F,00,FF,04,04,36,17,37,0F,FF,36,0F,00,10,36,17,27,0F,0203,021F,0000,0302,00000000,0000,0033,00000424,78000601,0000005F,0000039F,C01E039F,00000000,00000000,0000FFFF,00FF0200,00FF0003,00000000,00000000,00000000,00000000,00000000,00FFFDD0,2000
219,genesis,zelda_v521,000EC6,28,28,24,00,00,00,00,01,00,00,00,0E,00,00,00,00,00,00,00,00,A5,00,00,00,00,1E,B0,00,04,01,DA,C0,00,00,00,00,00,00,00,00,00,00,00,80,00,00,00,00,00,00,00,00,00,00,00,00,3F,00,FF,04,04,36,17,37,0F,FF,36,0F,00,10,36,17,27,0F,0403,0233,0000,0302,00000000,0000,0035,00000424,78000604,000000D2,0000282E,C01E2800,00000000,00000000,0000FFFF,00FF0200,00FF0003,00000000,00000000,00000000,00000000,00000000,00FFFDF4,2004
220,genesis,zelda_v521,000EC6,10,10,03,00,00,00,00,01,00,00,00,0F,00,00,00,00,00,00,00,00,A5,00,00,00,00,1E,B0,00,05,01,DC,C0,00,00,00,00,00,00,00,00,00,00,00,80,00,00,00,00,00,00,00,00,00,00,00,00,3F,00,FF,04,04,36,17,37,0F,FF,36,0F,00,10,36,17,27,0F,0203,0245,0000,0302,00000000,0000,0037,00000424,78000604,00000036,0000039E,C01E0300,00000000,00000000,0000FFFF,00FF0200,00FF0003,00000000,00000000,00000000,00000000,00000000,00FFFDF4,2000
221,genesis,zelda_v521,000EDC,10,10,03,00,00,00,00,01,00,00,00,10,00,00,00,00,00,00,00,00,A5,00,00,00,00,1E,B0,00,05,01,DE,C0,00,00,00,00,00,00,00,00,00,00,00,80,00,00,00,00,00,00,00,00,00,00,00,00,3F,00,FF,04,04,36,17,37,0F,FF,36,0F,00,10,36,17,27,0F,0203,0257,0000,0302,00000000,0000,0039,00000424,78000603,0000009A,0000039E,C01E0300,00000000,00000000,0000FFFF,00FF0200,00FF0003,00000000,00000000,00000000,00000000,00000000,00FFFDF4,2004
222,genesis,zelda_v521,000ED4,10,10,03,00,00,00,00,01,00,00,00,11,00,00,00,00,00,00,00,00,A5,00,00,00,00,1E,B0,00,06,01,E0,C0,00,00,00,00,00,00,00,00,00,00,00,80,00,00,00,00,00,00,00,00,00,00,00,00,3F,00,FF,04,04,36,17,37,0F,FF,36,0F,00,10,36,17,27,0F,0203,0269,0000,0302,00000000,0000,003B,00000424,78000602,000000FE,0000039E,C01E0300,00000000,00000000,0000FFFF,00FF0200,00FF0003,00000000,00000000,00000000,00000000,00000000,00FFFDF4,2004
223,genesis,zelda_v521,0008F6,10,10,03,00,00,00,00,01,00,00,00,12,00,00,00,00,00,00,00,00,A5,00,00,00,00,1E,B0,00,06,01,E2,C0,00,00,00,00,00,00,00,00,00,00,00,80,00,00,00,00,00,00,00,00,00,00,00,00,3F,00,3F,04,04,36,17,37,0F,FF,36,0F,00,10,36,17,27,0F,0203,027B,0000,0302,00000000,0000,003D,00000424,78000602,00000063,0000039D,C01E0300,00000000,00000000,0000FFFF,00FF0200,00FF0003,00000000,00000000,00000000,00000000,00000000,00FFFDD8,2009
224,genesis,zelda_v521,0008C2,10,10,03,00,00,00,00,01,00,00,00,13,00,00,00,00,00,00,00,00,A5,00,00,00,00,1E,B0,00,07,01,B2,C0,00,00,00,00,00,00,00,00,00,00,00,80,00,00,00,00,00,00,00,00,00,00,00,00,3F,00,FF,04,04,36,17,37,0F,FF,36,0F,00,10,36,17,27,0F,0203,028D,0000,0302,00000000,0000,003F,00000424,78000601,000000C7,0000039F,C01E0300,00000000,00000000,0000FFFF,00FF0200,00FF0003,00000000,00000000,00000000,00000000,00000000,00FFFDF8,2000
225,genesis,zelda_v521,0008D8,10,10,03,00,00,00,00,01,00,00,00,14,00,00,00,00,00,00,00,00,A5,00,00,00,00,1E,B0,00,07,01,B4,C0,00,00,00,00,00,00,00,00,00,00,00,80,00,00,00,00,00,00,00,00,00,00,00,00,3F,00,FF,04,04,36,17,37,0F,FF,36,0F,00,10,36,17,27,0F,0203,029F,0000,0302,00000000,0000,0041,00000424,78000601,0000002B,0000039F,C01E0300,00000000,00000000,0000FFFF,00FF0200,00FF0003,00000000,00000000,00000000,00000000,00000000,00FFFDF8,2009
226,genesis,zelda_v521,00144E,10,10,03,00,00,00,00,01,00,00,00,15,00,00,00,00,00,00,00,00,A5,00,00,00,00,1E,B0,00,08,01,B6,C0,00,00,00,00,00,00,00,00,00,00,00,80,00,00,00,00,00,00,00,00,00,00,00,00,3F,00,FF,04,04,36,17,37,0F,FF,36,0F,00,10,36,17,27,0F,0203,02B1,0000,0302,00000000,0000,0043,000004B0,78000603,00000000,0000037C,C01E8118,00000000,00000000,0000FFFF,00FF0200,00FF0003,00000000,00000000,00000000,00000000,00000000,00FFFE00,2008
227,genesis,zelda_v521,00144E,10,10,03,00,00,00,00,01,00,00,00,16,00,00,00,00,00,00,00,00,A5,00,00,00,00,1E,B0,00,08,01,B8,C0,00,00,00,00,00,00,00,00,00,00,00,80,00,00,00,00,00,00,00,00,00,00,00,00,3F,00,FF,04,04,36,17,37,0F,FF,36,0F,00,10,36,17,27,0F,0203,02C3,0000,0302,00000000,0000,0045,000004B0,78000603,00000000,0000037C,C01E8118,00000000,00000000,0000FFFF,00FF0200,00FF0003,00000000,00000000,00000000,00000000,00000000,00FFFE00,2008
228,genesis,zelda_v521,00144E,10,10,03,00,00,00,00,01,00,00,00,17,00,00,00,00,00,00,00,00,A5,00,00,00,00,1E,B0,00,09,01,BA,C0,00,00,00,00,00,00,00,00,00,00,00,80,00,00,00,00,00,00,00,00,00,00,00,00,3F,00,FF,04,04,36,17,37,0F,FF,36,0F,00,10,36,17,27,0F,0203,02D5,0000,0302,00000000,0000,0047,000004B0,78000603,00000000,0000037C,C01E8118,00000000,00000000,0000FFFF,00FF0200,00FF0003,00000000,00000000,00000000,00000000,00000000,00FFFE00,2008
229,genesis,zelda_v521,00144E,10,10,03,00,00,00,00,01,00,00,00,18,00,00,00,00,00,00,00,00,A5,00,00,00,00,1E,B0,00,09,01,BC,C0,00,00,00,00,00,00,00,00,00,00,00,80,00,00,00,00,00,00,00,00,00,00,00,00,3F,00,3F,04,04,36,17,27,0F,FF,36,0F,00,10,36,17,27,0F,0203,02E7,0000,0302,00000000,0000,0049,000004B0,78000603,00000000,0000037C,C01E8118,00000000,00000000,0000FFFF,00FF0200,00FF0003,00000000,00000000,00000000,00000000,00000000,00FFFE00,2008
230,genesis,zelda_v521,00144E,10,10,03,00,00,00,00,01,00,00,00,19,00,00,00,00,00,00,00,00,A5,00,00,00,00,1E,B0,00,0A,01,BE,C0,00,00,00,00,00,00,00,00,00,00,00,80,00,00,00,00,00,00,00,00,00,00,00,00,3F,00,FF,04,04,36,17,27,0F,FF,36,0F,00,10,36,17,27,0F,0203,02F9,0000,0302,00000000,0000,004B,000004B0,78000603,00000000,0000037C,C01E8118,00000000,00000000,0000FFFF,00FF0200,00FF0003,00000000,00000000,00000000,00000000,00000000,00FFFE00,2008
231,genesis,zelda_v521,00144E,10,10,03,00,00,00,00,01,00,00,00,1A,00,00,00,00,00,00,00,00,A5,00,00,00,00,1E,B0,00,0A,01,C0,C0,00,00,00,00,00,00,00,00,00,00,00,80,00,00,00,00,00,00,00,00,00,00,00,00,3F,00,FF,04,04,36,17,27,0F,FF,36,0F,00,10,36,17,27,0F,0203,030B,0000,0302,00000000,0000,004D,000004B0,78000603,00000000,0000037C,C01E8118,00000000,00000000,0000FFFF,00FF0200,00FF0003,00000000,00000000,00000000,00000000,00000000,00FFFE00,2008
232,genesis,zelda_v521,00144E,10,10,03,00,00,00,00,01,00,00,00,1B,00,00,00,00,00,00,00,00,A5,00,00,00,00,1E,B0,00,0B,01,C2,C0,00,00,00,00,00,00,00,00,00,00,00,80,00,00,00,00,00,00,00,00,00,00,00,00,3F,00,FF,04,04,36,17,27,0F,FF,36,0F,00,10,36,17,27,0F,0203,031D,0000,0302,00000000,0000,004F,000004B0,78000603,00000000,0000037C,C01E8118,00000000,00000000,0000FFFF,00FF0200,00FF0003,00000000,00000000,00000000,00000000,00000000,00FFFE00,2008
233,genesis,zelda_v521,00144E,00,00,03,00,00,00,00,01,00,00,00,1C,00,00,00,00,00,00,00,00,A5,00,00,00,00,1E,B0,00,0B,01,C4,C0,00,00,00,00,00,00,00,00,00,00,00,80,00,00,00,00,00,00,00,00,00,00,00,00,3F,00,FF,04,04,36,17,27,0F,FF,36,0F,00,10,36,17,27,0F,0203,032F,0000,0302,00000000,0000,0051,000004B0,78000603,00000000,0000037C,C01E8118,00000000,00000000,0000FFFF,00FF0200,00FF0003,00000000,00000000,00000000,00000000,00000000,00FFFE00,2008
234,genesis,zelda_v521,00144E,00,00,03,00,00,00,00,01,00,00,00,1D,00,00,00,00,00,00,00,00,A5,00,00,00,00,1E,B0,00,0C,01,C6,C0,00,00,00,00,00,00,00,00,00,00,00,80,00,00,00,00,00,00,00,00,00,00,00,00,3F,00,FF,04,04,36,17,27,0F,FF,36,0F,00,10,36,17,27,0F,0203,0341,0000,0302,00000000,0000,0053,000004B0,78000603,00000000,0000037C,C01E8118,00000000,00000000,0000FFFF,00FF0200,00FF0003,00000000,00000000,00000000,00000000,00000000,00FFFE00,2008
235,genesis,zelda_v521,00144E,00,00,03,00,00,00,00,01,00,00,00,1E,00,00,00,00,00,00,00,00,A5,00,00,00,00,1E,B0,00,0C,01,C8,C0,00,00,00,00,00,00,00,00,00,00,00,80,00,00,00,00,00,00,00,00,00,00,00,00,3F,00,3F,04,04,36,17,17,0F,FF,36,0F,00,10,36,17,27,0F,0203,0353,0000,0302,00000000,0000,0055,000004B0,78000603,00000000,0000037C,C01E8118,00000000,00000000,0000FFFF,00FF0200,00FF0003,00000000,00000000,00000000,00000000,00000000,00FFFE00,2008
236,genesis,zelda_v521,00144E,00,00,03,00,00,00,00,01,00,00,00,1F,00,00,00,00,00,00,00,00,A5,00,00,00,00,1E,B0,00,0D,01,CA,C0,00,00,00,00,00,00,00,00,00,00,00,80,00,00,00,00,00,00,00,00,00,00,00,00,3F,00,FF,04,04,36,17,17,0F,FF,36,0F,00,10,36,17,27,0F,0203,0365,0000,0302,00000000,0000,0057,000004B0,78000603,00000000,0000037C,C01E8118,00000000,00000000,0000FFFF,00FF0200,00FF0003,00000000,00000000,00000000,00000000,00000000,00FFFE00,2008
237,genesis,zelda_v521,00144E,08,08,03,00,00,00,00,01,00,00,00,20,00,00,00,00,00,00,00,00,A5,00,00,00,00,1E,B0,00,0D,01,CC,C0,00,00,00,00,00,00,00,00,00,00,00,80,00,00,00,00,00,00,00,00,00,00,00,00,3F,00,FF,04,04,36,17,17,0F,FF,36,0F,00,10,36,17,27,0F,0203,0377,0000,0302,00000000,0000,0059,000004B0,78000603,00000000,0000037C,C01E8118,00000000,00000000,0000FFFF,00FF0200,00FF0003,00000000,00000000,00000000,00000000,00000000,00FFFE00,2008
238,genesis,zelda_v521,00144E,08,08,03,00,00,00,00,01,00,00,00,21,00,00,00,00,00,00,00,00,A5,00,00,00,00,1E,B0,00,0E,01,CE,C0,00,00,00,00,00,00,00,00,00,00,00,80,00,00,00,00,00,00,00,00,00,00,00,00,3F,00,FF,04,04,36,17,17,0F,FF,36,0F,00,10,36,17,27,0F,0203,0389,0000,0302,00000000,0000,005B,000004B0,78000603,00000000,0000037C,C01E8118,00000000,00000000,0000FFFF,00FF0200,00FF0003,00000000,00000000,00000000,00000000,00000000,00FFFE00,2008
239,genesis,zelda_v521,00144E,08,08,03,00,00,00,00,01,00,00,00,22,00,00,00,00,00,00,00,00,A5,00,00,00,00,1E,B0,00,0E,01,D0,C0,00,00,00,00,00,00,00,00,00,00,00,80,00,00,00,00,00,00,00,00,00,00,00,00,3F,00,FF,04,04,36,17,17,0F,FF,36,0F,00,10,36,17,27,0F,0203,039B,0000,0302,00000000,0000,005D,000004B0,78000603,00000000,0000037C,C01E8118,00000000,00000000,0000FFFF,00FF0200,00FF0003,00000000,00000000,00000000,00000000,00000000,00FFFE00,2008
240,genesis,zelda_v521,00144E,08,08,03,00,00,00,00,01,00,00,00,23,00,00,00,00,00,00,00,00,A5,00,00,00,00,1E,B0,00,0F,01,D2,C0,00,00,00,00,00,00,00,00,00,00,00,80,00,00,00,00,00,00,00,00,00,00,00,00,3F,00,FF,04,04,36,17,17,0F,FF,36,0F,00,10,36,17,27,0F,0203,03AD,0000,0302,00000000,0000,005F,000004B0,78000603,00000000,0000037C,C01E8118,00000000,00000000,0000FFFF,00FF0200,00FF0003,00000000,00000000,00000000,00000000,00000000,00FFFE00,2008
241,genesis,zelda_v521,00144E,10,10,03,00,00,00,00,01,00,00,00,24,00,00,00,00,00,00,00,00,A5,00,00,00,00,1E,B0,00,0F,01,D4,C0,00,00,00,00,00,00,00,00,00,00,00,80,00,00,00,00,00,00,00,00,00,00,00,00,3F,00,3F,04,04,36,17,07,0F,FF,36,0F,00,10,36,17,27,0F,0203,03BF,0000,0302,00000000,0000,0061,000004B0,78000603,00000000,0000037C,C01E8118,00000000,00000000,0000FFFF,00FF0200,00FF0003,00000000,00000000,00000000,00000000,00000000,00FFFE00,2008
242,genesis,zelda_v521,00144E,10,10,03,00,00,00,00,01,00,00,00,25,00,00,00,00,00,00,00,00,A5,00,00,00,00,1E,B0,00,10,01,D6,C0,00,00,00,00,00,00,00,00,00,00,00,80,00,00,00,00,00,00,00,00,00,00,00,00,3F,00,FF,04,04,36,17,07,0F,FF,36,0F,00,10,36,17,27,0F,0203,03D1,0000,0302,00000000,0000,0063,000004B0,78000603,00000000,0000037C,C01E8118,00000000,00000000,0000FFFF,00FF0200,00FF0003,00000000,00000000,00000000,00000000,00000000,00FFFE00,2008
243,genesis,zelda_v521,00144E,10,10,03,00,00,00,00,01,00,00,00,26,00,00,00,00,00,00,00,00,A5,00,00,00,00,1E,B0,00,10,01,D8,C0,00,00,00,00,00,00,00,00,00,00,00,80,00,00,00,00,00,00,00,00,00,00,00,00,3F,00,FF,04,04,36,17,07,0F,FF,36,0F,00,10,36,17,27,0F,0203,03E3,0000,0302,00000000,0000,0065,000004B0,78000603,00000000,0000037C,C01E8118,00000000,00000000,0000FFFF,00FF0200,00FF0003,00000000,00000000,00000000,00000000,00000000,00FFFE00,2008
244,genesis,zelda_v521,00144E,10,10,03,00,00,00,00,01,00,00,00,27,00,00,00,00,00,00,00,00,A5,00,00,00,00,1E,B0,00,11,01,DA,C0,00,00,00,00,00,00,00,00,00,00,00,80,00,00,00,00,00,00,00,00,00,00,00,00,3F,00,FF,04,04,36,17,07,0F,FF,36,0F,00,10,36,17,27,0F,0203,03F5,0000,0302,00000000,0000,0067,000004B0,78000603,00000000,0000037C,C01E8118,00000000,00000000,0000FFFF,00FF0200,00FF0003,00000000,00000000,00000000,00000000,00000000,00FFFE00,2008
245,genesis,zelda_v521,00144E,10,10,03,00,00,00,00,01,00,00,00,28,00,00,00,00,00,00,00,00,A5,00,00,00,00,1E,B0,00,11,01,DC,C0,00,00,00,00,00,00,00,00,00,00,00,80,00,00,00,00,00,00,00,00,00,00,00,00,3F,00,FF,04,04,36,17,07,0F,FF,36,0F,00,10,36,17,27,0F,0203,0407,0000,0302,00000000,0000,0069,000004B0,78000603,00000000,0000037C,C01E8118,00000000,00000000,0000FFFF,00FF0200,00FF0003,00000000,00000000,00000000,00000000,00000000,00FFFE00,2008
246,genesis,zelda_v521,00144E,10,10,03,00,00,00,00,01,00,00,00,29,00,00,00,00,00,00,00,00,A5,00,00,00,00,1E,B0,00,12,01,DE,C0,00,00,00,00,00,00,00,00,00,00,00,80,00,00,00,00,00,00,00,00,00,00,00,00,3F,00,FF,04,04,36,17,07,0F,FF,36,0F,00,10,36,17,27,0F,0203,0419,0000,0302,00000000,0000,006B,000004B0,78000603,00000000,0000037C,C01E8118,00000000,00000000,0000FFFF,00FF0200,00FF0003,00000000,00000000,00000000,00000000,00000000,00FFFE00,2008
247,genesis,zelda_v521,00144E,10,10,03,00,00,00,00,01,00,00,00,2A,00,00,00,00,00,00,00,00,A5,00,00,00,00,1E,B0,00,12,01,E0,C0,00,00,00,00,00,00,00,00,00,00,00,80,00,00,00,00,00,00,00,00,00,00,00,00,3F,00,3F,04,04,36,17,07,0F,FF,36,0F,00,10,36,17,27,0F,0203,042B,0000,0302,00000000,0000,006D,000004B0,78000603,00000000,0000037C,C01E8118,00000000,00000000,0000FFFF,00FF0200,00FF0003,00000000,00000000,00000000,00000000,00000000,00FFFE00,2008
248,genesis,zelda_v521,00144E,10,10,03,00,00,00,00,01,00,00,00,2B,00,00,00,00,00,00,00,00,A5,00,00,00,00,1E,B0,00,13,01,E2,C0,00,00,00,00,00,00,00,00,00,00,00,80,00,00,00,00,00,00,00,00,00,00,00,00,3F,00,FF,04,04,36,17,07,0F,FF,36,0F,00,10,36,17,27,0F,0203,043D,0000,0302,00000000,0000,006F,000004B0,78000603,00000000,0000037C,C01E8118,00000000,00000000,0000FFFF,00FF0200,00FF0003,00000000,00000000,00000000,00000000,00000000,00FFFE00,2008
249,genesis,zelda_v521,00144E,10,10,03,00,00,00,00,01,00,00,00,2C,00,00,00,00,00,00,00,00,A5,00,00,00,00,1E,B0,00,13,01,B2,C0,00,00,00,00,00,00,00,00,00,00,00,80,00,00,00,00,00,00,00,00,00,00,00,00,3F,00,FF,04,04,36,17,07,0F,FF,36,0F,00,10,36,17,27,0F,0203,044F,0000,0302,00000000,0000,0071,000004B0,78000603,00000000,0000037C,C01E8118,00000000,00000000,0000FFFF,00FF0200,00FF0003,00000000,00000000,00000000,00000000,00000000,00FFFE00,2008
250,genesis,zelda_v521,00144E,10,10,03,00,00,00,00,01,00,00,00,2D,00,00,00,00,00,00,00,00,A5,00,00,00,00,1E,B0,00,14,01,B4,C0,00,00,00,00,00,00,00,00,00,00,00,80,00,00,00,00,00,00,00,00,00,00,00,00,3F,00,FF,04,04,36,17,07,0F,FF,36,0F,00,10,36,17,27,0F,0203,0461,0000,0302,00000000,0000,0073,000004B0,78000603,00000000,0000037C,C01E8118,00000000,00000000,0000FFFF,00FF0200,00FF0003,00000000,00000000,00000000,00000000,00000000,00FFFE00,2008
251,genesis,zelda_v521,00144E,10,10,03,00,00,00,00,01,00,00,00,2E,00,00,00,00,00,00,00,00,A5,00,00,00,00,1E,B0,00,14,01,B6,C0,00,00,00,00,00,00,00,00,00,00,00,80,00,00,00,00,00,00,00,00,00,00,00,00,3F,00,FF,04,04,36,17,07,0F,FF,36,0F,00,10,36,17,27,0F,0203,0473,0000,0302,00000000,0000,0075,000004B0,78000603,00000000,0000037C,C01E8118,00000000,00000000,0000FFFF,00FF0200,00FF0003,00000000,00000000,00000000,00000000,00000000,00FFFE00,2008
252,genesis,zelda_v521,00144E,10,10,03,00,00,00,00,01,00,00,00,2F,00,00,00,00,00,00,00,00,A5,00,00,00,00,1E,B0,00,15,01,B8,C0,00,00,00,00,00,00,00,00,00,00,00,80,00,00,00,00,00,00,00,00,00,00,00,00,3F,00,FF,04,04,36,17,07,0F,FF,36,0F,00,10,36,17,27,0F,0203,0485,0000,0302,00000000,0000,0077,000004B0,78000603,00000000,0000037C,C01E8118,00000000,00000000,0000FFFF,00FF0200,00FF0003,00000000,00000000,00000000,00000000,00000000,00FFFE00,2008
253,genesis,zelda_v521,00144E,10,10,03,00,00,00,00,01,00,00,00,30,00,00,00,00,00,00,00,00,A5,00,00,00,00,1E,B0,00,15,01,BA,C0,00,00,00,00,00,00,00,00,00,00,00,80,00,00,00,00,00,00,00,00,00,00,00,00,3F,00,3F,04,04,36,17,17,0F,FF,36,0F,00,10,36,17,27,0F,0203,0497,0000,0302,00000000,0000,0079,000004B0,78000603,00000000,0000037C,C01E8118,00000000,00000000,0000FFFF,00FF0200,00FF0003,00000000,00000000,00000000,00000000,00000000,00FFFE00,2008
254,genesis,zelda_v521,00144E,10,10,03,00,00,00,00,01,00,00,00,31,00,00,00,00,00,00,00,00,A5,00,00,00,00,1E,B0,00,16,01,BC,C0,00,00,00,00,00,00,00,00,00,00,00,80,00,00,00,00,00,00,00,00,00,00,00,00,3F,00,FF,04,04,36,17,17,0F,FF,36,0F,00,10,36,17,27,0F,0203,04A9,0000,0302,00000000,0000,007B,000004B0,78000603,00000000,0000037C,C01E8118,00000000,00000000,0000FFFF,00FF0200,00FF0003,00000000,00000000,00000000,00000000,00000000,00FFFE00,2008
255,genesis,zelda_v521,00144E,10,10,03,00,00,00,00,01,00,00,00,32,00,00,00,00,00,00,00,00,A5,00,00,00,00,1E,B0,00,16,01,BE,C0,00,00,00,00,00,00,00,00,00,00,00,80,00,00,00,00,00,00,00,00,00,00,00,00,3F,00,FF,04,04,36,17,17,0F,FF,36,0F,00,10,36,17,27,0F,0203,04BB,0000,0302,00000000,0000,007D,000004B0,78000603,00000000,0000037C,C01E8118,00000000,00000000,0000FFFF,00FF0200,00FF0003,00000000,00000000,00000000,00000000,00000000,00FFFE00,2008
256,genesis,zelda_v521,00144E,10,10,03,00,00,00,00,01,00,00,00,33,00,00,00,00,00,00,00,00,A5,00,00,00,00,1E,B0,00,17,01,C0,C0,00,00,00,00,00,00,00,00,00,00,00,80,00,00,00,00,00,00,00,00,00,00,00,00,3F,00,FF,04,04,36,17,17,0F,FF,36,0F,00,10,36,17,27,0F,0203,04CD,0000,0302,00000000,0000,007F,000004B0,78000603,00000000,0000037C,C01E8118,00000000,00000000,0000FFFF,00FF0200,00FF0003,00000000,00000000,00000000,00000000,00000000,00FFFE00,2008
257,genesis,zelda_v521,00144E,10,10,03,00,00,00,00,01,00,00,00,34,00,00,00,00,00,00,00,00,A5,00,00,00,00,1E,B0,00,17,01,C2,C0,00,00,00,00,00,00,00,00,00,00,00,80,00,00,00,00,00,00,00,00,00,00,00,00,3F,00,FF,04,04,36,17,17,0F,FF,36,0F,00,10,36,17,27,0F,0203,04DF,0000,0302,00000000,0000,0081,000004B0,78000603,00000000,0000037C,C01E8118,00000000,00000000,0000FFFF,00FF0200,00FF0003,00000000,00000000,00000000,00000000,00000000,00FFFE00,2008
258,genesis,zelda_v521,00144E,00,00,03,00,00,00,00,01,00,00,00,35,00,00,00,00,00,00,00,00,A5,00,00,00,00,1E,B0,00,18,01,C4,C0,00,00,00,00,00,00,00,00,00,00,00,80,00,00,00,00,00,00,00,00,00,00,00,00,3F,00,FF,04,04,36,17,17,0F,FF,36,0F,00,10,36,17,27,0F,0203,04F1,0000,0302,00000000,0000,0083,000004B0,78000603,00000000,0000037C,C01E8118,00000000,00000000,0000FFFF,00FF0200,00FF0003,00000000,00000000,00000000,00000000,00000000,00FFFE00,2008
259,genesis,zelda_v521,00144E,00,00,03,00,00,00,00,01,00,00,00,36,00,00,00,00,00,00,00,00,A5,00,00,00,00,1E,B0,00,18,01,C6,C0,00,00,00,00,00,00,00,00,00,00,00,80,00,00,00,00,00,00,00,00,00,00,00,00,3F,00,FF,04,04,36,17,17,0F,FF,36,0F,00,10,36,17,27,0F,0203,0503,0000,0302,00000000,0000,0085,000004B0,78000603,00000000,0000037C,C01E8118,00000000,00000000,0000FFFF,00FF0200,00FF0003,00000000,00000000,00000000,00000000,00000000,00FFFE00,2008
260,genesis,zelda_v521,00144E,00,00,03,00,00,00,00,01,00,00,00,37,00,00,00,00,00,00,00,00,A5,00,00,00,00,1E,B0,00,19,01,C8,C0,00,00,00,00,00,00,00,00,00,00,00,80,00,00,00,00,00,00,00,00,00,00,00,00,3F,00,FF,04,04,36,17,17,0F,FF,36,0F,00,10,36,17,27,0F,0203,0515,0000,0302,00000000,0000,0087,000004B0,78000603,00000000,0000037C,C01E8118,00000000,00000000,0000FFFF,00FF0200,00FF0003,00000000,00000000,00000000,00000000,00000000,00FFFE00,2008
261,genesis,zelda_v521,00144E,00,00,03,00,00,00,00,01,00,00,00,38,00,00,00,00,00,00,00,00,A5,00,00,00,00,1E,B0,00,19,01,CA,C0,00,00,00,00,00,00,00,00,00,00,00,80,00,00,00,00,00,00,00,00,00,00,00,00,3F,00,FF,04,04,36,17,17,0F,FF,36,0F,00,10,36,17,27,0F,0203,0527,0000,0302,00000000,0000,0089,000004B0,78000603,00000000,0000037C,C01E8118,00000000,00000000,0000FFFF,00FF0200,00FF0003,00000000,00000000,00000000,00000000,00000000,00FFFE00,2008
262,genesis,zelda_v521,00144E,08,08,03,00,00,00,00,01,00,00,00,39,00,00,00,00,00,00,00,00,A5,00,00,00,00,1E,B0,00,1A,01,CC,C0,00,00,00,00,00,00,00,00,00,00,00,80,00,00,00,00,00,00,00,00,00,00,00,00,3F,00,FF,04,04,36,17,17,0F,FF,36,0F,00,10,36,17,27,0F,0203,0539,0000,0302,00000000,0000,008B,000004B0,78000603,00000000,0000037C,C01E8118,00000000,00000000,0000FFFF,00FF0200,00FF0003,00000000,00000000,00000000,00000000,00000000,00FFFE00,2008
263,genesis,zelda_v521,00144E,08,08,03,00,00,00,00,01,00,00,00,3A,00,00,00,00,00,00,00,00,A5,00,00,00,00,1E,B0,00,1A,01,CE,C0,00,00,00,00,00,00,00,00,00,00,00,80,00,00,00,00,00,00,00,00,00,00,00,00,3F,00,FF,04,04,36,17,17,0F,FF,36,0F,00,10,36,17,27,0F,0203,054B,0000,0302,00000000,0000,008D,000004B0,78000603,00000000,0000037C,C01E8118,00000000,00000000,0000FFFF,00FF0200,00FF0003,00000000,00000000,00000000,00000000,00000000,00FFFE00,2008
264,genesis,zelda_v521,00144E,08,08,03,00,00,00,00,01,00,00,00,3B,00,00,00,00,00,00,00,00,A5,00,00,00,00,1E,B0,00,1B,01,D0,C0,00,00,00,00,00,00,00,00,00,00,00,80,00,00,00,00,00,00,00,00,00,00,00,00,3F,00,FF,04,04,36,17,17,0F,FF,36,0F,00,10,36,17,27,0F,0203,055D,0000,0302,00000000,0000,008F,000004B0,78000603,00000000,0000037C,C01E8118,00000000,00000000,0000FFFF,00FF0200,00FF0003,00000000,00000000,00000000,00000000,00000000,00FFFE00,2008
265,genesis,zelda_v521,00144E,08,08,03,00,00,00,00,01,00,00,00,3C,00,00,00,00,00,00,00,00,A5,00,00,00,00,1E,B0,00,1B,01,D2,C0,00,00,00,00,00,00,00,00,00,00,00,80,00,00,00,00,00,00,00,00,00,00,00,00,3F,00,FF,04,04,36,17,17,0F,FF,36,0F,00,10,36,17,27,0F,0203,056F,0000,0302,00000000,0000,0091,000004B0,78000603,00000000,0000037C,C01E8118,00000000,00000000,0000FFFF,00FF0200,00FF0003,00000000,00000000,00000000,00000000,00000000,00FFFE00,2008
266,genesis,zelda_v521,00144E,10,10,03,00,00,00,00,01,00,00,00,3D,00,00,00,00,00,00,00,00,A5,00,00,00,00,1E,B0,00,1C,01,D4,C0,00,00,00,00,00,00,00,00,00,00,00,80,00,00,00,00,00,00,00,00,00,00,00,00,3F,00,FF,04,04,36,17,17,0F,FF,36,0F,00,10,36,17,27,0F,0203,0581,0000,0302,00000000,0000,0093,000004B0,78000603,00000000,0000037C,C01E8118,00000000,00000000,0000FFFF,00FF0200,00FF0003,00000000,00000000,00000000,00000000,00000000,00FFFE00,2008
267,genesis,zelda_v521,00144E,10,10,03,00,00,00,00,01,00,00,00,3E,00,00,00,00,00,00,00,00,A5,00,00,00,00,1E,B0,00,1C,01,D6,C0,00,00,00,00,00,00,00,00,00,00,00,80,00,00,00,00,00,00,00,00,00,00,00,00,3F,00,FF,04,04,36,17,17,0F,FF,36,0F,00,10,36,17,27,0F,0203,0593,0000,0302,00000000,0000,0095,000004B0,78000603,00000000,0000037C,C01E8118,00000000,00000000,0000FFFF,00FF0200,00FF0003,00000000,00000000,00000000,00000000,00000000,00FFFE00,2008
268,genesis,zelda_v521,00144E,10,10,03,00,00,00,00,01,00,00,00,3F,00,00,00,00,00,00,00,00,A5,00,00,00,00,1E,B0,00,1D,01,D8,C0,00,00,00,00,00,00,00,00,00,00,00,80,00,00,00,00,00,00,00,00,00,00,00,00,3F,00,FF,04,04,36,17,17,0F,FF,36,0F,00,10,36,17,27,0F,0203,05A5,0000,0302,00000000,0000,0097,000004B0,78000603,00000000,0000037C,C01E8118,00000000,00000000,0000FFFF,00FF0200,00FF0003,00000000,00000000,00000000,00000000,00000000,00FFFE00,2008
269,genesis,zelda_v521,00144E,10,10,03,00,00,00,00,01,00,00,00,40,00,00,00,00,00,00,00,00,A5,00,00,00,00,1E,B0,00,1D,01,DA,C0,00,00,00,00,00,00,00,00,00,00,00,80,00,00,00,00,00,00,00,00,00,00,00,00,3F,00,3F,04,04,36,17,27,0F,FF,36,0F,00,10,36,17,27,0F,0203,05B7,0000,0302,00000000,0000,0099,000004B0,78000603,00000000,0000037C,C01E8118,00000000,00000000,0000FFFF,00FF0200,00FF0003,00000000,00000000,00000000,00000000,00000000,00FFFE00,2008
270,genesis,zelda_v521,00144E,10,10,03,00,00,00,00,01,00,00,00,41,00,00,00,00,00,00,00,00,A5,00,00,00,00,1E,B0,00,1E,01,DC,C0,00,00,00,00,00,00,00,00,00,00,00,80,00,00,00,00,00,00,00,00,00,00,00,00,3F,00,FF,04,04,36,17,27,0F,FF,36,0F,00,10,36,17,27,0F,0203,05C9,0000,0302,00000000,0000,009B,000004B0,78000603,00000000,0000037C,C01E8118,00000000,00000000,0000FFFF,00FF0200,00FF0003,00000000,00000000,00000000,00000000,00000000,00FFFE00,2008
271,genesis,zelda_v521,00144E,10,10,03,00,00,00,00,01,00,00,00,42,00,00,00,00,00,00,00,00,A5,00,00,00,00,1E,B0,00,1E,01,DE,C0,00,00,00,00,00,00,00,00,00,00,00,80,00,00,00,00,00,00,00,00,00,00,00,00,3F,00,FF,04,04,36,17,27,0F,FF,36,0F,00,10,36,17,27,0F,0203,05DB,0000,0302,00000000,0000,009D,000004B0,78000603,00000000,0000037C,C01E8118,00000000,00000000,0000FFFF,00FF0200,00FF0003,00000000,00000000,00000000,00000000,00000000,00FFFE00,2008
272,genesis,zelda_v521,00144E,10,10,03,00,00,00,00,01,00,00,00,43,00,00,00,00,00,00,00,00,A5,00,00,00,00,1E,B0,00,1F,01,E0,C0,00,00,00,00,00,00,00,00,00,00,00,80,00,00,00,00,00,00,00,00,00,00,00,00,3F,00,FF,04,04,36,17,27,0F,FF,36,0F,00,10,36,17,27,0F,0203,05ED,0000,0302,00000000,0000,009F,000004B0,78000603,00000000,0000037C,C01E8118,00000000,00000000,0000FFFF,00FF0200,00FF0003,00000000,00000000,00000000,00000000,00000000,00FFFE00,2008
273,genesis,zelda_v521,00144E,10,10,03,00,00,00,00,01,00,00,00,44,00,00,00,00,00,00,00,00,A5,00,00,00,00,1E,B0,00,1F,01,E2,C0,00,00,00,00,00,00,00,00,00,00,00,80,00,00,00,00,00,00,00,00,00,00,00,00,3F,00,FF,04,04,36,17,27,0F,FF,36,0F,00,10,36,17,27,0F,0203,05FF,0000,0302,00000000,0000,00A1,000004B0,78000603,00000000,0000037C,C01E8118,00000000,00000000,0000FFFF,00FF0200,00FF0003,00000000,00000000,00000000,00000000,00000000,00FFFE00,2008
274,genesis,zelda_v521,00144E,10,10,03,00,00,00,00,01,00,00,00,45,00,00,00,00,00,00,00,00,A5,00,00,00,00,1E,B0,00,20,01,B2,C0,00,00,00,00,00,00,00,00,00,00,00,80,00,00,00,00,00,00,00,00,00,00,00,00,3F,00,FF,04,04,36,17,27,0F,FF,36,0F,00,10,36,17,27,0F,0203,0611,0000,0302,00000000,0000,00A3,000004B0,78000603,00000000,0000037C,C01E8118,00000000,00000000,0000FFFF,00FF0200,00FF0003,00000000,00000000,00000000,00000000,00000000,00FFFE00,2008
275,genesis,zelda_v521,00144E,10,10,03,00,00,00,00,01,00,00,00,46,00,00,00,00,00,00,00,00,A5,00,00,00,00,1E,B0,00,20,01,B4,C0,00,00,00,00,00,00,00,00,00,00,00,80,00,00,00,00,00,00,00,00,00,00,00,00,3F,00,3F,04,04,36,17,37,0F,FF,36,0F,00,10,36,17,27,0F,0203,0623,0000,0302,00000000,0000,00A5,000004B0,78000603,00000000,0000037C,C01E8118,00000000,00000000,0000FFFF,00FF0200,00FF0003,00000000,00000000,00000000,00000000,00000000,00FFFE00,2008
276,genesis,zelda_v521,00144E,10,10,03,00,00,00,00,01,00,00,00,47,00,00,00,00,00,00,00,00,A5,00,00,00,00,1E,B0,00,21,01,B6,C0,00,00,00,00,00,00,00,00,00,00,00,80,00,00,00,00,00,00,00,00,00,00,00,00,3F,00,FF,04,04,36,17,37,0F,FF,36,0F,00,10,36,17,27,0F,0203,0635,0000,0302,00000000,0000,00A7,000004B0,78000603,00000000,0000037C,C01E8118,00000000,00000000,0000FFFF,00FF0200,00FF0003,00000000,00000000,00000000,00000000,00000000,00FFFE00,2008
277,genesis,zelda_v521,00144E,10,10,03,00,00,00,00,01,00,00,00,48,00,00,00,00,00,00,00,00,A5,00,00,00,00,1E,B0,00,21,01,B8,C0,00,00,00,00,00,00,00,00,00,00,00,80,00,00,00,00,00,00,00,00,00,00,00,00,3F,00,FF,04,04,36,17,37,0F,FF,36,0F,00,10,36,17,27,0F,0203,0647,0000,0302,00000000,0000,00A9,000004B0,78000603,00000000,0000037C,C01E8118,00000000,00000000,0000FFFF,00FF0200,00FF0003,00000000,00000000,00000000,00000000,00000000,00FFFE00,2008
278,genesis,zelda_v521,00144E,10,10,03,00,00,00,00,01,00,00,00,49,00,00,00,00,00,00,00,00,A5,00,00,00,00,1E,B0,00,22,01,BA,C0,00,00,00,00,00,00,00,00,00,00,00,80,00,00,00,00,00,00,00,00,00,00,00,00,3F,00,FF,04,04,36,17,37,0F,FF,36,0F,00,10,36,17,27,0F,0203,0659,0000,0302,00000000,0000,00AB,000004B0,78000603,00000000,0000037C,C01E8118,00000000,00000000,0000FFFF,00FF0200,00FF0003,00000000,00000000,00000000,00000000,00000000,00FFFE00,2008
279,genesis,zelda_v521,00144E,10,10,03,00,00,00,00,01,00,00,00,4A,00,00,00,00,00,00,00,00,A5,00,00,00,00,1E,B0,00,22,01,BC,C0,00,00,00,00,00,00,00,00,00,00,00,80,00,00,00,00,00,00,00,00,00,00,00,00,3F,00,FF,04,04,36,17,37,0F,FF,36,0F,00,10,36,17,27,0F,0203,066B,0000,0302,00000000,0000,00AD,000004B0,78000603,00000000,0000037C,C01E8118,00000000,00000000,0000FFFF,00FF0200,00FF0003,00000000,00000000,00000000,00000000,00000000,00FFFE00,2008
280,genesis,zelda_v521,00144E,10,10,03,00,00,00,00,01,00,00,00,4B,00,00,00,00,00,00,00,00,A5,00,00,00,00,1E,B0,00,23,01,BE,C0,00,00,00,00,00,00,00,00,00,00,00,80,00,00,00,00,00,00,00,00,00,00,00,00,3F,00,FF,04,04,36,17,37,0F,FF,36,0F,00,10,36,17,27,0F,0203,067D,0000,0302,00000000,0000,00AF,000004B0,78000603,00000000,0000037C,C01E8118,00000000,00000000,0000FFFF,00FF0200,00FF0003,00000000,00000000,00000000,00000000,00000000,00FFFE00,2008
281,genesis,zelda_v521,00144E,10,10,03,00,00,00,00,01,00,00,00,4C,00,00,00,00,00,00,00,00,A5,00,00,00,00,1E,B0,00,23,01,C0,C0,00,00,00,00,00,00,00,00,00,00,00,80,00,00,00,00,00,00,00,00,00,00,00,00,3F,00,3F,04,04,36,17,37,0F,FF,36,0F,00,10,36,17,27,0F,0203,068F,0000,0302,00000000,0000,00B1,000004B0,78000603,00000000,0000037C,C01E8118,00000000,00000000,0000FFFF,00FF0200,00FF0003,00000000,00000000,00000000,00000000,00000000,00FFFE00,2008
282,genesis,zelda_v521,00144E,10,10,03,00,00,00,00,01,00,00,00,4D,00,00,00,00,00,00,00,00,A5,00,00,00,00,1E,B0,00,24,01,C2,C0,00,00,00,00,00,00,00,00,00,00,00,80,00,00,00,00,00,00,00,00,00,00,00,00,3F,00,FF,04,04,36,17,37,0F,FF,36,0F,00,10,36,17,27,0F,0203,06A1,0000,0302,00000000,0000,00B3,000004B0,78000603,00000000,0000037C,C01E8118,00000000,00000000,0000FFFF,00FF0200,00FF0003,00000000,00000000,00000000,00000000,00000000,00FFFE00,2008
283,genesis,zelda_v521,00144E,00,00,03,00,00,00,00,01,00,00,00,4E,00,00,00,00,00,00,00,00,A5,00,00,00,00,1E,B0,00,24,01,C4,C0,00,00,00,00,00,00,00,00,00,00,00,80,00,00,00,00,00,00,00,00,00,00,00,00,3F,00,FF,04,04,36,17,37,0F,FF,36,0F,00,10,36,17,27,0F,0203,06B3,0000,0302,00000000,0000,00B5,000004B0,78000603,00000000,0000037C,C01E8118,00000000,00000000,0000FFFF,00FF0200,00FF0003,00000000,00000000,00000000,00000000,00000000,00FFFE00,2008
284,genesis,zelda_v521,00144E,00,00,03,00,00,00,00,01,00,00,00,4F,00,00,00,00,00,00,00,00,A5,00,00,00,00,1E,B0,00,25,01,C6,C0,00,00,00,00,00,00,00,00,00,00,00,80,00,00,00,00,00,00,00,00,00,00,00,00,3F,00,FF,04,04,36,17,37,0F,FF,36,0F,00,10,36,17,27,0F,0203,06C5,0000,0302,00000000,0000,00B7,000004B0,78000603,00000000,0000037C,C01E8118,00000000,00000000,0000FFFF,00FF0200,00FF0003,00000000,00000000,00000000,00000000,00000000,00FFFE00,2008
285,genesis,zelda_v521,00144E,00,00,03,00,00,00,00,01,00,00,00,50,00,00,00,00,00,00,00,00,A5,00,00,00,00,1E,B0,00,25,01,C8,C0,00,00,00,00,00,00,00,00,00,00,00,80,00,00,00,00,00,00,00,00,00,00,00,00,3F,00,FF,04,04,36,17,37,0F,FF,36,0F,00,10,36,17,27,0F,0203,06D7,0000,0302,00000000,0000,00B9,000004B0,78000603,00000000,0000037C,C01E8118,00000000,00000000,0000FFFF,00FF0200,00FF0003,00000000,00000000,00000000,00000000,00000000,00FFFE00,2008
286,genesis,zelda_v521,00144E,00,00,03,00,00,00,00,01,00,00,00,51,00,00,00,00,00,00,00,00,A5,00,00,00,00,1E,B0,00,26,01,CA,C0,00,00,00,00,00,00,00,00,00,00,00,80,00,00,00,00,00,00,00,00,00,00,00,00,3F,00,FF,04,04,36,17,37,0F,FF,36,0F,00,10,36,17,27,0F,0203,06E9,0000,0302,00000000,0000,00BB,000004B0,78000603,00000000,0000037C,C01E8118,00000000,00000000,0000FFFF,00FF0200,00FF0003,00000000,00000000,00000000,00000000,00000000,00FFFE00,2008
287,genesis,zelda_v521,00144E,08,08,03,00,00,00,00,01,00,00,00,52,00,00,00,00,00,00,00,00,A5,00,00,00,00,1E,B0,00,26,01,CC,C0,00,00,00,00,00,00,00,00,00,00,00,80,00,00,00,00,00,00,00,00,00,00,00,00,3F,00,3F,04,04,36,17,27,0F,FF,36,0F,00,10,36,17,27,0F,0203,06FB,0000,0302,00000000,0000,00BD,000004B0,78000603,00000000,0000037C,C01E8118,00000000,00000000,0000FFFF,00FF0200,00FF0003,00000000,00000000,00000000,00000000,00000000,00FFFE00,2008
288,genesis,zelda_v521,00144E,08,08,03,00,00,00,00,01,00,00,00,53,00,00,00,00,00,00,00,00,A5,00,00,00,00,1E,B0,00,27,01,CE,C0,00,00,00,00,00,00,00,00,00,00,00,80,00,00,00,00,00,00,00,00,00,00,00,00,3F,00,FF,04,04,36,17,27,0F,FF,36,0F,00,10,36,17,27,0F,0203,070D,0000,0302,00000000,0000,00BF,000004B0,78000603,00000000,0000037C,C01E8118,00000000,00000000,0000FFFF,00FF0200,00FF0003,00000000,00000000,00000000,00000000,00000000,00FFFE00,2008
289,genesis,zelda_v521,00144E,08,08,03,00,00,00,00,01,00,00,00,54,00,00,00,00,00,00,00,00,A5,00,00,00,00,1E,B0,00,27,01,D0,C0,00,00,00,00,00,00,00,00,00,00,00,80,00,00,00,00,00,00,00,00,00,00,00,00,3F,00,FF,04,04,36,17,27,0F,FF,36,0F,00,10,36,17,27,0F,0203,071F,0000,0302,00000000,0000,00C1,000004B0,78000603,00000000,0000037C,C01E8118,00000000,00000000,0000FFFF,00FF0200,00FF0003,00000000,00000000,00000000,00000000,00000000,00FFFE00,2008
290,genesis,zelda_v521,00144E,08,08,03,00,00,00,00,01,00,00,00,55,00,00,00,00,00,00,00,00,A5,00,00,00,00,1E,B0,00,28,01,D2,C0,00,00,00,00,00,00,00,00,00,00,00,80,00,00,00,00,00,00,00,00,00,00,00,00,3F,00,FF,04,04,36,17,27,0F,FF,36,0F,00,10,36,17,27,0F,0203,0731,0000,0302,00000000,0000,00C3,000004B0,78000603,00000000,0000037C,C01E8118,00000000,00000000,0000FFFF,00FF0200,00FF0003,00000000,00000000,00000000,00000000,00000000,00FFFE00,2008
291,genesis,zelda_v521,00144E,10,10,03,00,00,00,00,01,00,00,00,56,00,00,00,00,00,00,00,00,A5,00,00,00,00,1E,B0,00,28,01,D4,C0,00,00,00,00,00,00,00,00,00,00,00,80,00,00,00,00,00,00,00,00,00,00,00,00,3F,00,FF,04,04,36,17,27,0F,FF,36,0F,00,10,36,17,27,0F,0203,0743,0000,0302,00000000,0000,00C5,000004B0,78000603,00000000,0000037C,C01E8118,00000000,00000000,0000FFFF,00FF0200,00FF0003,00000000,00000000,00000000,00000000,00000000,00FFFE00,2008
292,genesis,zelda_v521,00144E,10,10,03,00,00,00,00,01,00,00,00,57,00,00,00,00,00,00,00,00,A5,00,00,00,00,1E,B0,00,29,01,D6,C0,00,00,00,00,00,00,00,00,00,00,00,80,00,00,00,00,00,00,00,00,00,00,00,00,3F,00,FF,04,04,36,17,27,0F,FF,36,0F,00,10,36,17,27,0F,0203,0755,0000,0302,00000000,0000,00C7,000004B0,78000603,00000000,0000037C,C01E8118,00000000,00000000,0000FFFF,00FF0200,00FF0003,00000000,00000000,00000000,00000000,00000000,00FFFE00,2008
293,genesis,zelda_v521,00144E,10,10,03,00,00,00,00,01,00,00,00,58,00,00,00,00,00,00,00,00,A5,00,00,00,00,1E,B0,00,29,01,D8,C0,00,00,00,00,00,00,00,00,00,00,00,80,00,00,00,00,00,00,00,00,00,00,00,00,3F,00,3F,04,04,36,17,17,0F,FF,36,0F,00,10,36,17,27,0F,0203,0767,0000,0302,00000000,0000,00C9,000004B0,78000603,00000000,0000037C,C01E8118,00000000,00000000,0000FFFF,00FF0200,00FF0003,00000000,00000000,00000000,00000000,00000000,00FFFE00,2008
294,genesis,zelda_v521,00144E,10,10,03,00,00,00,00,01,00,00,00,59,00,00,00,00,00,00,00,00,A5,00,00,00,00,1E,B0,00,2A,01,DA,C0,00,00,00,00,00,00,00,00,00,00,00,80,00,00,00,00,00,00,00,00,00,00,00,00,3F,00,FF,04,04,36,17,17,0F,FF,36,0F,00,10,36,17,27,0F,0203,0779,0000,0302,00000000,0000,00CB,000004B0,78000603,00000000,0000037C,C01E8118,00000000,00000000,0000FFFF,00FF0200,00FF0003,00000000,00000000,00000000,00000000,00000000,00FFFE00,2008
295,genesis,zelda_v521,00144E,10,10,03,00,00,00,00,01,00,00,00,5A,00,00,00,00,00,00,00,00,A5,00,00,00,00,1E,B0,00,2A,01,DC,C0,00,00,00,00,00,00,00,00,00,00,00,80,00,00,00,00,00,00,00,00,00,00,00,00,3F,00,FF,04,04,36,17,17,0F,FF,36,0F,00,10,36,17,27,0F,0203,078B,0000,0302,00000000,0000,00CD,000004B0,78000603,00000000,0000037C,C01E8118,00000000,00000000,0000FFFF,00FF0200,00FF0003,00000000,00000000,00000000,00000000,00000000,00FFFE00,2008
296,genesis,zelda_v521,00144E,10,10,03,00,00,00,00,01,00,00,00,5B,00,00,00,00,00,00,00,00,A5,00,00,00,00,1E,B0,00,2B,01,DE,C0,00,00,00,00,00,00,00,00,00,00,00,80,00,00,00,00,00,00,00,00,00,00,00,00,3F,00,FF,04,04,36,17,17,0F,FF,36,0F,00,10,36,17,27,0F,0203,079D,0000,0302,00000000,0000,00CF,000004B0,78000603,00000000,0000037C,C01E8118,00000000,00000000,0000FFFF,00FF0200,00FF0003,00000000,00000000,00000000,00000000,00000000,00FFFE00,2008
297,genesis,zelda_v521,00144E,10,10,03,00,00,00,00,01,00,00,00,5C,00,00,00,00,00,00,00,00,A5,00,00,00,00,1E,B0,00,2B,01,E0,C0,00,00,00,00,00,00,00,00,00,00,00,80,00,00,00,00,00,00,00,00,00,00,00,00,3F,00,FF,04,04,36,17,17,0F,FF,36,0F,00,10,36,17,27,0F,0203,07AF,0000,0302,00000000,0000,00D1,000004B0,78000603,00000000,0000037C,C01E8118,00000000,00000000,0000FFFF,00FF0200,00FF0003,00000000,00000000,00000000,00000000,00000000,00FFFE00,2008
298,genesis,zelda_v521,00144E,10,10,03,00,00,00,00,01,00,00,00,5D,00,00,00,00,00,00,00,00,A5,00,00,00,00,1E,B0,00,2C,01,E2,C0,00,00,00,00,00,00,00,00,00,00,00,80,00,00,00,00,00,00,00,00,00,00,00,00,3F,00,FF,04,04,36,17,17,0F,FF,36,0F,00,10,36,17,27,0F,0203,07C1,0000,0302,00000000,0000,00D3,000004B0,78000603,00000000,0000037C,C01E8118,00000000,00000000,0000FFFF,00FF0200,00FF0003,00000000,00000000,00000000,00000000,00000000,00FFFE00,2008
299,genesis,zelda_v521,00144E,10,10,03,00,00,00,00,01,00,00,00,5E,00,00,00,00,00,00,00,00,A5,00,00,00,00,1E,B0,00,2C,01,B2,C0,00,00,00,00,00,00,00,00,00,00,00,80,00,00,00,00,00,00,00,00,00,00,00,00,3F,00,3F,04,04,36,17,07,0F,FF,36,0F,00,10,36,17,27,0F,0203,07D3,0000,0302,00000000,0000,00D5,000004B0,78000603,00000000,0000037C,C01E8118,00000000,00000000,0000FFFF,00FF0200,00FF0003,00000000,00000000,00000000,00000000,00000000,00FFFE00,2008
300,genesis,zelda_v521,00144E,10,10,03,00,00,00,00,01,00,00,00,5F,00,00,00,00,00,00,00,00,A5,00,00,00,00,1E,B0,00,2D,01,B4,C0,00,00,00,00,00,00,00,00,00,00,00,80,00,00,00,00,00,00,00,00,00,00,00,00,3F,00,FF,04,04,36,17,07,0F,FF,36,0F,00,10,36,17,27,0F,0203,07E5,0000,0302,00000000,0000,00D7,000004B0,78000603,00000000,0000037C,C01E8118,00000000,00000000,0000FFFF,00FF0200,00FF0003,00000000,00000000,00000000,00000000,00000000,00FFFE00,2008
