frame,system,rom_label,pc,ram_0000_t49,ram_0000_t41,ram_0000_t42,ram_0002_t17,ram_0003_t18,ram_0004_t18,game_mode,screen_ready,ram_script,ram_subscript,ppu_load_index,ram_frm_cnt,cur_save_slot,rendering_flag,ram_004D,ram_next_script,ram_005C,se_ptr_lo,se_ptr_hi,ram_006C_se,ram_00F6,btn_press,btn_hold,scroll_y,scroll_x,ram_for_2001,ram_for_2000,ram_0415,ram_041A,ram_041F,ram_0421,ram_0423,spr_index_1,spr_index_2,ram_042D,ram_042E,ram_00E7,ram_map_location,ram_next_map_location,ram_0528,ram_05F1,ram_05F4,ram_05F5,ram_music,ram_music_busy,ram_060A,ram_060B,ram_060C,ram_060D,ram_0611,ram_0612,ram_0613,ram_0616,ram_0617,ram_0619,ram_061B,ppu_buf_status,ppu_buf_index,ppu_buf_0,ppu_buf_1,ppu_buf_2,ppu_buf_3,ppu_buf_4,ppu_buf_5,ppu_buf_6,ppu_buf_7,pal_sh_00,pal_sh_01,pal_sh_02,pal_sh_03,pal_sh_04,pal_sh_05,pal_sh_06,pal_sh_07,trace_last,trace_seq,PPU_REQ_INDEX,PPU_REQ_PTR,PPU_REQ_RES,SEQ_EVT_COUNT,PPU_EVT_COUNT,reg_d0,reg_d1,reg_d2,reg_d3,reg_d4,reg_d5,reg_d6,reg_d7,reg_a0,reg_a1,reg_a2,reg_a3,reg_a4,reg_a5,reg_a6,reg_a7,reg_sr
0,genesis,zelda_v358_autostart,0003CA,00,00,00,00,00,00,00,00,00,00,00,00,00,00,00,00,00,00,00,00,00,00,00,00,00,00,00,00,00,00,00,00,00,00,00,00,00,00,00,00,00,00,00,00,00,00,00,00,00,00,00,00,00,00,00,00,00,00,00,00,00,00,00,00,00,00,00,00,00,00,00,00,00,00,0000,0000,0000,0000,00000000,0000,0000,000039F8,00000000,00000000,00000000,00000000,00000000,00000000,00000000,00FF081C,00000000,00000000,00000000,00000000,00000000,00000000,00FFFE00,2704
1,genesis,zelda_v358_autostart,0003CC,00,00,00,00,00,00,00,00,00,00,00,00,00,00,00,00,00,00,00,00,00,00,00,00,00,00,00,00,00,00,00,00,00,00,00,00,00,00,00,00,00,00,00,00,00,00,00,00,00,00,00,00,00,00,00,00,00,00,00,00,00,00,00,00,00,00,00,00,00,00,00,00,00,00,0000,0000,0000,0000,00000000,0000,0000,0000298C,00000000,00000000,00000000,00000000,00000000,00000000,00000000,00FF49D0,00000000,00000000,00000000,00000000,00000000,00000000,00FFFE00,2704
2,genesis,zelda_v358_autostart,0003CC,00,00,00,00,00,00,00,00,00,00,00,00,00,00,00,00,00,00,00,00,00,00,00,00,00,00,00,00,00,00,00,00,00,00,00,00,00,00,00,00,00,00,00,00,00,00,00,00,00,00,00,00,00,00,00,00,00,00,00,00,00,00,00,00,00,00,00,00,00,00,00,00,00,00,0000,0000,0000,0000,00000000,0000,0000,0000191F,00000000,00000000,00000000,00000000,00000000,00000000,00000000,00FF8B84,00000000,00000000,00000000,00000000,00000000,00000000,00FFFE00,2704
3,genesis,zelda_v358_autostart,0003CA,00,00,00,00,00,00,00,00,00,00,00,00,00,00,00,00,00,00,00,00,00,00,00,00,00,00,00,00,00,00,00,00,00,00,00,00,00,00,00,00,00,00,00,00,00,00,00,00,00,00,00,00,00,00,00,00,00,00,00,00,00,00,00,00,00,00,00,00,00,00,00,00,00,00,0000,0000,0000,0000,00000000,0000,0000,000008B2,00000000,00000000,00000000,00000000,00000000,00000000,00000000,00FFCD34,00000000,00000000,00000000,00000000,00000000,00000000,00FFFE00,2704
4,genesis,zelda_v358_autostart,000AA8,00,00,00,00,00,00,00,00,00,00,00,00,00,00,00,00,00,00,00,00,00,00,00,00,00,00,00,00,00,00,00,00,00,00,00,00,00,00,00,00,00,00,00,00,00,00,00,00,00,00,00,00,00,00,00,00,00,00,00,00,00,00,00,00,00,00,00,00,00,00,00,00,00,00,0000,0000,0000,0000,00000000,0000,0000,0000FFFF,00000000,00000000,00000000,00000000,00000000,00000000,00003852,00FFF000,00000000,00000000,00000000,00000000,00000000,00000000,00FFFDF8,2704
5,genesis,zelda_v358_autostart,000AB0,00,00,00,00,00,00,00,00,00,00,00,00,00,00,00,00,00,00,00,00,00,00,00,00,00,00,00,00,00,00,00,00,00,00,00,00,00,00,00,00,00,00,00,00,00,00,00,00,00,00,00,00,00,00,00,00,00,00,00,00,00,00,00,00,00,00,00,00,00,00,00,00,00,00,0000,0000,0000,0000,00000000,0000,0000,0000FFFF,00000000,00000000,00000000,00000000,00000000,00000000,000027E6,00FFF000,00000000,00000000,00000000,00000000,00000000,00000000,00FFFDF8,2704
6,genesis,zelda_v358_autostart,000AA8,00,00,00,00,00,00,00,00,00,00,00,00,00,00,00,00,00,00,00,00,00,00,00,00,00,00,00,00,00,00,00,00,00,00,00,00,00,00,00,00,00,00,00,00,00,00,00,00,00,00,00,00,00,00,00,00,00,00,00,00,00,00,00,00,00,00,00,00,00,00,00,00,00,00,0000,0000,0000,0000,00000000,0000,0000,0000FFFF,00000000,00000000,00000000,00000000,00000000,00000000,00001779,00FFF000,00000000,00000000,00000000,00000000,00000000,00000000,00FFFDF8,2704
7,genesis,zelda_v358_autostart,000AB0,00,00,00,00,00,00,00,00,00,00,00,00,00,00,00,00,00,00,00,00,00,00,00,00,00,00,00,00,00,00,00,00,00,00,00,00,00,00,00,00,00,00,00,00,00,00,00,00,00,00,00,00,00,00,00,00,00,00,00,00,00,00,00,00,00,00,00,00,00,00,00,00,00,00,0000,0000,0000,0000,00000000,0000,0000,0000FFFF,00000000,00000000,00000000,00000000,00000000,00000000,0000070D,00FFF000,00000000,00000000,00000000,00000000,00000000,00000000,00FFFDF8,2704
8,genesis,zelda_v358_autostart,000B4C,00,00,00,00,00,00,00,00,00,00,00,00,00,00,00,00,00,00,00,00,00,00,00,00,00,00,00,00,00,00,00,00,00,00,00,00,00,00,00,00,00,00,00,00,00,00,00,00,00,00,00,00,00,00,00,00,00,00,00,00,00,00,00,00,00,00,00,00,00,00,00,00,00,00,0000,0000,0000,0000,00000000,0000,0000,00000000,60000000,00000000,00000000,C01E0000,00000000,00000000,0000030E,00FF85C4,00000000,00000000,00000000,00000000,00000000,00000000,00FFFDF8,2704
9,genesis,zelda_v358_autostart,000636,00,00,00,00,00,00,00,00,00,00,00,00,00,00,00,00,00,00,00,00,00,00,00,00,00,00,00,00,00,00,00,00,00,00,00,00,00,00,00,00,00,00,00,00,00,00,00,00,00,00,00,00,00,00,00,00,00,00,00,00,00,00,00,00,00,00,00,00,00,00,00,00,00,00,0000,0000,0000,0000,00000000,0000,0000,00000E80,60000000,00000000,00000000,C01E0000,00000000,00000000,0000FFFF,0001ACD6,00000000,00000000,00000000,00000000,00000000,00000000,00FFFDFC,2700
10,genesis,zelda_v358_autostart,000636,00,00,00,00,00,00,00,00,00,00,00,00,00,00,00,00,00,00,00,00,00,00,00,00,00,00,00,00,00,00,00,00,00,00,00,00,00,00,00,00,00,00,00,00,00,00,00,00,00,00,00,00,00,00,00,00,00,00,00,00,00,00,00,00,00,00,00,00,00,00,00,00,00,00,0000,0000,0000,0000,00000000,0000,0000,000008B4,60000000,00000000,00000000,C01E0000,00000000,00000000,0000FFFF,0001C406,00000000,00000000,00000000,00000000,00000000,00000000,00FFFDFC,2700
11,genesis,zelda_v358_autostart,000636,00,00,00,00,00,00,00,00,00,00,00,00,00,00,00,00,00,00,00,00,00,00,00,00,00,00,00,00,00,00,00,00,00,00,00,00,00,00,00,00,00,00,00,00,00,00,00,00,00,00,00,00,00,00,00,00,00,00,00,00,00,00,00,00,00,00,00,00,00,00,00,00,00,00,0000,0000,0000,0000,00000000,0000,0000,000002EB,60000000,00000000,00000000,C01E0000,00000000,00000000,0000FFFF,0001DB2A,00000000,00000000,00000000,00000000,00000000,00000000,00FFFDFC,2700
12,genesis,zelda_v358_autostart,004B7C,00,00,03,FF,01,01,00,00,00,00,00,00,00,00,00,00,00,00,00,00,00,FF,FF,00,00,1E,80,00,00,00,00,00,00,00,00,00,00,00,00,00,00,00,00,00,00,00,00,00,00,00,00,00,00,00,00,00,3F,00,FF,00,00,00,00,00,00,00,00,00,00,00,00,00,00,00,0403,000A,0000,0302,00000000,0000,0002,00000000,60000025,00000000,60FF0000,C0000300,00000302,00000000,0000FFFF,00FF0000,00000302,00000000,00000000,00000000,00000000,00000000,00FFFDAE,2604
13,genesis,zelda_v358_autostart,00090E,0D,0D,81,72,06,01,00,00,00,00,00,02,00,00,00,00,00,00,00,00,00,00,FF,00,00,00,80,00,00,00,00,00,00,00,00,00,00,00,00,00,00,00,00,00,00,00,00,00,00,00,00,00,00,00,00,00,3F,00,FF,00,00,00,00,00,00,00,00,00,00,00,00,00,00,00,0403,002B,0000,0302,00000000,0000,0004,00000400,60000001,00000000,60FF008E,C0000000,0000810D,00000000,0000FFFF,00FF0000,00000302,00000000,00000000,00000000,00000000,00000000,00FFFD86,2609
14,genesis,zelda_v358_autostart,007262,C2,C2,81,BD,05,01,00,00,00,00,00,02,00,00,00,00,00,00,00,00,00,00,FF,00,00,00,80,00,00,00,00,00,00,00,00,00,00,00,00,00,00,00,00,00,00,00,00,00,00,00,00,00,00,00,00,00,3F,00,FF,00,00,00,00,00,00,00,00,00,00,00,00,00,00,00,0403,002B,0000,0302,00000000,0000,0004,00000400,60000001,00000000,60FF0143,C0000005,000005BD,00000000,0000FFFF,00FF0000,00000302,00000000,00000000,00000000,00000000,00000000,00FFFDAA,2610
15,genesis,zelda_v358_autostart,000B7C,76,76,82,09,05,01,00,00,00,00,00,02,00,00,00,00,00,00,00,00,00,00,FF,00,00,00,80,00,00,00,00,00,00,00,00,00,00,00,00,00,00,00,00,00,00,00,00,00,00,00,00,00,00,00,00,00,3F,00,FF,00,00,00,00,00,00,00,00,00,00,00,00,00,00,00,0403,002B,0000,0302,00000000,0000,0004,00000400,60000001,00000000,60FF01F7,C0000100,00008276,00000000,0000FFFF,00FF0000,00000302,00000000,00000000,00000000,00000000,00000000,00FFFDA2,2600
16,genesis,zelda_v358_autostart,0008F0,2B,2B,83,54,04,01,00,00,00,00,00,02,00,00,00,00,00,00,00,00,00,00,FF,00,00,00,80,00,00,00,00,00,00,00,00,00,00,00,00,00,00,00,00,00,00,00,00,00,00,00,00,00,00,00,00,00,3F,00,FF,00,00,00,00,00,00,00,00,00,00,00,00,00,00,00,0403,002B,0000,0302,00000000,0000,0004,00000400,60000001,00000000,60FF02AC,C0000200,0000832B,00000000,0000FFFF,00FF0000,00000302,00000000,00000000,00000000,00000000,00000000,00FFFDA6,2609
17,genesis,zelda_v358_autostart,00724A,E0,E0,83,A0,03,01,00,00,00,00,00,02,00,00,00,00,00,00,00,00,00,00,FF,00,00,00,80,00,00,00,00,00,00,00,00,00,00,00,00,00,00,00,00,00,00,00,00,00,00,00,00,00,00,00,00,00,3F,00,FF,00,00,00,00,00,00,00,00,00,00,00,00,00,00,00,0403,002B,0000,0302,00000000,0000,0004,00000400,60000001,00000000,60FF0361,C0000083,00000300,00000000,0000FFFF,00FF0000,00000302,00000000,00000000,00000000,00000000,00000000,00FFFDAA,2600
18,genesis,zelda_v358_autostart,000916,94,94,84,EB,02,01,00,00,00,00,00,02,00,00,00,00,00,00,00,00,00,00,FF,00,00,00,80,00,00,00,00,00,00,00,00,00,00,00,00,00,00,00,00,00,00,00,00,00,00,00,00,00,00,00,00,00,3F,00,FF,00,00,00,00,00,00,00,00,00,00,00,00,00,00,00,0403,002B,0000,0302,00000000,0000,0004,00000400,60000001,00000000,60FF0415,C0000400,00008494,00000000,0000FFFF,00FF0000,00000302,00000000,00000000,00000000,00000000,00000000,00FFFDA6,2604
19,genesis,zelda_v358_autostart,007228,49,49,85,36,02,01,00,00,00,00,00,02,00,00,00,00,00,00,00,00,00,00,FF,00,00,00,80,00,00,00,00,00,00,00,00,00,00,00,00,00,00,00,00,00,00,00,00,00,00,00,00,00,00,00,00,00,3F,00,FF,00,00,00,00,00,00,00,00,00,00,00,00,00,00,00,0403,002B,0000,0302,00000000,0000,0004,00000400,60000001,00000000,60FF04CA,C0000002,00008549,00000000,0000FFFF,00FF0000,00000302,00000000,00000000,00000000,00000000,00000000,00FFFDAA,2604
20,genesis,zelda_v358_autostart,007238,FE,FE,85,82,01,01,00,00,00,00,00,02,00,00,00,00,00,00,00,00,00,00,FF,00,00,00,80,00,00,00,00,00,00,00,00,00,00,00,00,00,00,00,00,00,00,00,00,00,00,00,00,00,00,00,00,00,3F,00,FF,00,00,00,00,00,00,00,00,00,00,00,00,00,00,00,0403,002B,0000,0302,00000000,0000,0004,00000400,60000001,00000000,60FF057F,C00085FE,000085FE,00000000,0000FFFF,00FF0000,00000302,00000000,00000000,00000000,00000000,00000000,00FFFDAA,2608
21,genesis,zelda_v358_autostart,000C8E,B2,B2,86,CD,00,01,00,00,00,00,00,02,00,00,00,00,00,00,00,00,00,00,FF,00,00,00,80,00,00,00,00,00,00,00,00,00,00,00,00,00,00,00,00,00,00,00,00,00,00,00,00,00,00,00,00,00,3F,00,FF,00,00,00,00,00,00,00,00,00,00,00,00,00,00,00,0403,002B,0000,0302,00000000,0000,0004,00000400,60000001,00000000,60FF0633,C0000600,000086B2,00000000,0000FFFF,00FF0000,00000302,00000000,00000000,00000000,00000000,00000000,00FFFD82,2609
22,genesis,zelda_v358_autostart,00720E,67,67,87,18,00,01,00,00,00,00,00,02,00,00,00,00,00,00,00,00,00,00,FF,00,00,00,80,00,00,00,00,00,00,00,00,00,00,00,00,00,00,00,00,00,00,00,00,00,00,00,00,00,00,00,00,00,3F,00,FF,00,00,00,00,00,00,00,00,00,00,00,00,00,00,00,0403,002B,0000,0302,00000000,0000,0004,00000400,60000001,00000000,60FF06E8,C0000000,00000018,00000000,0000FFFF,00FF0000,00000302,00000000,00000000,00000000,00000000,00000000,00FFFDAA,2600
23,genesis,zelda_v358_autostart,0008DA,1A,1A,88,65,06,01,00,00,00,00,00,02,00,00,00,00,00,00,00,00,00,00,FF,00,00,00,80,00,00,00,00,00,00,00,00,00,00,00,00,00,00,00,00,00,00,00,00,00,00,00,00,00,00,00,00,00,3F,00,FF,00,00,00,00,00,00,00,00,00,00,00,00,00,00,00,0403,002D,0000,0302,00000000,0000,0004,00000400,60000003,00000000,60FF00AB,C0000006,0000881A,00000000,0000FFFF,00FF0000,00000302,00000000,00000000,00000000,00000000,00000000,00FFFDA6,2604
24,genesis,zelda_v358_autostart,00723A,CF,CF,88,B1,05,01,00,00,00,00,00,02,00,00,00,00,00,00,00,00,00,00,FF,00,00,00,80,00,00,00,00,00,00,00,00,00,00,00,00,00,00,00,00,00,00,00,00,00,00,00,00,00,00,00,00,00,3F,00,FF,00,00,00,00,00,00,00,00,00,00,00,00,00,00,00,0403,002D,0000,0302,00000000,0000,0004,00000400,60000003,00000000,60FF0160,C0000088,000088CF,00000000,0000FFFF,00FF0000,00000302,00000000,00000000,00000000,00000000,00000000,00FFFDAA,2611
25,genesis,zelda_v358_autostart,000C9A,83,83,89,FC,04,01,00,00,00,00,00,02,00,00,00,00,00,00,00,00,00,00,FF,00,00,00,80,00,00,00,00,00,00,00,00,00,00,00,00,00,00,00,00,00,00,00,00,00,00,00,00,00,00,00,00,00,3F,00,FF,00,00,00,00,00,00,00,00,00,00,00,00,00,00,00,0403,002D,0000,0302,00000000,0000,0004,00000400,60000003,00000000,60FF0214,C0000214,00008983,00000000,0000FFFF,00FFC000,00000302,00000000,00000000,00000000,00000000,00000000,00FFFD82,2600
26,genesis,zelda_v358_autostart,007216,38,38,8A,47,04,01,00,00,00,00,00,02,00,00,00,00,00,00,00,00,00,00,FF,00,00,00,80,00,00,00,00,00,00,00,00,00,00,00,00,00,00,00,00,00,00,00,00,00,00,00,00,00,00,00,00,00,3F,00,FF,00,00,00,00,00,00,00,00,00,00,00,00,00,00,00,0403,002D,0000,0302,00000000,0000,0004,00000400,60000003,00000000,60FF02C9,C0000004,0000008A,00000000,0000FFFF,00FF0000,00000302,00000000,00000000,00000000,00000000,00000000,00FFFDAA,2608
27,genesis,zelda_v358_autostart,000B8C,EC,EC,8A,93,03,01,00,00,00,00,00,02,00,00,00,00,00,00,00,00,00,00,FF,00,00,00,80,00,00,00,00,00,00,00,00,00,00,00,00,00,00,00,00,00,00,00,00,00,00,00,00,00,00,00,00,00,3F,00,FF,00,00,00,00,00,00,00,00,00,00,00,00,00,00,00,0403,002D,0000,0302,00000000,0000,0004,00000400,60000003,00000000,60FF037D,C0000300,00008AEC,00000000,0000FFFF,00FF0000,00000302,00000000,00000000,00000000,00000000,00000000,00FFFDA2,2604
28,genesis,zelda_v358_autostart,00090E,A1,A1,8B,DE,02,01,00,00,00,00,00,02,00,00,00,00,00,00,00,00,00,00,FF,00,00,00,80,00,00,00,00,00,00,00,00,00,00,00,00,00,00,00,00,00,00,00,00,00,00,00,00,00,00,00,00,00,3F,00,FF,00,00,00,00,00,00,00,00,00,00,00,00,00,00,00,0403,002D,0000,0302,00000000,0000,0004,00000400,60000003,00000000,60FF0432,C0000400,00008BA1,00000000,0000FFFF,00FF0000,00000302,00000000,00000000,00000000,00000000,00000000,00FFFD86,2609
29,genesis,zelda_v358_autostart,007254,56,56,8C,2A,02,01,00,00,00,00,00,02,00,00,00,00,00,00,00,00,00,00,FF,00,00,00,80,00,00,00,00,00,00,00,00,00,00,00,00,00,00,00,00,00,00,00,00,00,00,00,00,00,00,00,00,00,3F,00,FF,00,00,00,00,00,00,00,00,00,00,00,00,00,00,00,0403,002D,0000,0302,00000000,0000,0004,00000400,60000003,00000000,60FF04E7,C0000229,00000229,00000000,0000FFFF,00FF0000,00000302,00000000,00000000,00000000,00000000,00000000,00FFFDAA,2600
30,genesis,zelda_v358_autostart,000916,0A,0A,8D,75,01,01,00,00,00,00,00,02,00,00,00,00,00,00,00,00,00,00,FF,00,00,00,80,00,00,00,00,00,00,00,00,00,00,00,00,00,00,00,00,00,00,00,00,00,00,00,00,00,00,00,00,00,3F,00,FF,00,00,00,00,00,00,00,00,00,00,00,00,00,00,00,0403,002D,0000,0302,00000000,0000,0004,00000400,60000003,00000000,60FF059B,C0000500,00008D0A,00000000,0000FFFF,00FF0000,00000302,00000000,00000000,00000000,00000000,00000000,00FFFDA6,2604
31,genesis,zelda_v358_autostart,0008E0,BF,BF,8D,C0,00,01,00,00,00,00,00,02,00,00,00,00,00,00,00,00,00,00,FF,00,00,00,80,00,00,00,00,00,00,00,00,00,00,00,00,00,00,00,00,00,00,00,00,00,00,00,00,00,00,00,00,00,3F,00,FF,00,00,00,00,00,00,00,00,00,00,00,00,00,00,00,0403,002D,0000,0302,00000000,0000,0004,00000400,60000003,00000000,60FF0650,C0000000,00008DBF,00000000,0000FFFF,00FF0000,00000302,00000000,00000000,00000000,00000000,00000000,00FFFDA6,2600
32,genesis,zelda_v358_autostart,00723A,74,74,8E,0C,00,01,00,00,00,00,00,02,00,00,00,00,00,00,00,00,00,00,FF,00,00,00,80,00,00,00,00,00,00,00,00,00,00,00,00,00,00,00,00,00,00,00,00,00,00,00,00,00,00,00,00,00,3F,00,FF,00,00,00,00,00,00,00,00,00,00,00,00,00,00,00,0403,002D,0000,0302,00000000,0000,0004,00000400,60000003,00000000,60FF0705,C000008E,00008E74,00000000,0000FFFF,00FF0000,00000302,00000000,00000000,00000000,00000000,00000000,00FFFDAA,2600
33,genesis,zelda_v358_autostart,000C1C,10,10,8F,4F,00,01,00,00,00,00,00,02,00,00,00,00,00,00,00,00,00,00,FF,00,00,00,80,00,00,00,00,00,00,00,00,00,00,00,00,00,00,00,00,00,00,00,00,00,00,00,00,00,00,00,00,00,3F,00,FF,00,00,00,00,00,00,00,00,00,00,00,00,00,00,00,0403,002F,0000,0302,00000000,0000,0004,00000400,60000005,00000000,60FF20B0,C00000B0,00008F10,00000000,0000FFFF,00FF8200,00000302,00000000,00000000,00000000,00000000,00000000,00FFFD7E,2604
34,genesis,zelda_v358_autostart,000D8C,5F,5F,8F,00,00,01,00,00,00,00,00,02,00,00,00,00,00,00,00,00,00,00,FF,00,00,00,80,00,00,00,00,00,00,00,00,00,00,00,00,00,00,00,00,00,00,00,00,00,00,00,00,00,00,00,00,00,3F,00,FF,00,00,00,00,00,00,00,00,00,00,00,00,00,00,00,0403,002F,0000,0302,00000000,0000,0004,00000000,00000000,00000000,00000000,00000000,00000000,00000004,00000062,00FFC0D0,00FFC0D4,00FFC0DC,00000DD6,00000000,00000000,00000000,00FFFD72,2604
35,genesis,zelda_v358_autostart,000D90,5F,5F,8F,00,00,01,00,00,00,00,00,02,00,00,00,00,00,00,00,00,00,00,FF,00,00,00,80,00,00,00,00,00,00,00,00,00,00,00,00,00,00,00,00,00,00,00,00,00,00,00,00,00,00,00,00,00,3F,00,FF,00,00,00,00,00,00,00,00,00,00,00,00,00,00,00,0403,002F,0000,0302,00000000,0000,0004,00000000,00000000,00000000,00000000,00000000,00000000,00000003,00000047,00FFC280,00FFC285,00FFC28D,00000DD6,00000000,00000000,00000000,00FFFD72,2604
36,genesis,zelda_v358_autostart,000D98,5F,5F,8F,00,00,01,00,00,00,00,00,02,00,00,00,00,00,00,00,00,00,00,FF,00,00,00,80,00,00,00,00,00,00,00,00,00,00,00,00,00,00,00,00,00,00,00,00,00,00,00,00,00,00,00,00,00,3F,00,FF,00,00,00,00,00,00,00,00,00,00,00,00,00,00,00,0403,002F,0000,0302,00000000,0000,0004,00000000,00000000,00000000,00000000,00000000,00000000,00000002,0000002C,00FFC430,00FFC436,00FFC43E,00000DD6,00000000,00000000,00000000,00FFFD72,2604
37,genesis,zelda_v358_autostart,000DA4,5F,5F,8F,00,00,01,00,00,00,00,00,02,00,00,00,00,00,00,00,00,00,00,FF,00,00,00,80,00,00,00,00,00,00,00,00,00,00,00,00,00,00,00,00,00,00,00,00,00,00,00,00,00,00,00,00,00,3F,00,FF,00,00,00,00,00,00,00,00,00,00,00,00,00,00,00,0403,002F,0000,0302,00000000,0000,0004,00000000,00000000,00000000,00000000,00000000,00000000,00000001,00000011,00FFC5E0,00FFC5E7,00FFC5EF,00000DD6,00000000,00000000,00000000,00FFFD72,2604
38,genesis,zelda_v358_autostart,000D6C,5F,5F,8F,00,00,01,00,00,00,00,00,02,00,00,00,00,00,00,00,00,00,00,FF,00,00,00,80,00,00,00,00,00,00,00,00,00,00,00,00,00,00,00,00,00,00,00,00,00,00,00,00,00,00,00,00,00,3F,00,FF,00,00,00,00,00,00,00,00,00,00,00,00,00,00,00,0403,002F,0000,0302,00000000,0000,0004,00000000,00000000,00000000,00000000,00000000,00000000,00000000,00000066,00FFD090,00FFD098,00FFD0A0,00000DD6,00000000,00000000,00000000,00FFFD72,2604
39,genesis,zelda_v358_autostart,000D6A,5F,5F,8F,00,00,01,00,00,00,00,00,02,00,00,00,00,00,00,00,00,00,00,FF,00,00,00,80,00,00,00,00,00,00,00,00,00,00,00,00,00,00,00,00,00,00,00,00,00,00,00,00,00,00,00,00,00,3F,00,FF,00,00,00,00,00,00,00,00,00,00,00,00,00,00,00,0403,002F,0000,0302,00000000,0000,0004,000000FF,00000000,00000000,00000000,000000C0,00000000,00000007,0000004A,00FFD250,00FFD251,00FFD259,00000DD6,00000000,00000000,00000000,00FFFD72,2600
40,genesis,zelda_v358_autostart,000D70,5F,5F,8F,00,00,01,00,00,00,00,00,02,00,00,00,00,00,00,00,00,00,00,FF,00,00,00,80,00,00,00,00,00,00,00,00,00,00,00,00,00,00,00,00,00,00,00,00,00,00,00,00,00,00,00,00,00,3F,00,FF,00,00,00,00,00,00,00,00,00,00,00,00,00,00,00,0403,002F,0000,0302,00000000,0000,0004,00000000,00000000,00000000,00000000,00000000,00000000,00000006,0000002F,00FFD400,00FFD402,00FFD40A,00000DD6,00000000,00000000,00000000,00FFFD72,2604
41,genesis,zelda_v358_autostart,000D76,5F,5F,8F,00,00,01,00,00,00,00,00,02,00,00,00,00,00,00,00,00,00,00,FF,00,00,00,80,00,00,00,00,00,00,00,00,00,00,00,00,00,00,00,00,00,00,00,00,00,00,00,00,00,00,00,00,00,3F,00,FF,00,00,00,00,00,00,00,00,00,00,00,00,00,00,00,0403,002F,0000,0302,00000000,0000,0004,00000000,00000000,00000000,00000000,00000000,00000000,00000005,00000014,00FFD5B0,00FFD5B3,00FFD5BB,00000DD6,00000000,00000000,00000000,00FFFD72,2604
42,genesis,zelda_v358_autostart,000DD0,5F,5F,8F,00,00,01,00,00,00,00,00,02,00,00,00,00,00,00,00,00,00,00,FF,00,00,00,80,00,00,00,00,00,00,00,00,00,00,00,00,00,00,00,00,00,00,00,00,00,00,00,00,00,00,00,00,00,3F,00,FF,00,00,00,00,00,00,00,00,00,00,00,00,00,00,00,0403,002F,0000,0302,00000000,0000,0004,00000000,00000000,00000000,00000000,00000000,00000000,00000005,00000007,00FFDF80,00FFDF83,00FFDF8B,00000DD6,00000000,00000000,00000000,00FFFD72,2604
43,genesis,zelda_v358_autostart,0007CA,00,00,03,FF,01,01,00,00,00,00,00,03,00,00,00,00,00,00,00,00,A5,00,FF,00,00,1E,80,00,00,00,00,00,00,00,00,00,00,00,00,00,00,00,00,00,00,00,00,00,00,00,00,00,00,00,00,00,3F,00,FF,00,00,00,00,00,00,00,00,00,00,00,00,00,00,00,0203,0045,0000,0302,00000000,0000,0006,00003600,60000000,00000000,00003600,C01E8100,00000000,00000000,0000FFFF,000206D6,00FFE000,00000000,00000000,00000000,00000000,00000000,00FFFDFC,2004
44,genesis,zelda_v358_autostart,0012DA,20,20,24,00,01,01,00,00,00,00,00,04,00,00,00,00,00,00,00,00,A5,00,FF,00,00,00,B0,00,00,00,00,00,00,00,00,00,00,00,00,00,00,00,00,00,00,00,00,00,00,00,00,00,00,00,00,00,3F,00,FF,00,00,00,00,00,00,00,00,00,00,00,00,00,00,00,0403,005A,0000,0302,00000000,0000,0008,00000424,60000004,0000005A,000020A6,C0002000,00000302,00000000,0000FFFF,00FF0200,00008164,00000000,00000000,00000000,00000000,00000000,00FFFDAA,2600
45,genesis,zelda_v358_autostart,000B8C,20,20,24,00,01,01,00,00,00,00,00,04,00,00,00,00,00,00,00,00,A5,00,FF,00,00,00,B0,00,00,00,00,00,00,00,00,00,00,00,00,00,00,00,00,00,00,00,00,00,00,00,00,00,00,00,00,00,3F,00,FF,00,00,00,00,00,00,00,00,00,00,00,00,00,00,00,0403,005A,0000,0302,00000000,0000,0008,00000424,60000003,0000008C,00002174,C0002100,00000302,00000000,0000FFFF,00FF0200,00008164,00000000,00000000,00000000,00000000,00000000,00FFFDA2,2604
46,genesis,zelda_v358_autostart,000904,20,20,24,00,01,01,00,00,00,00,00,04,00,00,00,00,00,00,00,00,A5,00,FF,00,00,00,B0,00,00,00,00,00,00,00,00,00,00,00,00,00,00,00,00,00,00,00,00,00,00,00,00,00,00,00,00,00,3F,00,FF,00,00,00,00,00,00,00,00,00,00,00,00,00,00,00,0403,005A,0000,0302,00000000,0000,0008,00000424,60000002,000000BD,00002243,C0002200,00000302,00000000,0000FFFF,00FF0200,00008164,00000000,00000000,00000000,00000000,00000000,00FFFDA6,2600
47,genesis,zelda_v358_autostart,000904,20,20,24,00,01,01,00,00,00,00,00,04,00,00,00,00,00,00,00,00,A5,00,FF,00,00,00,B0,00,00,00,00,00,00,00,00,00,00,00,00,00,00,00,00,00,00,00,00,00,00,00,00,00,00,00,00,00,3F,00,FF,00,00,00,00,00,00,00,00,00,00,00,00,00,00,00,0403,005A,0000,0302,00000000,0000,0008,00000424,60000001,000000EE,00002312,C0002300,00000302,00000000,0000FFFF,00FF0200,00008164,00000000,00000000,00000000,00000000,00000000,00FFFDA6,2600
48,genesis,zelda_v358_autostart,000C2E,20,20,24,00,01,01,00,00,00,00,00,04,00,00,00,00,00,00,00,00,A5,00,FF,00,00,00,B0,00,00,00,00,00,00,00,00,00,00,00,00,00,00,00,00,00,00,00,00,00,00,00,00,00,00,00,00,00,3F,00,FF,00,00,00,00,00,00,00,00,00,00,00,00,00,00,00,0403,005A,0000,0302,00000000,0000,0008,00000424,60000001,0000001F,000023E1,C00003E1,00000000,00000000,0000FFFF,00FF8200,00008164,00000000,00000000,00000000,00000000,00000000,00FFFD7E,2604
49,genesis,zelda_v358_autostart,000904,28,28,24,00,01,01,00,00,00,00,00,04,00,00,00,00,00,00,00,00,A5,00,FF,00,00,00,B0,00,00,00,00,00,00,00,00,00,00,00,00,00,00,00,00,00,00,00,00,00,00,00,00,00,00,00,00,00,3F,00,FF,00,00,00,00,00,00,00,00,00,00,00,00,00,00,00,0403,005C,0000,0302,00000000,0000,0008,00000424,60000004,0000003C,000028C4,C0002800,00000302,00000000,0000FFFF,00FF0200,00008164,00000000,00000000,00000000,00000000,00000000,00FFFDAA,2604
50,genesis,zelda_v358_autostart,0008E2,28,28,24,00,01,01,00,00,00,00,00,04,00,00,00,00,00,00,00,00,A5,00,FF,00,00,00,B0,00,00,00,00,00,00,00,00,00,00,00,00,00,00,00,00,00,00,00,00,00,00,00,00,00,00,00,00,00,3F,00,FF,00,00,00,00,00,00,00,00,00,00,00,00,00,00,00,0403,005C,0000,0302,00000000,0000,0008,00000424,60000003,00000052,000029AE,C00029AE,00000302,00000000,0000FFFF,00FF0200,00008164,00000000,00000000,00000000,00000000,00000000,00FFFDAA,2600
51,genesis,zelda_v358_autostart,000C18,28,28,24,00,01,01,00,00,00,00,00,04,00,00,00,00,00,00,00,00,A5,00,FF,00,00,00,B0,00,00,00,00,00,00,00,00,00,00,00,00,00,00,00,00,00,00,00,00,00,00,00,00,00,00,00,00,00,3F,00,FF,00,00,00,00,00,00,00,00,00,00,00,00,00,00,00,0403,005C,0000,0302,00000000,0000,0008,00000424,60000002,00000069,00002A97,C0000297,00000302,00000000,0000FFFF,00FF8200,00008164,00000000,00000000,00000000,00000000,00000000,00FFFD82,2600
52,genesis,zelda_v358_autostart,0012DE,28,28,24,00,01,01,00,00,00,00,00,04,00,00,00,00,00,00,00,00,A5,00,FF,00,00,00,B0,00,00,00,00,00,00,00,00,00,00,00,00,00,00,00,00,00,00,00,00,00,00,00,00,00,00,00,00,00,3F,00,FF,00,00,00,00,00,00,00,00,00,00,00,00,00,00,00,0403,005C,0000,0302,00000000,0000,0008,00000424,60000001,00000080,00002B81,C0002B00,00000302,00000000,0000FFFF,00FF0200,00008164,00000000,00000000,00000000,00000000,00000000,00FFFDAE,2600
53,genesis,zelda_v358_autostart,016A80,00,00,06,FF,01,01,00,00,00,00,00,00,00,00,00,00,00,00,00,00,00,00,00,00,00,00,00,00,00,00,00,00,00,00,02,00,00,00,00,00,00,00,00,00,00,00,00,00,00,00,00,00,00,00,00,00,23,23,3F,00,20,36,0F,00,10,36,00,00,00,00,00,00,00,00,0203,0075,0000,0302,00000000,0000,000A,00000000,60000000,00000064,00003608,C01E8100,00000000,00000000,0000FFFF,00FF0000,00FF0007,00000000,00000000,00000000,00000000,00000000,00FFFDFC,2001
54,genesis,zelda_v358_autostart,000E8A,02,02,03,FF,01,01,00,00,00,00,00,00,00,00,00,00,00,00,00,00,00,00,00,00,00,1E,80,00,00,00,00,00,00,00,02,00,00,00,00,00,00,00,00,00,00,00,00,00,00,00,00,00,00,00,00,00,23,23,3F,00,20,36,0F,00,10,36,00,00,00,00,00,00,00,00,0403,007B,0000,0302,00000000,0000,000D,0000C2BA,42800005,00000024,000003CF,000000BE,00000000,00000024,0000001E,00FF8200,00000302,00000000,00000000,00000000,00000000,00000000,00FFFD72,2600
55,genesis,zelda_v358_autostart,000E58,02,02,03,FF,01,01,00,00,00,00,00,00,00,00,00,00,00,00,00,00,00,00,00,00,00,1E,80,00,00,00,00,00,00,00,02,00,00,00,00,00,00,00,00,00,00,00,00,00,00,00,00,00,00,00,00,00,23,23,3F,00,20,36,0F,00,10,36,00,00,00,00,00,00,00,00,0403,007B,0000,0302,00000000,0000,000D,0000C608,4600000C,00000024,0000C608,00000185,00000000,00000185,00000005,00FF8200,00000302,00000000,00000000,00000000,00000000,00000000,00FFFD72,2600
56,genesis,zelda_v358_autostart,000ED8,02,02,03,FF,01,01,00,00,00,00,00,00,00,00,00,00,00,00,00,00,00,00,00,00,00,1E,80,00,00,00,00,00,00,00,02,00,00,00,00,00,00,00,00,00,00,00,00,00,00,00,00,00,00,00,00,00,23,23,3F,00,20,36,0F,00,10,36,00,00,00,00,00,00,00,00,0403,007B,0000,0302,00000000,0000,000D,0000C918,49000012,00000024,0000C918,0000024C,00000000,00004024,0000000C,00FF8200,00000302,00000000,00000000,00000000,00000000,00000000,00FFFD72,2608
57,genesis,zelda_v358_autostart,000BB0,02,02,03,FF,01,01,00,00,00,00,00,00,00,00,00,00,00,00,00,00,00,00,00,00,00,1E,80,00,00,00,00,00,00,00,02,00,00,00,00,00,00,00,00,00,00,00,00,00,00,00,00,00,00,00,00,00,23,23,3F,00,20,36,0F,00,10,36,00,00,00,00,00,00,00,00,0403,007B,0000,0302,00000000,0000,000D,0000CC26,4C000018,00000024,0000CC26,00000314,00000000,0000000B,00000005,00FF8200,00000302,00000000,00000000,00000000,00000000,00000000,00FFFD7E,2600
58,genesis,zelda_v358_autostart,000B84,02,02,03,FF,01,01,00,00,00,00,00,00,00,00,00,00,00,00,00,00,00,00,00,00,00,1E,80,00,00,00,00,00,00,00,02,00,00,00,00,00,00,00,00,00,00,00,00,00,00,00,00,00,00,00,00,00,23,23,3F,00,20,36,0F,00,10,36,36,0F,00,10,36,17,27,0F,0403,007B,0000,0302,00000000,0000,000E,000000EC,00000005,0000001E,00003F1B,0000001B,000000EC,00000000,0000FFFF,00000F04,00000302,00000000,00000000,00000000,00000000,00000000,00FFFDA2,2604
59,genesis,zelda_v358_autostart,000916,F4,F4,80,8B,06,01,00,00,00,00,00,02,00,00,00,00,00,00,00,00,00,00,FF,00,00,00,80,00,00,00,00,00,00,00,02,00,00,00,00,00,00,00,00,00,00,00,00,00,00,00,00,00,00,00,00,00,3F,00,FF,00,20,36,0F,00,10,36,36,0F,00,10,36,17,27,0F,0403,00A4,0000,0302,00000000,0000,0012,00000400,60000001,00000000,60FF0075,C0000000,000080F4,00000000,0000FFFF,00FF0000,00000302,00000000,00000000,00000000,00000000,00000000,00FFFDA6,2604
60,genesis,zelda_v358_autostart,0008DA,A9,A9,81,D6,05,01,00,00,00,00,00,02,00,00,00,00,00,00,00,00,00,00,FF,00,00,00,80,00,00,00,00,00,00,00,02,00,00,00,00,00,00,00,00,00,00,00,00,00,00,00,00,00,00,00,00,00,3F,00,FF,00,20,36,0F,00,10,36,36,0F,00,10,36,17,27,0F,0403,00A4,0000,0302,00000000,0000,0012,00000400,60000001,00000000,60FF012A,C0000005,000081A9,00000000,0000FFFF,00FF0000,00000302,00000000,00000000,00000000,00000000,00000000,00FFFDA6,2604
61,genesis,zelda_v358_autostart,00723A,5E,5E,82,22,05,01,00,00,00,00,00,02,00,00,00,00,00,00,00,00,00,00,FF,00,00,00,80,00,00,00,00,00,00,00,02,00,00,00,00,00,00,00,00,00,00,00,00,00,00,00,00,00,00,00,00,00,3F,00,FF,00,20,36,0F,00,10,36,36,0F,00,10,36,17,27,0F,0403,00A4,0000,0302,00000000,0000,0012,00000424,60000001,00000000,60FF01DF,C0000082,0000825E,00000000,0000FFFF,00FF0000,00000302,00000000,00000000,00000000,00000000,00000000,00FFFDAA,2600
62,genesis,zelda_v358_autostart,000C9E,12,12,83,6D,04,01,00,00,00,00,00,02,00,00,00,00,00,00,00,00,00,00,FF,00,00,00,80,00,00,00,00,00,00,00,02,00,00,00,00,00,00,00,00,00,00,00,00,00,00,00,00,00,00,00,00,00,3F,00,FF,00,20,36,0F,00,10,36,36,0F,00,10,36,17,27,0F,0403,00A4,0000,0302,00000000,0000,0012,00000424,60000001,00000000,60FF0293,C0000293,00008312,00000000,0000FFFF,00FFC000,00000302,00000000,00000000,00000000,00000000,00000000,00FFFD82,2600
63,genesis,zelda_v358_autostart,007218,C7,C7,83,B8,03,01,00,00,00,00,00,02,00,00,00,00,00,00,00,00,00,00,FF,00,00,00,80,00,00,00,00,00,00,00,02,00,00,00,00,00,00,00,00,00,00,00,00,00,00,00,00,00,00,00,00,00,3F,00,FF,00,20,36,0F,00,10,36,36,0F,00,10,36,17,27,0F,0403,00A4,0000,0302,00000000,0000,0012,00000424,60000001,00000000,60FF0348,C0000003,00008300,00000000,0000FFFF,00FF0000,00000302,00000000,00000000,00000000,00000000,00000000,00FFFDAA,2608
64,genesis,zelda_v358_autostart,000B94,7B,7B,84,04,03,01,00,00,00,00,00,02,00,00,00,00,00,00,00,00,00,00,FF,00,00,00,80,00,00,00,00,00,00,00,02,00,00,00,00,00,00,00,00,00,00,00,00,00,00,00,00,00,00,00,00,00,3F,00,FF,00,20,36,0F,00,10,36,36,0F,00,10,36,17,27,0F,0403,00A4,0000,0302,00000000,0000,0012,00000424,60000001,00000000,60FF03FD,C0000300,0000847B,00000000,0000FFFF,00FF0000,00000302,00000000,00000000,00000000,00000000,00000000,00FFFDA2,2600
65,genesis,zelda_v358_autostart,00090E,30,30,85,4F,02,01,00,00,00,00,00,02,00,00,00,00,00,00,00,00,00,00,FF,00,00,00,80,00,00,00,00,00,00,00,02,00,00,00,00,00,00,00,00,00,00,00,00,00,00,00,00,00,00,00,00,00,3F,00,FF,00,20,36,0F,00,10,36,36,0F,00,10,36,17,27,0F,0403,00A4,0000,0302,00000000,0000,0012,00000424,60000001,00000000,60FF04B1,C0000400,00008530,00000000,0000FFFF,00FF0000,00000302,00000000,00000000,00000000,00000000,00000000,00FFFD86,2609
66,genesis,zelda_v358_autostart,00725A,E5,E5,85,9A,01,01,00,00,00,00,00,02,00,00,00,00,00,00,00,00,00,00,FF,00,00,00,80,00,00,00,00,00,00,00,02,00,00,00,00,00,00,00,00,00,00,00,00,00,00,00,00,00,00,00,00,00,3F,00,FF,00,20,36,0F,00,10,36,36,0F,00,10,36,17,27,0F,0403,00A4,0000,0302,00000000,0000,0012,00000424,60000001,00000000,60FF0566,C000019A,0000019A,00000000,0000FFFF,00FF0000,00000302,00000000,00000000,00000000,00000000,00000000,00FFFDAA,2608
67,genesis,zelda_v358_autostart,000916,99,99,86,E6,00,01,00,00,00,00,00,02,00,00,00,00,00,00,00,00,00,00,FF,00,00,00,80,00,00,00,00,00,00,00,02,00,00,00,00,00,00,00,00,00,00,00,00,00,00,00,00,00,00,00,00,00,3F,00,FF,00,20,36,0F,00,10,36,36,0F,00,10,36,17,27,0F,0403,00A4,0000,0302,00000000,0000,0012,00000400,60000001,00000000,60FF061A,C0000600,00008699,00000000,0000FFFF,00FF0000,00000302,00000000,00000000,00000000,00000000,00000000,00FFFDA6,2604
68,genesis,zelda_v358_autostart,0008E6,4E,4E,87,31,00,01,00,00,00,00,00,02,00,00,00,00,00,00,00,00,00,00,FF,00,00,00,80,00,00,00,00,00,00,00,02,00,00,00,00,00,00,00,00,00,00,00,00,00,00,00,00,00,00,00,00,00,3F,00,FF,00,20,36,0F,00,10,36,36,0F,00,10,36,17,27,0F,0403,00A4,0000,0302,00000000,0000,0012,00000400,60000001,00000000,60FF06CF,C0000600,0000874E,00000000,0000FFFF,00FF0000,00000302,00000000,00000000,00000000,00000000,00000000,00FFFDA6,2600
69,genesis,zelda_v358_autostart,00090E,01,01,88,7E,06,01,00,00,00,00,00,02,00,00,00,00,00,00,00,00,00,00,FF,00,00,00,80,00,00,00,00,00,00,00,02,00,00,00,00,00,00,00,00,00,00,00,00,00,00,00,00,00,00,00,00,00,3F,00,FF,00,20,36,0F,00,10,36,36,0F,00,10,36,17,27,0F,0403,00A6,0000,0302,00000000,0000,0012,00000400,60000003,00000000,60FF0092,C0000000,00008801,00000000,0000FFFF,00FF0000,00000302,00000000,00000000,00000000,00000000,00000000,00FFFD86,2609
70,genesis,zelda_v358_autostart,00725C,B6,B6,88,C9,05,01,00,00,00,00,00,02,00,00,00,00,00,00,00,00,00,00,FF,00,00,00,80,00,00,00,00,00,00,00,02,00,00,00,00,00,00,00,00,00,00,00,00,00,00,00,00,00,00,00,00,00,3F,00,FF,00,20,36,0F,00,10,36,36,0F,00,10,36,17,27,0F,0403,00A6,0000,0302,00000000,0000,0012,00000400,60000003,00000000,60FF0147,C0000005,000005C9,00000000,0000FFFF,00FF0000,00000302,00000000,00000000,00000000,00000000,00000000,00FFFDAA,2611
71,genesis,zelda_v358_autostart,000B76,6A,6A,89,15,05,01,00,00,00,00,00,02,00,00,00,00,00,00,00,00,00,00,FF,00,00,00,80,00,00,00,00,00,00,00,02,00,00,00,00,00,00,00,00,00,00,00,00,00,00,00,00,00,00,00,00,00,3F,00,FF,00,20,36,0F,00,10,36,36,0F,00,10,36,17,27,0F,0403,00A6,0000,0302,00000000,0000,0012,00000400,60000003,00000000,60FF01FB,C0000100,0000896A,00000000,0000FFFF,00FF0000,00000302,00000000,00000000,00000000,00000000,00000000,00FFFDA2,2604
72,genesis,zelda_v358_autostart,0008EA,1F,1F,8A,60,04,01,00,00,00,00,00,02,00,00,00,00,00,00,00,00,00,00,FF,00,00,00,80,00,00,00,00,00,00,00,02,00,00,00,00,00,00,00,00,00,00,00,00,00,00,00,00,00,00,00,00,00,3F,00,FF,00,20,36,0F,00,10,36,36,0F,00,10,36,17,27,0F,0403,00A6,0000,0302,00000000,0000,0012,00000400,60000003,00000000,60FF02B0,C0000200,00008A1F,00000000,0000FFFF,00FF0000,00000302,00000000,00000000,00000000,00000000,00000000,00FFFDA6,2609
73,genesis,zelda_v358_autostart,007248,D4,D4,8A,AC,03,01,00,00,00,00,00,02,00,00,00,00,00,00,00,00,00,00,FF,00,00,00,80,00,00,00,00,00,00,00,02,00,00,00,00,00,00,00,00,00,00,00,00,00,00,00,00,00,00,00,00,00,3F,00,FF,00,20,36,0F,00,10,36,36,0F,00,10,36,17,27,0F,0403,00A6,0000,0302,00000000,0000,0012,00000400,60000003,00000000,60FF0365,C000008A,00000003,00000000,0000FFFF,00FF0000,00000302,00000000,00000000,00000000,00000000,00000000,00FFFDAA,2610
74,genesis,zelda_v358_autostart,000916,88,88,8B,F7,02,01,00,00,00,00,00,02,00,00,00,00,00,00,00,00,00,00,FF,00,00,00,80,00,00,00,00,00,00,00,02,00,00,00,00,00,00,00,00,00,00,00,00,00,00,00,00,00,00,00,00,00,3F,00,FF,00,20,36,0F,00,10,36,36,0F,00,10,36,17,27,0F,0403,00A6,0000,0302,00000000,0000,0012,00000400,60000003,00000000,60FF0419,C0000400,00008B88,00000000,0000FFFF,00FF0000,00000302,00000000,00000000,00000000,00000000,00000000,00FFFDA6,2604
75,genesis,zelda_v358_autostart,007224,3D,3D,8C,42,02,01,00,00,00,00,00,02,00,00,00,00,00,00,00,00,00,00,FF,00,00,00,80,00,00,00,00,00,00,00,02,00,00,00,00,00,00,00,00,00,00,00,00,00,00,00,00,00,00,00,00,00,3F,00,FF,00,20,36,0F,00,10,36,36,0F,00,10,36,17,27,0F,0403,00A6,0000,0302,00000000,0000,0012,00000400,60000003,00000000,60FF04CE,C0000002,00008C3D,00000000,0000FFFF,00FF0000,00000302,00000000,00000000,00000000,00000000,00000000,00FFFDAA,2600
76,genesis,zelda_v358_autostart,00722E,F1,F1,8C,8E,01,01,00,00,00,00,00,02,00,00,00,00,00,00,00,00,00,00,FF,00,00,00,80,00,00,00,00,00,00,00,02,00,00,00,00,00,00,00,00,00,00,00,00,00,00,00,00,00,00,00,00,00,3F,00,FF,00,20,36,0F,00,10,36,36,0F,00,10,36,17,27,0F,0403,00A6,0000,0302,00000000,0000,0012,00000400,60000003,00000000,60FF0583,C0000500,00008CF1,00000000,0000FFFF,00FF0000,00000302,00000000,00000000,00000000,00000000,00000000,00FFFDAA,2600
77,genesis,zelda_v358_autostart,000C8E,A6,A6,8D,D9,00,01,00,00,00,00,00,02,00,00,00,00,00,00,00,00,00,00,FF,00,00,00,80,00,00,00,00,00,00,00,02,00,00,00,00,00,00,00,00,00,00,00,00,00,00,00,00,00,00,00,00,00,3F,00,FF,00,20,36,0F,00,10,36,36,0F,00,10,36,17,27,0F,0403,00A6,0000,0302,00000000,0000,0012,00000400,60000003,00000000,60FF0637,C0000600,00008DA6,00000000,0000FFFF,00FF0000,00000302,00000000,00000000,00000000,00000000,00000000,00FFFD82,2609
78,genesis,zelda_v358_autostart,007262,5B,5B,8E,24,00,01,00,00,00,00,00,02,00,00,00,00,00,00,00,00,00,00,FF,00,00,00,80,00,00,00,00,00,00,00,02,00,00,00,00,00,00,00,00,00,00,00,00,00,00,00,00,00,00,00,00,00,3F,00,FF,00,20,36,0F,00,10,36,36,0F,00,10,36,17,27,0F,0403,00A6,0000,0302,00000000,0000,0012,00000400,60000003,00000000,60FF06EC,C0000000,00000024,00000000,0000FFFF,00FF0000,00000302,00000000,00000000,00000000,00000000,00000000,00FFFDAA,2604
79,genesis,zelda_v358_autostart,0008DA,F1,F1,8E,6E,00,01,00,00,00,00,00,02,00,00,00,00,00,00,00,00,00,00,FF,00,00,00,80,00,00,00,00,00,00,00,02,00,00,00,00,00,00,00,00,00,00,00,00,00,00,00,00,00,00,00,00,00,3F,00,FF,00,20,36,0F,00,10,36,36,0F,00,10,36,17,27,0F,0403,00A8,0000,0302,00000000,0000,0012,00000400,60000005,00000000,60FF2091,C0000000,00008EF1,00000000,0000FFFF,00FF0000,00000302,00000000,00000000,00000000,00000000,00000000,00FFFDA6,2604
80,genesis,zelda_v358_autostart,000DB8,5F,5F,8F,00,00,01,00,00,00,00,00,02,00,00,00,00,00,00,00,00,00,00,FF,00,00,00,80,00,00,00,00,00,00,00,02,00,00,00,00,00,00,00,00,00,00,00,00,00,00,00,00,00,00,00,00,00,3F,00,FF,00,20,36,0F,00,10,36,36,0F,00,10,36,17,27,0F,0403,00A8,0000,0302,00000000,0000,0012,00000000,00000000,00000000,00000000,00000000,00000000,00000005,00000069,00FFC060,00FFC063,00FFC06B,00000DD6,00000000,00000000,00000000,00FFFD72,2604
81,genesis,zelda_v358_autostart,000DC4,5F,5F,8F,00,00,01,00,00,00,00,00,02,00,00,00,00,00,00,00,00,00,00,FF,00,00,00,80,00,00,00,00,00,00,00,02,00,00,00,00,00,00,00,00,00,00,00,00,00,00,00,00,00,00,00,00,00,3F,00,FF,00,20,36,0F,00,10,36,36,0F,00,10,36,17,27,0F,0403,00A8,0000,0302,00000000,0000,0012,00000000,00000000,00000000,00000000,00000000,00000000,00000004,0000004E,00FFC210,00FFC214,00FFC21C,00000DD6,00000000,00000000,00000000,00FFFD72,2604
82,genesis,zelda_v358_autostart,000DCE,5F,5F,8F,00,00,01,00,00,00,00,00,02,00,00,00,00,00,00,00,00,00,00,FF,00,00,00,80,00,00,00,00,00,00,00,02,00,00,00,00,00,00,00,00,00,00,00,00,00,00,00,00,00,00,00,00,00,3F,00,FF,00,20,36,0F,00,10,36,36,0F,00,10,36,17,27,0F,0403,00A8,0000,0302,00000000,0000,0012,00000000,00000000,00000000,00000000,00000000,00000000,00000003,00000033,00FFC3C0,00FFC3C5,00FFC3CD,00000DD6,00000000,00000000,00000000,00FFFD72,2604
83,genesis,zelda_v358_autostart,000DD4,5F,5F,8F,00,00,01,00,00,00,00,00,02,00,00,00,00,00,00,00,00,00,00,FF,00,00,00,80,00,00,00,00,00,00,00,02,00,00,00,00,00,00,00,00,00,00,00,00,00,00,00,00,00,00,00,00,00,3F,00,FF,00,20,36,0F,00,10,36,36,0F,00,10,36,17,27,0F,0403,00A8,0000,0302,00000000,0000,0012,00000000,00000000,00000000,00000000,00000000,00000000,00000002,00000018,00FFC570,00FFC576,00FFC57E,00000DD6,00000000,00000000,00000000,00FFFD72,2604
84,genesis,zelda_v358_autostart,000D98,5F,5F,8F,00,00,01,00,00,00,00,00,02,00,00,00,00,00,00,00,00,00,00,FF,00,00,00,80,00,00,00,00,00,00,00,02,00,00,00,00,00,00,00,00,00,00,00,00,00,00,00,00,00,00,00,00,00,3F,00,FF,00,20,36,0F,00,10,36,36,0F,00,10,36,17,27,0F,0403,00A8,0000,0302,00000000,0000,0012,000000E0,00000000,00001111,00000003,00000003,00000000,00000001,0000006D,00FFD020,00FFD027,00FFD02F,00000DD6,00000000,00000000,00000000,00FFFD72,2604
85,genesis,zelda_v358_autostart,000DA2,5F,5F,8F,00,00,01,00,00,00,00,00,02,00,00,00,00,00,00,00,00,00,00,FF,00,00,00,80,00,00,00,00,00,00,00,02,00,00,00,00,00,00,00,00,00,00,00,00,00,00,00,00,00,00,00,00,00,3F,00,FF,00,20,36,0F,00,10,36,36,0F,00,10,36,17,27,0F,0403,00A8,0000,0302,00000000,0000,0012,00000000,00000000,00000000,00000000,00000000,00000000,00000000,00000052,00FFD1D0,00FFD1D8,00FFD1E0,00000DD6,00000000,00000000,00000000,00FFFD72,2604
86,genesis,zelda_v358_autostart,000DA2,5F,5F,8F,00,00,01,00,00,00,00,00,02,00,00,00,00,00,00,00,00,00,00,FF,00,00,00,80,00,00,00,00,00,00,00,02,00,00,00,00,00,00,00,00,00,00,00,00,00,00,00,00,00,00,00,00,00,3F,00,FF,00,20,36,0F,00,10,36,36,0F,00,10,36,17,27,0F,0403,00A8,0000,0302,00000000,0000,0012,00000000,00000000,00000000,00000000,00000000,00000000,00000007,00000036,00FFD390,00FFD391,00FFD399,00000DD6,00000000,00000000,00000000,00FFFD72,2604
87,genesis,zelda_v358_autostart,000DAC,5F,5F,8F,00,00,01,00,00,00,00,00,02,00,00,00,00,00,00,00,00,00,00,FF,00,00,00,80,00,00,00,00,00,00,00,02,00,00,00,00,00,00,00,00,00,00,00,00,00,00,00,00,00,00,00,00,00,3F,00,FF,00,20,36,0F,00,10,36,36,0F,00,10,36,17,27,0F,0403,00A8,0000,0302,00000000,0000,0012,00000000,00000000,00000000,00000000,00000000,00000000,00000006,0000001B,00FFD540,00FFD542,00FFD54A,00000DD6,00000000,00000000,00000000,00FFFD72,2604
88,genesis,zelda_v358_autostart,000DB0,5F,5F,8F,00,00,01,00,00,00,00,00,02,00,00,00,00,00,00,00,00,00,00,FF,00,00,00,80,00,00,00,00,00,00,00,02,00,00,00,00,00,00,00,00,00,00,00,00,00,00,00,00,00,00,00,00,00,3F,00,FF,00,20,36,0F,00,10,36,36,0F,00,10,36,17,27,0F,0403,00A8,0000,0302,00000000,0000,0012,00000000,000000F0,00222200,0000000C,00000000,00000000,00000005,00000000,00FFD6F0,00FFD6F3,00FFD6FB,00000DD6,00000000,00000000,00000000,00FFFD72,2600
89,genesis,zelda_v358_autostart,000E94,00,00,03,FF,01,01,00,00,00,00,00,03,00,00,00,00,00,00,00,00,A5,00,FF,00,00,1E,80,00,00,00,00,00,00,00,02,00,00,00,00,00,00,00,00,00,00,00,00,00,00,00,00,00,00,00,00,00,3F,00,FF,00,20,36,0F,00,10,36,36,0F,00,10,36,17,27,0F,0421,00BD,0000,0302,00000000,0000,0014,00000000,40800001,00000000,60FF001C,0000003C,00000000,00000024,0000001C,00FF8200,00000302,00000000,00000000,00000000,00000000,00000000,00FFFD7E,2600
90,genesis,zelda_v358_autostart,000E66,00,00,03,FF,01,01,00,00,00,00,00,03,00,00,00,00,00,00,00,00,A5,00,FF,00,00,1E,80,00,00,00,00,00,00,00,02,00,00,00,00,00,00,00,00,00,00,00,00,00,00,00,00,00,00,00,00,00,3F,00,FF,00,20,36,0F,00,10,36,36,0F,00,10,36,17,27,0F,0421,00BD,0000,0302,00000000,0000,0014,0000C404,44000008,00000024,60FFC404,00000103,00000000,00000103,00000003,00FF8200,00000302,00000000,00000000,00000000,00000000,00000000,00FFFD7E,2604
91,genesis,zelda_v358_autostart,000BB8,00,00,03,FF,01,01,00,00,00,00,00,03,00,00,00,00,00,00,00,00,A5,00,FF,00,00,1E,80,00,00,00,00,00,00,00,02,00,00,00,00,00,00,00,00,00,00,00,00,00,00,00,00,00,00,00,00,00,3F,00,FF,00,20,36,0F,00,10,36,36,0F,00,10,36,17,27,0F,0421,00BD,0000,0302,00000000,0000,0014,0000C714,4700000E,00000024,60FFC714,000001CA,00000000,00000024,0000000A,00FF8200,00000302,00000000,00000000,00000000,00000000,00000000,00FFFD82,2600
92,genesis,zelda_v358_autostart,000E3C,00,00,03,FF,01,01,00,00,00,00,00,03,00,00,00,00,00,00,00,00,A5,00,FF,00,00,1E,80,00,00,00,00,00,00,00,02,00,00,00,00,00,00,00,00,00,00,00,00,00,00,00,00,00,00,00,00,00,3F,00,FF,00,20,36,0F,00,10,36,36,0F,00,10,36,17,27,0F,0421,00BD,0000,0302,00000000,0000,0014,0000CA22,4A000014,00000024,60FFCA22,00000292,00000000,0000000D,00000009,00FF8200,00000302,00000000,00000000,00000000,00000000,00000000,00FFFD7E,2600
93,genesis,zelda_v358_autostart,000E9C,00,00,03,FF,01,01,00,00,00,00,00,03,00,00,00,00,00,00,00,00,A5,00,FF,00,00,1E,80,00,00,00,00,00,00,00,02,00,00,00,00,00,00,00,00,00,00,00,00,00,00,00,00,00,00,00,00,00,3F,00,FF,00,20,36,0F,00,10,36,36,0F,00,10,36,17,27,0F,0421,00BD,0000,0302,00000000,0000,0014,00000004,4D00001A,00000024,60FF0000,00000359,00000000,00000002,00000019,00FF8200,00000302,00000000,00000000,00000000,00000000,00000000,00FFFD7E,2600
94,genesis,zelda_v358_autostart,000B7C,20,20,24,00,00,00,00,00,00,00,00,00,00,00,00,00,00,00,00,00,A5,00,FF,00,00,00,B0,00,00,00,00,00,00,00,00,00,00,00,00,00,00,00,00,80,00,00,00,00,00,00,00,00,00,00,00,00,3F,00,FF,00,20,36,0F,00,10,36,36,0F,00,10,36,17,27,0F,0403,00D7,0000,0302,00000000,0000,0016,00000424,60000004,000000CD,00002033,C01E2000,00000000,00000000,0000FFFF,00FF0200,00FF0007,00000000,00000000,00000000,00000000,00000000,00FFFDF0,2000
95,genesis,zelda_v358_autostart,0008EA,20,20,24,00,01,01,00,00,00,00,00,01,00,00,00,00,00,0F,8F,01,A5,00,FF,00,00,00,B0,00,00,00,00,00,00,00,00,00,00,00,00,00,80,10,CE,F8,80,01,17,F8,CF,00,1F,00,00,66,01,01,3F,00,FF,00,20,36,0F,00,10,36,36,0F,00,10,36,17,27,0F,0403,00F6,0000,0302,00000000,0004,0018,00000424,60000404,00000463,0000209D,C0002000,00008F80,00000000,0000FFFF,00FF0200,00008164,00000000,00000000,00000000,00000000,00000000,00FFFD9A,2609
96,genesis,zelda_v358_autostart,0012DE,20,20,24,00,01,01,00,00,00,00,00,01,00,00,00,00,00,0F,8F,01,A5,00,FF,00,00,00,B0,00,00,00,00,00,00,00,00,00,00,00,00,00,80,10,CE,F8,80,01,17,F8,CF,00,1F,00,00,66,01,01,3F,00,FF,00,20,36,0F,00,10,36,36,0F,00,10,36,17,27,0F,0403,00F6,0000,0302,00000000,0004,0018,00000424,60000403,00000487,0000217A,C0002100,00008F80,00000000,0000FFFF,00FF0200,00008164,00000000,00000000,00000000,00000000,00000000,00FFFD9E,2600
97,genesis,zelda_v358_autostart,000BFC,20,20,24,00,01,01,00,00,00,00,00,01,00,00,00,00,00,0F,8F,01,A5,00,FF,00,00,00,B0,00,00,00,00,00,00,00,00,00,00,00,00,00,80,10,CE,F8,80,01,17,F8,CF,00,1F,00,00,66,01,01,3F,00,FF,00,20,36,0F,00,10,36,36,0F,00,10,36,17,27,0F,0403,00F6,0000,0302,00000000,0004,0018,00000424,60000402,0000049D,00002263,C0002263,00008F80,00000000,0000FFFF,00FF0200,00008164,00000000,00000000,00000000,00000000,00000000,00FFFD6E,2600
98,genesis,zelda_v358_autostart,000B84,20,20,24,00,01,01,00,00,00,00,00,01,00,00,00,00,00,0F,8F,01,A5,00,FF,00,00,00,B0,00,00,00,00,00,00,00,00,00,00,00,00,00,80,10,CE,F8,80,01,17,F8,CF,00,1F,00,00,66,01,01,3F,00,FF,00,20,36,0F,00,10,36,36,0F,00,10,36,17,27,0F,0403,00F6,0000,0302,00000000,0004,0018,00000424,60000401,000004B4,0000234C,C0002300,00008F80,00000000,0000FFFF,00FF0200,00008164,00000000,00000000,00000000,00000000,00000000,00FFFD96,2604
99,genesis,zelda_v358_autostart,000B84,28,28,24,00,01,01,00,00,00,00,00,01,00,00,00,00,00,0F,8F,01,A5,00,FF,00,00,00,B0,00,00,00,00,00,00,00,00,00,00,00,00,00,80,10,CE,F8,80,01,17,F8,CF,00,1F,00,00,66,01,01,3F,00,FF,00,20,36,0F,00,10,36,36,0F,00,10,36,17,27,0F,0403,00F8,0000,0302,00000000,0004,0018,00000424,60000404,000004CD,00002833,C0002800,00008F80,00000000,0000FFFF,00FF0200,00008164,00000000,00000000,00000000,00000000,00000000,00FFFD9A,2604
100,genesis,zelda_v358_autostart,0008FC,28,28,24,00,01,01,00,00,00,00,00,01,00,00,00,00,00,0F,8F,01,A5,00,FF,00,00,00,B0,00,00,00,00,00,00,00,00,00,00,00,00,00,80,10,CE,F8,80,01,17,F8,CF,00,1F,00,00,66,01,01,3F,00,FF,00,20,36,0F,00,10,36,36,0F,00,10,36,17,27,0F,0403,00F8,0000,0302,00000000,0004,0018,00000424,60000403,000004E3,0000291D,C0002900,00008F80,00000000,0000FFFF,00FF0200,00008164,00000000,00000000,00000000,00000000,00000000,00FFFD7A,2609
101,genesis,zelda_v358_autostart,000904,28,28,24,00,01,01,00,00,00,00,00,01,00,00,00,00,00,0F,8F,01,A5,00,FF,00,00,00,B0,00,00,00,00,00,00,00,00,00,00,00,00,00,80,10,CE,F8,80,01,17,F8,CF,00,1F,00,00,66,01,01,3F,00,FF,00,20,36,0F,00,10,36,36,0F,00,10,36,17,27,0F,0403,00F8,0000,0302,00000000,0004,0018,00000424,60000402,000004FA,00002A06,C0002A00,00008F80,00000000,0000FFFF,00FF0200,00008164,00000000,00000000,00000000,00000000,00000000,00FFFD9E,2604
102,genesis,zelda_v358_autostart,0008F8,28,28,24,00,01,01,00,00,00,00,00,01,00,00,00,00,00,0F,8F,01,A5,00,FF,00,00,00,B0,00,00,00,00,00,00,00,00,00,00,00,00,00,80,10,CE,F8,80,01,17,F8,CF,00,1F,00,00,66,01,01,3F,00,FF,00,20,36,0F,00,10,36,36,0F,00,10,36,17,27,0F,0403,00F8,0000,0302,00000000,0004,0018,00000424,60000402,00000410,00002AF0,C0002A00,00008F80,00000000,0000FFFF,00FF0200,00008164,00000000,00000000,00000000,00000000,00000000,00FFFD9E,2609
103,genesis,zelda_v358_autostart,000904,28,28,24,00,01,01,00,00,00,00,00,01,00,00,00,00,00,0F,8F,01,A5,00,FF,00,00,00,B0,00,00,00,00,00,00,00,00,00,00,00,00,00,80,10,CE,F8,80,01,17,F8,CF,00,1F,00,00,66,01,01,3F,00,FF,00,20,36,0F,00,10,36,36,0F,00,10,36,17,27,0F,0403,00F8,0000,0302,00000000,0004,0018,00000424,60000401,00000427,00002BD9,C0002B00,00008F80,00000000,0000FFFF,00FF0200,00008164,00000000,00000000,00000000,00000000,00000000,00FFFD9E,2604
104,genesis,zelda_v358_autostart,0008EC,00,00,03,FF,01,01,00,00,00,00,00,02,00,00,00,00,00,8B,94,1A,A5,00,FF,00,00,00,B0,00,00,00,00,00,00,00,02,00,00,00,00,00,01,20,4F,00,00,01,1E,3C,50,F8,1F,00,00,10,80,01,23,23,FF,00,20,36,0F,00,10,36,36,0F,00,10,36,17,27,0F,0203,011B,0000,0302,00000000,0008,001A,00000424,60000004,00000023,000003AC,C01E0300,00000000,00000000,0000FFFF,00FF0200,00FF0007,00000000,00000000,00000000,00000000,00000000,00FFFDF4,2009
105,genesis,zelda_v358_autostart,000B84,00,00,03,FF,01,01,00,01,00,00,10,03,00,00,00,00,00,8B,94,1A,A5,00,FF,00,00,00,B0,00,00,00,00,00,00,00,00,00,00,00,00,00,01,20,4F,80,00,01,1E,3C,50,F8,1F,00,00,10,80,01,3F,00,FF,00,20,36,0F,00,10,36,36,0F,00,10,36,17,27,0F,0203,0132,0000,0302,00000000,0008,001C,00000424,60000003,0000002E,000003F8,C01E0300,00000000,00000000,0000FFFF,00FF0200,00FF0007,00000000,00000000,00000000,00000000,00000000,00FFFDF0,2004
106,genesis,zelda_v358_autostart,000452,00,00,03,FF,01,01,00,01,00,00,10,03,00,00,00,00,00,8B,94,1A,A5,00,FF,00,00,00,B0,00,00,00,00,00,00,00,00,00,00,00,00,00,01,20,4F,80,00,01,1E,3C,50,F8,1F,00,00,10,80,01,3F,00,FF,00,20,36,0F,00,10,36,36,0F,00,10,36,17,27,0F,0400,0141,0010,A869,00017B5F,0008,001D,00000400,00000000,00000020,000020C0,00012000,0000A869,00000000,00000002,000173F6,00017C33,00000000,00000000,00000000,00000000,00000000,00FFFD92,2600
107,genesis,zelda_v358_autostart,017A82,00,00,03,FF,01,01,00,01,00,00,10,03,00,00,00,00,00,8B,94,1A,A5,00,FF,00,00,00,B0,00,00,00,00,00,00,00,00,00,00,00,00,00,01,20,4F,80,00,01,1E,3C,50,F8,1F,00,00,10,80,01,3F,00,FF,00,20,36,0F,00,10,36,36,0F,00,10,36,17,27,0F,0403,014D,0010,A869,00017B5F,0008,001D,000004D6,00000003,00000021,0000217D,00012100,0000A869,00000000,0000FFFF,000173F6,00017D01,00000000,00000000,00000000,00000000,00000000,00FFFDA0,2600
108,genesis,zelda_v358_autostart,000904,00,00,03,FF,01,01,00,01,00,00,10,03,00,00,00,00,00,8B,94,1A,A5,00,FF,00,00,00,B0,00,00,00,00,00,00,00,00,00,00,00,00,00,01,20,4F,80,00,01,1E,3C,50,F8,1F,00,00,10,80,01,3F,00,FF,00,20,36,0F,00,10,36,36,0F,00,10,36,17,27,0F,0403,0159,0010,A869,00017B5F,0008,001D,00000418,00000006,00000022,0000223A,00012200,0000A869,00000000,0000FFFF,000173F6,00017DD0,00000000,00000000,00000000,00000000,00000000,00FFFD9C,2600
109,genesis,zelda_v358_autostart,000C2A,00,00,03,FF,01,01,00,01,00,00,10,03,00,00,00,00,00,8B,94,1A,A5,00,FF,00,00,00,B0,00,00,00,00,00,00,00,00,00,00,00,00,00,01,20,4F,80,00,01,1E,3C,50,F8,1F,00,00,10,80,01,3F,00,FF,00,20,36,0F,00,10,36,36,0F,00,10,36,17,27,0F,0403,0165,0010,A869,00017B5F,0008,001D,000004E0,00000007,00000022,000022F9,000102F9,00000000,00000000,0000FFFF,00FF8200,00017EA1,00000000,00000000,00000000,00000000,00000000,00FFFD74,2604
110,genesis,zelda_v358_autostart,000B8C,00,00,03,FF,01,01,00,01,00,00,10,03,00,00,00,00,00,8B,94,1A,A5,00,FF,00,00,00,B0,00,00,00,00,00,00,00,00,00,00,00,00,00,01,20,4F,80,00,01,1E,3C,50,F8,1F,00,00,10,80,01,3F,00,FF,00,20,36,0F,00,10,36,36,0F,00,10,36,17,27,0F,0403,0171,0010,A869,00017B5F,0008,001D,000004DA,00000012,00000023,000023AE,00012300,0000A869,00000000,0000FFFF,000173F6,00017F68,00000000,00000000,00000000,00000000,00000000,00FFFD98,2604
111,genesis,zelda_v358_autostart,000E70,02,02,03,00,01,01,00,01,00,00,00,04,00,00,00,00,00,DC,94,1B,A5,00,FF,00,00,1E,B0,00,00,01,C8,C0,00,00,00,00,00,00,00,00,80,20,23,4E,2D,4E,75,B2,10,1C,00,0C,00,75,5E,4E,3F,00,FF,00,20,36,0F,20,10,36,36,0F,00,10,36,17,27,0F,0403,0197,0000,0302,00000000,000C,001F,0000C092,40800001,00000124,00000000,0000002A,00000000,0000002A,0000000A,00FF8200,00000302,00000000,00000000,00000000,00000000,00000000,00FFFD76,2604
112,genesis,zelda_v358_autostart,000EA2,02,02,03,00,01,01,00,01,00,00,00,04,00,00,00,00,00,DC,94,1B,A5,00,FF,00,00,1E,B0,00,00,01,C8,C0,00,00,00,00,00,00,00,00,80,20,23,4E,2D,4E,75,B2,10,1C,00,0C,00,75,5E,4E,3F,00,FF,00,20,36,0F,20,10,36,36,0F,00,10,36,17,27,0F,0403,0197,0000,0302,00000000,000C,001F,00000006,43800007,00000178,00000002,000000EF,00000000,00000100,0000000F,00FF8200,00000302,00000000,00000000,00000000,00000000,00000000,00FFFD76,2600
113,genesis,zelda_v358_autostart,000E5A,02,02,03,00,01,01,00,01,00,00,00,04,00,00,00,00,00,DC,94,1B,A5,00,FF,00,00,1E,B0,00,00,01,C8,C0,00,00,00,00,00,00,00,00,80,20,23,4E,2D,4E,75,B2,10,1C,00,0C,00,75,5E,4E,3F,00,FF,00,20,36,0F,20,10,36,36,0F,00,10,36,17,27,0F,0403,0197,0000,0302,00000000,000C,001F,0000C6A8,4680000D,00000000,0000C6A8,000001B5,00000000,000001B5,00000015,00FF8200,00000302,00000000,00000000,00000000,00000000,00000000,00FFFD76,2614
114,genesis,zelda_v358_autostart,000E70,02,02,03,00,01,01,00,01,00,00,00,04,00,00,00,00,00,DC,94,1B,A5,00,FF,00,00,1E,B0,00,00,01,C8,C0,00,00,00,00,00,00,00,00,80,20,23,4E,2D,4E,75,B2,10,1C,00,0C,00,75,5E,4E,3F,00,FF,00,20,36,0F,20,10,36,36,0F,00,10,36,17,27,0F,0403,0197,0000,0302,00000000,000C,001F,0000C9B2,49800013,00000124,00000000,0000027A,00000000,0000027A,0000001A,00FF8200,00000302,00000000,00000000,00000000,00000000,00000000,00FFFD76,2604
115,genesis,zelda_v358_autostart,000E3C,02,02,03,00,01,01,00,01,00,00,00,04,00,00,00,00,00,DC,94,1B,A5,00,FF,00,00,1E,B0,00,00,01,C8,C0,00,00,00,00,00,00,00,00,80,20,23,4E,2D,4E,75,B2,10,1C,00,0C,00,75,5E,4E,3F,00,FF,00,20,36,0F,20,10,36,36,0F,00,10,36,17,27,0F,0403,0197,0000,0302,00000000,000C,001F,0000CCBE,4C800019,000001ED,0000CCBE,00000340,00000000,0000001F,00000003,00FF8200,00000302,00000000,00000000,00000000,00000000,00000000,00FFFD76,2600
116,genesis,zelda_v358_autostart,001452,FF,FF,03,FF,01,00,00,01,00,00,00,05,00,00,00,00,00,CC,92,1B,A5,00,FF,00,00,1E,B0,00,01,01,B2,C0,00,00,00,00,00,00,00,00,01,10,00,B2,49,00,39,B2,20,0F,00,FF,00,00,49,39,3F,00,FF,00,20,36,0F,20,10,36,36,0F,00,10,36,17,27,0F,0403,01B0,0000,0302,00000000,000F,0021,00003619,60000001,00000001,60FF00FF,C0008118,00000302,00000000,0000FFFF,00FF00F8,00000302,00000000,00000000,00000000,00000000,00000000,00FFFDAA,2608
117,genesis,zelda_v358_autostart,00090E,10,10,03,00,01,01,00,01,00,00,00,07,00,00,00,00,00,CC,92,1A,A5,00,FF,00,00,1E,B0,00,02,01,B2,C0,00,00,00,00,00,00,00,00,01,10,00,B2,49,00,39,B2,20,0F,00,FF,00,00,49,39,3F,00,FF,00,20,36,0F,20,10,36,36,0F,00,10,36,17,27,0F,0203,01DD,0000,0302,00000000,0016,0023,00000424,60000002,0000009B,00000395,C01E0300,00000000,00000000,0000FFFF,00FF0200,00FF0007,00000000,00000000,00000000,00000000,00000000,00FFFDD4,2009
118,genesis,zelda_v358_autostart,000B76,10,10,03,00,01,01,00,01,00,00,00,08,00,00,00,00,00,8B,94,1A,A5,00,FF,00,00,1E,B0,00,02,01,B2,C0,00,00,00,00,00,00,00,00,01,20,4F,4E,2D,4E,75,B2,10,1C,00,0C,00,75,5E,4E,3F,00,FF,00,20,36,0F,20,10,36,36,0F,00,10,36,17,27,0F,0203,01F9,0000,0302,00000000,001A,0025,00000424,60000001,000000D1,000003CD,C01E0300,00000000,00000000,0000FFFF,00FF0200,00FF0007,00000000,00000000,00000000,00000000,00000000,00FFFDF0,2000
119,genesis,zelda_v358_autostart,000B84,10,10,03,00,01,01,00,01,00,00,00,09,00,00,00,00,00,CC,92,1A,A5,00,FF,00,00,1E,B0,00,03,01,B2,C0,00,00,00,00,00,00,00,00,01,10,00,B2,49,00,39,B2,20,0F,00,FF,00,00,49,39,3F,00,FF,00,20,36,0F,20,10,36,36,0F,00,10,36,17,27,0F,0203,0212,0000,0302,00000000,001D,0027,00000424,60000001,00000005,000003CE,C01E0300,00000000,00000000,0000FFFF,00FF0200,00FF0007,00000000,00000000,00000000,00000000,00000000,00FFFDF0,2004
120,genesis,zelda_v358_autostart,000E90,28,28,24,00,01,01,00,01,00,00,00,0A,00,00,00,00,00,8B,94,1A,A5,00,FF,00,00,1E,B0,00,03,01,B2,C0,00,00,00,00,00,00,00,00,01,20,4F,4E,2D,4E,75,B2,10,1C,00,0C,00,75,5E,4E,3F,00,FF,00,20,36,0F,7C,10,36,36,0F,00,10,36,17,27,0F,0403,0232,0000,0302,00000000,0021,0029,00000002,60000003,00000124,000003C0,C01E0060,00000000,00000005,00000000,00FF8200,00FF0007,00000000,00000000,00000000,00000000,00000000,00FFFDCC,2000
121,genesis,zelda_v358_autostart,000B8C,10,10,03,00,01,01,00,01,00,00,00,0B,00,00,00,00,00,CC,92,1A,A5,00,FF,00,00,1E,B0,00,04,01,B2,C0,00,00,00,00,00,00,00,00,01,10,00,B2,49,00,39,B2,20,0F,00,FF,00,00,49,39,3F,00,FF,00,20,36,0F,7C,10,36,36,0F,00,10,36,17,27,0F,0203,024B,0000,0302,00000000,0024,002B,00000424,60000003,000000D9,000003CA,C01E0300,00000000,00000000,0000FFFF,00FF0200,00FF0007,00000000,00000000,00000000,00000000,00000000,00FFFDF4,2004
122,genesis,zelda_v358_autostart,000C8E,10,10,03,00,01,01,00,01,00,00,00,0C,00,00,00,00,00,8B,94,1A,A5,00,FF,00,00,1E,B0,00,04,01,B2,C0,00,00,00,00,00,00,00,00,01,20,4F,4E,2D,4E,75,B2,10,1C,00,0C,00,75,5E,4E,3F,00,FF,00,20,36,0F,7C,10,36,36,0F,00,10,36,17,27,0F,0203,0267,0000,0302,00000000,0028,002D,00000424,60000003,0000000E,000003CD,C01E0300,00000000,00000000,0000FFFF,00FF0200,00FF0007,00000000,00000000,00000000,00000000,00000000,00FFFDD4,2009
123,genesis,zelda_v358_autostart,000C9E,10,10,03,00,01,01,00,01,00,00,00,0D,00,00,00,00,00,CC,92,1A,A5,00,FF,00,00,1E,B0,00,05,01,B2,C0,00,00,00,00,00,00,00,00,01,10,00,B2,49,00,39,B2,20,0F,00,FF,00,00,49,39,3F,00,FF,00,20,36,0F,7C,10,36,36,0F,00,10,36,17,27,0F,0203,0280,0000,0302,00000000,002B,002F,00000424,60000002,00000042,000003CF,C01E03CF,00000000,00000000,0000FFFF,00FFC000,00FF0007,00000000,00000000,00000000,00000000,00000000,00FFFDD4,2000
124,genesis,zelda_v358_autostart,0012D8,10,10,03,00,01,01,00,01,00,00,00,0E,00,00,00,00,00,8B,94,1A,A5,00,FF,00,00,1E,B0,00,05,01,B2,C0,00,00,00,00,00,00,00,00,01,20,4F,4E,2D,4E,75,B2,10,1C,00,0C,00,75,5E,4E,3F,00,FF,00,20,36,0F,7C,10,36,36,0F,00,10,36,17,27,0F,0203,029C,0000,0302,00000000,002F,0031,00000424,60000001,00000077,000003CE,C01E0300,00000000,00000000,0000FFFF,00FF0200,00FF0007,00000000,00000000,00000000,00000000,00000000,00FFFDFC,2000
125,genesis,zelda_v358_autostart,000FC2,10,10,03,00,01,01,00,01,00,00,00,0F,00,00,00,00,00,CC,92,1A,A5,00,FF,00,00,1E,B0,00,06,01,B2,C0,00,00,00,00,00,00,00,00,01,10,00,B2,49,00,39,B2,20,0F,00,FF,00,00,49,39,3F,00,FF,00,20,36,0F,7C,10,36,36,0F,00,10,36,17,27,0F,0403,02B7,0000,0302,00000000,0032,0033,000004B0,60000003,00000000,00001374,C01E8118,00000000,00000000,0000FFFF,00FF0200,00FF0007,00000000,00000000,00000000,00000000,00000000,00FFFE00,2008
126,genesis,zelda_v358_autostart,000FC2,10,10,03,00,01,01,00,01,00,00,00,10,00,00,00,00,00,8B,94,1A,A5,00,FF,00,00,1E,B0,00,06,01,B2,C0,00,00,00,00,00,00,00,00,01,20,4F,4E,2D,4E,75,B2,10,1C,00,0C,00,75,5E,4E,3F,00,FF,00,20,36,0F,00,10,36,36,0F,00,10,36,17,27,0F,0203,02D3,0000,0302,00000000,0036,0035,000004B0,60000003,00000000,00001374,C01E8118,00000000,00000000,0000FFFF,00FF0200,00FF0007,00000000,00000000,00000000,00000000,00000000,00FFFE00,2008
127,genesis,zelda_v358_autostart,000FC2,10,10,03,00,01,01,00,01,00,00,00,11,00,00,00,00,00,CC,92,1A,A5,00,FF,00,00,1E,B0,00,07,01,B2,C0,00,00,00,00,00,00,00,00,01,10,00,B2,49,00,39,B2,20,0F,00,FF,00,00,49,39,3F,00,FF,00,20,36,0F,00,10,36,36,0F,00,10,36,17,27,0F,0203,02EC,0000,0302,00000000,0039,0037,000004B0,60000003,00000000,00001374,C01E8118,00000000,00000000,0000FFFF,00FF0200,00FF0007,00000000,00000000,00000000,00000000,00000000,00FFFE00,2008
128,genesis,zelda_v358_autostart,000FC2,10,10,03,00,01,01,00,01,00,00,00,12,00,00,00,00,00,8B,94,1A,A5,00,FF,00,00,1E,B0,00,07,01,B2,C0,00,00,00,00,00,00,00,00,01,20,4F,4E,2D,4E,75,B2,10,1C,00,0C,00,75,5E,4E,3F,00,FF,00,20,36,0F,00,10,36,36,0F,00,10,36,17,27,0F,0203,0308,0000,0302,00000000,003D,0039,000004B0,60000003,00000000,00001374,C01E8118,00000000,00000000,0000FFFF,00FF0200,00FF0007,00000000,00000000,00000000,00000000,00000000,00FFFE00,2008
129,genesis,zelda_v358_autostart,000FC2,10,10,03,00,01,01,00,01,00,00,00,13,00,00,00,00,00,CC,92,1A,A5,00,FF,00,00,1E,B0,00,08,01,B2,C0,00,00,00,00,00,00,00,00,01,10,00,B2,49,00,39,B2,20,0F,00,FF,00,00,49,39,3F,00,FF,00,20,36,0F,00,10,36,36,0F,00,10,36,17,27,0F,0203,0321,0000,0302,00000000,0040,003B,000004B0,60000003,00000000,00001374,C01E8118,00000000,00000000,0000FFFF,00FF0200,00FF0007,00000000,00000000,00000000,00000000,00000000,00FFFE00,2008
130,genesis,zelda_v358_autostart,000FC2,10,10,03,00,01,01,00,01,00,00,00,14,00,00,00,00,00,8B,94,1A,A5,00,FF,00,00,1E,B0,00,08,01,B2,C0,00,00,00,00,00,00,00,00,01,20,4F,4E,2D,4E,75,B2,10,1C,00,0C,00,75,5E,4E,3F,00,FF,00,20,36,0F,00,10,36,36,0F,00,10,36,17,27,0F,0203,033D,0000,0302,00000000,0044,003D,000004B0,60000003,00000000,00001374,C01E8118,00000000,00000000,0000FFFF,00FF0200,00FF0007,00000000,00000000,00000000,00000000,00000000,00FFFE00,2008
131,genesis,zelda_v358_autostart,000FC2,10,10,03,00,01,01,00,01,00,00,00,15,00,00,00,00,00,CC,92,1A,A5,00,FF,00,00,1E,B0,00,09,01,B2,C0,00,00,00,00,00,00,00,00,01,10,00,B2,49,00,39,B2,20,0F,00,FF,00,00,49,39,3F,00,FF,00,20,36,0F,00,10,36,36,0F,00,10,36,17,27,0F,0203,0356,0000,0302,00000000,0047,003F,000004B0,60000003,00000000,00001374,C01E8118,00000000,00000000,0000FFFF,00FF0200,00FF0007,00000000,00000000,00000000,00000000,00000000,00FFFE00,2008
132,genesis,zelda_v358_autostart,000FC2,10,10,03,00,01,01,00,01,00,00,00,16,00,00,00,00,00,8B,94,1A,A5,00,FF,00,00,1E,B0,00,09,01,B2,C0,00,00,00,00,00,00,00,00,01,20,4F,4E,2D,4E,75,B2,10,1C,00,0C,00,75,5E,4E,3F,00,FF,00,20,36,0F,FF,10,36,36,0F,00,10,36,17,27,0F,0203,0372,0000,0302,00000000,004B,0041,000004B0,60000003,00000000,00001374,C01E8118,00000000,00000000,0000FFFF,00FF0200,00FF0007,00000000,00000000,00000000,00000000,00000000,00FFFE00,2008
133,genesis,zelda_v358_autostart,000FC2,10,10,03,00,01,01,00,01,00,00,00,17,00,00,00,00,00,CC,92,1A,A5,00,FF,00,00,1E,B0,00,0A,01,B2,C0,00,00,00,00,00,00,00,00,01,10,00,B2,49,00,39,B2,20,0F,00,FF,00,00,49,39,3F,00,FF,00,20,36,0F,FF,10,36,36,0F,00,10,36,17,27,0F,0203,038B,0000,0302,00000000,004E,0043,000004B0,60000003,00000000,00001374,C01E8118,00000000,00000000,0000FFFF,00FF0200,00FF0007,00000000,00000000,00000000,00000000,00000000,00FFFE00,2008
134,genesis,zelda_v358_autostart,000FC2,10,10,03,00,01,01,00,01,00,00,00,18,00,00,00,00,00,8B,94,1A,A5,00,FF,00,00,1E,B0,00,0A,01,B2,C0,00,00,00,00,00,00,00,00,01,20,4F,4E,2D,4E,75,B2,10,1C,00,0C,00,75,5E,4E,3F,00,FF,00,20,36,0F,FF,10,36,36,0F,00,10,36,17,27,0F,0203,03A7,0000,0302,00000000,0052,0045,000004B0,60000003,00000000,00001374,C01E8118,00000000,00000000,0000FFFF,00FF0200,00FF0007,00000000,00000000,00000000,00000000,00000000,00FFFE00,2008
135,genesis,zelda_v358_autostart,000FC2,10,10,03,00,01,01,00,01,00,00,00,19,00,00,00,00,00,CC,92,1A,A5,00,FF,00,00,1E,B0,00,0B,01,B2,C0,00,00,00,00,00,00,00,00,01,10,00,B2,49,00,39,B2,20,0F,00,FF,00,00,49,39,3F,00,FF,00,20,36,0F,FF,10,36,36,0F,00,10,36,17,27,0F,0203,03C0,0000,0302,00000000,0055,0047,000004B0,60000003,00000000,00001374,C01E8118,00000000,00000000,0000FFFF,00FF0200,00FF0007,00000000,00000000,00000000,00000000,00000000,00FFFE00,2008
136,genesis,zelda_v358_autostart,000FC2,10,10,03,00,01,01,00,01,00,00,00,1A,00,00,00,00,00,8B,94,1A,A5,00,FF,00,00,1E,B0,00,0B,01,B2,C0,00,00,00,00,00,00,00,00,01,20,4F,4E,2D,4E,75,B2,10,1C,00,0C,00,75,5E,4E,3F,00,FF,00,20,36,0F,FF,10,36,36,0F,00,10,36,17,27,0F,0203,03DC,0000,0302,00000000,0059,0049,000004B0,60000003,00000000,00001374,C01E8118,00000000,00000000,0000FFFF,00FF0200,00FF0007,00000000,00000000,00000000,00000000,00000000,00FFFE00,2008
137,genesis,zelda_v358_autostart,000FC2,10,10,03,00,01,01,00,01,00,00,00,1B,00,00,00,00,00,CC,92,1A,A5,00,FF,00,00,1E,B0,00,0C,01,B2,C0,00,00,00,00,00,00,00,00,01,10,00,B2,49,00,39,B2,20,0F,00,FF,00,00,49,39,3F,00,FF,00,20,36,0F,FF,10,36,36,0F,00,10,36,17,27,0F,0203,03F5,0000,0302,00000000,005C,004B,000004B0,60000003,00000000,00001374,C01E8118,00000000,00000000,0000FFFF,00FF0200,00FF0007,00000000,00000000,00000000,00000000,00000000,00FFFE00,2008
138,genesis,zelda_v358_autostart,000FC2,10,10,03,00,01,01,00,01,00,00,00,1C,00,00,00,00,00,8B,94,1A,A5,00,FF,00,00,1E,B0,00,0C,01,B2,C0,00,00,00,00,00,00,00,00,01,20,4F,4E,2D,4E,75,B2,10,1C,00,0C,00,75,5E,4E,3F,00,FF,00,20,36,0F,03,10,36,36,0F,00,10,36,17,27,0F,0203,0411,0000,0302,00000000,0060,004D,000004B0,60000003,00000000,00001374,C01E8118,00000000,00000000,0000FFFF,00FF0200,00FF0007,00000000,00000000,00000000,00000000,00000000,00FFFE00,2008
139,genesis,zelda_v358_autostart,000FC2,10,10,03,00,01,01,00,01,00,00,00,1D,00,00,00,00,00,CC,92,1A,A5,00,FF,00,00,1E,B0,00,0D,01,B2,C0,00,00,00,00,00,00,00,00,01,10,00,B2,49,00,39,B2,20,0F,00,FF,00,00,49,39,3F,00,FF,00,20,36,0F,03,10,36,36,0F,00,10,36,17,27,0F,0203,042A,0000,0302,00000000,0063,004F,000004B0,60000003,00000000,00001374,C01E8118,00000000,00000000,0000FFFF,00FF0200,00FF0007,00000000,00000000,00000000,00000000,00000000,00FFFE00,2008
140,genesis,zelda_v358_autostart,000FC2,10,10,03,00,01,01,00,01,00,00,00,1E,00,00,00,00,00,8B,94,1A,A5,00,FF,00,00,1E,B0,00,0D,01,B2,C0,00,00,00,00,00,00,00,00,01,20,4F,4E,2D,4E,75,B2,10,1C,00,0C,00,75,5E,4E,3F,00,FF,00,20,36,0F,03,10,36,36,0F,00,10,36,17,27,0F,0203,0446,0000,0302,00000000,0067,0051,000004B0,60000003,00000000,00001374,C01E8118,00000000,00000000,0000FFFF,00FF0200,00FF0007,00000000,00000000,00000000,00000000,00000000,00FFFE00,2008
141,genesis,zelda_v358_autostart,000FC2,10,10,03,00,01,01,00,01,00,00,00,1F,00,00,00,00,00,CC,92,1A,A5,00,FF,00,00,1E,B0,00,0E,01,B2,C0,00,00,00,00,00,00,00,00,01,10,00,B2,49,00,39,B2,20,0F,00,FF,00,00,49,39,3F,00,FF,00,20,36,0F,03,10,36,36,0F,00,10,36,17,27,0F,0203,045F,0000,0302,00000000,006A,0053,000004B0,60000003,00000000,00001374,C01E8118,00000000,00000000,0000FFFF,00FF0200,00FF0007,00000000,00000000,00000000,00000000,00000000,00FFFE00,2008
142,genesis,zelda_v358_autostart,000FC2,10,10,03,00,01,01,00,01,00,00,00,20,00,00,00,00,00,8B,94,1A,A5,00,FF,00,00,1E,B0,00,0E,01,B2,C0,00,00,00,00,00,00,00,00,01,20,4F,4E,2D,4E,75,B2,10,1C,00,0C,00,75,5E,4E,3F,00,FF,00,20,36,0F,03,10,36,36,0F,00,10,36,17,27,0F,0203,047B,0000,0302,00000000,006E,0055,000004B0,60000003,00000000,00001374,C01E8118,00000000,00000000,0000FFFF,00FF0200,00FF0007,00000000,00000000,00000000,00000000,00000000,00FFFE00,2008
143,genesis,zelda_v358_autostart,000FC2,10,10,03,00,01,01,00,01,00,00,00,21,00,00,00,00,00,CC,92,1A,A5,00,FF,00,00,1E,B0,00,0F,01,B2,C0,00,00,00,00,00,00,00,00,01,10,00,B2,49,00,39,B2,20,0F,00,FF,00,00,49,39,3F,00,FF,00,20,36,0F,03,10,36,36,0F,00,10,36,17,27,0F,0203,0494,0000,0302,00000000,0071,0057,000004B0,60000003,00000000,00001374,C01E8118,00000000,00000000,0000FFFF,00FF0200,00FF0007,00000000,00000000,00000000,00000000,00000000,00FFFE00,2008
144,genesis,zelda_v358_autostart,000FC2,10,10,03,00,01,01,00,01,00,00,00,22,00,00,00,00,00,8B,94,1A,A5,00,FF,00,00,1E,B0,00,0F,01,B2,C0,00,00,00,00,00,00,00,00,01,20,4F,4E,2D,4E,75,B2,10,1C,00,0C,00,75,5E,4E,3F,00,FF,00,20,36,0F,02,10,36,36,0F,00,10,36,17,27,0F,0203,04B0,0000,0302,00000000,0075,0059,000004B0,60000003,00000000,00001374,C01E8118,00000000,00000000,0000FFFF,00FF0200,00FF0007,00000000,00000000,00000000,00000000,00000000,00FFFE00,2008
145,genesis,zelda_v358_autostart,000FC2,10,10,03,00,01,01,00,01,00,00,00,23,00,00,00,00,00,CC,92,1A,A5,00,FF,00,00,1E,B0,00,10,01,B2,C0,00,00,00,00,00,00,00,00,01,10,00,B2,49,00,39,B2,20,0F,00,FF,00,00,49,39,3F,00,FF,00,20,36,0F,02,10,36,36,0F,00,10,36,17,27,0F,0203,04C9,0000,0302,00000000,0078,005B,000004B0,60000003,00000000,00001374,C01E8118,00000000,00000000,0000FFFF,00FF0200,00FF0007,00000000,00000000,00000000,00000000,00000000,00FFFE00,2008
146,genesis,zelda_v358_autostart,000FC2,10,10,03,00,01,01,00,01,00,00,00,24,00,00,00,00,00,8B,94,1A,A5,00,FF,00,00,1E,B0,00,10,01,B2,C0,00,00,00,00,00,00,00,00,01,20,4F,4E,2D,4E,75,B2,10,1C,00,0C,00,75,5E,4E,3F,00,FF,00,20,36,0F,02,10,36,36,0F,00,10,36,17,27,0F,0203,04E5,0000,0302,00000000,007C,005D,000004B0,60000003,00000000,00001374,C01E8118,00000000,00000000,0000FFFF,00FF0200,00FF0007,00000000,00000000,00000000,00000000,00000000,00FFFE00,2008
147,genesis,zelda_v358_autostart,000FC2,10,10,03,00,01,01,00,01,00,00,00,25,00,00,00,00,00,CC,92,1A,A5,00,FF,00,00,1E,B0,00,11,01,B2,C0,00,00,00,00,00,00,00,00,01,10,00,B2,49,00,39,B2,20,0F,00,FF,00,00,49,39,3F,00,FF,00,20,36,0F,02,10,36,36,0F,00,10,36,17,27,0F,0203,04FE,0000,0302,00000000,007F,005F,000004B0,60000003,00000000,00001374,C01E8118,00000000,00000000,0000FFFF,00FF0200,00FF0007,00000000,00000000,00000000,00000000,00000000,00FFFE00,2008
148,genesis,zelda_v358_autostart,000FC2,10,10,03,00,01,01,00,01,00,00,00,26,00,00,00,00,00,8B,94,1A,A5,00,FF,00,00,1E,B0,00,11,01,B2,C0,00,00,00,00,00,00,00,00,01,20,4F,4E,2D,4E,75,B2,10,1C,00,0C,00,75,5E,4E,3F,00,FF,00,20,36,0F,02,10,36,36,0F,00,10,36,17,27,0F,0203,051A,0000,0302,00000000,0083,0061,000004B0,60000003,00000000,00001374,C01E8118,00000000,00000000,0000FFFF,00FF0200,00FF0007,00000000,00000000,00000000,00000000,00000000,00FFFE00,2008
149,genesis,zelda_v358_autostart,000FC2,10,10,03,00,01,01,00,01,00,00,00,27,00,00,00,00,00,CC,92,1A,A5,00,FF,00,00,1E,B0,00,12,01,B2,C0,00,00,00,00,00,00,00,00,01,10,00,B2,49,00,39,B2,20,0F,00,FF,00,00,49,39,3F,00,FF,00,20,36,0F,02,10,36,36,0F,00,10,36,17,27,0F,0203,0533,0000,0302,00000000,0086,0063,000004B0,60000003,00000000,00001374,C01E8118,00000000,00000000,0000FFFF,00FF0200,00FF0007,00000000,00000000,00000000,00000000,00000000,00FFFE00,2008
150,genesis,zelda_v358_autostart,000FC2,10,10,03,00,01,01,00,01,00,00,00,28,00,00,00,00,00,8B,94,1A,A5,00,FF,00,00,1E,B0,00,12,01,B2,C0,00,00,00,00,00,00,00,00,01,20,4F,4E,2D,4E,75,B2,10,1C,00,0C,00,75,5E,4E,3F,00,FF,00,20,36,0F,11,10,36,36,0F,00,10,36,17,27,0F,0203,054F,0000,0302,00000000,008A,0065,000004B0,60000003,00000000,00001374,C01E8118,00000000,00000000,0000FFFF,00FF0200,00FF0007,00000000,00000000,00000000,00000000,00000000,00FFFE00,2008
151,genesis,zelda_v358_autostart,000FC2,10,10,03,00,01,01,00,01,00,00,00,29,00,00,00,00,00,CC,92,1A,A5,00,FF,00,00,1E,B0,00,13,01,B2,C0,00,00,00,00,00,00,00,00,01,10,00,B2,49,00,39,B2,20,0F,00,FF,00,00,49,39,3F,00,FF,00,20,36,0F,11,10,36,36,0F,00,10,36,17,27,0F,0203,0568,0000,0302,00000000,008D,0067,000004B0,60000003,00000000,00001374,C01E8118,00000000,00000000,0000FFFF,00FF0200,00FF0007,00000000,00000000,00000000,00000000,00000000,00FFFE00,2008
152,genesis,zelda_v358_autostart,000FC2,10,10,03,00,01,01,00,01,00,00,00,2A,00,00,00,00,00,8B,94,1A,A5,00,FF,00,00,1E,B0,00,13,01,B2,C0,00,00,00,00,00,00,00,00,01,20,4F,4E,2D,4E,75,B2,10,1C,00,0C,00,75,5E,4E,3F,00,FF,00,20,36,0F,11,10,36,36,0F,00,10,36,17,27,0F,0203,0584,0000,0302,00000000,0091,0069,000004B0,60000003,00000000,00001374,C01E8118,00000000,00000000,0000FFFF,00FF0200,00FF0007,00000000,00000000,00000000,00000000,00000000,00FFFE00,2008
153,genesis,zelda_v358_autostart,000FC2,10,10,03,00,01,01,00,01,00,00,00,2B,00,00,00,00,00,CC,92,1A,A5,00,FF,00,00,1E,B0,00,14,01,B2,C0,00,00,00,00,00,00,00,00,01,10,00,B2,49,00,39,B2,20,0F,00,FF,00,00,49,39,3F,00,FF,00,20,36,0F,11,10,36,36,0F,00,10,36,17,27,0F,0203,059D,0000,0302,00000000,0094,006B,000004B0,60000003,00000000,00001374,C01E8118,00000000,00000000,0000FFFF,00FF0200,00FF0007,00000000,00000000,00000000,00000000,00000000,00FFFE00,2008
154,genesis,zelda_v358_autostart,000FC2,10,10,03,00,01,01,00,01,00,00,00,2C,00,00,00,00,00,8B,94,1A,A5,00,FF,00,00,1E,B0,00,14,01,B2,C0,00,00,00,00,00,00,00,00,01,20,4F,4E,2D,4E,75,B2,10,1C,00,0C,00,75,5E,4E,3F,00,FF,00,20,36,0F,11,10,36,36,0F,00,10,36,17,27,0F,0203,05B9,0000,0302,00000000,0098,006D,000004B0,60000003,00000000,00001374,C01E8118,00000000,00000000,0000FFFF,00FF0200,00FF0007,00000000,00000000,00000000,00000000,00000000,00FFFE00,2008
155,genesis,zelda_v358_autostart,000FC2,10,10,03,00,01,01,00,01,00,00,00,2D,00,00,00,00,00,CC,92,1A,A5,00,FF,00,00,1E,B0,00,15,01,B2,C0,00,00,00,00,00,00,00,00,01,10,00,B2,49,00,39,B2,20,0F,00,FF,00,00,49,39,3F,00,FF,00,20,36,0F,11,10,36,36,0F,00,10,36,17,27,0F,0203,05D2,0000,0302,00000000,009B,006F,000004B0,60000003,00000000,00001374,C01E8118,00000000,00000000,0000FFFF,00FF0200,00FF0007,00000000,00000000,00000000,00000000,00000000,00FFFE00,2008
156,genesis,zelda_v358_autostart,000FC2,10,10,03,00,01,01,00,01,00,00,00,2E,00,00,00,00,00,8B,94,1A,A5,00,FF,00,00,1E,B0,00,15,01,B2,C0,00,00,00,00,00,00,00,00,01,20,4F,4E,2D,4E,75,B2,10,1C,00,0C,00,75,5E,4E,3F,00,FF,00,20,36,0F,80,10,36,36,0F,00,10,36,17,27,0F,0203,05EE,0000,0302,00000000,009F,0071,000004B0,60000003,00000000,00001374,C01E8118,00000000,00000000,0000FFFF,00FF0200,00FF0007,00000000,00000000,00000000,00000000,00000000,00FFFE00,2008
157,genesis,zelda_v358_autostart,000FC2,10,10,03,00,01,01,00,01,00,00,00,2F,00,00,00,00,00,CC,92,1A,A5,00,FF,00,00,1E,B0,00,16,01,B2,C0,00,00,00,00,00,00,00,00,01,10,00,B2,49,00,39,B2,20,0F,00,FF,00,00,49,39,3F,00,FF,00,20,36,0F,80,10,36,36,0F,00,10,36,17,27,0F,0203,0607,0000,0302,00000000,00A2,0073,000004B0,60000003,00000000,00001374,C01E8118,00000000,00000000,0000FFFF,00FF0200,00FF0007,00000000,00000000,00000000,00000000,00000000,00FFFE00,2008
158,genesis,zelda_v358_autostart,000FC2,10,10,03,00,01,01,00,01,00,00,00,30,00,00,00,00,00,8B,94,1A,A5,00,FF,00,00,1E,B0,00,16,01,B2,C0,00,00,00,00,00,00,00,00,01,20,4F,4E,2D,4E,75,B2,10,1C,00,0C,00,75,5E,4E,3F,00,FF,00,20,36,0F,80,10,36,36,0F,00,10,36,17,27,0F,0203,0623,0000,0302,00000000,00A6,0075,000004B0,60000003,00000000,00001374,C01E8118,00000000,00000000,0000FFFF,00FF0200,00FF0007,00000000,00000000,00000000,00000000,00000000,00FFFE00,2008
159,genesis,zelda_v358_autostart,000FC2,10,10,03,00,01,01,00,01,00,00,00,31,00,00,00,00,00,CC,92,1A,A5,00,FF,00,00,1E,B0,00,17,01,B2,C0,00,00,00,00,00,00,00,00,01,10,00,B2,49,00,39,B2,20,0F,00,FF,00,00,49,39,3F,00,FF,00,20,36,0F,80,10,36,36,0F,00,10,36,17,27,0F,0203,063C,0000,0302,00000000,00A9,0077,000004B0,60000003,00000000,00001374,C01E8118,00000000,00000000,0000FFFF,00FF0200,00FF0007,00000000,00000000,00000000,00000000,00000000,00FFFE00,2008
160,genesis,zelda_v358_autostart,000FC2,10,10,03,00,01,01,00,01,00,00,00,32,00,00,00,00,00,8B,94,1A,A5,00,FF,00,00,1E,B0,00,17,01,B2,C0,00,00,00,00,00,00,00,00,01,20,4F,4E,2D,4E,75,B2,10,1C,00,0C,00,75,5E,4E,3F,00,FF,00,20,36,0F,80,10,36,36,0F,00,10,36,17,27,0F,0203,0658,0000,0302,00000000,00AD,0079,000004B0,60000003,00000000,00001374,C01E8118,00000000,00000000,0000FFFF,00FF0200,00FF0007,00000000,00000000,00000000,00000000,00000000,00FFFE00,2008
161,genesis,zelda_v358_autostart,000FC2,10,10,03,00,01,01,00,01,00,00,00,33,00,00,00,00,00,CC,92,1A,A5,00,FF,00,00,1E,B0,00,18,01,B2,C0,00,00,00,00,00,00,00,00,01,10,00,B2,49,00,39,B2,20,0F,00,FF,00,00,49,39,3F,00,FF,00,20,36,0F,80,10,36,36,0F,00,10,36,17,27,0F,0203,0671,0000,0302,00000000,00B0,007B,000004B0,60000003,00000000,00001374,C01E8118,00000000,00000000,0000FFFF,00FF0200,00FF0007,00000000,00000000,00000000,00000000,00000000,00FFFE00,2008
162,genesis,zelda_v358_autostart,000FC2,10,10,03,00,01,01,00,01,00,00,00,34,00,00,00,00,00,8B,94,1A,A5,00,FF,00,00,1E,B0,00,18,01,B2,C0,00,00,00,00,00,00,00,00,01,20,4F,4E,2D,4E,75,B2,10,1C,00,0C,00,75,5E,4E,3F,00,FF,00,20,36,0F,80,10,36,36,0F,00,10,36,17,27,0F,0203,068D,0000,0302,00000000,00B4,007D,000004B0,60000003,00000000,00001374,C01E8118,00000000,00000000,0000FFFF,00FF0200,00FF0007,00000000,00000000,00000000,00000000,00000000,00FFFE00,2008
163,genesis,zelda_v358_autostart,000FC2,10,10,03,00,01,01,00,01,00,00,00,35,00,00,00,00,00,CC,92,1A,A5,00,FF,00,00,1E,B0,00,19,01,B2,C0,00,00,00,00,00,00,00,00,01,10,00,B2,49,00,39,B2,20,0F,00,FF,00,00,49,39,3F,00,FF,00,20,36,0F,80,10,36,36,0F,00,10,36,17,27,0F,0203,06A6,0000,0302,00000000,00B7,007F,000004B0,60000003,00000000,00001374,C01E8118,00000000,00000000,0000FFFF,00FF0200,00FF0007,00000000,00000000,00000000,00000000,00000000,00FFFE00,2008
164,genesis,zelda_v358_autostart,000FC2,10,10,03,00,01,01,00,01,00,00,00,36,00,00,00,00,00,8B,94,1A,A5,00,FF,00,00,1E,B0,00,19,01,B2,C0,00,00,00,00,00,00,00,00,01,20,4F,4E,2D,4E,75,B2,10,1C,00,0C,00,75,5E,4E,3F,00,FF,00,20,36,0F,80,10,36,36,0F,00,10,36,17,27,0F,0203,06C2,0000,0302,00000000,00BB,0081,000004B0,60000003,00000000,00001374,C01E8118,00000000,00000000,0000FFFF,00FF0200,00FF0007,00000000,00000000,00000000,00000000,00000000,00FFFE00,2008
165,genesis,zelda_v358_autostart,000FC2,10,10,03,00,01,01,00,01,00,00,00,37,00,00,00,00,00,CC,92,1A,A5,00,FF,00,00,1E,B0,00,1A,01,B2,C0,00,00,00,00,00,00,00,00,01,10,00,B2,49,00,39,B2,20,0F,00,FF,00,00,49,39,3F,00,FF,00,20,36,0F,80,10,36,36,0F,00,10,36,17,27,0F,0203,06DB,0000,0302,00000000,00BE,0083,000004B0,60000003,00000000,00001374,C01E8118,00000000,00000000,0000FFFF,00FF0200,00FF0007,00000000,00000000,00000000,00000000,00000000,00FFFE00,2008
166,genesis,zelda_v358_autostart,000FC2,10,10,03,00,01,01,00,01,00,00,00,38,00,00,00,00,00,8B,94,1A,A5,00,FF,00,00,1E,B0,00,1A,01,B2,C0,00,00,00,00,00,00,00,00,01,20,4F,4E,2D,4E,75,B2,10,1C,00,0C,00,75,5E,4E,3F,00,FF,00,20,36,0F,80,10,36,36,0F,00,10,36,17,27,0F,0203,06F7,0000,0302,00000000,00C2,0085,000004B0,60000003,00000000,00001374,C01E8118,00000000,00000000,0000FFFF,00FF0200,00FF0007,00000000,00000000,00000000,00000000,00000000,00FFFE00,2008
167,genesis,zelda_v358_autostart,000FC2,10,10,03,00,01,01,00,01,00,00,00,39,00,00,00,00,00,CC,92,1A,A5,00,FF,00,00,1E,B0,00,1B,01,B2,C0,00,00,00,00,00,00,00,00,01,10,00,B2,49,00,39,B2,20,0F,00,FF,00,00,49,39,3F,00,FF,00,20,36,0F,80,10,36,36,0F,00,10,36,17,27,0F,0203,0710,0000,0302,00000000,00C5,0087,000004B0,60000003,00000000,00001374,C01E8118,00000000,00000000,0000FFFF,00FF0200,00FF0007,00000000,00000000,00000000,00000000,00000000,00FFFE00,2008
168,genesis,zelda_v358_autostart,000FC2,10,10,03,00,01,01,00,01,00,00,00,3A,00,00,00,00,00,8B,94,1A,A5,00,FF,00,00,1E,B0,00,1B,01,B2,C0,00,00,00,00,00,00,00,00,01,20,4F,4E,2D,4E,75,B2,10,1C,00,0C,00,75,5E,4E,3F,00,FF,00,20,36,0F,80,10,36,36,0F,00,10,36,17,27,0F,0203,072C,0000,0302,00000000,00C9,0089,000004B0,60000003,00000000,00001374,C01E8118,00000000,00000000,0000FFFF,00FF0200,00FF0007,00000000,00000000,00000000,00000000,00000000,00FFFE00,2008
169,genesis,zelda_v358_autostart,000FC2,10,10,03,00,01,01,00,01,00,00,00,3B,00,00,00,00,00,CC,92,1A,A5,00,FF,00,00,1E,B0,00,1C,01,B2,C0,00,00,00,00,00,00,00,00,01,10,00,B2,49,00,39,B2,20,0F,00,FF,00,00,49,39,3F,00,FF,00,20,36,0F,80,10,36,36,0F,00,10,36,17,27,0F,0203,0745,0000,0302,00000000,00CC,008B,000004B0,60000003,00000000,00001374,C01E8118,00000000,00000000,0000FFFF,00FF0200,00FF0007,00000000,00000000,00000000,00000000,00000000,00FFFE00,2008
170,genesis,zelda_v358_autostart,000FC2,10,10,03,00,01,01,00,01,00,00,00,3C,00,00,00,00,00,8B,94,1A,A5,00,FF,00,00,1E,B0,00,1C,01,B2,C0,00,00,00,00,00,00,00,00,01,20,4F,4E,2D,4E,75,B2,10,1C,00,0C,00,75,5E,4E,3F,00,FF,00,20,36,0F,80,10,36,36,0F,00,10,36,17,27,0F,0203,0761,0000,0302,00000000,00D0,008D,000004B0,60000003,00000000,00001374,C01E8118,00000000,00000000,0000FFFF,00FF0200,00FF0007,00000000,00000000,00000000,00000000,00000000,00FFFE00,2008
171,genesis,zelda_v358_autostart,000FC2,10,10,03,00,01,01,00,01,00,00,00,3D,00,00,00,00,00,CC,92,1A,A5,00,FF,00,00,1E,B0,00,1D,01,B2,C0,00,00,00,00,00,00,00,00,01,10,00,B2,49,00,39,B2,20,0F,00,FF,00,00,49,39,3F,00,FF,00,20,36,0F,80,10,36,36,0F,00,10,36,17,27,0F,0203,077A,0000,0302,00000000,00D3,008F,000004B0,60000003,00000000,00001374,C01E8118,00000000,00000000,0000FFFF,00FF0200,00FF0007,00000000,00000000,00000000,00000000,00000000,00FFFE00,2008
172,genesis,zelda_v358_autostart,000FC2,10,10,03,00,01,01,00,01,00,00,00,3E,00,00,00,00,00,8B,94,1A,A5,00,FF,00,00,1E,B0,00,1D,01,B2,C0,00,00,00,00,00,00,00,00,01,20,4F,4E,2D,4E,75,B2,10,1C,00,0C,00,75,5E,4E,3F,00,FF,00,20,36,0F,20,10,36,36,0F,00,10,36,17,27,0F,0203,0796,0000,0302,00000000,00D7,0091,000004B0,60000003,00000000,00001374,C01E8118,00000000,00000000,0000FFFF,00FF0200,00FF0007,00000000,00000000,00000000,00000000,00000000,00FFFE00,2008
173,genesis,zelda_v358_autostart,000FC2,10,10,03,00,01,01,00,01,00,00,00,3F,00,00,00,00,00,CC,92,1A,A5,00,FF,00,00,1E,B0,00,1E,01,B2,C0,00,00,00,00,00,00,00,00,01,10,00,B2,49,00,39,B2,20,0F,00,FF,00,00,49,39,3F,00,FF,00,20,36,0F,20,10,36,36,0F,00,10,36,17,27,0F,0203,07AF,0000,0302,00000000,00DA,0093,000004B0,60000003,00000000,00001374,C01E8118,00000000,00000000,0000FFFF,00FF0200,00FF0007,00000000,00000000,00000000,00000000,00000000,00FFFE00,2008
174,genesis,zelda_v358_autostart,000FC2,10,10,03,00,01,01,00,01,00,00,00,40,00,00,00,00,00,8B,94,1A,A5,00,FF,00,00,1E,B0,00,1E,01,B2,C0,00,00,00,00,00,00,00,00,01,20,4F,4E,2D,4E,75,B2,10,1C,00,0C,00,75,5E,4E,3F,00,FF,00,20,36,0F,20,10,36,36,0F,00,10,36,17,27,0F,0203,07CB,0000,0302,00000000,00DE,0095,000004B0,60000003,00000000,00001374,C01E8118,00000000,00000000,0000FFFF,00FF0200,00FF0007,00000000,00000000,00000000,00000000,00000000,00FFFE00,2008
175,genesis,zelda_v358_autostart,000FC2,10,10,03,00,01,01,00,01,00,00,00,41,00,00,00,00,00,CC,92,1A,A5,00,FF,00,00,1E,B0,00,1F,01,B2,C0,00,00,00,00,00,00,00,00,01,10,00,B2,49,00,39,B2,20,0F,00,FF,00,00,49,39,3F,00,FF,00,20,36,0F,20,10,36,36,0F,00,10,36,17,27,0F,0203,07E4,0000,0302,00000000,00E1,0097,000004B0,60000003,00000000,00001374,C01E8118,00000000,00000000,0000FFFF,00FF0200,00FF0007,00000000,00000000,00000000,00000000,00000000,00FFFE00,2008
176,genesis,zelda_v358_autostart,000FC2,10,10,03,00,01,01,00,01,00,00,00,42,00,00,00,00,00,8B,94,1A,A5,00,FF,00,00,1E,B0,00,1F,01,B2,C0,00,00,00,00,00,00,00,00,01,20,4F,4E,2D,4E,75,B2,10,1C,00,0C,00,75,5E,4E,3F,00,FF,00,20,36,0F,20,10,36,36,0F,00,10,36,17,27,0F,0203,0800,0000,0302,00000000,00E5,0099,000004B0,60000003,00000000,00001374,C01E8118,00000000,00000000,0000FFFF,00FF0200,00FF0007,00000000,00000000,00000000,00000000,00000000,00FFFE00,2008
177,genesis,zelda_v358_autostart,000FC2,10,10,03,00,01,01,00,01,00,00,00,43,00,00,00,00,00,CC,92,1A,A5,00,FF,00,00,1E,B0,00,20,01,B2,C0,00,00,00,00,00,00,00,00,01,10,00,B2,49,00,39,B2,20,0F,00,FF,00,00,49,39,3F,00,FF,00,20,36,0F,20,10,36,36,0F,00,10,36,17,27,0F,0203,0819,0000,0302,00000000,00E8,009B,000004B0,60000003,00000000,00001374,C01E8118,00000000,00000000,0000FFFF,00FF0200,00FF0007,00000000,00000000,00000000,00000000,00000000,00FFFE00,2008
178,genesis,zelda_v358_autostart,000FC2,10,10,03,00,01,01,00,01,00,00,00,44,00,00,00,00,00,8B,94,1A,A5,00,FF,00,00,1E,B0,00,20,01,B2,C0,00,00,00,00,00,00,00,00,01,20,4F,4E,2D,4E,75,B2,10,1C,00,0C,00,75,5E,4E,3F,00,FF,00,20,36,0F,7C,10,36,36,0F,00,10,36,17,27,0F,0203,0835,0000,0302,00000000,00EC,009D,000004B0,60000003,00000000,00001374,C01E8118,00000000,00000000,0000FFFF,00FF0200,00FF0007,00000000,00000000,00000000,00000000,00000000,00FFFE00,2008
179,genesis,zelda_v358_autostart,000FC2,10,10,03,00,01,01,00,01,00,00,00,45,00,00,00,00,00,CC,92,1A,A5,00,FF,00,00,1E,B0,00,21,01,B2,C0,00,00,00,00,00,00,00,00,01,10,00,B2,49,00,39,B2,20,0F,00,FF,00,00,49,39,3F,00,FF,00,20,36,0F,7C,10,36,36,0F,00,10,36,17,27,0F,0203,084E,0000,0302,00000000,00EF,009F,000004B0,60000003,00000000,00001374,C01E8118,00000000,00000000,0000FFFF,00FF0200,00FF0007,00000000,00000000,00000000,00000000,00000000,00FFFE00,2008
180,genesis,zelda_v358_autostart,000FC2,10,10,03,00,01,01,00,01,00,00,00,46,00,00,00,00,00,8B,94,1A,A5,00,FF,00,00,1E,B0,00,21,01,B2,C0,00,00,00,00,00,00,00,00,01,20,4F,4E,2D,4E,75,B2,10,1C,00,0C,00,75,5E,4E,3F,00,FF,00,20,36,0F,7C,10,36,36,0F,00,10,36,17,27,0F,0203,086A,0000,0302,00000000,00F3,00A1,000004B0,60000003,00000000,00001374,C01E8118,00000000,00000000,0000FFFF,00FF0200,00FF0007,00000000,00000000,00000000,00000000,00000000,00FFFE00,2008
181,genesis,zelda_v358_autostart,000FC2,10,10,03,00,01,01,00,01,00,00,00,47,00,00,00,00,00,CC,92,1A,A5,00,FF,00,00,1E,B0,00,22,01,B2,C0,00,00,00,00,00,00,00,00,01,10,00,B2,49,00,39,B2,20,0F,00,FF,00,00,49,39,3F,00,FF,00,20,36,0F,7C,10,36,36,0F,00,10,36,17,27,0F,0203,0883,0000,0302,00000000,00F6,00A3,000004B0,60000003,00000000,00001374,C01E8118,00000000,00000000,0000FFFF,00FF0200,00FF0007,00000000,00000000,00000000,00000000,00000000,00FFFE00,2008
182,genesis,zelda_v358_autostart,000FC2,10,10,03,00,01,01,00,01,00,00,00,48,00,00,00,00,00,8B,94,1A,A5,00,FF,00,00,1E,B0,00,22,01,B2,C0,00,00,00,00,00,00,00,00,01,20,4F,4E,2D,4E,75,B2,10,1C,00,0C,00,75,5E,4E,3F,00,FF,00,20,36,0F,7C,10,36,36,0F,00,10,36,17,27,0F,0203,089F,0000,0302,00000000,00FA,00A5,000004B0,60000003,00000000,00001374,C01E8118,00000000,00000000,0000FFFF,00FF0200,00FF0007,00000000,00000000,00000000,00000000,00000000,00FFFE00,2008
183,genesis,zelda_v358_autostart,000FC2,10,10,03,00,01,01,00,01,00,00,00,49,00,00,00,00,00,CC,92,1A,A5,00,FF,00,00,1E,B0,00,23,01,B2,C0,00,00,00,00,00,00,00,00,01,10,00,B2,49,00,39,B2,20,0F,00,FF,00,00,49,39,3F,00,FF,00,20,36,0F,7C,10,36,36,0F,00,10,36,17,27,0F,0203,08B8,0000,0302,00000000,00FD,00A7,000004B0,60000003,00000000,00001374,C01E8118,00000000,00000000,0000FFFF,00FF0200,00FF0007,00000000,00000000,00000000,00000000,00000000,00FFFE00,2008
184,genesis,zelda_v358_autostart,000FC2,10,10,03,00,01,01,00,01,00,00,00,4A,00,00,00,00,00,8B,94,1A,A5,00,FF,00,00,1E,B0,00,23,01,B2,C0,00,00,00,00,00,00,00,00,01,20,4F,4E,2D,4E,75,B2,10,1C,00,0C,00,75,5E,4E,3F,00,FF,00,20,36,0F,00,10,36,36,0F,00,10,36,17,27,0F,0203,08D4,0000,0302,00000000,0101,00A9,000004B0,60000003,00000000,00001374,C01E8118,00000000,00000000,0000FFFF,00FF0200,00FF0007,00000000,00000000,00000000,00000000,00000000,00FFFE00,2008
185,genesis,zelda_v358_autostart,000FC2,10,10,03,00,01,01,00,01,00,00,00,4B,00,00,00,00,00,CC,92,1A,A5,00,FF,00,00,1E,B0,00,24,01,B2,C0,00,00,00,00,00,00,00,00,01,10,00,B2,49,00,39,B2,20,0F,00,FF,00,00,49,39,3F,00,FF,00,20,36,0F,00,10,36,36,0F,00,10,36,17,27,0F,0203,08ED,0000,0302,00000000,0104,00AB,000004B0,60000003,00000000,00001374,C01E8118,00000000,00000000,0000FFFF,00FF0200,00FF0007,00000000,00000000,00000000,00000000,00000000,00FFFE00,2008
186,genesis,zelda_v358_autostart,000FC2,10,10,03,00,01,01,00,01,00,00,00,4C,00,00,00,00,00,8B,94,1A,A5,00,FF,00,00,1E,B0,00,24,01,B2,C0,00,00,00,00,00,00,00,00,01,20,4F,4E,2D,4E,75,B2,10,1C,00,0C,00,75,5E,4E,3F,00,FF,00,20,36,0F,00,10,36,36,0F,00,10,36,17,27,0F,0203,0909,0000,0302,00000000,0108,00AD,000004B0,60000003,00000000,00001374,C01E8118,00000000,00000000,0000FFFF,00FF0200,00FF0007,00000000,00000000,00000000,00000000,00000000,00FFFE00,2008
187,genesis,zelda_v358_autostart,000FC2,10,10,03,00,01,01,00,01,00,00,00,4D,00,00,00,00,00,CC,92,1A,A5,00,FF,00,00,1E,B0,00,25,01,B2,C0,00,00,00,00,00,00,00,00,01,10,00,B2,49,00,39,B2,20,0F,00,FF,00,00,49,39,3F,00,FF,00,20,36,0F,00,10,36,36,0F,00,10,36,17,27,0F,0203,0922,0000,0302,00000000,010B,00AF,000004B0,60000003,00000000,00001374,C01E8118,00000000,00000000,0000FFFF,00FF0200,00FF0007,00000000,00000000,00000000,00000000,00000000,00FFFE00,2008
188,genesis,zelda_v358_autostart,000FC2,10,10,03,00,01,01,00,01,00,00,00,4E,00,00,00,00,00,8B,94,1A,A5,00,FF,00,00,1E,B0,00,25,01,B2,C0,00,00,00,00,00,00,00,00,01,20,4F,4E,2D,4E,75,B2,10,1C,00,0C,00,75,5E,4E,3F,00,FF,00,20,36,0F,00,10,36,36,0F,00,10,36,17,27,0F,0203,093E,0000,0302,00000000,010F,00B1,000004B0,60000003,00000000,00001374,C01E8118,00000000,00000000,0000FFFF,00FF0200,00FF0007,00000000,00000000,00000000,00000000,00000000,00FFFE00,2008
189,genesis,zelda_v358_autostart,000FC2,10,10,03,00,01,01,00,01,00,00,00,4F,00,00,00,00,00,CC,92,1A,A5,00,FF,00,00,1E,B0,00,26,01,B2,C0,00,00,00,00,00,00,00,00,01,10,00,B2,49,00,39,B2,20,0F,00,FF,00,00,49,39,3F,00,FF,00,20,36,0F,00,10,36,36,0F,00,10,36,17,27,0F,0203,0957,0000,0302,00000000,0112,00B3,000004B0,60000003,00000000,00001374,C01E8118,00000000,00000000,0000FFFF,00FF0200,00FF0007,00000000,00000000,00000000,00000000,00000000,00FFFE00,2008
190,genesis,zelda_v358_autostart,000FC2,10,10,03,00,01,01,00,01,00,00,00,50,00,00,00,00,00,8B,94,1A,A5,00,FF,00,00,1E,B0,00,26,01,B2,C0,00,00,00,00,00,00,00,00,01,20,4F,4E,2D,4E,75,B2,10,1C,00,0C,00,75,5E,4E,3F,00,FF,00,20,36,0F,FF,10,36,36,0F,00,10,36,17,27,0F,0203,0973,0000,0302,00000000,0116,00B5,000004B0,60000003,00000000,00001374,C01E8118,00000000,00000000,0000FFFF,00FF0200,00FF0007,00000000,00000000,00000000,00000000,00000000,00FFFE00,2008
191,genesis,zelda_v358_autostart,000FC2,10,10,03,00,01,01,00,01,00,00,00,51,00,00,00,00,00,CC,92,1A,A5,00,FF,00,00,1E,B0,00,27,01,B2,C0,00,00,00,00,00,00,00,00,01,10,00,B2,49,00,39,B2,20,0F,00,FF,00,00,49,39,3F,00,FF,00,20,36,0F,FF,10,36,36,0F,00,10,36,17,27,0F,0203,098C,0000,0302,00000000,0119,00B7,000004B0,60000003,00000000,00001374,C01E8118,00000000,00000000,0000FFFF,00FF0200,00FF0007,00000000,00000000,00000000,00000000,00000000,00FFFE00,2008
192,genesis,zelda_v358_autostart,000FC2,10,10,03,00,01,01,00,01,00,00,00,52,00,00,00,00,00,8B,94,1A,A5,00,FF,00,00,1E,B0,00,27,01,B2,C0,00,00,00,00,00,00,00,00,01,20,4F,4E,2D,4E,75,B2,10,1C,00,0C,00,75,5E,4E,3F,00,FF,00,20,36,0F,FF,10,36,36,0F,00,10,36,17,27,0F,0203,09A8,0000,0302,00000000,011D,00B9,000004B0,60000003,00000000,00001374,C01E8118,00000000,00000000,0000FFFF,00FF0200,00FF0007,00000000,00000000,00000000,00000000,00000000,00FFFE00,2008
193,genesis,zelda_v358_autostart,000FC2,10,10,03,00,01,01,00,01,00,00,00,53,00,00,00,00,00,CC,92,1A,A5,00,FF,00,00,1E,B0,00,28,01,B2,C0,00,00,00,00,00,00,00,00,01,10,00,B2,49,00,39,B2,20,0F,00,FF,00,00,49,39,3F,00,FF,00,20,36,0F,FF,10,36,36,0F,00,10,36,17,27,0F,0203,09C1,0000,0302,00000000,0120,00BB,000004B0,60000003,00000000,00001374,C01E8118,00000000,00000000,0000FFFF,00FF0200,00FF0007,00000000,00000000,00000000,00000000,00000000,00FFFE00,2008
194,genesis,zelda_v358_autostart,000FC2,10,10,03,00,01,01,00,01,00,00,00,54,00,00,00,00,00,8B,94,1A,A5,00,FF,00,00,1E,B0,00,28,01,B2,C0,00,00,00,00,00,00,00,00,01,20,4F,4E,2D,4E,75,B2,10,1C,00,0C,00,75,5E,4E,3F,00,FF,00,20,36,0F,FF,10,36,36,0F,00,10,36,17,27,0F,0203,09DD,0000,0302,00000000,0124,00BD,000004B0,60000003,00000000,00001374,C01E8118,00000000,00000000,0000FFFF,00FF0200,00FF0007,00000000,00000000,00000000,00000000,00000000,00FFFE00,2008
195,genesis,zelda_v358_autostart,000FC2,10,10,03,00,01,01,00,01,00,00,00,55,00,00,00,00,00,CC,92,1A,A5,00,FF,00,00,1E,B0,00,29,01,B2,C0,00,00,00,00,00,00,00,00,01,10,00,B2,49,00,39,B2,20,0F,00,FF,00,00,49,39,3F,00,FF,00,20,36,0F,FF,10,36,36,0F,00,10,36,17,27,0F,0203,09F6,0000,0302,00000000,0127,00BF,000004B0,60000003,00000000,00001374,C01E8118,00000000,00000000,0000FFFF,00FF0200,00FF0007,00000000,00000000,00000000,00000000,00000000,00FFFE00,2008
196,genesis,zelda_v358_autostart,000FC2,10,10,03,00,01,01,00,01,00,00,00,56,00,00,00,00,00,8B,94,1A,A5,00,FF,00,00,1E,B0,00,29,01,B2,C0,00,00,00,00,00,00,00,00,01,20,4F,4E,2D,4E,75,B2,10,1C,00,0C,00,75,5E,4E,3F,00,FF,00,20,36,0F,03,10,36,36,0F,00,10,36,17,27,0F,0203,0A12,0000,0302,00000000,012B,00C1,000004B0,60000003,00000000,00001374,C01E8118,00000000,00000000,0000FFFF,00FF0200,00FF0007,00000000,00000000,00000000,00000000,00000000,00FFFE00,2008
197,genesis,zelda_v358_autostart,000FC2,10,10,03,00,01,01,00,01,00,00,00,57,00,00,00,00,00,CC,92,1A,A5,00,FF,00,00,1E,B0,00,2A,01,B2,C0,00,00,00,00,00,00,00,00,01,10,00,B2,49,00,39,B2,20,0F,00,FF,00,00,49,39,3F,00,FF,00,20,36,0F,03,10,36,36,0F,00,10,36,17,27,0F,0203,0A2B,0000,0302,00000000,012E,00C3,000004B0,60000003,00000000,00001374,C01E8118,00000000,00000000,0000FFFF,00FF0200,00FF0007,00000000,00000000,00000000,00000000,00000000,00FFFE00,2008
198,genesis,zelda_v358_autostart,000FC2,10,10,03,00,01,01,00,01,00,00,00,58,00,00,00,00,00,8B,94,1A,A5,00,FF,00,00,1E,B0,00,2A,01,B2,C0,00,00,00,00,00,00,00,00,01,20,4F,4E,2D,4E,75,B2,10,1C,00,0C,00,75,5E,4E,3F,00,FF,00,20,36,0F,03,10,36,36,0F,00,10,36,17,27,0F,0203,0A47,0000,0302,00000000,0132,00C5,000004B0,60000003,00000000,00001374,C01E8118,00000000,00000000,0000FFFF,00FF0200,00FF0007,00000000,00000000,00000000,00000000,00000000,00FFFE00,2008
199,genesis,zelda_v358_autostart,000FC2,10,10,03,00,01,01,00,01,00,00,00,59,00,00,00,00,00,CC,92,1A,A5,00,FF,00,00,1E,B0,00,2B,01,B2,C0,00,00,00,00,00,00,00,00,01,10,00,B2,49,00,39,B2,20,0F,00,FF,00,00,49,39,3F,00,FF,00,20,36,0F,03,10,36,36,0F,00,10,36,17,27,0F,0203,0A60,0000,0302,00000000,0135,00C7,000004B0,60000003,00000000,00001374,C01E8118,00000000,00000000,0000FFFF,00FF0200,00FF0007,00000000,00000000,00000000,00000000,00000000,00FFFE00,2008
200,genesis,zelda_v358_autostart,000FC2,10,10,03,00,01,01,00,01,00,00,00,5A,00,00,00,00,00,8B,94,1A,A5,00,FF,00,00,1E,B0,00,2B,01,B2,C0,00,00,00,00,00,00,00,00,01,20,4F,4E,2D,4E,75,B2,10,1C,00,0C,00,75,5E,4E,3F,00,FF,00,20,36,0F,03,10,36,36,0F,00,10,36,17,27,0F,0203,0A7C,0000,0302,00000000,0139,00C9,000004B0,60000003,00000000,00001374,C01E8118,00000000,00000000,0000FFFF,00FF0200,00FF0007,00000000,00000000,00000000,00000000,00000000,00FFFE00,2008
201,genesis,zelda_v358_autostart,000FC2,10,10,03,00,01,01,00,01,00,00,00,5B,00,00,00,00,00,CC,92,1A,A5,00,FF,00,00,1E,B0,00,2C,01,B2,C0,00,00,00,00,00,00,00,00,01,10,00,B2,49,00,39,B2,20,0F,00,FF,00,00,49,39,3F,00,FF,00,20,36,0F,03,10,36,36,0F,00,10,36,17,27,0F,0203,0A95,0000,0302,00000000,013C,00CB,000004B0,60000003,00000000,00001374,C01E8118,00000000,00000000,0000FFFF,00FF0200,00FF0007,00000000,00000000,00000000,00000000,00000000,00FFFE00,2008
202,genesis,zelda_v358_autostart,000FC2,10,10,03,00,01,01,00,01,00,00,00,5C,00,00,00,00,00,8B,94,1A,A5,00,FF,00,00,1E,B0,00,2C,01,B2,C0,00,00,00,00,00,00,00,00,01,20,4F,4E,2D,4E,75,B2,10,1C,00,0C,00,75,5E,4E,3F,00,FF,00,20,36,0F,02,10,36,36,0F,00,10,36,17,27,0F,0203,0AB1,0000,0302,00000000,0140,00CD,000004B0,60000003,00000000,00001374,C01E8118,00000000,00000000,0000FFFF,00FF0200,00FF0007,00000000,00000000,00000000,00000000,00000000,00FFFE00,2008
203,genesis,zelda_v358_autostart,000FC2,10,10,03,00,01,01,00,01,00,00,00,5D,00,00,00,00,00,CC,92,1A,A5,00,FF,00,00,1E,B0,00,2D,01,B2,C0,00,00,00,00,00,00,00,00,01,10,00,B2,49,00,39,B2,20,0F,00,FF,00,00,49,39,3F,00,FF,00,20,36,0F,02,10,36,36,0F,00,10,36,17,27,0F,0203,0ACA,0000,0302,00000000,0143,00CF,000004B0,60000003,00000000,00001374,C01E8118,00000000,00000000,0000FFFF,00FF0200,00FF0007,00000000,00000000,00000000,00000000,00000000,00FFFE00,2008
204,genesis,zelda_v358_autostart,000FC2,10,10,03,00,01,01,00,01,00,00,00,5E,00,00,00,00,00,8B,94,1A,A5,00,FF,00,00,1E,B0,00,2D,01,B2,C0,00,00,00,00,00,00,00,00,01,20,4F,4E,2D,4E,75,B2,10,1C,00,0C,00,75,5E,4E,3F,00,FF,00,20,36,0F,02,10,36,36,0F,00,10,36,17,27,0F,0203,0AE6,0000,0302,00000000,0147,00D1,000004B0,60000003,00000000,00001374,C01E8118,00000000,00000000,0000FFFF,00FF0200,00FF0007,00000000,00000000,00000000,00000000,00000000,00FFFE00,2008
205,genesis,zelda_v358_autostart,000FC2,10,10,03,00,01,01,00,01,00,00,00,5F,00,00,00,00,00,CC,92,1A,A5,00,FF,00,00,1E,B0,00,2E,01,B2,C0,00,00,00,00,00,00,00,00,01,10,00,B2,49,00,39,B2,20,0F,00,FF,00,00,49,39,3F,00,FF,00,20,36,0F,02,10,36,36,0F,00,10,36,17,27,0F,0203,0AFF,0000,0302,00000000,014A,00D3,000004B0,60000003,00000000,00001374,C01E8118,00000000,00000000,0000FFFF,00FF0200,00FF0007,00000000,00000000,00000000,00000000,00000000,00FFFE00,2008
206,genesis,zelda_v358_autostart,000FC2,10,10,03,00,01,01,00,01,00,00,00,60,00,00,00,00,00,8B,94,1A,A5,00,FF,00,00,1E,B0,00,2E,01,B2,C0,00,00,00,00,00,00,00,00,01,20,4F,4E,2D,4E,75,B2,10,1C,00,0C,00,75,5E,4E,3F,00,FF,00,20,36,0F,02,10,36,36,0F,00,10,36,17,27,0F,0203,0B1B,0000,0302,00000000,014E,00D5,000004B0,60000003,00000000,00001374,C01E8118,00000000,00000000,0000FFFF,00FF0200,00FF0007,00000000,00000000,00000000,00000000,00000000,00FFFE00,2008
207,genesis,zelda_v358_autostart,000FC2,10,10,03,00,01,01,00,01,00,00,00,61,00,00,00,00,00,CC,92,1A,A5,00,FF,00,00,1E,B0,00,2F,01,B2,C0,00,00,00,00,00,00,00,00,01,10,00,B2,49,00,39,B2,20,0F,00,FF,00,00,49,39,3F,00,FF,00,20,36,0F,02,10,36,36,0F,00,10,36,17,27,0F,0203,0B34,0000,0302,00000000,0151,00D7,000004B0,60000003,00000000,00001374,C01E8118,00000000,00000000,0000FFFF,00FF0200,00FF0007,00000000,00000000,00000000,00000000,00000000,00FFFE00,2008
208,genesis,zelda_v358_autostart,000FC2,10,10,03,00,01,01,00,01,00,00,00,62,00,00,00,00,00,8B,94,1A,A5,00,FF,00,00,1E,B0,00,2F,01,B2,C0,00,00,00,00,00,00,00,00,01,20,4F,4E,2D,4E,75,B2,10,1C,00,0C,00,75,5E,4E,3F,00,FF,00,20,36,0F,11,10,36,36,0F,00,10,36,17,27,0F,0203,0B50,0000,0302,00000000,0155,00D9,000004B0,60000003,00000000,00001374,C01E8118,00000000,00000000,0000FFFF,00FF0200,00FF0007,00000000,00000000,00000000,00000000,00000000,00FFFE00,2008
209,genesis,zelda_v358_autostart,000FC2,10,10,03,00,01,01,00,01,00,00,00,63,00,00,00,00,00,CC,92,1A,A5,00,FF,00,00,1E,B0,00,30,01,B2,C0,00,00,00,00,00,00,00,00,01,10,00,B2,49,00,39,B2,20,0F,00,FF,00,00,49,39,3F,00,FF,00,20,36,0F,11,10,36,36,0F,00,10,36,17,27,0F,0203,0B69,0000,0302,00000000,0158,00DB,000004B0,60000003,00000000,00001374,C01E8118,00000000,00000000,0000FFFF,00FF0200,00FF0007,00000000,00000000,00000000,00000000,00000000,00FFFE00,2008
210,genesis,zelda_v358_autostart,000FC2,10,10,03,00,01,01,00,01,00,00,00,64,00,00,00,00,00,8B,94,1A,A5,00,FF,00,00,1E,B0,00,30,01,B2,C0,00,00,00,00,00,00,00,00,01,20,4F,4E,2D,4E,75,B2,10,1C,00,0C,00,75,5E,4E,3F,00,FF,00,20,36,0F,11,10,36,36,0F,00,10,36,17,27,0F,0203,0B85,0000,0302,00000000,015C,00DD,000004B0,60000003,00000000,00001374,C01E8118,00000000,00000000,0000FFFF,00FF0200,00FF0007,00000000,00000000,00000000,00000000,00000000,00FFFE00,2008
211,genesis,zelda_v358_autostart,000FC2,10,10,03,00,01,01,00,01,00,00,00,65,00,00,00,00,00,CC,92,1A,A5,00,FF,00,00,1E,B0,00,31,01,B2,C0,00,00,00,00,00,00,00,00,01,10,00,B2,49,00,39,B2,20,0F,00,FF,00,00,49,39,3F,00,FF,00,20,36,0F,11,10,36,36,0F,00,10,36,17,27,0F,0203,0B9E,0000,0302,00000000,015F,00DF,000004B0,60000003,00000000,00001374,C01E8118,00000000,00000000,0000FFFF,00FF0200,00FF0007,00000000,00000000,00000000,00000000,00000000,00FFFE00,2008
212,genesis,zelda_v358_autostart,000FC2,10,10,03,00,01,01,00,01,00,00,00,66,00,00,00,00,00,8B,94,1A,A5,00,FF,00,00,1E,B0,00,31,01,B2,C0,00,00,00,00,00,00,00,00,01,20,4F,4E,2D,4E,75,B2,10,1C,00,0C,00,75,5E,4E,3F,00,FF,00,20,36,0F,11,10,36,36,0F,00,10,36,17,27,0F,0203,0BBA,0000,0302,00000000,0163,00E1,000004B0,60000003,00000000,00001374,C01E8118,00000000,00000000,0000FFFF,00FF0200,00FF0007,00000000,00000000,00000000,00000000,00000000,00FFFE00,2008
213,genesis,zelda_v358_autostart,000FC2,10,10,03,00,01,01,00,01,00,00,00,67,00,00,00,00,00,CC,92,1A,A5,00,FF,00,00,1E,B0,00,32,01,B2,C0,00,00,00,00,00,00,00,00,01,10,00,B2,49,00,39,B2,20,0F,00,FF,00,00,49,39,3F,00,FF,00,20,36,0F,11,10,36,36,0F,00,10,36,17,27,0F,0203,0BD3,0000,0302,00000000,0166,00E3,000004B0,60000003,00000000,00001374,C01E8118,00000000,00000000,0000FFFF,00FF0200,00FF0007,00000000,00000000,00000000,00000000,00000000,00FFFE00,2008
214,genesis,zelda_v358_autostart,000FC2,10,10,03,00,01,01,00,01,00,00,00,68,00,00,00,00,00,8B,94,1A,A5,00,FF,00,00,1E,B0,00,32,01,B2,C0,00,00,00,00,00,00,00,00,01,20,4F,4E,2D,4E,75,B2,10,1C,00,0C,00,75,5E,4E,3F,00,FF,00,20,36,0F,80,10,36,36,0F,00,10,36,17,27,0F,0203,0BEF,0000,0302,00000000,016A,00E5,000004B0,60000003,00000000,00001374,C01E8118,00000000,00000000,0000FFFF,00FF0200,00FF0007,00000000,00000000,00000000,00000000,00000000,00FFFE00,2008
215,genesis,zelda_v358_autostart,000FC2,10,10,03,00,01,01,00,01,00,00,00,69,00,00,00,00,00,CC,92,1A,A5,00,FF,00,00,1E,B0,00,33,01,B2,C0,00,00,00,00,00,00,00,00,01,10,00,B2,49,00,39,B2,20,0F,00,FF,00,00,49,39,3F,00,FF,00,20,36,0F,80,10,36,36,0F,00,10,36,17,27,0F,0203,0C08,0000,0302,00000000,016D,00E7,000004B0,60000003,00000000,00001374,C01E8118,00000000,00000000,0000FFFF,00FF0200,00FF0007,00000000,00000000,00000000,00000000,00000000,00FFFE00,2008
216,genesis,zelda_v358_autostart,000FC2,10,10,03,00,01,01,00,01,00,00,00,6A,00,00,00,00,00,8B,94,1A,A5,00,FF,00,00,1E,B0,00,33,01,B2,C0,00,00,00,00,00,00,00,00,01,20,4F,4E,2D,4E,75,B2,10,1C,00,0C,00,75,5E,4E,3F,00,FF,00,20,36,0F,80,10,36,36,0F,00,10,36,17,27,0F,0203,0C24,0000,0302,00000000,0171,00E9,000004B0,60000003,00000000,00001374,C01E8118,00000000,00000000,0000FFFF,00FF0200,00FF0007,00000000,00000000,00000000,00000000,00000000,00FFFE00,2008
217,genesis,zelda_v358_autostart,000FC2,10,10,03,00,01,01,00,01,00,00,00,6B,00,00,00,00,00,CC,92,1A,A5,00,FF,00,00,1E,B0,00,34,01,B2,C0,00,00,00,00,00,00,00,00,01,10,00,B2,49,00,39,B2,20,0F,00,FF,00,00,49,39,3F,00,FF,00,20,36,0F,80,10,36,36,0F,00,10,36,17,27,0F,0203,0C3D,0000,0302,00000000,0174,00EB,000004B0,60000003,00000000,00001374,C01E8118,00000000,00000000,0000FFFF,00FF0200,00FF0007,00000000,00000000,00000000,00000000,00000000,00FFFE00,2008
218,genesis,zelda_v358_autostart,000FC2,10,10,03,00,01,01,00,01,00,00,00,6C,00,00,00,00,00,8B,94,1A,A5,00,FF,00,00,1E,B0,00,34,01,B2,C0,00,00,00,00,00,00,00,00,01,20,4F,4E,2D,4E,75,B2,10,1C,00,0C,00,75,5E,4E,3F,00,FF,00,20,36,0F,80,10,36,36,0F,00,10,36,17,27,0F,0203,0C59,0000,0302,00000000,0178,00ED,000004B0,60000003,00000000,00001374,C01E8118,00000000,00000000,0000FFFF,00FF0200,00FF0007,00000000,00000000,00000000,00000000,00000000,00FFFE00,2008
219,genesis,zelda_v358_autostart,000FC2,10,10,03,00,01,01,00,01,00,00,00,6D,00,00,00,00,00,CC,92,1A,A5,00,FF,00,00,1E,B0,00,35,01,B2,C0,00,00,00,00,00,00,00,00,01,10,00,B2,49,00,39,B2,20,0F,00,FF,00,00,49,39,3F,00,FF,00,20,36,0F,80,10,36,36,0F,00,10,36,17,27,0F,0203,0C72,0000,0302,00000000,017B,00EF,000004B0,60000003,00000000,00001374,C01E8118,00000000,00000000,0000FFFF,00FF0200,00FF0007,00000000,00000000,00000000,00000000,00000000,00FFFE00,2008
220,genesis,zelda_v358_autostart,000FC2,10,10,03,00,01,01,00,01,00,00,00,6E,00,00,00,00,00,8B,94,1A,A5,00,FF,00,00,1E,B0,00,35,01,B2,C0,00,00,00,00,00,00,00,00,01,20,4F,4E,2D,4E,75,B2,10,1C,00,0C,00,75,5E,4E,3F,00,FF,00,20,36,0F,80,10,36,36,0F,00,10,36,17,27,0F,0203,0C8E,0000,0302,00000000,017F,00F1,000004B0,60000003,00000000,00001374,C01E8118,00000000,00000000,0000FFFF,00FF0200,00FF0007,00000000,00000000,00000000,00000000,00000000,00FFFE00,2008
221,genesis,zelda_v358_autostart,000FC2,10,10,03,00,01,01,00,01,00,00,00,6F,00,00,00,00,00,CC,92,1A,A5,00,FF,00,00,1E,B0,00,36,01,B2,C0,00,00,00,00,00,00,00,00,01,10,00,B2,49,00,39,B2,20,0F,00,FF,00,00,49,39,3F,00,FF,00,20,36,0F,80,10,36,36,0F,00,10,36,17,27,0F,0203,0CA7,0000,0302,00000000,0182,00F3,000004B0,60000003,00000000,00001374,C01E8118,00000000,00000000,0000FFFF,00FF0200,00FF0007,00000000,00000000,00000000,00000000,00000000,00FFFE00,2008
222,genesis,zelda_v358_autostart,000FC2,10,10,03,00,01,01,00,01,00,00,00,70,00,00,00,00,00,8B,94,1A,A5,00,FF,00,00,1E,B0,00,36,01,B2,C0,00,00,00,00,00,00,00,00,01,20,4F,4E,2D,4E,75,B2,10,1C,00,0C,00,75,5E,4E,3F,00,FF,00,20,36,0F,80,10,36,36,0F,00,10,36,17,27,0F,0203,0CC3,0000,0302,00000000,0186,00F5,000004B0,60000003,00000000,00001374,C01E8118,00000000,00000000,0000FFFF,00FF0200,00FF0007,00000000,00000000,00000000,00000000,00000000,00FFFE00,2008
223,genesis,zelda_v358_autostart,000FC2,10,10,03,00,01,01,00,01,00,00,00,71,00,00,00,00,00,CC,92,1A,A5,00,FF,00,00,1E,B0,00,37,01,B2,C0,00,00,00,00,00,00,00,00,01,10,00,B2,49,00,39,B2,20,0F,00,FF,00,00,49,39,3F,00,FF,00,20,36,0F,80,10,36,36,0F,00,10,36,17,27,0F,0203,0CDC,0000,0302,00000000,0189,00F7,000004B0,60000003,00000000,00001374,C01E8118,00000000,00000000,0000FFFF,00FF0200,00FF0007,00000000,00000000,00000000,00000000,00000000,00FFFE00,2008
224,genesis,zelda_v358_autostart,000FC2,10,10,03,00,01,01,00,01,00,00,00,72,00,00,00,00,00,8B,94,1A,A5,00,FF,00,00,1E,B0,00,37,01,B2,C0,00,00,00,00,00,00,00,00,01,20,4F,4E,2D,4E,75,B2,10,1C,00,0C,00,75,5E,4E,3F,00,FF,00,20,36,0F,80,10,36,36,0F,00,10,36,17,27,0F,0203,0CF8,0000,0302,00000000,018D,00F9,000004B0,60000003,00000000,00001374,C01E8118,00000000,00000000,0000FFFF,00FF0200,00FF0007,00000000,00000000,00000000,00000000,00000000,00FFFE00,2008
225,genesis,zelda_v358_autostart,000FC2,10,10,03,00,01,01,00,01,00,00,00,73,00,00,00,00,00,CC,92,1A,A5,00,FF,00,00,1E,B0,00,38,01,B2,C0,00,00,00,00,00,00,00,00,01,10,00,B2,49,00,39,B2,20,0F,00,FF,00,00,49,39,3F,00,FF,00,20,36,0F,80,10,36,36,0F,00,10,36,17,27,0F,0203,0D11,0000,0302,00000000,0190,00FB,000004B0,60000003,00000000,00001374,C01E8118,00000000,00000000,0000FFFF,00FF0200,00FF0007,00000000,00000000,00000000,00000000,00000000,00FFFE00,2008
226,genesis,zelda_v358_autostart,000FC2,10,10,03,00,01,01,00,01,00,00,00,74,00,00,00,00,00,8B,94,1A,A5,00,FF,00,00,1E,B0,00,38,01,B2,C0,00,00,00,00,00,00,00,00,01,20,4F,4E,2D,4E,75,B2,10,1C,00,0C,00,75,5E,4E,3F,00,FF,00,20,36,0F,80,10,36,36,0F,00,10,36,17,27,0F,0203,0D2D,0000,0302,00000000,0194,00FD,000004B0,60000003,00000000,00001374,C01E8118,00000000,00000000,0000FFFF,00FF0200,00FF0007,00000000,00000000,00000000,00000000,00000000,00FFFE00,2008
227,genesis,zelda_v358_autostart,000FC2,10,10,03,00,01,01,00,01,00,00,00,75,00,00,00,00,00,CC,92,1A,A5,00,FF,00,00,1E,B0,00,39,01,B2,C0,00,00,00,00,00,00,00,00,01,10,00,B2,49,00,39,B2,20,0F,00,FF,00,00,49,39,3F,00,FF,00,20,36,0F,80,10,36,36,0F,00,10,36,17,27,0F,0203,0D46,0000,0302,00000000,0197,00FF,000004B0,60000003,00000000,00001374,C01E8118,00000000,00000000,0000FFFF,00FF0200,00FF0007,00000000,00000000,00000000,00000000,00000000,00FFFE00,2008
228,genesis,zelda_v358_autostart,000FC2,10,10,03,00,01,01,00,01,00,00,00,76,00,00,00,00,00,8B,94,1A,A5,00,FF,00,00,1E,B0,00,39,01,B2,C0,00,00,00,00,00,00,00,00,01,20,4F,4E,2D,4E,75,B2,10,1C,00,0C,00,75,5E,4E,3F,00,FF,00,20,36,0F,80,10,36,36,0F,00,10,36,17,27,0F,0203,0D62,0000,0302,00000000,019B,0101,000004B0,60000003,00000000,00001374,C01E8118,00000000,00000000,0000FFFF,00FF0200,00FF0007,00000000,00000000,00000000,00000000,00000000,00FFFE00,2008
229,genesis,zelda_v358_autostart,000FC2,10,10,03,00,01,01,00,01,00,00,00,77,00,00,00,00,00,CC,92,1A,A5,00,FF,00,00,1E,B0,00,3A,01,B2,C0,00,00,00,00,00,00,00,00,01,10,00,B2,49,00,39,B2,20,0F,00,FF,00,00,49,39,3F,00,FF,00,20,36,0F,80,10,36,36,0F,00,10,36,17,27,0F,0203,0D7B,0000,0302,00000000,019E,0103,000004B0,60000003,00000000,00001374,C01E8118,00000000,00000000,0000FFFF,00FF0200,00FF0007,00000000,00000000,00000000,00000000,00000000,00FFFE00,2008
230,genesis,zelda_v358_autostart,000FC2,10,10,03,00,01,01,00,01,00,00,00,78,00,00,00,00,00,8B,94,1A,A5,00,FF,00,00,1E,B0,00,3A,01,B2,C0,00,00,00,00,00,00,00,00,01,20,4F,4E,2D,4E,75,B2,10,1C,00,0C,00,75,5E,4E,3F,00,FF,00,20,36,0F,20,10,36,36,0F,00,10,36,17,27,0F,0203,0D97,0000,0302,00000000,01A2,0105,000004B0,60000003,00000000,00001374,C01E8118,00000000,00000000,0000FFFF,00FF0200,00FF0007,00000000,00000000,00000000,00000000,00000000,00FFFE00,2008
231,genesis,zelda_v358_autostart,000FC2,10,10,03,00,01,01,00,01,00,00,00,79,00,00,00,00,00,CC,92,1A,A5,00,FF,00,00,1E,B0,00,3B,01,B2,C0,00,00,00,00,00,00,00,00,01,10,00,B2,49,00,39,B2,20,0F,00,FF,00,00,49,39,3F,00,FF,00,20,36,0F,20,10,36,36,0F,00,10,36,17,27,0F,0203,0DB0,0000,0302,00000000,01A5,0107,000004B0,60000003,00000000,00001374,C01E8118,00000000,00000000,0000FFFF,00FF0200,00FF0007,00000000,00000000,00000000,00000000,00000000,00FFFE00,2008
232,genesis,zelda_v358_autostart,000FC2,10,10,03,00,01,01,00,01,00,00,00,7A,00,00,00,00,00,8B,94,1A,A5,00,FF,00,00,1E,B0,00,3B,01,B2,C0,00,00,00,00,00,00,00,00,01,20,4F,4E,2D,4E,75,B2,10,1C,00,0C,00,75,5E,4E,3F,00,FF,00,20,36,0F,20,10,36,36,0F,00,10,36,17,27,0F,0203,0DCC,0000,0302,00000000,01A9,0109,000004B0,60000003,00000000,00001374,C01E8118,00000000,00000000,0000FFFF,00FF0200,00FF0007,00000000,00000000,00000000,00000000,00000000,00FFFE00,2008
233,genesis,zelda_v358_autostart,000FC2,10,10,03,00,01,01,00,01,00,00,00,7B,00,00,00,00,00,CC,92,1A,A5,00,FF,00,00,1E,B0,00,3C,01,B2,C0,00,00,00,00,00,00,00,00,01,10,00,B2,49,00,39,B2,20,0F,00,FF,00,00,49,39,3F,00,FF,00,20,36,0F,20,10,36,36,0F,00,10,36,17,27,0F,0203,0DE5,0000,0302,00000000,01AC,010B,000004B0,60000003,00000000,00001374,C01E8118,00000000,00000000,0000FFFF,00FF0200,00FF0007,00000000,00000000,00000000,00000000,00000000,00FFFE00,2008
234,genesis,zelda_v358_autostart,000FC2,10,10,03,00,01,01,00,01,00,00,00,7C,00,00,00,00,00,8B,94,1A,A5,00,FF,00,00,1E,B0,00,3C,01,B2,C0,00,00,00,00,00,00,00,00,01,20,4F,4E,2D,4E,75,B2,10,1C,00,0C,00,75,5E,4E,3F,00,FF,00,20,36,0F,20,10,36,36,0F,00,10,36,17,27,0F,0203,0E01,0000,0302,00000000,01B0,010D,000004B0,60000003,00000000,00001374,C01E8118,00000000,00000000,0000FFFF,00FF0200,00FF0007,00000000,00000000,00000000,00000000,00000000,00FFFE00,2008
235,genesis,zelda_v358_autostart,000FC2,10,10,03,00,01,01,00,01,00,00,00,7D,00,00,00,00,00,CC,92,1A,A5,00,FF,00,00,1E,B0,00,3D,01,B2,C0,00,00,00,00,00,00,00,00,01,10,00,B2,49,00,39,B2,20,0F,00,FF,00,00,49,39,3F,00,FF,00,20,36,0F,20,10,36,36,0F,00,10,36,17,27,0F,0203,0E1A,0000,0302,00000000,01B3,010F,000004B0,60000003,00000000,00001374,C01E8118,00000000,00000000,0000FFFF,00FF0200,00FF0007,00000000,00000000,00000000,00000000,00000000,00FFFE00,2008
236,genesis,zelda_v358_autostart,000FC2,10,10,03,00,01,01,00,01,00,00,00,7E,00,00,00,00,00,8B,94,1A,A5,00,FF,00,00,1E,B0,00,3D,01,B2,C0,00,00,00,00,00,00,00,00,01,20,4F,4E,2D,4E,75,B2,10,1C,00,0C,00,75,5E,4E,3F,00,FF,00,20,36,0F,7C,10,36,36,0F,00,10,36,17,27,0F,0203,0E36,0000,0302,00000000,01B7,0111,000004B0,60000003,00000000,00001374,C01E8118,00000000,00000000,0000FFFF,00FF0200,00FF0007,00000000,00000000,00000000,00000000,00000000,00FFFE00,2008
237,genesis,zelda_v358_autostart,000FC2,10,10,03,00,01,01,00,01,00,00,00,7F,00,00,00,00,00,CC,92,1A,A5,00,FF,00,00,1E,B0,00,3E,01,B2,C0,00,00,00,00,00,00,00,00,01,10,00,B2,49,00,39,B2,20,0F,00,FF,00,00,49,39,3F,00,FF,00,20,36,0F,7C,10,36,36,0F,00,10,36,17,27,0F,0203,0E4F,0000,0302,00000000,01BA,0113,000004B0,60000003,00000000,00001374,C01E8118,00000000,00000000,0000FFFF,00FF0200,00FF0007,00000000,00000000,00000000,00000000,00000000,00FFFE00,2008
238,genesis,zelda_v358_autostart,000FC2,10,10,03,00,01,01,00,01,00,00,00,80,00,00,00,00,00,8B,94,1A,A5,00,FF,00,00,1E,B0,00,3E,01,B2,C0,00,00,00,00,00,00,00,00,01,20,4F,4E,2D,4E,75,B2,10,1C,00,0C,00,75,5E,4E,3F,00,FF,00,20,36,0F,7C,10,36,36,0F,00,10,36,17,27,0F,0203,0E6B,0000,0302,00000000,01BE,0115,000004B0,60000003,00000000,00001374,C01E8118,00000000,00000000,0000FFFF,00FF0200,00FF0007,00000000,00000000,00000000,00000000,00000000,00FFFE00,2008
239,genesis,zelda_v358_autostart,000FC2,10,10,03,00,01,01,00,01,00,00,00,81,00,00,00,00,00,CC,92,1A,A5,00,FF,00,00,1E,B0,00,3F,01,B2,C0,00,00,00,00,00,00,00,00,01,10,00,B2,49,00,39,B2,20,0F,00,FF,00,00,49,39,3F,00,FF,00,20,36,0F,7C,10,36,36,0F,00,10,36,17,27,0F,0203,0E84,0000,0302,00000000,01C1,0117,000004B0,60000003,00000000,00001374,C01E8118,00000000,00000000,0000FFFF,00FF0200,00FF0007,00000000,00000000,00000000,00000000,00000000,00FFFE00,2008
240,genesis,zelda_v358_autostart,000FC2,10,10,03,00,01,01,00,01,00,00,00,82,00,00,00,00,00,8B,94,1A,A5,00,FF,00,00,1E,B0,00,3F,01,B2,C0,00,00,00,00,00,00,00,00,01,20,4F,4E,2D,4E,75,B2,10,1C,00,0C,00,75,5E,4E,3F,00,FF,00,20,36,0F,7C,10,36,36,0F,00,10,36,17,27,0F,0203,0EA0,0000,0302,00000000,01C5,0119,000004B0,60000003,00000000,00001374,C01E8118,00000000,00000000,0000FFFF,00FF0200,00FF0007,00000000,00000000,00000000,00000000,00000000,00FFFE00,2008
241,genesis,zelda_v358_autostart,000FC2,10,10,03,00,01,01,00,01,00,00,00,83,00,00,00,00,00,CC,92,1A,A5,00,FF,00,00,1E,B0,00,40,01,B2,C0,00,00,00,00,00,00,00,00,01,10,00,B2,49,00,39,B2,20,0F,00,FF,00,00,49,39,3F,00,FF,00,20,36,0F,7C,10,36,36,0F,00,10,36,17,27,0F,0203,0EB9,0000,0302,00000000,01C8,011B,000004B0,60000003,00000000,00001374,C01E8118,00000000,00000000,0000FFFF,00FF0200,00FF0007,00000000,00000000,00000000,00000000,00000000,00FFFE00,2008
242,genesis,zelda_v358_autostart,000FC2,10,10,03,00,01,01,00,01,00,00,00,84,00,00,00,00,00,8B,94,1A,A5,00,FF,00,00,1E,B0,00,40,01,B2,C0,00,00,00,00,00,00,00,00,01,20,4F,4E,2D,4E,75,B2,10,1C,00,0C,00,75,5E,4E,3F,00,FF,00,20,36,0F,00,10,36,36,0F,00,10,36,17,27,0F,0203,0ED5,0000,0302,00000000,01CC,011D,000004B0,60000003,00000000,00001374,C01E8118,00000000,00000000,0000FFFF,00FF0200,00FF0007,00000000,00000000,00000000,00000000,00000000,00FFFE00,2008
243,genesis,zelda_v358_autostart,000FC2,10,10,03,00,01,01,00,01,00,00,00,85,00,00,00,00,00,CC,92,1A,A5,00,FF,00,00,1E,B0,00,41,01,B2,C0,00,00,00,00,00,00,00,00,01,10,00,B2,49,00,39,B2,20,0F,00,FF,00,00,49,39,3F,00,FF,00,20,36,0F,00,10,36,36,0F,00,10,36,17,27,0F,0203,0EEE,0000,0302,00000000,01CF,011F,000004B0,60000003,00000000,00001374,C01E8118,00000000,00000000,0000FFFF,00FF0200,00FF0007,00000000,00000000,00000000,00000000,00000000,00FFFE00,2008
244,genesis,zelda_v358_autostart,000FC2,10,10,03,00,01,01,00,01,00,00,00,86,00,00,00,00,00,8B,94,1A,A5,00,FF,00,00,1E,B0,00,41,01,B2,C0,00,00,00,00,00,00,00,00,01,20,4F,4E,2D,4E,75,B2,10,1C,00,0C,00,75,5E,4E,3F,00,FF,00,20,36,0F,00,10,36,36,0F,00,10,36,17,27,0F,0203,0F0A,0000,0302,00000000,01D3,0121,000004B0,60000003,00000000,00001374,C01E8118,00000000,00000000,0000FFFF,00FF0200,00FF0007,00000000,00000000,00000000,00000000,00000000,00FFFE00,2008
245,genesis,zelda_v358_autostart,000FC2,10,10,03,00,01,01,00,01,00,00,00,87,00,00,00,00,00,CC,92,1A,A5,00,FF,00,00,1E,B0,00,42,01,B2,C0,00,00,00,00,00,00,00,00,01,10,00,B2,49,00,39,B2,20,0F,00,FF,00,00,49,39,3F,00,FF,00,20,36,0F,00,10,36,36,0F,00,10,36,17,27,0F,0203,0F23,0000,0302,00000000,01D6,0123,000004B0,60000003,00000000,00001374,C01E8118,00000000,00000000,0000FFFF,00FF0200,00FF0007,00000000,00000000,00000000,00000000,00000000,00FFFE00,2008
246,genesis,zelda_v358_autostart,000FC2,10,10,03,00,01,01,00,01,00,00,00,88,00,00,00,00,00,8B,94,1A,A5,00,FF,00,00,1E,B0,00,42,01,B2,C0,00,00,00,00,00,00,00,00,01,20,4F,4E,2D,4E,75,B2,10,1C,00,0C,00,75,5E,4E,3F,00,FF,00,20,36,0F,00,10,36,36,0F,00,10,36,17,27,0F,0203,0F3F,0000,0302,00000000,01DA,0125,000004B0,60000003,00000000,00001374,C01E8118,00000000,00000000,0000FFFF,00FF0200,00FF0007,00000000,00000000,00000000,00000000,00000000,00FFFE00,2008
247,genesis,zelda_v358_autostart,000FC2,10,10,03,00,01,01,00,01,00,00,00,89,00,00,00,00,00,CC,92,1A,A5,00,FF,00,00,1E,B0,00,43,01,B2,C0,00,00,00,00,00,00,00,00,01,10,00,B2,49,00,39,B2,20,0F,00,FF,00,00,49,39,3F,00,FF,00,20,36,0F,00,10,36,36,0F,00,10,36,17,27,0F,0203,0F58,0000,0302,00000000,01DD,0127,000004B0,60000003,00000000,00001374,C01E8118,00000000,00000000,0000FFFF,00FF0200,00FF0007,00000000,00000000,00000000,00000000,00000000,00FFFE00,2008
248,genesis,zelda_v358_autostart,000FC2,10,10,03,00,01,01,00,01,00,00,00,8A,00,00,00,00,00,8B,94,1A,A5,00,FF,00,00,1E,B0,00,43,01,B2,C0,00,00,00,00,00,00,00,00,01,20,4F,4E,2D,4E,75,B2,10,1C,00,0C,00,75,5E,4E,3F,00,FF,00,20,36,0F,FF,10,36,36,0F,00,10,36,17,27,0F,0203,0F74,0000,0302,00000000,01E1,0129,000004B0,60000003,00000000,00001374,C01E8118,00000000,00000000,0000FFFF,00FF0200,00FF0007,00000000,00000000,00000000,00000000,00000000,00FFFE00,2008
249,genesis,zelda_v358_autostart,000FC2,10,10,03,00,01,01,00,01,00,00,00,8B,00,00,00,00,00,CC,92,1A,A5,00,FF,00,00,1E,B0,00,44,01,B2,C0,00,00,00,00,00,00,00,00,01,10,00,B2,49,00,39,B2,20,0F,00,FF,00,00,49,39,3F,00,FF,00,20,36,0F,FF,10,36,36,0F,00,10,36,17,27,0F,0203,0F8D,0000,0302,00000000,01E4,012B,000004B0,60000003,00000000,00001374,C01E8118,00000000,00000000,0000FFFF,00FF0200,00FF0007,00000000,00000000,00000000,00000000,00000000,00FFFE00,2008
250,genesis,zelda_v358_autostart,000FC2,10,10,03,00,01,01,00,01,00,00,00,8C,00,00,00,00,00,8B,94,1A,A5,00,FF,00,00,1E,B0,00,44,01,B2,C0,00,00,00,00,00,00,00,00,01,20,4F,4E,2D,4E,75,B2,10,1C,00,0C,00,75,5E,4E,3F,00,FF,00,20,36,0F,FF,10,36,36,0F,00,10,36,17,27,0F,0203,0FA9,0000,0302,00000000,01E8,012D,000004B0,60000003,00000000,00001374,C01E8118,00000000,00000000,0000FFFF,00FF0200,00FF0007,00000000,00000000,00000000,00000000,00000000,00FFFE00,2008
251,genesis,zelda_v358_autostart,000FC2,10,10,03,00,01,01,00,01,00,00,00,8D,00,00,00,00,00,CC,92,1A,A5,00,FF,00,00,1E,B0,00,45,01,B2,C0,00,00,00,00,00,00,00,00,01,10,00,B2,49,00,39,B2,20,0F,00,FF,00,00,49,39,3F,00,FF,00,20,36,0F,FF,10,36,36,0F,00,10,36,17,27,0F,0203,0FC2,0000,0302,00000000,01EB,012F,000004B0,60000003,00000000,00001374,C01E8118,00000000,00000000,0000FFFF,00FF0200,00FF0007,00000000,00000000,00000000,00000000,00000000,00FFFE00,2008
252,genesis,zelda_v358_autostart,000FC2,10,10,03,00,01,01,00,01,00,00,00,8E,00,00,00,00,00,8B,94,1A,A5,00,FF,00,00,1E,B0,00,45,01,B2,C0,00,00,00,00,00,00,00,00,01,20,4F,4E,2D,4E,75,B2,10,1C,00,0C,00,75,5E,4E,3F,00,FF,00,20,36,0F,FF,10,36,36,0F,00,10,36,17,27,0F,0203,0FDE,0000,0302,00000000,01EF,0131,000004B0,60000003,00000000,00001374,C01E8118,00000000,00000000,0000FFFF,00FF0200,00FF0007,00000000,00000000,00000000,00000000,00000000,00FFFE00,2008
253,genesis,zelda_v358_autostart,000FC2,10,10,03,00,01,01,00,01,00,00,00,8F,00,00,00,00,00,CC,92,1A,A5,00,FF,00,00,1E,B0,00,46,01,B2,C0,00,00,00,00,00,00,00,00,01,10,00,B2,49,00,39,B2,20,0F,00,FF,00,00,49,39,3F,00,FF,00,20,36,0F,FF,10,36,36,0F,00,10,36,17,27,0F,0203,0FF7,0000,0302,00000000,01F2,0133,000004B0,60000003,00000000,00001374,C01E8118,00000000,00000000,0000FFFF,00FF0200,00FF0007,00000000,00000000,00000000,00000000,00000000,00FFFE00,2008
254,genesis,zelda_v358_autostart,000FC2,10,10,03,00,01,01,00,01,00,00,00,90,00,00,00,00,00,8B,94,1A,A5,00,FF,00,00,1E,B0,00,46,01,B2,C0,00,00,00,00,00,00,00,00,01,20,4F,4E,2D,4E,75,B2,10,1C,00,0C,00,75,5E,4E,3F,00,FF,00,20,36,0F,03,10,36,36,0F,00,10,36,17,27,0F,0203,1013,0000,0302,00000000,01F6,0135,000004B0,60000003,00000000,00001374,C01E8118,00000000,00000000,0000FFFF,00FF0200,00FF0007,00000000,00000000,00000000,00000000,00000000,00FFFE00,2008
255,genesis,zelda_v358_autostart,000FC2,10,10,03,00,01,01,00,01,00,00,00,91,00,00,00,00,00,CC,92,1A,A5,00,FF,00,00,1E,B0,00,47,01,B2,C0,00,00,00,00,00,00,00,00,01,10,00,B2,49,00,39,B2,20,0F,00,FF,00,00,49,39,3F,00,FF,00,20,36,0F,03,10,36,36,0F,00,10,36,17,27,0F,0203,102C,0000,0302,00000000,01F9,0137,000004B0,60000003,00000000,00001374,C01E8118,00000000,00000000,0000FFFF,00FF0200,00FF0007,00000000,00000000,00000000,00000000,00000000,00FFFE00,2008
256,genesis,zelda_v358_autostart,000FC2,10,10,03,00,01,01,00,01,00,00,00,92,00,00,00,00,00,8B,94,1A,A5,00,FF,00,00,1E,B0,00,47,01,B2,C0,00,00,00,00,00,00,00,00,01,20,4F,4E,2D,4E,75,B2,10,1C,00,0C,00,75,5E,4E,3F,00,FF,00,20,36,0F,03,10,36,36,0F,00,10,36,17,27,0F,0203,1048,0000,0302,00000000,01FD,0139,000004B0,60000003,00000000,00001374,C01E8118,00000000,00000000,0000FFFF,00FF0200,00FF0007,00000000,00000000,00000000,00000000,00000000,00FFFE00,2008
257,genesis,zelda_v358_autostart,000FC2,10,10,03,00,01,01,00,01,00,00,00,93,00,00,00,00,00,CC,92,1A,A5,00,FF,00,00,1E,B0,00,48,01,B2,C0,00,00,00,00,00,00,00,00,01,10,00,B2,49,00,39,B2,20,0F,00,FF,00,00,49,39,3F,00,FF,00,20,36,0F,03,10,36,36,0F,00,10,36,17,27,0F,0203,1061,0000,0302,00000000,0200,013B,000004B0,60000003,00000000,00001374,C01E8118,00000000,00000000,0000FFFF,00FF0200,00FF0007,00000000,00000000,00000000,00000000,00000000,00FFFE00,2008
258,genesis,zelda_v358_autostart,000FC2,10,10,03,00,01,01,00,01,00,00,00,94,00,00,00,00,00,8B,94,1A,A5,00,FF,00,00,1E,B0,00,48,01,B2,C0,00,00,00,00,00,00,00,00,01,20,4F,4E,2D,4E,75,B2,10,1C,00,0C,00,75,5E,4E,3F,00,FF,00,20,36,0F,03,10,36,36,0F,00,10,36,17,27,0F,0203,107D,0000,0302,00000000,0204,013D,000004B0,60000003,00000000,00001374,C01E8118,00000000,00000000,0000FFFF,00FF0200,00FF0007,00000000,00000000,00000000,00000000,00000000,00FFFE00,2008
259,genesis,zelda_v358_autostart,000FC2,10,10,03,00,01,01,00,01,00,00,00,95,00,00,00,00,00,CC,92,1A,A5,00,FF,00,00,1E,B0,00,49,01,B2,C0,00,00,00,00,00,00,00,00,01,10,00,B2,49,00,39,B2,20,0F,00,FF,00,00,49,39,3F,00,FF,00,20,36,0F,03,10,36,36,0F,00,10,36,17,27,0F,0203,1096,0000,0302,00000000,0207,013F,000004B0,60000003,00000000,00001374,C01E8118,00000000,00000000,0000FFFF,00FF0200,00FF0007,00000000,00000000,00000000,00000000,00000000,00FFFE00,2008
260,genesis,zelda_v358_autostart,000FC2,10,10,03,00,01,01,00,01,00,00,00,96,00,00,00,00,00,8B,94,1A,A5,00,FF,00,00,1E,B0,00,49,01,B2,C0,00,00,00,00,00,00,00,00,01,20,4F,4E,2D,4E,75,B2,10,1C,00,0C,00,75,5E,4E,3F,00,FF,00,20,36,0F,02,10,36,36,0F,00,10,36,17,27,0F,0203,10B2,0000,0302,00000000,020B,0141,000004B0,60000003,00000000,00001374,C01E8118,00000000,00000000,0000FFFF,00FF0200,00FF0007,00000000,00000000,00000000,00000000,00000000,00FFFE00,2008
261,genesis,zelda_v358_autostart,000FC2,10,10,03,00,01,01,00,01,00,00,00,97,00,00,00,00,00,CC,92,1A,A5,00,FF,00,00,1E,B0,00,4A,01,B2,C0,00,00,00,00,00,00,00,00,01,10,00,B2,49,00,39,B2,20,0F,00,FF,00,00,49,39,3F,00,FF,00,20,36,0F,02,10,36,36,0F,00,10,36,17,27,0F,0203,10CB,0000,0302,00000000,020E,0143,000004B0,60000003,00000000,00001374,C01E8118,00000000,00000000,0000FFFF,00FF0200,00FF0007,00000000,00000000,00000000,00000000,00000000,00FFFE00,2008
262,genesis,zelda_v358_autostart,000FC2,10,10,03,00,01,01,00,01,00,00,00,98,00,00,00,00,00,8B,94,1A,A5,00,FF,00,00,1E,B0,00,4A,01,B2,C0,00,00,00,00,00,00,00,00,01,20,4F,4E,2D,4E,75,B2,10,1C,00,0C,00,75,5E,4E,3F,00,FF,00,20,36,0F,02,10,36,36,0F,00,10,36,17,27,0F,0203,10E7,0000,0302,00000000,0212,0145,000004B0,60000003,00000000,00001374,C01E8118,00000000,00000000,0000FFFF,00FF0200,00FF0007,00000000,00000000,00000000,00000000,00000000,00FFFE00,2008
263,genesis,zelda_v358_autostart,000FC2,10,10,03,00,01,01,00,01,00,00,00,99,00,00,00,00,00,CC,92,1A,A5,00,FF,00,00,1E,B0,00,4B,01,B2,C0,00,00,00,00,00,00,00,00,01,10,00,B2,49,00,39,B2,20,0F,00,FF,00,00,49,39,3F,00,FF,00,20,36,0F,02,10,36,36,0F,00,10,36,17,27,0F,0203,1100,0000,0302,00000000,0215,0147,000004B0,60000003,00000000,00001374,C01E8118,00000000,00000000,0000FFFF,00FF0200,00FF0007,00000000,00000000,00000000,00000000,00000000,00FFFE00,2008
264,genesis,zelda_v358_autostart,000FC2,10,10,03,00,01,01,00,01,00,00,00,9A,00,00,00,00,00,8B,94,1A,A5,00,FF,00,00,1E,B0,00,4B,01,B2,C0,00,00,00,00,00,00,00,00,01,20,4F,4E,2D,4E,75,B2,10,1C,00,0C,00,75,5E,4E,3F,00,FF,00,20,36,0F,02,10,36,36,0F,00,10,36,17,27,0F,0203,111C,0000,0302,00000000,0219,0149,000004B0,60000003,00000000,00001374,C01E8118,00000000,00000000,0000FFFF,00FF0200,00FF0007,00000000,00000000,00000000,00000000,00000000,00FFFE00,2008
265,genesis,zelda_v358_autostart,000FC2,10,10,03,00,01,01,00,01,00,00,00,9B,00,00,00,00,00,CC,92,1A,A5,00,FF,00,00,1E,B0,00,4C,01,B2,C0,00,00,00,00,00,00,00,00,01,10,00,B2,49,00,39,B2,20,0F,00,FF,00,00,49,39,3F,00,FF,00,20,36,0F,02,10,36,36,0F,00,10,36,17,27,0F,0203,1135,0000,0302,00000000,021C,014B,000004B0,60000003,00000000,00001374,C01E8118,00000000,00000000,0000FFFF,00FF0200,00FF0007,00000000,00000000,00000000,00000000,00000000,00FFFE00,2008
266,genesis,zelda_v358_autostart,000FC2,10,10,03,00,01,01,00,01,00,00,00,9C,00,00,00,00,00,8B,94,1A,A5,00,FF,00,00,1E,B0,00,4C,01,B2,C0,00,00,00,00,00,00,00,00,01,20,4F,4E,2D,4E,75,B2,10,1C,00,0C,00,75,5E,4E,3F,00,FF,00,20,36,0F,11,10,36,36,0F,00,10,36,17,27,0F,0203,1151,0000,0302,00000000,0220,014D,000004B0,60000003,00000000,00001374,C01E8118,00000000,00000000,0000FFFF,00FF0200,00FF0007,00000000,00000000,00000000,00000000,00000000,00FFFE00,2008
267,genesis,zelda_v358_autostart,000FC2,10,10,03,00,01,01,00,01,00,00,00,9D,00,00,00,00,00,CC,92,1A,A5,00,FF,00,00,1E,B0,00,4D,01,B2,C0,00,00,00,00,00,00,00,00,01,10,00,B2,49,00,39,B2,20,0F,00,FF,00,00,49,39,3F,00,FF,00,20,36,0F,11,10,36,36,0F,00,10,36,17,27,0F,0203,116A,0000,0302,00000000,0223,014F,000004B0,60000003,00000000,00001374,C01E8118,00000000,00000000,0000FFFF,00FF0200,00FF0007,00000000,00000000,00000000,00000000,00000000,00FFFE00,2008
268,genesis,zelda_v358_autostart,000FC2,10,10,03,00,01,01,00,01,00,00,00,9E,00,00,00,00,00,8B,94,1A,A5,00,FF,00,00,1E,B0,00,4D,01,B2,C0,00,00,00,00,00,00,00,00,01,20,4F,4E,2D,4E,75,B2,10,1C,00,0C,00,75,5E,4E,3F,00,FF,00,20,36,0F,11,10,36,36,0F,00,10,36,17,27,0F,0203,1186,0000,0302,00000000,0227,0151,000004B0,60000003,00000000,00001374,C01E8118,00000000,00000000,0000FFFF,00FF0200,00FF0007,00000000,00000000,00000000,00000000,00000000,00FFFE00,2008
269,genesis,zelda_v358_autostart,000FC2,10,10,03,00,01,01,00,01,00,00,00,9F,00,00,00,00,00,CC,92,1A,A5,00,FF,00,00,1E,B0,00,4E,01,B2,C0,00,00,00,00,00,00,00,00,01,10,00,B2,49,00,39,B2,20,0F,00,FF,00,00,49,39,3F,00,FF,00,20,36,0F,11,10,36,36,0F,00,10,36,17,27,0F,0203,119F,0000,0302,00000000,022A,0153,000004B0,60000003,00000000,00001374,C01E8118,00000000,00000000,0000FFFF,00FF0200,00FF0007,00000000,00000000,00000000,00000000,00000000,00FFFE00,2008
270,genesis,zelda_v358_autostart,000FC2,10,10,03,00,01,01,00,01,00,00,00,A0,00,00,00,00,00,8B,94,1A,A5,00,FF,00,00,1E,B0,00,4E,01,B2,C0,00,00,00,00,00,00,00,00,01,20,4F,4E,2D,4E,75,B2,10,1C,00,0C,00,75,5E,4E,3F,00,FF,00,20,36,0F,11,10,36,36,0F,00,10,36,17,27,0F,0203,11BB,0000,0302,00000000,022E,0155,000004B0,60000003,00000000,00001374,C01E8118,00000000,00000000,0000FFFF,00FF0200,00FF0007,00000000,00000000,00000000,00000000,00000000,00FFFE00,2008
271,genesis,zelda_v358_autostart,000FC2,10,10,03,00,01,01,00,01,00,00,00,A1,00,00,00,00,00,CC,92,1A,A5,00,FF,00,00,1E,B0,00,4F,01,B2,C0,00,00,00,00,00,00,00,00,01,10,00,B2,49,00,39,B2,20,0F,00,FF,00,00,49,39,3F,00,FF,00,20,36,0F,11,10,36,36,0F,00,10,36,17,27,0F,0203,11D4,0000,0302,00000000,0231,0157,000004B0,60000003,00000000,00001374,C01E8118,00000000,00000000,0000FFFF,00FF0200,00FF0007,00000000,00000000,00000000,00000000,00000000,00FFFE00,2008
272,genesis,zelda_v358_autostart,000FC2,10,10,03,00,01,01,00,01,00,00,00,A2,00,00,00,00,00,8B,94,1A,A5,00,FF,00,00,1E,B0,00,4F,01,B2,C0,00,00,00,00,00,00,00,00,01,20,4F,4E,2D,4E,75,B2,10,1C,00,0C,00,75,5E,4E,3F,00,FF,00,20,36,0F,80,10,36,36,0F,00,10,36,17,27,0F,0203,11F0,0000,0302,00000000,0235,0159,000004B0,60000003,00000000,00001374,C01E8118,00000000,00000000,0000FFFF,00FF0200,00FF0007,00000000,00000000,00000000,00000000,00000000,00FFFE00,2008
273,genesis,zelda_v358_autostart,000FC2,10,10,03,00,01,01,00,01,00,00,00,A3,00,00,00,00,00,CC,92,1A,A5,00,FF,00,00,1E,B0,00,50,01,B2,C0,00,00,00,00,00,00,00,00,01,10,00,B2,49,00,39,B2,20,0F,00,FF,00,00,49,39,3F,00,FF,00,20,36,0F,80,10,36,36,0F,00,10,36,17,27,0F,0203,1209,0000,0302,00000000,0238,015B,000004B0,60000003,00000000,00001374,C01E8118,00000000,00000000,0000FFFF,00FF0200,00FF0007,00000000,00000000,00000000,00000000,00000000,00FFFE00,2008
274,genesis,zelda_v358_autostart,000FC2,10,10,03,00,01,01,00,01,00,00,00,A4,00,00,00,00,00,8B,94,1A,A5,00,FF,00,00,1E,B0,00,50,01,B2,C0,00,00,00,00,00,00,00,00,01,20,4F,4E,2D,4E,75,B2,10,1C,00,0C,00,75,5E,4E,3F,00,FF,00,20,36,0F,80,10,36,36,0F,00,10,36,17,27,0F,0203,1225,0000,0302,00000000,023C,015D,000004B0,60000003,00000000,00001374,C01E8118,00000000,00000000,0000FFFF,00FF0200,00FF0007,00000000,00000000,00000000,00000000,00000000,00FFFE00,2008
275,genesis,zelda_v358_autostart,000FC2,10,10,03,00,01,01,00,01,00,00,00,A5,00,00,00,00,00,CC,92,1A,A5,00,FF,00,00,1E,B0,00,51,01,B2,C0,00,00,00,00,00,00,00,00,01,10,00,B2,49,00,39,B2,20,0F,00,FF,00,00,49,39,3F,00,FF,00,20,36,0F,80,10,36,36,0F,00,10,36,17,27,0F,0203,123E,0000,0302,00000000,023F,015F,000004B0,60000003,00000000,00001374,C01E8118,00000000,00000000,0000FFFF,00FF0200,00FF0007,00000000,00000000,00000000,00000000,00000000,00FFFE00,2008
276,genesis,zelda_v358_autostart,000FC2,10,10,03,00,01,01,00,01,00,00,00,A6,00,00,00,00,00,8B,94,1A,A5,00,FF,00,00,1E,B0,00,51,01,B2,C0,00,00,00,00,00,00,00,00,01,20,4F,4E,2D,4E,75,B2,10,1C,00,0C,00,75,5E,4E,3F,00,FF,00,20,36,0F,80,10,36,36,0F,00,10,36,17,27,0F,0203,125A,0000,0302,00000000,0243,0161,000004B0,60000003,00000000,00001374,C01E8118,00000000,00000000,0000FFFF,00FF0200,00FF0007,00000000,00000000,00000000,00000000,00000000,00FFFE00,2008
277,genesis,zelda_v358_autostart,000FC2,10,10,03,00,01,01,00,01,00,00,00,A7,00,00,00,00,00,CC,92,1A,A5,00,FF,00,00,1E,B0,00,52,01,B2,C0,00,00,00,00,00,00,00,00,01,10,00,B2,49,00,39,B2,20,0F,00,FF,00,00,49,39,3F,00,FF,00,20,36,0F,80,10,36,36,0F,00,10,36,17,27,0F,0203,1273,0000,0302,00000000,0246,0163,000004B0,60000003,00000000,00001374,C01E8118,00000000,00000000,0000FFFF,00FF0200,00FF0007,00000000,00000000,00000000,00000000,00000000,00FFFE00,2008
278,genesis,zelda_v358_autostart,000FC2,10,10,03,00,01,01,00,01,00,00,00,A8,00,00,00,00,00,8B,94,1A,A5,00,FF,00,00,1E,B0,00,52,01,B2,C0,00,00,00,00,00,00,00,00,01,20,4F,4E,2D,4E,75,B2,10,1C,00,0C,00,75,5E,4E,3F,00,FF,00,20,36,0F,80,10,36,36,0F,00,10,36,17,27,0F,0203,128F,0000,0302,00000000,024A,0165,000004B0,60000003,00000000,00001374,C01E8118,00000000,00000000,0000FFFF,00FF0200,00FF0007,00000000,00000000,00000000,00000000,00000000,00FFFE00,2008
279,genesis,zelda_v358_autostart,000FC2,10,10,03,00,01,01,00,01,00,00,00,A9,00,00,00,00,00,CC,92,1A,A5,00,FF,00,00,1E,B0,00,53,01,B2,C0,00,00,00,00,00,00,00,00,01,10,00,B2,49,00,39,B2,20,0F,00,FF,00,00,49,39,3F,00,FF,00,20,36,0F,80,10,36,36,0F,00,10,36,17,27,0F,0203,12A8,0000,0302,00000000,024D,0167,000004B0,60000003,00000000,00001374,C01E8118,00000000,00000000,0000FFFF,00FF0200,00FF0007,00000000,00000000,00000000,00000000,00000000,00FFFE00,2008
280,genesis,zelda_v358_autostart,000FC2,10,10,03,00,01,01,00,01,00,00,00,AA,00,00,00,00,00,8B,94,1A,A5,00,FF,00,00,1E,B0,00,53,01,B2,C0,00,00,00,00,00,00,00,00,01,20,4F,4E,2D,4E,75,B2,10,1C,00,0C,00,75,5E,4E,3F,00,FF,00,20,36,0F,80,10,36,36,0F,00,10,36,17,27,0F,0203,12C4,0000,0302,00000000,0251,0169,000004B0,60000003,00000000,00001374,C01E8118,00000000,00000000,0000FFFF,00FF0200,00FF0007,00000000,00000000,00000000,00000000,00000000,00FFFE00,2008
281,genesis,zelda_v358_autostart,000FC2,10,10,03,00,01,01,00,01,00,00,00,AB,00,00,00,00,00,CC,92,1A,A5,00,FF,00,00,1E,B0,00,54,01,B2,C0,00,00,00,00,00,00,00,00,01,10,00,B2,49,00,39,B2,20,0F,00,FF,00,00,49,39,3F,00,FF,00,20,36,0F,80,10,36,36,0F,00,10,36,17,27,0F,0203,12DD,0000,0302,00000000,0254,016B,000004B0,60000003,00000000,00001374,C01E8118,00000000,00000000,0000FFFF,00FF0200,00FF0007,00000000,00000000,00000000,00000000,00000000,00FFFE00,2008
282,genesis,zelda_v358_autostart,000FC2,10,10,03,00,01,01,00,01,00,00,00,AC,00,00,00,00,00,8B,94,1A,A5,00,FF,00,00,1E,B0,00,54,01,B2,C0,00,00,00,00,00,00,00,00,01,20,4F,4E,2D,4E,75,B2,10,1C,00,0C,00,75,5E,4E,3F,00,FF,00,20,36,0F,80,10,36,36,0F,00,10,36,17,27,0F,0203,12F9,0000,0302,00000000,0258,016D,000004B0,60000003,00000000,00001374,C01E8118,00000000,00000000,0000FFFF,00FF0200,00FF0007,00000000,00000000,00000000,00000000,00000000,00FFFE00,2008
283,genesis,zelda_v358_autostart,000FC2,10,10,03,00,01,01,00,01,00,00,00,AD,00,00,00,00,00,CC,92,1A,A5,00,FF,00,00,1E,B0,00,55,01,B2,C0,00,00,00,00,00,00,00,00,01,10,00,B2,49,00,39,B2,20,0F,00,FF,00,00,49,39,3F,00,FF,00,20,36,0F,80,10,36,36,0F,00,10,36,17,27,0F,0203,1312,0000,0302,00000000,025B,016F,000004B0,60000003,00000000,00001374,C01E8118,00000000,00000000,0000FFFF,00FF0200,00FF0007,00000000,00000000,00000000,00000000,00000000,00FFFE00,2008
284,genesis,zelda_v358_autostart,000FC2,10,10,03,00,01,01,00,01,00,00,00,AE,00,00,00,00,00,8B,94,1A,A5,00,FF,00,00,1E,B0,00,55,01,B2,C0,00,00,00,00,00,00,00,00,01,20,4F,4E,2D,4E,75,B2,10,1C,00,0C,00,75,5E,4E,3F,00,FF,00,20,36,0F,80,10,36,36,0F,00,10,36,17,27,0F,0203,132E,0000,0302,00000000,025F,0171,000004B0,60000003,00000000,00001374,C01E8118,00000000,00000000,0000FFFF,00FF0200,00FF0007,00000000,00000000,00000000,00000000,00000000,00FFFE00,2008
285,genesis,zelda_v358_autostart,000FC2,10,10,03,00,01,01,00,01,00,00,00,AF,00,00,00,00,00,CC,92,1A,A5,00,FF,00,00,1E,B0,00,56,01,B2,C0,00,00,00,00,00,00,00,00,01,10,00,B2,49,00,39,B2,20,0F,00,FF,00,00,49,39,3F,00,FF,00,20,36,0F,80,10,36,36,0F,00,10,36,17,27,0F,0203,1347,0000,0302,00000000,0262,0173,000004B0,60000003,00000000,00001374,C01E8118,00000000,00000000,0000FFFF,00FF0200,00FF0007,00000000,00000000,00000000,00000000,00000000,00FFFE00,2008
286,genesis,zelda_v358_autostart,000FC2,10,10,03,00,01,01,00,01,00,00,00,B0,00,00,00,00,00,8B,94,1A,A5,00,FF,00,00,1E,B0,00,56,01,B2,C0,00,00,00,00,00,00,00,00,01,20,4F,4E,2D,4E,75,B2,10,1C,00,0C,00,75,5E,4E,3F,00,FF,00,20,36,0F,80,10,36,36,0F,00,10,36,17,27,0F,0203,1363,0000,0302,00000000,0266,0175,000004B0,60000003,00000000,00001374,C01E8118,00000000,00000000,0000FFFF,00FF0200,00FF0007,00000000,00000000,00000000,00000000,00000000,00FFFE00,2008
287,genesis,zelda_v358_autostart,000FC2,10,10,03,00,01,01,00,01,00,00,00,B1,00,00,00,00,00,CC,92,1A,A5,00,FF,00,00,1E,B0,00,57,01,B2,C0,00,00,00,00,00,00,00,00,01,10,00,B2,49,00,39,B2,20,0F,00,FF,00,00,49,39,3F,00,FF,00,20,36,0F,80,10,36,36,0F,00,10,36,17,27,0F,0203,137C,0000,0302,00000000,0269,0177,000004B0,60000003,00000000,00001374,C01E8118,00000000,00000000,0000FFFF,00FF0200,00FF0007,00000000,00000000,00000000,00000000,00000000,00FFFE00,2008
288,genesis,zelda_v358_autostart,000FC2,10,10,03,00,01,01,00,01,00,00,00,B2,00,00,00,00,00,8B,94,1A,A5,00,FF,00,00,1E,B0,00,57,01,B2,C0,00,00,00,00,00,00,00,00,01,20,4F,4E,2D,4E,75,B2,10,1C,00,0C,00,75,5E,4E,3F,00,FF,00,20,36,0F,20,10,36,36,0F,00,10,36,17,27,0F,0203,1398,0000,0302,00000000,026D,0179,000004B0,60000003,00000000,00001374,C01E8118,00000000,00000000,0000FFFF,00FF0200,00FF0007,00000000,00000000,00000000,00000000,00000000,00FFFE00,2008
289,genesis,zelda_v358_autostart,000FC2,10,10,03,00,01,01,00,01,00,00,00,B3,00,00,00,00,00,CC,92,1A,A5,00,FF,00,00,1E,B0,00,58,01,B2,C0,00,00,00,00,00,00,00,00,01,10,00,B2,49,00,39,B2,20,0F,00,FF,00,00,49,39,3F,00,FF,00,20,36,0F,20,10,36,36,0F,00,10,36,17,27,0F,0203,13B1,0000,0302,00000000,0270,017B,000004B0,60000003,00000000,00001374,C01E8118,00000000,00000000,0000FFFF,00FF0200,00FF0007,00000000,00000000,00000000,00000000,00000000,00FFFE00,2008
290,genesis,zelda_v358_autostart,000FC2,10,10,03,00,01,01,00,01,00,00,00,B4,00,00,00,00,00,8B,94,1A,A5,00,FF,00,00,1E,B0,00,58,01,B2,C0,00,00,00,00,00,00,00,00,01,20,4F,4E,2D,4E,75,B2,10,1C,00,0C,00,75,5E,4E,3F,00,FF,00,20,36,0F,20,10,36,36,0F,00,10,36,17,27,0F,0203,13CD,0000,0302,00000000,0274,017D,000004B0,60000003,00000000,00001374,C01E8118,00000000,00000000,0000FFFF,00FF0200,00FF0007,00000000,00000000,00000000,00000000,00000000,00FFFE00,2008
291,genesis,zelda_v358_autostart,000FC2,10,10,03,00,01,01,00,01,00,00,00,B5,00,00,00,00,00,CC,92,1A,A5,00,FF,00,00,1E,B0,00,59,01,B2,C0,00,00,00,00,00,00,00,00,01,10,00,B2,49,00,39,B2,20,0F,00,FF,00,00,49,39,3F,00,FF,00,20,36,0F,20,10,36,36,0F,00,10,36,17,27,0F,0203,13E6,0000,0302,00000000,0277,017F,000004B0,60000003,00000000,00001374,C01E8118,00000000,00000000,0000FFFF,00FF0200,00FF0007,00000000,00000000,00000000,00000000,00000000,00FFFE00,2008
292,genesis,zelda_v358_autostart,000FC2,10,10,03,00,01,01,00,01,00,00,00,B6,00,00,00,00,00,8B,94,1A,A5,00,FF,00,00,1E,B0,00,59,01,B2,C0,00,00,00,00,00,00,00,00,01,20,4F,4E,2D,4E,75,B2,10,1C,00,0C,00,75,5E,4E,3F,00,FF,00,20,36,0F,20,10,36,36,0F,00,10,36,17,27,0F,0203,1402,0000,0302,00000000,027B,0181,000004B0,60000003,00000000,00001374,C01E8118,00000000,00000000,0000FFFF,00FF0200,00FF0007,00000000,00000000,00000000,00000000,00000000,00FFFE00,2008
293,genesis,zelda_v358_autostart,000FC2,10,10,03,00,01,01,00,01,00,00,00,B7,00,00,00,00,00,CC,92,1A,A5,00,FF,00,00,1E,B0,00,5A,01,B2,C0,00,00,00,00,00,00,00,00,01,10,00,B2,49,00,39,B2,20,0F,00,FF,00,00,49,39,3F,00,FF,00,20,36,0F,20,10,36,36,0F,00,10,36,17,27,0F,0203,141B,0000,0302,00000000,027E,0183,000004B0,60000003,00000000,00001374,C01E8118,00000000,00000000,0000FFFF,00FF0200,00FF0007,00000000,00000000,00000000,00000000,00000000,00FFFE00,2008
294,genesis,zelda_v358_autostart,000FC2,10,10,03,00,01,01,00,01,00,00,00,B8,00,00,00,00,00,8B,94,1A,A5,00,FF,00,00,1E,B0,00,5A,01,B2,C0,00,00,00,00,00,00,00,00,01,20,4F,4E,2D,4E,75,B2,10,1C,00,0C,00,75,5E,4E,3F,00,FF,00,20,36,0F,7C,10,36,36,0F,00,10,36,17,27,0F,0203,1437,0000,0302,00000000,0282,0185,000004B0,60000003,00000000,00001374,C01E8118,00000000,00000000,0000FFFF,00FF0200,00FF0007,00000000,00000000,00000000,00000000,00000000,00FFFE00,2008
295,genesis,zelda_v358_autostart,000FC2,10,10,03,00,01,01,00,01,00,00,00,B9,00,00,00,00,00,CC,92,1A,A5,00,FF,00,00,1E,B0,00,5B,01,B2,C0,00,00,00,00,00,00,00,00,01,10,00,B2,49,00,39,B2,20,0F,00,FF,00,00,49,39,3F,00,FF,00,20,36,0F,7C,10,36,36,0F,00,10,36,17,27,0F,0203,1450,0000,0302,00000000,0285,0187,000004B0,60000003,00000000,00001374,C01E8118,00000000,00000000,0000FFFF,00FF0200,00FF0007,00000000,00000000,00000000,00000000,00000000,00FFFE00,2008
296,genesis,zelda_v358_autostart,000FC2,10,10,03,00,01,01,00,01,00,00,00,BA,00,00,00,00,00,8B,94,1A,A5,00,FF,00,00,1E,B0,00,5B,01,B2,C0,00,00,00,00,00,00,00,00,01,20,4F,4E,2D,4E,75,B2,10,1C,00,0C,00,75,5E,4E,3F,00,FF,00,20,36,0F,7C,10,36,36,0F,00,10,36,17,27,0F,0203,146C,0000,0302,00000000,0289,0189,000004B0,60000003,00000000,00001374,C01E8118,00000000,00000000,0000FFFF,00FF0200,00FF0007,00000000,00000000,00000000,00000000,00000000,00FFFE00,2008
297,genesis,zelda_v358_autostart,000FC2,10,10,03,00,01,01,00,01,00,00,00,BB,00,00,00,00,00,CC,92,1A,A5,00,FF,00,00,1E,B0,00,5C,01,B2,C0,00,00,00,00,00,00,00,00,01,10,00,B2,49,00,39,B2,20,0F,00,FF,00,00,49,39,3F,00,FF,00,20,36,0F,7C,10,36,36,0F,00,10,36,17,27,0F,0203,1485,0000,0302,00000000,028C,018B,000004B0,60000003,00000000,00001374,C01E8118,00000000,00000000,0000FFFF,00FF0200,00FF0007,00000000,00000000,00000000,00000000,00000000,00FFFE00,2008
298,genesis,zelda_v358_autostart,000FC2,10,10,03,00,01,01,00,01,00,00,00,BC,00,00,00,00,00,8B,94,1A,A5,00,FF,00,00,1E,B0,00,5C,01,B2,C0,00,00,00,00,00,00,00,00,01,20,4F,4E,2D,4E,75,B2,10,1C,00,0C,00,75,5E,4E,3F,00,FF,00,20,36,0F,7C,10,36,36,0F,00,10,36,17,27,0F,0203,14A1,0000,0302,00000000,0290,018D,000004B0,60000003,00000000,00001374,C01E8118,00000000,00000000,0000FFFF,00FF0200,00FF0007,00000000,00000000,00000000,00000000,00000000,00FFFE00,2008
299,genesis,zelda_v358_autostart,000FC2,10,10,03,00,01,01,00,01,00,00,00,BD,00,00,00,00,00,CC,92,1A,A5,00,FF,00,00,1E,B0,00,5D,01,B2,C0,00,00,00,00,00,00,00,00,01,10,00,B2,49,00,39,B2,20,0F,00,FF,00,00,49,39,3F,00,FF,00,20,36,0F,7C,10,36,36,0F,00,10,36,17,27,0F,0203,14BA,0000,0302,00000000,0293,018F,000004B0,60000003,00000000,00001374,C01E8118,00000000,00000000,0000FFFF,00FF0200,00FF0007,00000000,00000000,00000000,00000000,00000000,00FFFE00,2008
300,genesis,zelda_v358_autostart,000FC2,10,10,03,00,01,01,00,01,00,00,00,BE,00,00,00,00,00,8B,94,1A,A5,00,FF,00,00,1E,B0,00,5D,01,B2,C0,00,00,00,00,00,00,00,00,01,20,4F,4E,2D,4E,75,B2,10,1C,00,0C,00,75,5E,4E,3F,00,FF,00,20,36,0F,00,10,36,36,0F,00,10,36,17,27,0F,0203,14D6,0000,0302,00000000,0297,0191,000004B0,60000003,00000000,00001374,C01E8118,00000000,00000000,0000FFFF,00FF0200,00FF0007,00000000,00000000,00000000,00000000,00000000,00FFFE00,2008
