frame,system,rom_label,pc,ram_0000_t49,ram_0000_t41,ram_0000_t42,ram_0002_t17,ram_0003_t18,ram_0004_t18,game_mode,screen_ready,ram_script,ram_subscript,ppu_load_index,ram_frm_cnt,cur_save_slot,rendering_flag,ram_004D,ram_next_script,ram_005C,se_ptr_lo,se_ptr_hi,ram_006C_se,ram_00F6,btn_press,btn_hold,scroll_y,scroll_x,ram_for_2001,ram_for_2000,ram_0415,ram_041A,ram_041F,ram_0421,ram_0423,spr_index_1,spr_index_2,ram_042D,ram_042E,ram_00E7,ram_map_location,ram_next_map_location,ram_0528,ram_05F1,ram_05F4,ram_05F5,ram_music,ram_music_busy,ram_060A,ram_060B,ram_060C,ram_060D,ram_0611,ram_0612,ram_0613,ram_0616,ram_0617,ram_0619,ram_061B,ppu_buf_status,ppu_buf_index,ppu_buf_0,ppu_buf_1,ppu_buf_2,ppu_buf_3,ppu_buf_4,ppu_buf_5,ppu_buf_6,ppu_buf_7,pal_sh_00,pal_sh_01,pal_sh_02,pal_sh_03,pal_sh_04,pal_sh_05,pal_sh_06,pal_sh_07,trace_last,trace_seq,PPU_REQ_INDEX,PPU_REQ_PTR,PPU_REQ_RES,SEQ_EVT_COUNT,PPU_EVT_COUNT,reg_d0,reg_d1,reg_d2,reg_d3,reg_d4,reg_d5,reg_d6,reg_d7,reg_a0,reg_a1,reg_a2,reg_a3,reg_a4,reg_a5,reg_a6,reg_a7,reg_sr
0,genesis,zelda_v540,0003CA,00,00,00,00,00,00,00,00,00,00,00,00,00,00,00,00,00,00,00,00,00,00,00,00,00,00,00,00,00,00,00,00,00,00,00,00,00,00,00,00,00,00,00,00,00,00,00,00,00,00,00,00,00,00,00,00,00,00,00,00,00,00,00,00,00,00,00,00,00,00,00,00,00,00,0000,0000,0000,0000,00000000,0000,0000,00003DF8,00000000,00000000,00000000,00000000,00000000,00000000,00000000,00FF081C,00000000,00000000,00000000,00000000,00000000,00000000,00FFFE00,2704
1,genesis,zelda_v540,0003CC,00,00,00,00,00,00,00,00,00,00,00,00,00,00,00,00,00,00,00,00,00,00,00,00,00,00,00,00,00,00,00,00,00,00,00,00,00,00,00,00,00,00,00,00,00,00,00,00,00,00,00,00,00,00,00,00,00,00,00,00,00,00,00,00,00,00,00,00,00,00,00,00,00,00,0000,0000,0000,0000,00000000,0000,0000,00002D8C,00000000,00000000,00000000,00000000,00000000,00000000,00000000,00FF49D0,00000000,00000000,00000000,00000000,00000000,00000000,00FFFE00,2704
2,genesis,zelda_v540,0003CC,00,00,00,00,00,00,00,00,00,00,00,00,00,00,00,00,00,00,00,00,00,00,00,00,00,00,00,00,00,00,00,00,00,00,00,00,00,00,00,00,00,00,00,00,00,00,00,00,00,00,00,00,00,00,00,00,00,00,00,00,00,00,00,00,00,00,00,00,00,00,00,00,00,00,0000,0000,0000,0000,00000000,0000,0000,00001D1F,00000000,00000000,00000000,00000000,00000000,00000000,00000000,00FF8B84,00000000,00000000,00000000,00000000,00000000,00000000,00FFFE00,2704
3,genesis,zelda_v540,0003CA,00,00,00,00,00,00,00,00,00,00,00,00,00,00,00,00,00,00,00,00,00,00,00,00,00,00,00,00,00,00,00,00,00,00,00,00,00,00,00,00,00,00,00,00,00,00,00,00,00,00,00,00,00,00,00,00,00,00,00,00,00,00,00,00,00,00,00,00,00,00,00,00,00,00,0000,0000,0000,0000,00000000,0000,0000,00000CB2,00000000,00000000,00000000,00000000,00000000,00000000,00000000,00FFCD34,00000000,00000000,00000000,00000000,00000000,00000000,00FFFE00,2704
4,genesis,zelda_v540,00052C,00,00,00,00,00,00,00,00,00,00,00,00,00,00,00,00,00,00,00,00,00,00,00,00,00,00,00,00,00,00,00,00,00,00,00,00,00,00,00,00,00,00,00,00,00,00,00,00,00,00,00,00,00,00,00,00,00,00,00,00,00,00,00,00,00,00,00,00,00,00,00,00,00,00,0000,0000,0000,0000,00000000,0000,0000,00000448,00000000,00000000,00000000,00000000,00000000,00000000,00000000,00200EE0,00FF6EE0,00000000,00000000,00000000,00000000,00000000,00FFFDFC,2700
5,genesis,zelda_v540,000BD6,00,00,00,00,00,00,00,00,00,00,00,00,00,00,00,00,00,00,00,00,00,00,00,00,00,00,00,00,00,00,00,00,00,00,00,00,00,00,00,00,00,00,00,00,00,00,00,00,00,00,00,00,00,00,00,00,00,00,00,00,00,00,00,00,00,00,00,00,00,00,00,00,00,00,0000,0000,0000,0000,00000000,0000,0000,0000FFFF,00000000,00000000,00000000,00000000,00000000,00000000,000073E8,00202000,00FF8000,00000000,00000000,00000000,00000000,00000000,00FFFDF8,2704
6,genesis,zelda_v540,000BDE,00,00,00,00,00,00,00,00,00,00,00,00,00,00,00,00,00,00,00,00,00,00,00,00,00,00,00,00,00,00,00,00,00,00,00,00,00,00,00,00,00,00,00,00,00,00,00,00,00,00,00,00,00,00,00,00,00,00,00,00,00,00,00,00,00,00,00,00,00,00,00,00,00,00,0000,0000,0000,0000,00000000,0000,0000,0000FFFF,00000000,00000000,00000000,00000000,00000000,00000000,0000637C,00202000,00FF8000,00000000,00000000,00000000,00000000,00000000,00FFFDF8,2704
7,genesis,zelda_v540,000BDE,00,00,00,00,00,00,00,00,00,00,00,00,00,00,00,00,00,00,00,00,00,00,00,00,00,00,00,00,00,00,00,00,00,00,00,00,00,00,00,00,00,00,00,00,00,00,00,00,00,00,00,00,00,00,00,00,00,00,00,00,00,00,00,00,00,00,00,00,00,00,00,00,00,00,0000,0000,0000,0000,00000000,0000,0000,0000FFFF,00000000,00000000,00000000,00000000,00000000,00000000,0000530F,00202000,00FF8000,00000000,00000000,00000000,00000000,00000000,00FFFDF8,2704
8,genesis,zelda_v540,000BDE,00,00,00,00,00,00,00,00,00,00,00,00,00,00,00,00,00,00,00,00,00,00,00,00,00,00,00,00,00,00,00,00,00,00,00,00,00,00,00,00,00,00,00,00,00,00,00,00,00,00,00,00,00,00,00,00,00,00,00,00,00,00,00,00,00,00,00,00,00,00,00,00,00,00,0000,0000,0000,0000,00000000,0000,0000,0000FFFF,00000000,00000000,00000000,00000000,00000000,00000000,000042A3,00202000,00FF8000,00000000,00000000,00000000,00000000,00000000,00FFFDF8,2704
9,genesis,zelda_v540,000BDE,00,00,00,00,00,00,00,00,00,00,00,00,00,00,00,00,00,00,00,00,00,00,00,00,00,00,00,00,00,00,00,00,00,00,00,00,00,00,00,00,00,00,00,00,00,00,00,00,00,00,00,00,00,00,00,00,00,00,00,00,00,00,00,00,00,00,00,00,00,00,00,00,00,00,0000,0000,0000,0000,00000000,0000,0000,0000FFFF,00000000,00000000,00000000,00000000,00000000,00000000,00003236,00202000,00FF8000,00000000,00000000,00000000,00000000,00000000,00FFFDF8,2704
10,genesis,zelda_v540,000BD6,00,00,00,00,00,00,00,00,00,00,00,00,00,00,00,00,00,00,00,00,00,00,00,00,00,00,00,00,00,00,00,00,00,00,00,00,00,00,00,00,00,00,00,00,00,00,00,00,00,00,00,00,00,00,00,00,00,00,00,00,00,00,00,00,00,00,00,00,00,00,00,00,00,00,0000,0000,0000,0000,00000000,0000,0000,0000FFFF,00000000,00000000,00000000,00000000,00000000,00000000,000021C9,00202000,00FF8000,00000000,00000000,00000000,00000000,00000000,00FFFDF8,2704
11,genesis,zelda_v540,000BDE,00,00,00,00,00,00,00,00,00,00,00,00,00,00,00,00,00,00,00,00,00,00,00,00,00,00,00,00,00,00,00,00,00,00,00,00,00,00,00,00,00,00,00,00,00,00,00,00,00,00,00,00,00,00,00,00,00,00,00,00,00,00,00,00,00,00,00,00,00,00,00,00,00,00,0000,0000,0000,0000,00000000,0000,0000,0000FFFF,00000000,00000000,00000000,00000000,00000000,00000000,0000115D,00202000,00FF8000,00000000,00000000,00000000,00000000,00000000,00FFFDF8,2704
12,genesis,zelda_v540,000BD6,00,00,00,00,00,00,00,00,00,00,00,00,00,00,00,00,00,00,00,00,00,00,00,00,00,00,00,00,00,00,00,00,00,00,00,00,00,00,00,00,00,00,00,00,00,00,00,00,00,00,00,00,00,00,00,00,00,00,00,00,00,00,00,00,00,00,00,00,00,00,00,00,00,00,0000,0000,0000,0000,00000000,0000,0000,0000FFFF,00000000,00000000,00000000,00000000,00000000,00000000,000000F0,00202000,00FF8000,00000000,00000000,00000000,00000000,00000000,00FFFDF8,2704
13,genesis,zelda_v540,000C50,00,00,00,00,00,00,00,00,00,00,00,00,00,00,00,00,00,00,00,00,00,00,00,00,00,00,00,00,00,00,00,00,00,00,00,00,00,00,00,00,00,00,00,00,00,00,00,00,00,00,00,00,00,00,00,00,00,00,00,00,00,00,00,00,00,00,00,00,00,00,00,00,00,00,0000,0000,0000,0000,00000000,0000,0000,0000E000,60000003,00000000,00000000,00000000,00000000,00000000,000000A5,00202000,00FF8000,00000000,00000000,00000000,00000000,00000000,00FFFDF0,2710
14,genesis,zelda_v540,000F40,00,00,00,00,00,00,00,00,00,00,00,00,00,00,00,00,00,00,00,00,00,00,00,00,00,00,00,00,00,00,00,00,00,00,00,00,00,00,00,00,00,00,00,00,00,00,00,00,00,00,00,00,00,00,00,00,00,00,00,00,00,00,00,00,00,00,00,00,00,00,00,00,00,00,0000,0000,0000,0000,00000000,0000,0000,00000000,78000666,00000000,00000000,C01E0000,00000000,00000000,00000499,00FFCD9C,00FF8000,00000000,00000000,00000000,00000000,00000000,00FFFDF8,2704
15,genesis,zelda_v540,000694,00,00,00,00,00,00,00,00,00,00,00,00,00,00,00,00,00,00,00,00,00,00,00,00,00,00,00,00,00,00,00,00,00,00,00,00,00,00,00,00,00,00,00,00,00,00,00,00,00,00,00,00,00,00,00,00,00,00,00,00,00,00,00,00,00,00,00,00,00,00,00,00,00,00,0000,0000,0000,0000,00000000,0000,0000,000006AA,78000666,00000000,00000000,C01E0000,00000000,00000000,0000FFFF,0002C9BE,00FF8000,00000000,00000000,00000000,00000000,00000000,00FFFDFC,2704
16,genesis,zelda_v540,0006AC,00,00,00,00,00,00,00,00,00,00,00,00,00,00,00,00,00,00,00,00,00,00,00,00,00,00,00,00,00,00,00,00,00,00,00,00,00,00,00,00,00,00,00,00,00,00,00,00,00,00,00,00,00,00,00,00,00,00,00,00,00,00,00,00,00,00,00,00,00,00,00,00,00,00,0000,0000,0000,0000,00000000,0000,0000,00000003,78000666,00000000,00000000,C01E0000,00000000,00000000,0000FFFF,0003045A,00FFDFF4,00000000,00000000,00000000,00000000,00000000,00FFFDFC,2708
17,genesis,zelda_v540,004EA8,00,00,03,00,00,00,00,00,00,00,00,01,00,00,00,00,00,00,00,00,00,00,00,00,00,1E,80,00,00,00,00,00,00,00,00,00,00,00,00,00,00,00,00,00,00,00,00,00,00,00,00,00,00,00,00,00,3F,00,FF,00,00,00,00,00,00,00,00,00,00,00,00,00,00,00,0203,0013,0000,0302,00000000,0000,0002,00003600,78000666,00000000,00003600,C01E8100,00000000,00000000,0000FFFF,00030466,00FFE000,00000000,00000000,00000000,00000000,00000000,00FFFE00,2004
18,genesis,zelda_v540,00C1C0,20,20,81,5F,06,00,00,00,00,00,00,02,00,00,00,00,00,00,00,00,00,00,00,00,00,00,80,00,00,00,00,00,00,00,00,00,00,00,00,00,00,00,00,00,00,00,00,00,00,00,00,00,00,00,00,00,3F,00,FF,00,00,00,00,00,00,00,00,00,00,00,00,00,00,00,0403,0029,0000,0302,00000000,0000,0004,00000400,00000001,00000000,000000A1,C0000006,00008100,00000000,0000FFFF,00FF0000,00000302,00000000,00000000,00000000,00000000,00000000,00FFFDAA,2608
19,genesis,zelda_v540,000F64,D4,D4,81,AB,05,00,00,00,00,00,00,02,00,00,00,00,00,00,00,00,00,00,00,00,00,00,80,00,00,00,00,00,00,00,00,00,00,00,00,00,00,00,00,00,00,00,00,00,00,00,00,00,00,00,00,00,3F,00,FF,00,00,00,00,00,00,00,00,00,00,00,00,00,00,00,0403,0029,0000,0302,00000000,0000,0004,00000400,00000001,00000000,00000156,C0000100,000081D4,00000000,0000FFFF,00FF0000,00000302,00000000,00000000,00000000,00000000,00000000,00FFFDA2,2600
20,genesis,zelda_v540,000972,89,89,82,F6,04,00,00,00,00,00,00,02,00,00,00,00,00,00,00,00,00,00,00,00,00,00,80,00,00,00,00,00,00,00,00,00,00,00,00,00,00,00,00,00,00,00,00,00,00,00,00,00,00,00,00,00,3F,00,FF,00,00,00,00,00,00,00,00,00,00,00,00,00,00,00,0403,0029,0000,0302,00000000,0000,0004,00000400,00000001,00000000,0000020A,C0000200,00008289,00000000,0000FFFF,00FF0000,00000302,00000000,00000000,00000000,00000000,00000000,00FFFD86,2609
21,genesis,zelda_v540,00C202,3E,3E,83,41,04,00,00,00,00,00,00,02,00,00,00,00,00,00,00,00,00,00,00,00,00,00,80,00,00,00,00,00,00,00,00,00,00,00,00,00,00,00,00,00,00,00,00,00,00,00,00,00,00,00,00,00,3F,00,FF,00,00,00,00,00,00,00,00,00,00,00,00,00,00,00,0403,0029,0000,0302,00000000,0000,0004,00000400,00000001,00000000,000002BF,C0000441,00000441,00000000,0000FFFF,00FF0000,00000302,00000000,00000000,00000000,00000000,00000000,00FFFDAA,2600
22,genesis,zelda_v540,00097A,F2,F2,83,8D,03,00,00,00,00,00,00,02,00,00,00,00,00,00,00,00,00,00,00,00,00,00,80,00,00,00,00,00,00,00,00,00,00,00,00,00,00,00,00,00,00,00,00,00,00,00,00,00,00,00,00,00,3F,00,FF,00,00,00,00,00,00,00,00,00,00,00,00,00,00,00,0403,0029,0000,0302,00000000,0000,0004,00000400,00000001,00000000,00000373,C0000300,000083F2,00000000,0000FFFF,00FF0000,00000302,00000000,00000000,00000000,00000000,00000000,00FFFDA6,2604
23,genesis,zelda_v540,000946,A7,A7,84,D8,02,00,00,00,00,00,00,02,00,00,00,00,00,00,00,00,00,00,00,00,00,00,80,00,00,00,00,00,00,00,00,00,00,00,00,00,00,00,00,00,00,00,00,00,00,00,00,00,00,00,00,00,3F,00,FF,00,00,00,00,00,00,00,00,00,00,00,00,00,00,00,0403,0029,0000,0302,00000000,0000,0004,00000400,00000001,00000000,00000428,C0000428,000084A7,00000000,0000FFFF,00FF0000,00000302,00000000,00000000,00000000,00000000,00000000,00FFFDA6,2600
24,genesis,zelda_v540,00C1EA,5C,5C,85,24,02,00,00,00,00,00,00,02,00,00,00,00,00,00,00,00,00,00,00,00,00,00,80,00,00,00,00,00,00,00,00,00,00,00,00,00,00,00,00,00,00,00,00,00,00,00,00,00,00,00,00,00,3F,00,FF,00,00,00,00,00,00,00,00,00,00,00,00,00,00,00,0403,0029,0000,0302,00000000,0000,0004,00000400,00000001,00000000,000004DD,C0000085,00000000,00000000,0000FFFF,00FF0000,00000302,00000000,00000000,00000000,00000000,00000000,00FFFDAA,2604
25,genesis,zelda_v540,000976,10,10,86,6F,01,00,00,00,00,00,00,02,00,00,00,00,00,00,00,00,00,00,00,00,00,00,80,00,00,00,00,00,00,00,00,00,00,00,00,00,00,00,00,00,00,00,00,00,00,00,00,00,00,00,00,00,3F,00,FF,00,00,00,00,00,00,00,00,00,00,00,00,00,00,00,0403,0029,0000,0302,00000000,0000,0004,00000400,00000001,00000000,00000591,C0000591,00008610,00000000,0000FFFF,00FFC000,00000302,00000000,00000000,00000000,00000000,00000000,00FFFD86,2604
26,genesis,zelda_v540,00C1C6,C5,C5,86,BA,00,00,00,00,00,00,00,02,00,00,00,00,00,00,00,00,00,00,00,00,00,00,80,00,00,00,00,00,00,00,00,00,00,00,00,00,00,00,00,00,00,00,00,00,00,00,00,00,00,00,00,00,3F,00,FF,00,00,00,00,00,00,00,00,00,00,00,00,00,00,00,0403,0029,0000,0302,00000000,0000,0004,00000400,00000001,00000000,00000646,C0000000,000086C5,00000000,0000FFFF,00FF0000,00000302,00000000,00000000,00000000,00000000,00000000,00FFFDAA,2608
27,genesis,zelda_v540,00097E,79,79,87,06,00,00,00,00,00,00,00,02,00,00,00,00,00,00,00,00,00,00,00,00,00,00,80,00,00,00,00,00,00,00,00,00,00,00,00,00,00,00,00,00,00,00,00,00,00,00,00,00,00,00,00,00,3F,00,FF,00,00,00,00,00,00,00,00,00,00,00,00,00,00,00,0403,0029,0000,0302,00000000,0000,0004,00000400,00000001,00000000,000006FB,C0000600,00008779,00000000,0000FFFF,00FF0000,00000302,00000000,00000000,00000000,00000000,00000000,00FFFDA6,2600
28,genesis,zelda_v540,00C1E8,2D,2D,88,53,06,00,00,00,00,00,00,02,00,00,00,00,00,00,00,00,00,00,00,00,00,00,80,00,00,00,00,00,00,00,00,00,00,00,00,00,00,00,00,00,00,00,00,00,00,00,00,00,00,00,00,00,3F,00,FF,00,00,00,00,00,00,00,00,00,00,00,00,00,00,00,0403,002B,0000,0302,00000000,0000,0004,00000400,00000003,00000000,000000BE,C0000088,0000882D,00000000,0000FFFF,00FF0000,00000302,00000000,00000000,00000000,00000000,00000000,00FFFDAA,2608
29,genesis,zelda_v540,000976,E1,E1,88,9E,05,00,00,00,00,00,00,02,00,00,00,00,00,00,00,00,00,00,00,00,00,00,80,00,00,00,00,00,00,00,00,00,00,00,00,00,00,00,00,00,00,00,00,00,00,00,00,00,00,00,00,00,3F,00,FF,00,00,00,00,00,00,00,00,00,00,00,00,00,00,00,0403,002B,0000,0302,00000000,0000,0004,00000400,00000003,00000000,00000172,C0000172,000088E1,00000000,0000FFFF,00FFC000,00000302,00000000,00000000,00000000,00000000,00000000,00FFFD86,2604
30,genesis,zelda_v540,00C1C0,96,96,89,E9,04,00,00,00,00,00,00,02,00,00,00,00,00,00,00,00,00,00,00,00,00,00,80,00,00,00,00,00,00,00,00,00,00,00,00,00,00,00,00,00,00,00,00,00,00,00,00,00,00,00,00,00,3F,00,FF,00,00,00,00,00,00,00,00,00,00,00,00,00,00,00,0403,002B,0000,0302,00000000,0000,0004,00000400,00000003,00000000,00000227,C0000004,00008900,00000000,0000FFFF,00FF0000,00000302,00000000,00000000,00000000,00000000,00000000,00FFFDAA,2608
31,genesis,zelda_v540,00097E,4A,4A,8A,35,04,00,00,00,00,00,00,02,00,00,00,00,00,00,00,00,00,00,00,00,00,00,80,00,00,00,00,00,00,00,00,00,00,00,00,00,00,00,00,00,00,00,00,00,00,00,00,00,00,00,00,00,3F,00,FF,00,00,00,00,00,00,00,00,00,00,00,00,00,00,00,0403,002B,0000,0302,00000000,0000,0004,00000400,00000003,00000000,000002DC,C0000200,00008A4A,00000000,0000FFFF,00FF0000,00000302,00000000,00000000,00000000,00000000,00000000,00FFFDA6,2600
32,genesis,zelda_v540,000972,FF,FF,8A,80,03,00,00,00,00,00,00,02,00,00,00,00,00,00,00,00,00,00,00,00,00,00,80,00,00,00,00,00,00,00,00,00,00,00,00,00,00,00,00,00,00,00,00,00,00,00,00,00,00,00,00,00,3F,00,FF,00,00,00,00,00,00,00,00,00,00,00,00,00,00,00,0403,002B,0000,0302,00000000,0000,0004,00000400,00000003,00000000,00000390,C0000300,00008AFF,00000000,0000FFFF,00FF0000,00000302,00000000,00000000,00000000,00000000,00000000,00FFFD86,2609
33,genesis,zelda_v540,00C204,B4,B4,8B,CB,02,00,00,00,00,00,00,02,00,00,00,00,00,00,00,00,00,00,00,00,00,00,80,00,00,00,00,00,00,00,00,00,00,00,00,00,00,00,00,00,00,00,00,00,00,00,00,00,00,00,00,00,3F,00,FF,00,00,00,00,00,00,00,00,00,00,00,00,00,00,00,0403,002B,0000,0302,00000000,0000,0004,00000400,00000003,00000000,00000445,C0000002,000002CB,00000000,0000FFFF,00FF0000,00000302,00000000,00000000,00000000,00000000,00000000,00FFFDAA,2611
34,genesis,zelda_v540,000F46,68,68,8C,17,02,00,00,00,00,00,00,02,00,00,00,00,00,00,00,00,00,00,00,00,00,00,80,00,00,00,00,00,00,00,00,00,00,00,00,00,00,00,00,00,00,00,00,00,00,00,00,00,00,00,00,00,3F,00,FF,00,00,00,00,00,00,00,00,00,00,00,00,00,00,00,0403,002B,0000,0302,00000000,0000,0004,00000400,00000003,00000000,000004F9,C0000400,00008C68,00000000,0000FFFF,00FF0000,00000302,00000000,00000000,00000000,00000000,00000000,00FFFDA2,2604
35,genesis,zelda_v540,00094E,1D,1D,8D,62,01,00,00,00,00,00,00,02,00,00,00,00,00,00,00,00,00,00,00,00,00,00,80,00,00,00,00,00,00,00,00,00,00,00,00,00,00,00,00,00,00,00,00,00,00,00,00,00,00,00,00,00,3F,00,FF,00,00,00,00,00,00,00,00,00,00,00,00,00,00,00,0403,002B,0000,0302,00000000,0000,0004,00000400,00000003,00000000,000005AE,C0000500,00008D1D,00000000,0000FFFF,00FF0000,00000302,00000000,00000000,00000000,00000000,00000000,00FFFDA6,2609
36,genesis,zelda_v540,00C1F0,D2,D2,8D,AE,00,00,00,00,00,00,00,02,00,00,00,00,00,00,00,00,00,00,00,00,00,00,80,00,00,00,00,00,00,00,00,00,00,00,00,00,00,00,00,00,00,00,00,00,00,00,00,00,00,00,00,00,3F,00,FF,00,00,00,00,00,00,00,00,00,00,00,00,00,00,00,0403,002B,0000,0302,00000000,0000,0004,00000400,00000003,00000000,00000663,C000008D,00000000,00000000,0000FFFF,00FF0000,00000302,00000000,00000000,00000000,00000000,00000000,00FFFDAA,2614
37,genesis,zelda_v540,000944,84,84,8E,DB,00,00,00,00,00,00,00,02,00,00,00,00,00,00,00,00,00,00,00,00,00,00,80,00,00,00,00,00,00,00,00,00,00,00,00,00,00,00,00,00,00,00,00,00,00,00,00,00,00,00,00,00,3F,00,FF,00,00,00,00,00,00,00,00,00,00,00,00,00,00,00,0403,002D,0000,0302,00000000,0000,0004,00000400,00000005,00000000,00002024,C0000000,00008E84,00000000,0000FFFF,00FF0000,00000302,00000000,00000000,00000000,00000000,00000000,00FFFDA6,2600
38,genesis,zelda_v540,000F46,20,20,8F,3F,00,00,00,00,00,00,00,02,00,00,00,00,00,00,00,00,00,00,00,00,00,00,80,00,00,00,00,00,00,00,00,00,00,00,00,00,00,00,00,00,00,00,00,00,00,00,00,00,00,00,00,00,3F,00,FF,00,00,00,00,00,00,00,00,00,00,00,00,00,00,00,0403,002D,0000,0302,00000000,0000,0004,00000400,00000005,00000000,000020C0,C0002000,00008F20,00000000,0000FFFF,00FF0000,00000302,00000000,00000000,00000000,00000000,00000000,00FFFDA2,2604
39,genesis,zelda_v540,001276,5F,5F,8F,00,00,00,00,00,00,00,00,02,00,00,00,00,00,00,00,00,00,00,00,00,00,00,80,00,00,00,00,00,00,00,00,00,00,00,00,00,00,00,00,00,00,00,00,00,00,00,00,00,00,00,00,00,3F,00,FF,00,00,00,00,00,00,00,00,00,00,00,00,00,00,00,0403,002D,0000,0302,00000000,0000,0004,00000000,00000000,00000000,00000000,00000000,00000000,00000006,000001EF,00FFC100,00FFC102,00FFC10A,00001278,00000000,00000000,00000000,00FFFD72,2604
40,genesis,zelda_v540,0010D8,5F,5F,8F,00,00,00,00,00,00,00,00,02,00,00,00,00,00,00,00,00,00,00,00,00,00,00,80,00,00,00,00,00,00,00,00,00,00,00,00,00,00,00,00,00,00,00,00,00,00,00,00,00,00,00,00,00,3F,00,FF,00,00,00,00,00,00,00,00,00,00,00,00,00,00,00,0403,002D,0000,0302,00000000,0000,0004,00000000,00000000,00000000,00000000,00000000,00000000,00000005,000001D4,00FFC2B0,00FFC2B3,00FFC2BB,00001278,00000000,00000000,00000000,00FFFD76,2604
41,genesis,zelda_v540,0010CC,5F,5F,8F,00,00,00,00,00,00,00,00,02,00,00,00,00,00,00,00,00,00,00,00,00,00,00,80,00,00,00,00,00,00,00,00,00,00,00,00,00,00,00,00,00,00,00,00,00,00,00,00,00,00,00,00,00,3F,00,FF,00,00,00,00,00,00,00,00,00,00,00,00,00,00,00,0403,002D,0000,0302,00000000,0000,0004,00000000,00000000,00000000,00000000,00000000,00000000,00000003,000001B9,00FFC460,00FFC465,00FFC46C,00001278,00000000,00000000,00000000,00FFFD76,2604
42,genesis,zelda_v540,0011FC,5F,5F,8F,00,00,00,00,00,00,00,00,02,00,00,00,00,00,00,00,00,00,00,00,00,00,00,80,00,00,00,00,00,00,00,00,00,00,00,00,00,00,00,00,00,00,00,00,00,00,00,00,00,00,00,00,00,3F,00,FF,00,00,00,00,00,00,00,00,00,00,00,00,00,00,00,0403,002D,0000,0302,00000000,0000,0004,00000000,00000000,00000000,00000000,00000000,00000000,00000002,0000019E,00FFC610,00FFC616,00FFC61E,00001278,00000000,00000000,00000000,00FFFD72,2604
43,genesis,zelda_v540,001208,5F,5F,8F,00,00,00,00,00,00,00,00,02,00,00,00,00,00,00,00,00,00,00,00,00,00,00,80,00,00,00,00,00,00,00,00,00,00,00,00,00,00,00,00,00,00,00,00,00,00,00,00,00,00,00,00,00,3F,00,FF,00,00,00,00,00,00,00,00,00,00,00,00,00,00,00,0403,002D,0000,0302,00000000,0000,0004,00000006,00000020,00000000,00000000,00000006,00000000,00000001,00000183,00FFC7C0,00FFC7C7,00FFC7CF,00001278,00000000,00000000,00000000,00FFFD72,2600
44,genesis,zelda_v540,001212,5F,5F,8F,00,00,00,00,00,00,00,00,02,00,00,00,00,00,00,00,00,00,00,00,00,00,00,80,00,00,00,00,00,00,00,00,00,00,00,00,00,00,00,00,00,00,00,00,00,00,00,00,00,00,00,00,00,3F,00,FF,00,00,00,00,00,00,00,00,00,00,00,00,00,00,00,0403,002D,0000,0302,00000000,0000,0004,00000000,00000000,00000000,00000000,00000000,00000000,00000000,00000168,00FFC970,00FFC978,00FFC980,00001278,00000000,00000000,00000000,00FFFD72,2604
45,genesis,zelda_v540,001210,5F,5F,8F,00,00,00,00,00,00,00,00,02,00,00,00,00,00,00,00,00,00,00,00,00,00,00,80,00,00,00,00,00,00,00,00,00,00,00,00,00,00,00,00,00,00,00,00,00,00,00,00,00,00,00,00,00,3F,00,FF,00,00,00,00,00,00,00,00,00,00,00,00,00,00,00,0403,002D,0000,0302,00000000,0000,0004,00000000,00000000,00000000,00000000,00000000,00000000,00000007,0000014C,00FFCB30,00FFCB31,00FFCB39,00001278,00000000,00000000,00000000,00FFFD72,2604
46,genesis,zelda_v540,001216,5F,5F,8F,00,00,00,00,00,00,00,00,02,00,00,00,00,00,00,00,00,00,00,00,00,00,00,80,00,00,00,00,00,00,00,00,00,00,00,00,00,00,00,00,00,00,00,00,00,00,00,00,00,00,00,00,00,3F,00,FF,00,00,00,00,00,00,00,00,00,00,00,00,00,00,00,0403,002D,0000,0302,00000000,0000,0004,00000006,00000000,00000000,00000000,00000000,00000000,00000006,00000131,00FFCCE0,00FFCCE2,00FFCCEA,00001278,00000000,00000000,00000000,00FFFD72,2604
47,genesis,zelda_v540,001222,5F,5F,8F,00,00,00,00,00,00,00,00,02,00,00,00,00,00,00,00,00,00,00,00,00,00,00,80,00,00,00,00,00,00,00,00,00,00,00,00,00,00,00,00,00,00,00,00,00,00,00,00,00,00,00,00,00,3F,00,FF,00,00,00,00,00,00,00,00,00,00,00,00,00,00,00,0403,002D,0000,0302,00000000,0000,0004,00000000,00000074,00000022,00000040,00000000,00000000,00000005,00000116,00FFCE90,00FFCE93,00FFCE9B,00001278,00000000,00000000,00000000,00FFFD72,2610
48,genesis,zelda_v540,00122C,5F,5F,8F,00,00,00,00,00,00,00,00,02,00,00,00,00,00,00,00,00,00,00,00,00,00,00,80,00,00,00,00,00,00,00,00,00,00,00,00,00,00,00,00,00,00,00,00,00,00,00,00,00,00,00,00,00,3F,00,FF,00,00,00,00,00,00,00,00,00,00,00,00,00,00,00,0403,002D,0000,0302,00000000,0000,0004,00000030,00000000,00000011,00000000,00000000,00000000,00000004,000000FB,00FFD040,00FFD044,00FFD04C,00001278,00000000,00000000,00000000,00FFFD72,2604
49,genesis,zelda_v540,001232,5F,5F,8F,00,00,00,00,00,00,00,00,02,00,00,00,00,00,00,00,00,00,00,00,00,00,00,80,00,00,00,00,00,00,00,00,00,00,00,00,00,00,00,00,00,00,00,00,00,00,00,00,00,00,00,00,00,3F,00,FF,00,00,00,00,00,00,00,00,00,00,00,00,00,00,00,0403,002D,0000,0302,00000000,0000,0004,000000F0,00000000,00000100,00000003,00000003,00000000,00000003,000000E0,00FFD1F0,00FFD1F5,00FFD1FD,00001278,00000000,00000000,00000000,00FFFD72,2600
50,genesis,zelda_v540,001238,5F,5F,8F,00,00,00,00,00,00,00,00,02,00,00,00,00,00,00,00,00,00,00,00,00,00,00,80,00,00,00,00,00,00,00,00,00,00,00,00,00,00,00,00,00,00,00,00,00,00,00,00,00,00,00,00,00,3F,00,FF,00,00,00,00,00,00,00,00,00,00,00,00,00,00,00,0403,002D,0000,0302,00000000,0000,0004,00000000,00000000,00000000,00000000,00000000,00000000,00000002,000000C5,00FFD3A0,00FFD3A6,00FFD3AE,00001278,00000000,00000000,00000000,00FFFD72,2604
51,genesis,zelda_v540,001244,5F,5F,8F,00,00,00,00,00,00,00,00,02,00,00,00,00,00,00,00,00,00,00,00,00,00,00,80,00,00,00,00,00,00,00,00,00,00,00,00,00,00,00,00,00,00,00,00,00,00,00,00,00,00,00,00,00,3F,00,FF,00,00,00,00,00,00,00,00,00,00,00,00,00,00,00,0403,002D,0000,0302,00000000,0000,0004,00000000,00000000,00000000,00000000,00000000,00000000,00000001,000000AA,00FFD550,00FFD557,00FFD55F,00001278,00000000,00000000,00000000,00FFFD72,2604
52,genesis,zelda_v540,00124E,5F,5F,8F,00,00,00,00,00,00,00,00,02,00,00,00,00,00,00,00,00,00,00,00,00,00,00,80,00,00,00,00,00,00,00,00,00,00,00,00,00,00,00,00,00,00,00,00,00,00,00,00,00,00,00,00,00,3F,00,FF,00,00,00,00,00,00,00,00,00,00,00,00,00,00,00,0403,002D,0000,0302,00000000,0000,0004,00000000,00000000,00000000,00000000,00000000,00000000,00000000,0000008F,00FFD700,00FFD708,00FFD710,00001278,00000000,00000000,00000000,00FFFD72,2604
53,genesis,zelda_v540,00124E,5F,5F,8F,00,00,00,00,00,00,00,00,02,00,00,00,00,00,00,00,00,00,00,00,00,00,00,80,00,00,00,00,00,00,00,00,00,00,00,00,00,00,00,00,00,00,00,00,00,00,00,00,00,00,00,00,00,3F,00,FF,00,00,00,00,00,00,00,00,00,00,00,00,00,00,00,0403,002D,0000,0302,00000000,0000,0004,000000F0,00000070,00000001,00000004,00000003,00000000,00000007,00000073,00FFD8C0,00FFD8C1,00FFD8C9,00001278,00000000,00000000,00000000,00FFFD72,2600
54,genesis,zelda_v540,001252,5F,5F,8F,00,00,00,00,00,00,00,00,02,00,00,00,00,00,00,00,00,00,00,00,00,00,00,80,00,00,00,00,00,00,00,00,00,00,00,00,00,00,00,00,00,00,00,00,00,00,00,00,00,00,00,00,00,3F,00,FF,00,00,00,00,00,00,00,00,00,00,00,00,00,00,00,0403,002D,0000,0302,00000000,0000,0004,000000F0,00000080,00233300,0000000B,00000003,00000000,00000006,00000058,00FFDA70,00FFDA72,00FFDA7A,00001278,00000000,00000000,00000000,00FFFD72,2600
55,genesis,zelda_v540,00125A,5F,5F,8F,00,00,00,00,00,00,00,00,02,00,00,00,00,00,00,00,00,00,00,00,00,00,00,80,00,00,00,00,00,00,00,00,00,00,00,00,00,00,00,00,00,00,00,00,00,00,00,00,00,00,00,00,00,3F,00,FF,00,00,00,00,00,00,00,00,00,00,00,00,00,00,00,0403,002D,0000,0302,00000000,0000,0004,00000000,000000C0,00222233,0000000F,00000003,00000000,00000005,0000003D,00FFDC20,00FFDC23,00FFDC2B,00001278,00000000,00000000,00000000,00FFFD72,2619
56,genesis,zelda_v540,001264,5F,5F,8F,00,00,00,00,00,00,00,00,02,00,00,00,00,00,00,00,00,00,00,00,00,00,00,80,00,00,00,00,00,00,00,00,00,00,00,00,00,00,00,00,00,00,00,00,00,00,00,00,00,00,00,00,00,3F,00,FF,00,00,00,00,00,00,00,00,00,00,00,00,00,00,00,0403,002D,0000,0302,00000000,0000,0004,000000C0,00000000,00222111,00000000,00000003,00000000,00000004,00000022,00FFDDD0,00FFDDD4,00FFDDDC,00001278,00000000,00000000,00000000,00FFFD72,2604
57,genesis,zelda_v540,00126E,5F,5F,8F,00,00,00,00,00,00,00,00,02,00,00,00,00,00,00,00,00,00,00,00,00,00,00,80,00,00,00,00,00,00,00,00,00,00,00,00,00,00,00,00,00,00,00,00,00,00,00,00,00,00,00,00,00,3F,00,FF,00,00,00,00,00,00,00,00,00,00,00,00,00,00,00,0403,002D,0000,0302,00000000,0000,0004,00000000,00000000,00000000,00000000,00000000,00000000,00000003,00000007,00FFDF80,00FFDF85,00FFDF8D,00001278,00000000,00000000,00000000,00FFFD72,2604
58,genesis,zelda_v540,00124E,5F,5F,8F,00,00,00,00,00,00,00,00,02,00,00,00,00,00,00,00,00,00,00,00,00,00,00,80,00,00,00,00,00,00,00,00,00,00,00,00,00,00,00,00,00,00,00,00,00,00,00,00,00,00,00,00,00,3F,00,FF,00,00,00,00,00,00,00,00,00,00,00,00,00,00,00,0403,002D,0000,0302,00000000,0000,0004,00000000,00000000,00000000,00000000,00000000,00000000,00000002,000001EC,00FFC130,00FFC136,00FFC13E,00001288,00000000,00000000,00000000,00FFFD72,2604
59,genesis,zelda_v540,001252,5F,5F,8F,00,00,00,00,00,00,00,00,02,00,00,00,00,00,00,00,00,00,00,00,00,00,00,80,00,00,00,00,00,00,00,00,00,00,00,00,00,00,00,00,00,00,00,00,00,00,00,00,00,00,00,00,00,3F,00,FF,00,00,00,00,00,00,00,00,00,00,00,00,00,00,00,0403,002D,0000,0302,00000000,0000,0004,00000000,00000000,00000000,00000000,00000000,00000000,00000001,000001D1,00FFC2E0,00FFC2E7,00FFC2EF,00001288,00000000,00000000,00000000,00FFFD72,2604
60,genesis,zelda_v540,00125A,5F,5F,8F,00,00,00,00,00,00,00,00,02,00,00,00,00,00,00,00,00,00,00,00,00,00,00,80,00,00,00,00,00,00,00,00,00,00,00,00,00,00,00,00,00,00,00,00,00,00,00,00,00,00,00,00,00,3F,00,FF,00,00,00,00,00,00,00,00,00,00,00,00,00,00,00,0403,002D,0000,0302,00000000,0000,0004,00000000,00000000,00000000,00000000,00000000,00000000,00000000,000001B6,00FFC490,00FFC498,00FFC4A0,00001288,00000000,00000000,00000000,00FFFD72,2604
61,genesis,zelda_v540,001258,5F,5F,8F,00,00,00,00,00,00,00,00,02,00,00,00,00,00,00,00,00,00,00,00,00,00,00,80,00,00,00,00,00,00,00,00,00,00,00,00,00,00,00,00,00,00,00,00,00,00,00,00,00,00,00,00,00,3F,00,FF,00,00,00,00,00,00,00,00,00,00,00,00,00,00,00,0403,002D,0000,0302,00000000,0000,0004,00000000,00000000,00000000,00000000,00000000,00000000,00000007,0000019A,00FFC650,00FFC651,00FFC659,00001288,00000000,00000000,00000000,00FFFD72,2604
62,genesis,zelda_v540,001264,5F,5F,8F,00,00,00,00,00,00,00,00,02,00,00,00,00,00,00,00,00,00,00,00,00,00,00,80,00,00,00,00,00,00,00,00,00,00,00,00,00,00,00,00,00,00,00,00,00,00,00,00,00,00,00,00,00,3F,00,FF,00,00,00,00,00,00,00,00,00,00,00,00,00,00,00,0403,002D,0000,0302,00000000,0000,0004,00000000,00000000,00500000,00000000,00000000,00000000,00000006,0000017F,00FFC800,00FFC802,00FFC80A,00001288,00000000,00000000,00000000,00FFFD72,2604
63,genesis,zelda_v540,00126E,5F,5F,8F,00,00,00,00,00,00,00,00,02,00,00,00,00,00,00,00,00,00,00,00,00,00,00,80,00,00,00,00,00,00,00,00,00,00,00,00,00,00,00,00,00,00,00,00,00,00,00,00,00,00,00,00,00,3F,00,FF,00,00,00,00,00,00,00,00,00,00,00,00,00,00,00,0403,002D,0000,0302,00000000,0000,0004,00000000,00000000,00000000,00000000,00000000,00000000,00000005,00000164,00FFC9B0,00FFC9B3,00FFC9BB,00001288,00000000,00000000,00000000,00FFFD72,2604
64,genesis,zelda_v540,001276,5F,5F,8F,00,00,00,00,00,00,00,00,02,00,00,00,00,00,00,00,00,00,00,00,00,00,00,80,00,00,00,00,00,00,00,00,00,00,00,00,00,00,00,00,00,00,00,00,00,00,00,00,00,00,00,00,00,3F,00,FF,00,00,00,00,00,00,00,00,00,00,00,00,00,00,00,0403,002D,0000,0302,00000000,0000,0004,000000C0,00000000,55555555,00000003,00000003,00000000,00000004,00000149,00FFCB60,00FFCB64,00FFCB6C,00001288,00000000,00000000,00000000,00FFFD72,2600
65,genesis,zelda_v540,001114,5F,5F,8F,00,00,00,00,00,00,00,00,02,00,00,00,00,00,00,00,00,00,00,00,00,00,00,80,00,00,00,00,00,00,00,00,00,00,00,00,00,00,00,00,00,00,00,00,00,00,00,00,00,00,00,00,00,3F,00,FF,00,00,00,00,00,00,00,00,00,00,00,00,00,00,00,0403,002D,0000,0302,00000000,0000,0004,00000000,00000000,55600000,00000000,00000000,00000000,00000003,0000012E,00FFCD10,00FFCD15,00FFCD1D,00001288,00000000,00000000,00000000,00FFFD76,2600
66,genesis,zelda_v540,001106,5F,5F,8F,00,00,00,00,00,00,00,00,02,00,00,00,00,00,00,00,00,00,00,00,00,00,00,80,00,00,00,00,00,00,00,00,00,00,00,00,00,00,00,00,00,00,00,00,00,00,00,00,00,00,00,00,00,3F,00,FF,00,00,00,00,00,00,00,00,00,00,00,00,00,00,00,0403,002D,0000,0302,00000000,0000,0004,00000000,00000000,06660666,0000000C,00000000,00000000,00000001,00000113,00FFCEC0,00FFCEC6,00FFCECE,00001288,00000000,00000000,00000000,00FFFD76,2604
67,genesis,zelda_v540,0011F8,5F,5F,8F,00,00,00,00,00,00,00,00,02,00,00,00,00,00,00,00,00,00,00,00,00,00,00,80,00,00,00,00,00,00,00,00,00,00,00,00,00,00,00,00,00,00,00,00,00,00,00,00,00,00,00,00,00,3F,00,FF,00,00,00,00,00,00,00,00,00,00,00,00,00,00,00,0403,002D,0000,0302,00000000,0000,0004,00000000,00000000,00550000,00000000,00000000,00000000,00000000,000000F8,00FFD070,00FFD078,00FFD080,00001288,00000000,00000000,00000000,00FFFD72,2604
68,genesis,zelda_v540,0011F8,5F,5F,8F,00,00,00,00,00,00,00,00,02,00,00,00,00,00,00,00,00,00,00,00,00,00,00,80,00,00,00,00,00,00,00,00,00,00,00,00,00,00,00,00,00,00,00,00,00,00,00,00,00,00,00,00,00,3F,00,FF,00,00,00,00,00,00,00,00,00,00,00,00,00,00,00,0403,002D,0000,0302,00000000,0000,0004,000000FE,00000000,00000000,00000000,00000000,00000000,00000007,000000DC,00FFD230,00FFD231,00FFD239,00001288,00000000,00000000,00000000,00FFFD72,2604
69,genesis,zelda_v540,001204,5F,5F,8F,00,00,00,00,00,00,00,00,02,00,00,00,00,00,00,00,00,00,00,00,00,00,00,80,00,00,00,00,00,00,00,00,00,00,00,00,00,00,00,00,00,00,00,00,00,00,00,00,00,00,00,00,00,3F,00,FF,00,00,00,00,00,00,00,00,00,00,00,00,00,00,00,0403,002D,0000,0302,00000000,0000,0004,00000000,00000000,00000000,00000000,00000000,00000000,00000006,000000C1,00FFD3E0,00FFD3E2,00FFD3EA,00001288,00000000,00000000,00000000,00FFFD72,2604
70,genesis,zelda_v540,00120E,5F,5F,8F,00,00,00,00,00,00,00,00,02,00,00,00,00,00,00,00,00,00,00,00,00,00,00,80,00,00,00,00,00,00,00,00,00,00,00,00,00,00,00,00,00,00,00,00,00,00,00,00,00,00,00,00,00,3F,00,FF,00,00,00,00,00,00,00,00,00,00,00,00,00,00,00,0403,002D,0000,0302,00000000,0000,0004,00000000,00000000,00000000,00000000,00000000,00000000,00000005,000000A6,00FFD590,00FFD593,00FFD59B,00001288,00000000,00000000,00000000,00FFFD72,2604
71,genesis,zelda_v540,001216,5F,5F,8F,00,00,00,00,00,00,00,00,02,00,00,00,00,00,00,00,00,00,00,00,00,00,00,80,00,00,00,00,00,00,00,00,00,00,00,00,00,00,00,00,00,00,00,00,00,00,00,00,00,00,00,00,00,3F,00,FF,00,00,00,00,00,00,00,00,00,00,00,00,00,00,00,0403,002D,0000,0302,00000000,0000,0004,00000042,0000004F,00000007,00000005,00000001,00000000,00000004,0000008B,00FFD740,00FFD744,00FFD74C,00001288,00000000,00000000,00000000,00FFFD72,2600
72,genesis,zelda_v540,00121E,5F,5F,8F,00,00,00,00,00,00,00,00,02,00,00,00,00,00,00,00,00,00,00,00,00,00,00,80,00,00,00,00,00,00,00,00,00,00,00,00,00,00,00,00,00,00,00,00,00,00,00,00,00,00,00,00,00,3F,00,FF,00,00,00,00,00,00,00,00,00,00,00,00,00,00,00,0403,002D,0000,0302,00000000,0000,0004,000000C0,000000C0,00000077,000000C0,00000003,00000000,00000003,00000070,00FFD8F0,00FFD8F5,00FFD8FD,00001288,00000000,00000000,00000000,00FFFD72,2618
73,genesis,zelda_v540,001228,5F,5F,8F,00,00,00,00,00,00,00,00,02,00,00,00,00,00,00,00,00,00,00,00,00,00,00,80,00,00,00,00,00,00,00,00,00,00,00,00,00,00,00,00,00,00,00,00,00,00,00,00,00,00,00,00,00,3F,00,FF,00,00,00,00,00,00,00,00,00,00,00,00,00,00,00,0403,002D,0000,0302,00000000,0000,0004,000000FC,0000000C,00000055,00000000,000000FC,00000000,00000002,00000055,00FFDAA0,00FFDAA6,00FFDAAE,00001288,00000000,00000000,00000000,00FFFD72,2608
74,genesis,zelda_v540,001232,5F,5F,8F,00,00,00,00,00,00,00,00,02,00,00,00,00,00,00,00,00,00,00,00,00,00,00,80,00,00,00,00,00,00,00,00,00,00,00,00,00,00,00,00,00,00,00,00,00,00,00,00,00,00,00,00,00,3F,00,FF,00,00,00,00,00,00,00,00,00,00,00,00,00,00,00,0403,002D,0000,0302,00000000,0000,0004,00000020,000000E0,00006600,0000000C,00000000,00000000,00000001,0000003A,00FFDC50,00FFDC57,00FFDC5F,00001288,00000000,00000000,00000000,00FFFD72,2600
75,genesis,zelda_v540,001236,5F,5F,8F,00,00,00,00,00,00,00,00,02,00,00,00,00,00,00,00,00,00,00,00,00,00,00,80,00,00,00,00,00,00,00,00,00,00,00,00,00,00,00,00,00,00,00,00,00,00,00,00,00,00,00,00,00,3F,00,FF,00,00,00,00,00,00,00,00,00,00,00,00,00,00,00,0403,002D,0000,0302,00000000,0000,0004,00000000,000000FC,00006666,0000000C,00000000,00000000,00000000,0000001F,00FFDE00,00FFDE08,00FFDE10,00001288,00000000,00000000,00000000,00FFFD72,2600
76,genesis,zelda_v540,001236,5F,5F,8F,00,00,00,00,00,00,00,00,02,00,00,00,00,00,00,00,00,00,00,00,00,00,00,80,00,00,00,00,00,00,00,00,00,00,00,00,00,00,00,00,00,00,00,00,00,00,00,00,00,00,00,00,00,3F,00,FF,00,00,00,00,00,00,00,00,00,00,00,00,00,00,00,0403,002D,0000,0302,00000000,0000,0004,000000F0,00000000,00000055,00000003,00000003,00000000,00000007,00000003,00FFDFC0,00FFDFC1,00FFDFC9,00001288,00000000,00000000,00000000,00FFFD72,2600
77,genesis,zelda_v540,000840,00,00,03,00,00,00,00,00,00,00,00,03,00,00,00,00,00,00,00,00,A5,00,00,00,00,1E,80,00,00,00,00,00,00,00,00,00,00,00,00,00,00,00,00,00,00,00,00,00,00,00,00,00,00,00,00,00,3F,00,FF,00,00,00,00,00,00,00,00,00,00,00,00,00,00,00,0203,0042,0000,0302,00000000,0000,0006,00003600,78000666,00000000,00003600,C01E8100,00000000,00000000,0000FFFF,00030466,00FFE000,00000000,00000000,00000000,00000000,00000000,00FFFDFC,2000
78,genesis,zelda_v540,0017DA,20,20,24,00,00,00,00,00,00,00,00,04,00,00,00,00,00,00,00,00,A5,00,00,00,00,00,B0,00,00,00,00,00,00,00,00,00,00,00,00,00,00,00,00,00,00,00,00,00,00,00,00,00,00,00,00,00,3F,00,FF,00,00,00,00,00,00,00,00,00,00,00,00,00,00,00,0403,0056,0000,0302,00000000,0000,0008,00000424,00000004,00000050,000020B0,C0002000,00000302,00000000,0000FFFF,00FF0200,0000D1AE,00000000,00000000,00000000,00000000,00000000,00FFFDA6,2600
79,genesis,zelda_v540,000F54,20,20,24,00,00,00,00,00,00,00,00,04,00,00,00,00,00,00,00,00,A5,00,00,00,00,00,B0,00,00,00,00,00,00,00,00,00,00,00,00,00,00,00,00,00,00,00,00,00,00,00,00,00,00,00,00,00,3F,00,FF,00,00,00,00,00,00,00,00,00,00,00,00,00,00,00,0403,0056,0000,0302,00000000,0000,0008,00000424,00000003,00000082,0000217E,C0002100,00000302,00000000,0000FFFF,00FF0200,0000D1AE,00000000,00000000,00000000,00000000,00000000,00FFFD9E,2604
80,genesis,zelda_v540,000968,20,20,24,00,00,00,00,00,00,00,00,04,00,00,00,00,00,00,00,00,A5,00,00,00,00,00,B0,00,00,00,00,00,00,00,00,00,00,00,00,00,00,00,00,00,00,00,00,00,00,00,00,00,00,00,00,00,3F,00,FF,00,00,00,00,00,00,00,00,00,00,00,00,00,00,00,0403,0056,0000,0302,00000000,0000,0008,00000424,00000002,000000B3,0000224D,C0002200,00000302,00000000,0000FFFF,00FF0200,0000D1AE,00000000,00000000,00000000,00000000,00000000,00FFFDA2,2600
81,genesis,zelda_v540,000964,20,20,24,00,00,00,00,00,00,00,00,04,00,00,00,00,00,00,00,00,A5,00,00,00,00,00,B0,00,00,00,00,00,00,00,00,00,00,00,00,00,00,00,00,00,00,00,00,00,00,00,00,00,00,00,00,00,3F,00,FF,00,00,00,00,00,00,00,00,00,00,00,00,00,00,00,0403,0056,0000,0302,00000000,0000,0008,00000424,00000001,000000E4,0000231C,C000031C,00000000,00000000,0000FFFF,00FF8200,0000D1AE,00000000,00000000,00000000,00000000,00000000,00FFFD7E,2600
82,genesis,zelda_v540,000FFA,20,20,24,00,00,00,00,00,00,00,00,04,00,00,00,00,00,00,00,00,A5,00,00,00,00,00,B0,00,00,00,00,00,00,00,00,00,00,00,00,00,00,00,00,00,00,00,00,00,00,00,00,00,00,00,00,00,3F,00,FF,00,00,00,00,00,00,00,00,00,00,00,00,00,00,00,0403,0056,0000,0302,00000000,0000,0008,00000424,00000001,00000015,000023EB,C00003EB,00000000,00000000,0000FFFF,00FF8200,0000D1AE,00000000,00000000,00000000,00000000,00000000,00FFFD7A,2604
83,genesis,zelda_v540,000960,28,28,24,00,00,00,00,00,00,00,00,04,00,00,00,00,00,00,00,00,A5,00,00,00,00,00,B0,00,00,00,00,00,00,00,00,00,00,00,00,00,00,00,00,00,00,00,00,00,00,00,00,00,00,00,00,00,3F,00,FF,00,00,00,00,00,00,00,00,00,00,00,00,00,00,00,0403,005A,0000,0302,00000000,0000,0008,00000424,00000004,0000007A,00002886,C0002800,00000302,00000000,0000FFFF,00FF0200,0000D1AE,00000000,00000000,00000000,00000000,00000000,00FFFD82,2609
84,genesis,zelda_v540,000968,28,28,24,00,00,00,00,00,00,00,00,04,00,00,00,00,00,00,00,00,A5,00,00,00,00,00,B0,00,00,00,00,00,00,00,00,00,00,00,00,00,00,00,00,00,00,00,00,00,00,00,00,00,00,00,00,00,3F,00,FF,00,00,00,00,00,00,00,00,00,00,00,00,00,00,00,0403,005A,0000,0302,00000000,0000,0008,00000424,00000003,00000091,0000296F,C0002900,00000302,00000000,0000FFFF,00FF0200,0000D1AE,00000000,00000000,00000000,00000000,00000000,00FFFDA6,2604
85,genesis,zelda_v540,00095A,28,28,24,00,00,00,00,00,00,00,00,04,00,00,00,00,00,00,00,00,A5,00,00,00,00,00,B0,00,00,00,00,00,00,00,00,00,00,00,00,00,00,00,00,00,00,00,00,00,00,00,00,00,00,00,00,00,3F,00,FF,00,00,00,00,00,00,00,00,00,00,00,00,00,00,00,0403,005A,0000,0302,00000000,0000,0008,00000424,00000002,000000A7,00002A59,C0002A00,00000302,00000000,0000FFFF,00FF0200,0000D1AE,00000000,00000000,00000000,00000000,00000000,00FFFDA6,2609
86,genesis,zelda_v540,000FC6,28,28,24,00,00,00,00,00,00,00,00,04,00,00,00,00,00,00,00,00,A5,00,00,00,00,00,B0,00,00,00,00,00,00,00,00,00,00,00,00,00,00,00,00,00,00,00,00,00,00,00,00,00,00,00,00,00,3F,00,FF,00,00,00,00,00,00,00,00,00,00,00,00,00,00,00,0403,005A,0000,0302,00000000,0000,0008,00000424,00000001,000000C6,00002B3A,C0002B00,00000302,00000000,0000FFFF,00FF0200,0000D1AE,00000000,00000000,00000000,00000000,00000000,00FFFD7A,2609
87,genesis,zelda_v540,000FE8,28,28,24,00,00,00,00,00,00,00,00,04,00,00,00,00,00,00,00,00,A5,00,00,00,00,00,B0,00,00,00,00,00,00,00,00,00,00,00,00,00,00,00,00,00,00,00,00,00,00,00,00,00,00,00,00,00,3F,00,FF,00,00,00,00,00,00,00,00,00,00,00,00,00,00,00,0403,005C,0000,0302,00000000,0000,0008,00000400,00000022,00000000,00002ADE,C00002DE,00000302,00000000,0000FFFF,00FF8200,0000D1AE,00000000,00000000,00000000,00000000,00000000,00FFFD7E,2600
88,genesis,zelda_v540,0018B8,00,00,06,00,00,00,00,00,00,00,00,00,00,00,00,00,00,00,00,00,00,00,00,00,00,00,00,00,00,00,00,00,00,00,02,00,00,00,00,00,00,00,00,00,00,00,00,00,00,00,00,00,00,00,00,00,23,23,3F,00,20,36,0F,00,10,36,00,00,00,00,00,00,00,00,0203,0074,0000,0302,00000000,0000,000A,00000000,78000666,0000000E,00003608,C01E8100,00000000,00000000,0000FFFF,01FE0000,00FF0006,00000000,00000000,00000000,00000000,00000000,00FFFDF8,2001
89,genesis,zelda_v540,001326,02,02,03,00,00,00,00,00,00,00,00,00,00,00,00,00,00,00,00,00,00,00,00,00,00,1E,80,00,00,00,00,00,00,00,02,00,00,00,00,00,00,00,00,00,00,00,00,00,00,00,00,00,00,00,00,00,23,23,3F,00,20,36,0F,00,10,36,00,00,00,00,00,00,00,00,0403,007A,0000,0302,00000000,0000,000D,0000C200,42800005,00000024,0000C28E,000000A8,00000000,000000A8,00000008,00FF8200,00000302,00000000,00000000,00000000,00000000,00000000,00FFFD6E,2609
90,genesis,zelda_v540,00139A,02,02,03,00,00,00,00,00,00,00,00,00,00,00,00,00,00,00,00,00,00,00,00,00,00,1E,80,00,00,00,00,00,00,00,02,00,00,00,00,00,00,00,00,00,00,00,00,00,00,00,00,00,00,00,00,00,23,23,3F,00,20,36,0F,00,10,36,00,00,00,00,00,00,00,00,0403,007A,0000,0302,00000000,0000,000D,0000C530,4500000A,00000024,00000000,00000158,00000000,00004024,00000018,00FF8200,00000302,00000000,00000000,00000000,00000000,00000000,00FFFD6E,2600
91,genesis,zelda_v540,0013B8,02,02,03,00,00,00,00,00,00,00,00,00,00,00,00,00,00,00,00,00,00,00,00,00,00,1E,80,00,00,00,00,00,00,00,02,00,00,00,00,00,00,00,00,00,00,00,00,00,00,00,00,00,00,00,00,00,23,23,3F,00,20,36,0F,00,10,36,00,00,00,00,00,00,00,00,0403,007A,0000,0302,00000000,0000,000D,0000C810,48000010,00000024,0000C810,00000208,00000000,00000024,00000008,00FF8200,00000302,00000000,00000000,00000000,00000000,00000000,00FFFD6E,2600
92,genesis,zelda_v540,00137C,02,02,03,00,00,00,00,00,00,00,00,00,00,00,00,00,00,00,00,00,00,00,00,00,00,1E,80,00,00,00,00,00,00,00,02,00,00,00,00,00,00,00,00,00,00,00,00,00,00,00,00,00,00,00,00,00,23,23,3F,00,20,36,0F,00,10,36,00,00,00,00,00,00,00,00,0403,007A,0000,0302,00000000,0000,000D,00000000,4A800015,00000024,00000000,000002B9,00000000,00000000,00000019,00FF8200,00000302,00000000,00000000,00000000,00000000,00000000,00FFFD6E,2604
93,genesis,zelda_v540,00138C,02,02,03,00,00,00,00,00,00,00,00,00,00,00,00,00,00,00,00,00,00,00,00,00,00,1E,80,00,00,00,00,00,00,00,02,00,00,00,00,00,00,00,00,00,00,00,00,00,00,00,00,00,00,00,00,00,23,23,3F,00,20,36,0F,00,10,36,00,00,00,00,00,00,00,00,0403,007A,0000,0302,00000000,0000,000D,000006C0,4D80001B,00000024,00000000,00000369,00000000,00004024,00000009,00FF8200,00000302,00000000,00000000,00000000,00000000,00000000,00FFFD6E,2600
94,genesis,zelda_v540,00168A,26,26,03,00,00,00,00,00,00,00,00,01,00,00,00,00,00,00,00,00,00,00,00,00,00,1E,80,00,00,00,00,00,00,00,02,00,00,00,00,00,00,00,00,00,00,00,00,00,00,00,00,00,00,00,00,00,3F,00,FF,00,20,36,0F,00,10,36,36,0F,00,10,36,17,27,0F,0403,0093,0000,0302,00000000,0000,0012,00003600,00000035,0000004E,00003600,C0000300,00000302,00000000,0000FFFF,00FF0000,00000302,00000000,00000000,00000000,00000000,00000000,00FFFDB2,2604
95,genesis,zelda_v540,00097E,29,29,81,56,06,00,00,00,00,00,00,02,00,00,00,00,00,00,00,00,00,00,00,00,00,00,80,00,00,00,00,00,00,00,02,00,00,00,00,00,00,00,00,00,00,00,00,00,00,00,00,00,00,00,00,00,3F,00,FF,00,20,36,0F,00,10,36,36,0F,00,10,36,17,27,0F,0403,00A1,0000,0302,00000000,0000,0012,00000400,00000001,00000000,000000AB,C0000000,00008129,00000000,0000FFFF,00FF0000,00000302,00000000,00000000,00000000,00000000,00000000,00FFFDA2,2600
96,genesis,zelda_v540,000972,DE,DE,81,A1,05,00,00,00,00,00,00,02,00,00,00,00,00,00,00,00,00,00,00,00,00,00,80,00,00,00,00,00,00,00,02,00,00,00,00,00,00,00,00,00,00,00,00,00,00,00,00,00,00,00,00,00,3F,00,FF,00,20,36,0F,00,10,36,36,0F,00,10,36,17,27,0F,0403,00A1,0000,0302,00000000,0000,0012,00000400,00000001,00000000,0000015F,C0000100,000081DE,00000000,0000FFFF,00FF0000,00000302,00000000,00000000,00000000,00000000,00000000,00FFFD82,2609
97,genesis,zelda_v540,00C204,93,93,82,EC,04,00,00,00,00,00,00,02,00,00,00,00,00,00,00,00,00,00,00,00,00,00,80,00,00,00,00,00,00,00,02,00,00,00,00,00,00,00,00,00,00,00,00,00,00,00,00,00,00,00,00,00,3F,00,FF,00,20,36,0F,00,10,36,36,0F,00,10,36,17,27,0F,0403,00A1,0000,0302,00000000,0000,0012,00000424,00000001,00000000,00000214,C0000004,000004EC,00000000,0000FFFF,00FF0000,00000302,00000000,00000000,00000000,00000000,00000000,00FFFDA6,2611
98,genesis,zelda_v540,000F46,47,47,83,38,04,00,00,00,00,00,00,02,00,00,00,00,00,00,00,00,00,00,00,00,00,00,80,00,00,00,00,00,00,00,02,00,00,00,00,00,00,00,00,00,00,00,00,00,00,00,00,00,00,00,00,00,3F,00,FF,00,20,36,0F,00,10,36,36,0F,00,10,36,17,27,0F,0403,00A1,0000,0302,00000000,0000,0012,00000424,00000001,00000000,000002C8,C0000200,00008347,00000000,0000FFFF,00FF0000,00000302,00000000,00000000,00000000,00000000,00000000,00FFFD9E,2600
99,genesis,zelda_v540,00094E,FC,FC,83,83,03,00,00,00,00,00,00,02,00,00,00,00,00,00,00,00,00,00,00,00,00,00,80,00,00,00,00,00,00,00,02,00,00,00,00,00,00,00,00,00,00,00,00,00,00,00,00,00,00,00,00,00,3F,00,FF,00,20,36,0F,00,10,36,36,0F,00,10,36,17,27,0F,0403,00A1,0000,0302,00000000,0000,0012,00000424,00000001,00000000,0000037D,C0000300,000083FC,00000000,0000FFFF,00FF0000,00000302,00000000,00000000,00000000,00000000,00000000,00FFFDA2,2609
100,genesis,zelda_v540,00C1F0,B1,B1,84,CF,02,00,00,00,00,00,00,02,00,00,00,00,00,00,00,00,00,00,00,00,00,00,80,00,00,00,00,00,00,00,02,00,00,00,00,00,00,00,00,00,00,00,00,00,00,00,00,00,00,00,00,00,3F,00,FF,00,20,36,0F,00,10,36,36,0F,00,10,36,17,27,0F,0403,00A1,0000,0302,00000000,0000,0012,00000424,00000001,00000000,00000432,C0000084,00000002,00000000,0000FFFF,00FF0000,00000302,00000000,00000000,00000000,00000000,00000000,00FFFDA6,2610
101,genesis,zelda_v540,00097A,65,65,85,1A,02,00,00,00,00,00,00,02,00,00,00,00,00,00,00,00,00,00,00,00,00,00,80,00,00,00,00,00,00,00,02,00,00,00,00,00,00,00,00,00,00,00,00,00,00,00,00,00,00,00,00,00,3F,00,FF,00,20,36,0F,00,10,36,36,0F,00,10,36,17,27,0F,0403,00A1,0000,0302,00000000,0000,0012,00000424,00000001,00000000,000004E6,C0000400,00008565,00000000,0000FFFF,00FF0000,00000302,00000000,00000000,00000000,00000000,00000000,00FFFDA2,2600
102,genesis,zelda_v540,00C1C6,1A,1A,86,65,01,00,00,00,00,00,00,02,00,00,00,00,00,00,00,00,00,00,00,00,00,00,80,00,00,00,00,00,00,00,02,00,00,00,00,00,00,00,00,00,00,00,00,00,00,00,00,00,00,00,00,00,3F,00,FF,00,20,36,0F,00,10,36,36,0F,00,10,36,17,27,0F,0403,00A1,0000,0302,00000000,0000,0012,00000400,00000001,00000000,0000059B,C0000001,0000861A,00000000,0000FFFF,00FF0000,00000302,00000000,00000000,00000000,00000000,00000000,00FFFDA6,2600
103,genesis,zelda_v540,00C1D6,CE,CE,86,B1,00,00,00,00,00,00,00,02,00,00,00,00,00,00,00,00,00,00,00,00,00,00,80,00,00,00,00,00,00,00,02,00,00,00,00,00,00,00,00,00,00,00,00,00,00,00,00,00,00,00,00,00,3F,00,FF,00,20,36,0F,00,10,36,36,0F,00,10,36,17,27,0F,0403,00A1,0000,0302,00000000,0000,0012,00000400,00000001,00000000,00000650,C0000600,000086CE,00000000,0000FFFF,00FF0000,00000302,00000000,00000000,00000000,00000000,00000000,00FFFDA6,2600
104,genesis,zelda_v540,00C1F0,82,82,87,FE,06,00,00,00,00,00,00,02,00,00,00,00,00,00,00,00,00,00,00,00,00,00,80,00,00,00,00,00,00,00,02,00,00,00,00,00,00,00,00,00,00,00,00,00,00,00,00,00,00,00,00,00,3F,00,FF,00,20,36,0F,00,10,36,36,0F,00,10,36,17,27,0F,0403,00A3,0000,0302,00000000,0000,0012,00000400,00000003,00000000,00000013,C0000087,00000006,00000000,0000FFFF,00FF0000,00000302,00000000,00000000,00000000,00000000,00000000,00FFFDA6,2610
105,genesis,zelda_v540,000976,36,36,88,49,06,00,00,00,00,00,00,02,00,00,00,00,00,00,00,00,00,00,00,00,00,00,80,00,00,00,00,00,00,00,02,00,00,00,00,00,00,00,00,00,00,00,00,00,00,00,00,00,00,00,00,00,3F,00,FF,00,20,36,0F,00,10,36,36,0F,00,10,36,17,27,0F,0403,00A3,0000,0302,00000000,0000,0012,00000400,00000003,00000000,000000C7,C00000C7,00008836,00000000,0000FFFF,00FFC000,00000302,00000000,00000000,00000000,00000000,00000000,00FFFD82,2604
106,genesis,zelda_v540,00C1C6,EB,EB,88,94,05,00,00,00,00,00,00,02,00,00,00,00,00,00,00,00,00,00,00,00,00,00,80,00,00,00,00,00,00,00,02,00,00,00,00,00,00,00,00,00,00,00,00,00,00,00,00,00,00,00,00,00,3F,00,FF,00,20,36,0F,00,10,36,36,0F,00,10,36,17,27,0F,0403,00A3,0000,0302,00000000,0000,0012,00000400,00000003,00000000,0000017C,C0000005,000088EB,00000000,0000FFFF,00FF0000,00000302,00000000,00000000,00000000,00000000,00000000,00FFFDA6,2608
107,genesis,zelda_v540,00C1D6,9F,9F,89,E0,04,00,00,00,00,00,00,02,00,00,00,00,00,00,00,00,00,00,00,00,00,00,80,00,00,00,00,00,00,00,02,00,00,00,00,00,00,00,00,00,00,00,00,00,00,00,00,00,00,00,00,00,3F,00,FF,00,20,36,0F,00,10,36,36,0F,00,10,36,17,27,0F,0403,00A3,0000,0302,00000000,0000,0012,00000400,00000003,00000000,00000231,C0000200,0000899F,00000000,0000FFFF,00FF0000,00000302,00000000,00000000,00000000,00000000,00000000,00FFFDA6,2600
108,genesis,zelda_v540,000972,54,54,8A,2B,04,00,00,00,00,00,00,02,00,00,00,00,00,00,00,00,00,00,00,00,00,00,80,00,00,00,00,00,00,00,02,00,00,00,00,00,00,00,00,00,00,00,00,00,00,00,00,00,00,00,00,00,3F,00,FF,00,20,36,0F,00,10,36,36,0F,00,10,36,17,27,0F,0403,00A3,0000,0302,00000000,0000,0012,00000400,00000003,00000000,000002E5,C0000200,00008A54,00000000,0000FFFF,00FF0000,00000302,00000000,00000000,00000000,00000000,00000000,00FFFD82,2609
109,genesis,zelda_v540,00C20A,09,09,8B,76,03,00,00,00,00,00,00,02,00,00,00,00,00,00,00,00,00,00,00,00,00,00,80,00,00,00,00,00,00,00,02,00,00,00,00,00,00,00,00,00,00,00,00,00,00,00,00,00,00,00,00,00,3F,00,FF,00,20,36,0F,00,10,36,36,0F,00,10,36,17,27,0F,0403,00A3,0000,0302,00000000,0000,0012,00000400,00000003,00000000,0000039A,C0000003,00000376,00000000,0000FFFF,00FF0000,00000302,00000000,00000000,00000000,00000000,00000000,00FFFDA6,2600
110,genesis,zelda_v540,000F4C,BD,BD,8B,C2,02,00,00,00,00,00,00,02,00,00,00,00,00,00,00,00,00,00,00,00,00,00,80,00,00,00,00,00,00,00,02,00,00,00,00,00,00,00,00,00,00,00,00,00,00,00,00,00,00,00,00,00,3F,00,FF,00,20,36,0F,00,10,36,36,0F,00,10,36,17,27,0F,0403,00A3,0000,0302,00000000,0000,0012,00000400,00000003,00000000,0000044E,C0000400,00008BBD,00000000,0000FFFF,00FF0000,00000302,00000000,00000000,00000000,00000000,00000000,00FFFD9E,2600
111,genesis,zelda_v540,000950,72,72,8C,0D,02,00,00,00,00,00,00,02,00,00,00,00,00,00,00,00,00,00,00,00,00,00,80,00,00,00,00,00,00,00,02,00,00,00,00,00,00,00,00,00,00,00,00,00,00,00,00,00,00,00,00,00,3F,00,FF,00,20,36,0F,00,10,36,36,0F,00,10,36,17,27,0F,0403,00A3,0000,0302,00000000,0000,0012,00000400,00000003,00000000,00000503,C0000500,00008C72,00000000,0000FFFF,00FF0000,00000302,00000000,00000000,00000000,00000000,00000000,00FFFDA2,2609
112,genesis,zelda_v540,00C1F2,27,27,8D,59,01,00,00,00,00,00,00,02,00,00,00,00,00,00,00,00,00,00,00,00,00,00,80,00,00,00,00,00,00,00,02,00,00,00,00,00,00,00,00,00,00,00,00,00,00,00,00,00,00,00,00,00,3F,00,FF,00,20,36,0F,00,10,36,36,0F,00,10,36,17,27,0F,0403,00A3,0000,0302,00000000,0000,0012,00000400,00000003,00000000,000005B8,C000008D,00000100,00000000,0000FFFF,00FF0000,00000302,00000000,00000000,00000000,00000000,00000000,00FFFDA6,2600
113,genesis,zelda_v540,00097A,DB,DB,8D,A4,00,00,00,00,00,00,00,02,00,00,00,00,00,00,00,00,00,00,00,00,00,00,80,00,00,00,00,00,00,00,02,00,00,00,00,00,00,00,00,00,00,00,00,00,00,00,00,00,00,00,00,00,3F,00,FF,00,20,36,0F,00,10,36,36,0F,00,10,36,17,27,0F,0403,00A3,0000,0302,00000000,0000,0012,00000400,00000003,00000000,0000066C,C0000600,00008DDB,00000000,0000FFFF,00FF0000,00000302,00000000,00000000,00000000,00000000,00000000,00FFFDA2,2604
114,genesis,zelda_v540,000FE8,8B,8B,8E,D4,00,00,00,00,00,00,00,02,00,00,00,00,00,00,00,00,00,00,00,00,00,00,80,00,00,00,00,00,00,00,02,00,00,00,00,00,00,00,00,00,00,00,00,00,00,00,00,00,00,00,00,00,3F,00,FF,00,20,36,0F,00,10,36,36,0F,00,10,36,17,27,0F,0403,00A5,0000,0302,00000000,0000,0012,00000400,00000005,00000000,0000202B,C000002B,00008E8B,00000000,0000FFFF,00FF8200,00000302,00000000,00000000,00000000,00000000,00000000,00FFFD7A,2600
115,genesis,zelda_v540,000FF2,1B,1B,8F,44,00,00,00,00,00,00,00,02,00,00,00,00,00,00,00,00,00,00,00,00,00,00,80,00,00,00,00,00,00,00,02,00,00,00,00,00,00,00,00,00,00,00,00,00,00,00,00,00,00,00,00,00,3F,00,FF,00,20,36,0F,00,10,36,36,0F,00,10,36,17,27,0F,0403,00A5,0000,0302,00000000,0000,0012,00000400,00000005,00000000,000020BB,C00000BB,00008F1B,00000000,0000FFFF,00FF8200,00000302,00000000,00000000,00000000,00000000,00000000,00FFFD7A,2604
116,genesis,zelda_v540,000F80,00,00,03,00,00,00,00,00,00,00,00,03,00,00,00,00,00,00,00,00,A5,00,00,00,00,1E,80,00,00,00,00,00,00,00,02,00,00,00,00,00,00,00,00,00,00,00,00,00,00,00,00,00,00,00,00,00,3F,00,FF,00,20,36,0F,00,10,36,36,0F,00,10,36,17,27,0F,0421,00B9,0000,0302,00000000,0000,0014,0000C09E,40800001,00000000,0000C09E,00000030,00000000,0000000F,0000001C,00FF8200,00000302,00000000,00000000,00000000,00000000,00000000,00FFFD86,2600
117,genesis,zelda_v540,001344,00,00,03,00,00,00,00,00,00,00,00,03,00,00,00,00,00,00,00,00,A5,00,00,00,00,1E,80,00,00,00,00,00,00,00,02,00,00,00,00,00,00,00,00,00,00,00,00,00,00,00,00,00,00,00,00,00,3F,00,FF,00,20,36,0F,00,10,36,36,0F,00,10,36,17,27,0F,0421,00B9,0000,0302,00000000,0000,0014,0000C300,43000007,00000000,0000C33E,000000E0,00000000,000000E0,00000000,00FF8200,00000302,00000000,00000000,00000000,00000000,00000000,00FFFD7A,260D
118,genesis,zelda_v540,001374,00,00,03,00,00,00,00,00,00,00,00,03,00,00,00,00,00,00,00,00,A5,00,00,00,00,1E,80,00,00,00,00,00,00,00,02,00,00,00,00,00,00,00,00,00,00,00,00,00,00,00,00,00,00,00,00,00,3F,00,FF,00,20,36,0F,00,10,36,36,0F,00,10,36,17,27,0F,0421,00B9,0000,0302,00000000,0000,0014,00000000,4600000C,00000024,00000000,00000190,00000000,00000024,00000010,00FF8200,00000302,00000000,00000000,00000000,00000000,00000000,00FFFD7A,2600
119,genesis,zelda_v540,0012FA,00,00,03,00,00,00,00,00,00,00,00,03,00,00,00,00,00,00,00,00,A5,00,00,00,00,1E,80,00,00,00,00,00,00,00,02,00,00,00,00,00,00,00,00,00,00,00,00,00,00,00,00,00,00,00,00,00,3F,00,FF,00,20,36,0F,00,10,36,36,0F,00,10,36,17,27,0F,0421,00B9,0000,0302,00000000,0000,0014,0000C900,49000003,00000024,0000C8C0,00000241,00000000,0000001E,0000000B,00FF8200,00000302,00000000,00000000,00000000,00000000,00000000,00FFFD7A,2615
120,genesis,zelda_v540,00133E,00,00,03,00,00,00,00,00,00,00,00,03,00,00,00,00,00,00,00,00,A5,00,00,00,00,1E,80,00,00,00,00,00,00,00,02,00,00,00,00,00,00,00,00,00,00,00,00,00,00,00,00,00,00,00,00,00,3F,00,FF,00,20,36,0F,00,10,36,36,0F,00,10,36,17,27,0F,0421,00B9,0000,0302,00000000,0000,0014,0000CB00,4B800017,00000000,0000CBA0,000002F1,00000000,000002F1,00000011,00FF8200,00000302,00000000,00000000,00000000,00000000,00000000,00FFFD7A,261D
121,genesis,zelda_v540,00138C,00,00,03,00,00,00,00,00,00,00,00,03,00,00,00,00,00,00,00,00,A5,00,00,00,00,1E,80,00,00,00,00,00,00,00,02,00,00,00,00,00,00,00,00,00,00,00,00,00,00,00,00,00,00,00,00,00,3F,00,FF,00,20,36,0F,00,10,36,36,0F,00,10,36,17,27,0F,0421,00B9,0000,0302,00000000,0000,0014,00000740,4E80001D,00000024,00000000,000003A1,00000000,00000024,00000001,00FF8200,00000302,00000000,00000000,00000000,00000000,00000000,00FFFD7A,2600
122,genesis,zelda_v540,000968,20,20,24,00,00,00,00,00,00,00,00,00,00,00,00,00,00,00,00,00,00,00,00,00,00,00,B0,00,00,00,00,00,00,00,00,00,00,00,00,00,00,00,00,80,00,00,00,00,00,00,00,00,00,00,00,00,3F,00,FF,00,20,36,0F,00,10,36,36,0F,00,10,36,17,27,0F,0403,00D2,0000,0302,00000000,0000,0016,00000424,78000604,000000D6,0000202A,C01E2000,00000000,00000000,0000FFFF,00FF0200,00FF0003,00000000,00000000,00000000,00000000,00000000,00FFFDF4,2000
123,genesis,zelda_v540,000972,1E,1E,81,61,06,00,00,00,00,00,00,01,00,00,00,00,00,00,00,00,00,00,00,00,00,00,B0,00,00,00,00,00,00,00,00,00,00,00,00,00,00,00,00,80,00,00,00,00,00,00,00,00,00,00,00,00,3F,00,FF,00,20,36,0F,00,10,36,36,0F,00,10,36,17,27,0F,0403,00E8,0000,0302,00000000,0000,0018,00000400,00000001,00000000,0000009F,C0000000,0000811E,00000000,0000FFFF,00FF0000,00000302,00000000,00000000,00000000,00000000,00000000,00FFFD82,2609
124,genesis,zelda_v540,00C204,D3,D3,81,AC,05,00,00,00,00,00,00,01,00,00,00,00,00,00,00,00,00,00,00,00,00,00,B0,00,00,00,00,00,00,00,00,00,00,00,00,00,00,00,00,80,00,00,00,00,00,00,00,00,00,00,00,00,3F,00,FF,00,20,36,0F,00,10,36,36,0F,00,10,36,17,27,0F,0403,00E8,0000,0302,00000000,0000,0018,00000400,00000001,00000000,00000154,C0000005,000005AC,00000000,0000FFFF,00FF0000,00000302,00000000,00000000,00000000,00000000,00000000,00FFFDA6,2611
125,genesis,zelda_v540,000F46,87,87,82,F8,04,00,00,00,00,00,00,01,00,00,00,00,00,00,00,00,00,00,00,00,00,00,B0,00,00,00,00,00,00,00,00,00,00,00,00,00,00,00,00,80,00,00,00,00,00,00,00,00,00,00,00,00,3F,00,FF,00,20,36,0F,00,10,36,36,0F,00,10,36,17,27,0F,0403,00E8,0000,0302,00000000,0000,0018,00000400,00000001,00000000,00000208,C0000200,00008287,00000000,0000FFFF,00FF0000,00000302,00000000,00000000,00000000,00000000,00000000,00FFFD9E,2604
126,genesis,zelda_v540,00094E,3C,3C,83,43,04,00,00,00,00,00,00,01,00,00,00,00,00,00,00,00,00,00,00,00,00,00,B0,00,00,00,00,00,00,00,00,00,00,00,00,00,00,00,00,80,00,00,00,00,00,00,00,00,00,00,00,00,3F,00,FF,00,20,36,0F,00,10,36,36,0F,00,10,36,17,27,0F,0403,00E8,0000,0302,00000000,0000,0018,00000424,00000001,00000000,000002BD,C0000200,0000833C,00000000,0000FFFF,00FF0000,00000302,00000000,00000000,00000000,00000000,00000000,00FFFDA2,2609
127,genesis,zelda_v540,00C1F0,F1,F1,83,8F,03,00,00,00,00,00,00,01,00,00,00,00,00,00,00,00,00,00,00,00,00,00,B0,00,00,00,00,00,00,00,00,00,00,00,00,00,00,00,00,80,00,00,00,00,00,00,00,00,00,00,00,00,3F,00,FF,00,20,36,0F,00,10,36,36,0F,00,10,36,17,27,0F,0403,00E8,0000,0302,00000000,0000,0018,00000424,00000001,00000000,00000372,C0000083,00000003,00000000,0000FFFF,00FF0000,00000302,00000000,00000000,00000000,00000000,00000000,00FFFDA6,2610
128,genesis,zelda_v540,00097A,A5,A5,84,DA,02,00,00,00,00,00,00,01,00,00,00,00,00,00,00,00,00,00,00,00,00,00,B0,00,00,00,00,00,00,00,00,00,00,00,00,00,00,00,00,80,00,00,00,00,00,00,00,00,00,00,00,00,3F,00,FF,00,20,36,0F,00,10,36,36,0F,00,10,36,17,27,0F,0403,00E8,0000,0302,00000000,0000,0018,00000424,00000001,00000000,00000426,C0000400,000084A5,00000000,0000FFFF,00FF0000,00000302,00000000,00000000,00000000,00000000,00000000,00FFFDA2,2600
129,genesis,zelda_v540,00C1C6,5A,5A,85,25,02,00,00,00,00,00,00,01,00,00,00,00,00,00,00,00,00,00,00,00,00,00,B0,00,00,00,00,00,00,00,00,00,00,00,00,00,00,00,00,80,00,00,00,00,00,00,00,00,00,00,00,00,3F,00,FF,00,20,36,0F,00,10,36,36,0F,00,10,36,17,27,0F,0403,00E8,0000,0302,00000000,0000,0018,00000424,00000001,00000000,000004DB,C0000002,0000855A,00000000,0000FFFF,00FF0000,00000302,00000000,00000000,00000000,00000000,00000000,00FFFDA6,2600
130,genesis,zelda_v540,00C1D6,0E,0E,86,71,01,00,00,00,00,00,00,01,00,00,00,00,00,00,00,00,00,00,00,00,00,00,B0,00,00,00,00,00,00,00,00,00,00,00,00,00,00,00,00,80,00,00,00,00,00,00,00,00,00,00,00,00,3F,00,FF,00,20,36,0F,00,10,36,36,0F,00,10,36,17,27,0F,0403,00E8,0000,0302,00000000,0000,0018,00000400,00000001,00000000,00000590,C0000500,0000860E,00000000,0000FFFF,00FF0000,00000302,00000000,00000000,00000000,00000000,00000000,00FFFDA6,2600
131,genesis,zelda_v540,000972,C3,C3,86,BC,00,00,00,00,00,00,00,01,00,00,00,00,00,00,00,00,00,00,00,00,00,00,B0,00,00,00,00,00,00,00,00,00,00,00,00,00,00,00,00,80,00,00,00,00,00,00,00,00,00,00,00,00,3F,00,FF,00,20,36,0F,00,10,36,36,0F,00,10,36,17,27,0F,0403,00E8,0000,0302,00000000,0000,0018,00000400,00000001,00000000,00000644,C0000600,000086C3,00000000,0000FFFF,00FF0000,00000302,00000000,00000000,00000000,00000000,00000000,00FFFD82,2609
132,genesis,zelda_v540,00C20A,78,78,87,07,00,00,00,00,00,00,00,01,00,00,00,00,00,00,00,00,00,00,00,00,00,00,B0,00,00,00,00,00,00,00,00,00,00,00,00,00,00,00,00,80,00,00,00,00,00,00,00,00,00,00,00,00,3F,00,FF,00,20,36,0F,00,10,36,36,0F,00,10,36,17,27,0F,0403,00E8,0000,0302,00000000,0000,0018,00000400,00000001,00000000,000006F9,C0000000,00000007,00000000,0000FFFF,00FF0000,00000302,00000000,00000000,00000000,00000000,00000000,00FFFDA6,2604
133,genesis,zelda_v540,00C1C6,2B,2B,88,54,06,00,00,00,00,00,00,01,00,00,00,00,00,00,00,00,00,00,00,00,00,00,B0,00,00,00,00,00,00,00,00,00,00,00,00,00,00,00,00,80,00,00,00,00,00,00,00,00,00,00,00,00,3F,00,FF,00,20,36,0F,00,10,36,36,0F,00,10,36,17,27,0F,0403,00EA,0000,0302,00000000,0000,0018,00000400,00000003,00000000,000000BC,C0000006,0000882B,00000000,0000FFFF,00FF0000,00000302,00000000,00000000,00000000,00000000,00000000,00FFFDA6,2600
134,genesis,zelda_v540,00C1D6,DF,DF,88,A0,05,00,00,00,00,00,00,01,00,00,00,00,00,00,00,00,00,00,00,00,00,00,B0,00,00,00,00,00,00,00,00,00,00,00,00,00,00,00,00,80,00,00,00,00,00,00,00,00,00,00,00,00,3F,00,FF,00,20,36,0F,00,10,36,36,0F,00,10,36,17,27,0F,0403,00EA,0000,0302,00000000,0000,0018,00000400,00000003,00000000,00000171,C0000100,000088DF,00000000,0000FFFF,00FF0000,00000302,00000000,00000000,00000000,00000000,00000000,00FFFDA6,2600
135,genesis,zelda_v540,000972,94,94,89,EB,04,00,00,00,00,00,00,01,00,00,00,00,00,00,00,00,00,00,00,00,00,00,B0,00,00,00,00,00,00,00,00,00,00,00,00,00,00,00,00,80,00,00,00,00,00,00,00,00,00,00,00,00,3F,00,FF,00,20,36,0F,00,10,36,36,0F,00,10,36,17,27,0F,0403,00EA,0000,0302,00000000,0000,0018,00000400,00000003,00000000,00000225,C0000200,00008994,00000000,0000FFFF,00FF0000,00000302,00000000,00000000,00000000,00000000,00000000,00FFFD82,2609
136,genesis,zelda_v540,00C20A,49,49,8A,36,04,00,00,00,00,00,00,01,00,00,00,00,00,00,00,00,00,00,00,00,00,00,B0,00,00,00,00,00,00,00,00,00,00,00,00,00,00,00,00,80,00,00,00,00,00,00,00,00,00,00,00,00,3F,00,FF,00,20,36,0F,00,10,36,36,0F,00,10,36,17,27,0F,0403,00EA,0000,0302,00000000,0000,0018,00000400,00000003,00000000,000002DA,C0000004,00000436,00000000,0000FFFF,00FF0000,00000302,00000000,00000000,00000000,00000000,00000000,00FFFDA6,2600
137,genesis,zelda_v540,000F4C,FD,FD,8A,82,03,00,00,00,00,00,00,01,00,00,00,00,00,00,00,00,00,00,00,00,00,00,B0,00,00,00,00,00,00,00,00,00,00,00,00,00,00,00,00,80,00,00,00,00,00,00,00,00,00,00,00,00,3F,00,FF,00,20,36,0F,00,10,36,36,0F,00,10,36,17,27,0F,0403,00EA,0000,0302,00000000,0000,0018,00000400,00000003,00000000,0000038E,C0000300,00008AFD,00000000,0000FFFF,00FF0000,00000302,00000000,00000000,00000000,00000000,00000000,00FFFD9E,2600
138,genesis,zelda_v540,000950,B2,B2,8B,CD,02,00,00,00,00,00,00,01,00,00,00,00,00,00,00,00,00,00,00,00,00,00,B0,00,00,00,00,00,00,00,00,00,00,00,00,00,00,00,00,80,00,00,00,00,00,00,00,00,00,00,00,00,3F,00,FF,00,20,36,0F,00,10,36,36,0F,00,10,36,17,27,0F,0403,00EA,0000,0302,00000000,0000,0018,00000400,00000003,00000000,00000443,C0000400,00008BB2,00000000,0000FFFF,00FF0000,00000302,00000000,00000000,00000000,00000000,00000000,00FFFDA2,2609
139,genesis,zelda_v540,00C1F2,67,67,8C,19,02,00,00,00,00,00,00,01,00,00,00,00,00,00,00,00,00,00,00,00,00,00,B0,00,00,00,00,00,00,00,00,00,00,00,00,00,00,00,00,80,00,00,00,00,00,00,00,00,00,00,00,00,3F,00,FF,00,20,36,0F,00,10,36,36,0F,00,10,36,17,27,0F,0403,00EA,0000,0302,00000000,0000,0018,00000400,00000003,00000000,000004F8,C000008C,00000200,00000000,0000FFFF,00FF0000,00000302,00000000,00000000,00000000,00000000,00000000,00FFFDA6,2600
140,genesis,zelda_v540,00097A,1B,1B,8D,64,01,00,00,00,00,00,00,01,00,00,00,00,00,00,00,00,00,00,00,00,00,00,B0,00,00,00,00,00,00,00,00,00,00,00,00,00,00,00,00,80,00,00,00,00,00,00,00,00,00,00,00,00,3F,00,FF,00,20,36,0F,00,10,36,36,0F,00,10,36,17,27,0F,0403,00EA,0000,0302,00000000,0000,0018,00000400,00000003,00000000,000005AC,C0000500,00008D1B,00000000,0000FFFF,00FF0000,00000302,00000000,00000000,00000000,00000000,00000000,00FFFDA2,2604
141,genesis,zelda_v540,00C1D0,D0,D0,8D,AF,00,00,00,00,00,00,00,01,00,00,00,00,00,00,00,00,00,00,00,00,00,00,B0,00,00,00,00,00,00,00,00,00,00,00,00,00,00,00,00,80,00,00,00,00,00,00,00,00,00,00,00,00,3F,00,FF,00,20,36,0F,00,10,36,36,0F,00,10,36,17,27,0F,0403,00EA,0000,0302,00000000,0000,0018,00000400,00000003,00000000,00000661,C0000000,00008DD0,00000000,0000FFFF,00FF0000,00000302,00000000,00000000,00000000,00000000,00000000,00FFFDA6,2604
142,genesis,zelda_v540,000FCC,82,82,8E,DD,00,00,00,00,00,00,00,01,00,00,00,00,00,00,00,00,00,00,00,00,00,00,B0,00,00,00,00,00,00,00,00,00,00,00,00,00,00,00,00,80,00,00,00,00,00,00,00,00,00,00,00,00,3F,00,FF,00,20,36,0F,00,10,36,36,0F,00,10,36,17,27,0F,0403,00EC,0000,0302,00000000,0000,0018,00000400,00000005,00000000,00002022,C0002022,00008E82,00000000,0000FFFF,00FF0000,00000302,00000000,00000000,00000000,00000000,00000000,00FFFD76,2600
143,genesis,zelda_v540,00C1D0,1E,1E,8F,41,00,00,00,00,00,00,00,01,00,00,00,00,00,00,00,00,00,00,00,00,00,00,B0,00,00,00,00,00,00,00,00,00,00,00,00,00,00,00,00,80,00,00,00,00,00,00,00,00,00,00,00,00,3F,00,FF,00,20,36,0F,00,10,36,36,0F,00,10,36,17,27,0F,0403,00EC,0000,0302,00000000,0000,0018,00000400,00000005,00000000,000020BE,C0000000,00008F1E,00000000,0000FFFF,00FF0000,00000302,00000000,00000000,00000000,00000000,00000000,00FFFDA6,2604
144,genesis,zelda_v540,001232,5F,5F,8F,00,00,00,00,00,00,00,00,01,00,00,00,00,00,00,00,00,00,00,00,00,00,00,B0,00,00,00,00,00,00,00,00,00,00,00,00,00,00,00,00,80,00,00,00,00,00,00,00,00,00,00,00,00,3F,00,FF,00,20,36,0F,00,10,36,36,0F,00,10,36,17,27,0F,0403,00EC,0000,0302,00000000,0000,0018,00000000,00000000,00000000,00000000,00000000,00000000,00000001,000001F0,00FFC0F0,00FFC0F7,00FFC0FF,00001278,00000000,00000000,00000000,00FFFD6E,2604
145,genesis,zelda_v540,001238,5F,5F,8F,00,00,00,00,00,00,00,00,01,00,00,00,00,00,00,00,00,00,00,00,00,00,00,B0,00,00,00,00,00,00,00,00,00,00,00,00,00,00,00,00,80,00,00,00,00,00,00,00,00,00,00,00,00,3F,00,FF,00,20,36,0F,00,10,36,36,0F,00,10,36,17,27,0F,0403,00EC,0000,0302,00000000,0000,0018,00000000,00000000,00000000,00000000,00000000,00000000,00000000,000001D5,00FFC2A0,00FFC2A8,00FFC2B0,00001278,00000000,00000000,00000000,00FFFD6E,2604
146,genesis,zelda_v540,001236,5F,5F,8F,00,00,00,00,00,00,00,00,01,00,00,00,00,00,00,00,00,00,00,00,00,00,00,B0,00,00,00,00,00,00,00,00,00,00,00,00,00,00,00,00,80,00,00,00,00,00,00,00,00,00,00,00,00,3F,00,FF,00,20,36,0F,00,10,36,36,0F,00,10,36,17,27,0F,0403,00EC,0000,0302,00000000,0000,0018,00000000,00000000,00000000,00000000,00000000,00000000,00000007,000001B9,00FFC460,00FFC461,00FFC469,00001278,00000000,00000000,00000000,00FFFD6E,2604
147,genesis,zelda_v540,001242,5F,5F,8F,00,00,00,00,00,00,00,00,01,00,00,00,00,00,00,00,00,00,00,00,00,00,00,B0,00,00,00,00,00,00,00,00,00,00,00,00,00,00,00,00,80,00,00,00,00,00,00,00,00,00,00,00,00,3F,00,FF,00,20,36,0F,00,10,36,36,0F,00,10,36,17,27,0F,0403,00EC,0000,0302,00000000,0000,0018,00000000,00000000,00000000,00000000,00000000,00000000,00000006,0000019E,00FFC610,00FFC612,00FFC61A,00001278,00000000,00000000,00000000,00FFFD6E,2604
148,genesis,zelda_v540,00124E,5F,5F,8F,00,00,00,00,00,00,00,00,01,00,00,00,00,00,00,00,00,00,00,00,00,00,00,B0,00,00,00,00,00,00,00,00,00,00,00,00,00,00,00,00,80,00,00,00,00,00,00,00,00,00,00,00,00,3F,00,FF,00,20,36,0F,00,10,36,36,0F,00,10,36,17,27,0F,0403,00EC,0000,0302,00000000,0000,0018,00000000,00000010,00000001,00000000,00000000,00000000,00000005,00000183,00FFC7C0,00FFC7C3,00FFC7CB,00001278,00000000,00000000,00000000,00FFFD6E,2604
149,genesis,zelda_v540,001252,5F,5F,8F,00,00,00,00,00,00,00,00,01,00,00,00,00,00,00,00,00,00,00,00,00,00,00,B0,00,00,00,00,00,00,00,00,00,00,00,00,00,00,00,00,80,00,00,00,00,00,00,00,00,00,00,00,00,3F,00,FF,00,20,36,0F,00,10,36,36,0F,00,10,36,17,27,0F,0403,00EC,0000,0302,00000000,0000,0018,00000000,00000000,00000000,00000000,00000000,00000000,00000004,00000168,00FFC970,00FFC974,00FFC97C,00001278,00000000,00000000,00000000,00FFFD6E,2604
150,genesis,zelda_v540,001258,5F,5F,8F,00,00,00,00,00,00,00,00,01,00,00,00,00,00,00,00,00,00,00,00,00,00,00,B0,00,00,00,00,00,00,00,00,00,00,00,00,00,00,00,00,80,00,00,00,00,00,00,00,00,00,00,00,00,3F,00,FF,00,20,36,0F,00,10,36,36,0F,00,10,36,17,27,0F,0403,00EC,0000,0302,00000000,0000,0018,000000C0,00000000,00011111,00000003,00000003,00000000,00000003,0000014D,00FFCB20,00FFCB25,00FFCB2D,00001278,00000000,00000000,00000000,00FFFD6E,2619
151,genesis,zelda_v540,001264,5F,5F,8F,00,00,00,00,00,00,00,00,01,00,00,00,00,00,00,00,00,00,00,00,00,00,00,B0,00,00,00,00,00,00,00,00,00,00,00,00,00,00,00,00,80,00,00,00,00,00,00,00,00,00,00,00,00,3F,00,FF,00,20,36,0F,00,10,36,36,0F,00,10,36,17,27,0F,0403,00EC,0000,0302,00000000,0000,0018,00000000,00000000,00000000,00000000,00000000,00000000,00000002,00000132,00FFCCD0,00FFCCD6,00FFCCDE,00001278,00000000,00000000,00000000,00FFFD6E,2604
152,genesis,zelda_v540,00126E,5F,5F,8F,00,00,00,00,00,00,00,00,01,00,00,00,00,00,00,00,00,00,00,00,00,00,00,B0,00,00,00,00,00,00,00,00,00,00,00,00,00,00,00,00,80,00,00,00,00,00,00,00,00,00,00,00,00,3F,00,FF,00,20,36,0F,00,10,36,36,0F,00,10,36,17,27,0F,0403,00EC,0000,0302,00000000,0000,0018,00000000,00000040,00220222,00000004,00000000,00000000,00000001,00000117,00FFCE80,00FFCE87,00FFCE8F,00001278,00000000,00000000,00000000,00FFFD6E,2604
153,genesis,zelda_v540,001276,5F,5F,8F,00,00,00,00,00,00,00,00,01,00,00,00,00,00,00,00,00,00,00,00,00,00,00,B0,00,00,00,00,00,00,00,00,00,00,00,00,00,00,00,00,80,00,00,00,00,00,00,00,00,00,00,00,00,3F,00,FF,00,20,36,0F,00,10,36,36,0F,00,10,36,17,27,0F,0403,00EC,0000,0302,00000000,0000,0018,00000000,00000000,00000000,00000000,00000000,00000000,00000000,000000FC,00FFD030,00FFD038,00FFD040,00001278,00000000,00000000,00000000,00FFFD6E,2604
154,genesis,zelda_v540,001272,5F,5F,8F,00,00,00,00,00,00,00,00,01,00,00,00,00,00,00,00,00,00,00,00,00,00,00,B0,00,00,00,00,00,00,00,00,00,00,00,00,00,00,00,00,80,00,00,00,00,00,00,00,00,00,00,00,00,3F,00,FF,00,20,36,0F,00,10,36,36,0F,00,10,36,17,27,0F,0403,00EC,0000,0302,00000000,0000,0018,00000080,00000000,11000100,00000002,00000002,00000000,00000007,000000E0,00FFD1F0,00FFD1F1,00FFD1F9,00001278,00000000,00000000,00000000,00FFFD6E,2600
155,genesis,zelda_v540,0010D8,5F,5F,8F,00,00,00,00,00,00,00,00,01,00,00,00,00,00,00,00,00,00,00,00,00,00,00,B0,00,00,00,00,00,00,00,00,00,00,00,00,00,00,00,00,80,00,00,00,00,00,00,00,00,00,00,00,00,3F,00,FF,00,20,36,0F,00,10,36,36,0F,00,10,36,17,27,0F,0403,00EC,0000,0302,00000000,0000,0018,00000000,00000000,00000000,00000000,00000000,00000000,00000006,000000C5,00FFD3A0,00FFD3A2,00FFD3AA,00001278,00000000,00000000,00000000,00FFFD72,2604
156,genesis,zelda_v540,0010CA,5F,5F,8F,00,00,00,00,00,00,00,00,01,00,00,00,00,00,00,00,00,00,00,00,00,00,00,B0,00,00,00,00,00,00,00,00,00,00,00,00,00,00,00,00,80,00,00,00,00,00,00,00,00,00,00,00,00,3F,00,FF,00,20,36,0F,00,10,36,36,0F,00,10,36,17,27,0F,0403,00EC,0000,0302,00000000,0000,0018,00000000,00000000,00000000,00000000,00000000,00000000,00000004,000000AA,00FFD550,00FFD553,00FFD55B,00001278,00000000,00000000,00000000,00FFFD72,2604
157,genesis,zelda_v540,0011F8,5F,5F,8F,00,00,00,00,00,00,00,00,01,00,00,00,00,00,00,00,00,00,00,00,00,00,00,B0,00,00,00,00,00,00,00,00,00,00,00,00,00,00,00,00,80,00,00,00,00,00,00,00,00,00,00,00,00,3F,00,FF,00,20,36,0F,00,10,36,36,0F,00,10,36,17,27,0F,0403,00EC,0000,0302,00000000,0000,0018,00000000,00000000,00000000,00000000,00000000,00000000,00000003,0000008F,00FFD700,00FFD705,00FFD70D,00001278,00000000,00000000,00000000,00FFFD6E,2604
158,genesis,zelda_v540,001204,5F,5F,8F,00,00,00,00,00,00,00,00,01,00,00,00,00,00,00,00,00,00,00,00,00,00,00,B0,00,00,00,00,00,00,00,00,00,00,00,00,00,00,00,00,80,00,00,00,00,00,00,00,00,00,00,00,00,3F,00,FF,00,20,36,0F,00,10,36,36,0F,00,10,36,17,27,0F,0403,00EC,0000,0302,00000000,0000,0018,00000080,00000000,00000000,00000000,00000000,00000000,00000002,00000074,00FFD8B0,00FFD8B6,00FFD8BE,00001278,00000000,00000000,00000000,00FFFD6E,2604
159,genesis,zelda_v540,00120E,5F,5F,8F,00,00,00,00,00,00,00,00,01,00,00,00,00,00,00,00,00,00,00,00,00,00,00,B0,00,00,00,00,00,00,00,00,00,00,00,00,00,00,00,00,80,00,00,00,00,00,00,00,00,00,00,00,00,3F,00,FF,00,20,36,0F,00,10,36,36,0F,00,10,36,17,27,0F,0403,00EC,0000,0302,00000000,0000,0018,000000FF,00000000,00000000,00000000,00000003,00000000,00000001,00000059,00FFDA60,00FFDA67,00FFDA6F,00001278,00000000,00000000,00000000,00FFFD6E,2600
160,genesis,zelda_v540,001216,5F,5F,8F,00,00,00,00,00,00,00,00,01,00,00,00,00,00,00,00,00,00,00,00,00,00,00,B0,00,00,00,00,00,00,00,00,00,00,00,00,00,00,00,00,80,00,00,00,00,00,00,00,00,00,00,00,00,3F,00,FF,00,20,36,0F,00,10,36,36,0F,00,10,36,17,27,0F,0403,00EC,0000,0302,00000000,0000,0018,00000000,00000000,00000000,00000000,00000000,00000000,00000000,0000003E,00FFDC10,00FFDC18,00FFDC20,00001278,00000000,00000000,00000000,00FFFD6E,2604
161,genesis,zelda_v540,001216,5F,5F,8F,00,00,00,00,00,00,00,00,01,00,00,00,00,00,00,00,00,00,00,00,00,00,00,B0,00,00,00,00,00,00,00,00,00,00,00,00,00,00,00,00,80,00,00,00,00,00,00,00,00,00,00,00,00,3F,00,FF,00,20,36,0F,00,10,36,36,0F,00,10,36,17,27,0F,0403,00EC,0000,0302,00000000,0000,0018,000000EE,00000011,00000011,00000003,00000003,00000000,00000007,00000022,00FFDDD0,00FFDDD1,00FFDDD9,00001278,00000000,00000000,00000000,00FFFD6E,2600
162,genesis,zelda_v540,00121C,5F,5F,8F,00,00,00,00,00,00,00,00,01,00,00,00,00,00,00,00,00,00,00,00,00,00,00,B0,00,00,00,00,00,00,00,00,00,00,00,00,00,00,00,00,80,00,00,00,00,00,00,00,00,00,00,00,00,3F,00,FF,00,20,36,0F,00,10,36,36,0F,00,10,36,17,27,0F,0403,00EC,0000,0302,00000000,0000,0018,00000000,00000000,00000000,00000000,00000000,00000000,00000006,00000007,00FFDF80,00FFDF82,00FFDF8A,00001278,00000000,00000000,00000000,00FFFD6E,2604
163,genesis,zelda_v540,0011F8,5F,5F,8F,00,00,00,00,00,00,00,00,01,00,00,00,00,00,00,00,00,00,00,00,00,00,00,B0,00,00,00,00,00,00,00,00,00,00,00,00,00,00,00,00,80,00,00,00,00,00,00,00,00,00,00,00,00,3F,00,FF,00,20,36,0F,00,10,36,36,0F,00,10,36,17,27,0F,0403,00EC,0000,0302,00000000,0000,0018,00000000,00000000,00000000,00000000,00000000,00000000,00000005,000001EC,00FFC130,00FFC133,00FFC13B,00001288,00000000,00000000,00000000,00FFFD6E,2604
164,genesis,zelda_v540,001204,5F,5F,8F,00,00,00,00,00,00,00,00,01,00,00,00,00,00,00,00,00,00,00,00,00,00,00,B0,00,00,00,00,00,00,00,00,00,00,00,00,00,00,00,00,80,00,00,00,00,00,00,00,00,00,00,00,00,3F,00,FF,00,20,36,0F,00,10,36,36,0F,00,10,36,17,27,0F,0403,00EC,0000,0302,00000000,0000,0018,00000000,00000000,00000000,00000000,00000000,00000000,00000004,000001D1,00FFC2E0,00FFC2E4,00FFC2EC,00001288,00000000,00000000,00000000,00FFFD6E,2604
165,genesis,zelda_v540,00120E,5F,5F,8F,00,00,00,00,00,00,00,00,01,00,00,00,00,00,00,00,00,00,00,00,00,00,00,B0,00,00,00,00,00,00,00,00,00,00,00,00,00,00,00,00,80,00,00,00,00,00,00,00,00,00,00,00,00,3F,00,FF,00,20,36,0F,00,10,36,36,0F,00,10,36,17,27,0F,0403,00EC,0000,0302,00000000,0000,0018,00000000,00000000,00000000,00000000,00000000,00000000,00000003,000001B6,00FFC490,00FFC495,00FFC49D,00001288,00000000,00000000,00000000,00FFFD6E,2604
166,genesis,zelda_v540,001216,5F,5F,8F,00,00,00,00,00,00,00,00,01,00,00,00,00,00,00,00,00,00,00,00,00,00,00,B0,00,00,00,00,00,00,00,00,00,00,00,00,00,00,00,00,80,00,00,00,00,00,00,00,00,00,00,00,00,3F,00,FF,00,20,36,0F,00,10,36,36,0F,00,10,36,17,27,0F,0403,00EC,0000,0302,00000000,0000,0018,00000000,00000000,00000000,00000000,00000000,00000000,00000002,0000019B,00FFC640,00FFC646,00FFC64E,00001288,00000000,00000000,00000000,00FFFD6E,2604
167,genesis,zelda_v540,00121C,5F,5F,8F,00,00,00,00,00,00,00,00,01,00,00,00,00,00,00,00,00,00,00,00,00,00,00,B0,00,00,00,00,00,00,00,00,00,00,00,00,00,00,00,00,80,00,00,00,00,00,00,00,00,00,00,00,00,3F,00,FF,00,20,36,0F,00,10,36,36,0F,00,10,36,17,27,0F,0403,00EC,0000,0302,00000000,0000,0018,00000060,00000000,00000000,00000000,00000000,00000000,00000001,00000180,00FFC7F0,00FFC7F7,00FFC7FF,00001288,00000000,00000000,00000000,00FFFD6E,2604
168,genesis,zelda_v540,001228,5F,5F,8F,00,00,00,00,00,00,00,00,01,00,00,00,00,00,00,00,00,00,00,00,00,00,00,B0,00,00,00,00,00,00,00,00,00,00,00,00,00,00,00,00,80,00,00,00,00,00,00,00,00,00,00,00,00,3F,00,FF,00,20,36,0F,00,10,36,36,0F,00,10,36,17,27,0F,0403,00EC,0000,0302,00000000,0000,0018,00000004,000000FC,00000006,0000000C,00000004,00000000,00000000,00000165,00FFC9A0,00FFC9A8,00FFC9B0,00001288,00000000,00000000,00000000,00FFFD6E,2600
169,genesis,zelda_v540,001226,5F,5F,8F,00,00,00,00,00,00,00,00,01,00,00,00,00,00,00,00,00,00,00,00,00,00,00,B0,00,00,00,00,00,00,00,00,00,00,00,00,00,00,00,00,80,00,00,00,00,00,00,00,00,00,00,00,00,3F,00,FF,00,20,36,0F,00,10,36,36,0F,00,10,36,17,27,0F,0403,00EC,0000,0302,00000000,0000,0018,00000000,00000000,00000000,00000000,00000000,00000000,00000007,00000149,00FFCB60,00FFCB61,00FFCB69,00001288,00000000,00000000,00000000,00FFFD6E,2604
170,genesis,zelda_v540,001230,5F,5F,8F,00,00,00,00,00,00,00,00,01,00,00,00,00,00,00,00,00,00,00,00,00,00,00,B0,00,00,00,00,00,00,00,00,00,00,00,00,00,00,00,00,80,00,00,00,00,00,00,00,00,00,00,00,00,3F,00,FF,00,20,36,0F,00,10,36,36,0F,00,10,36,17,27,0F,0403,00EC,0000,0302,00000000,0000,0018,00000020,000000E4,00000007,0000000C,00000000,00000000,00000006,0000012E,00FFCD10,00FFCD12,00FFCD1A,00001288,00000000,00000000,00000000,00FFFD6E,2600
171,genesis,zelda_v540,001236,5F,5F,8F,00,00,00,00,00,00,00,00,01,00,00,00,00,00,00,00,00,00,00,00,00,00,00,B0,00,00,00,00,00,00,00,00,00,00,00,00,00,00,00,00,80,00,00,00,00,00,00,00,00,00,00,00,00,3F,00,FF,00,20,36,0F,00,10,36,36,0F,00,10,36,17,27,0F,0403,00EC,0000,0302,00000000,0000,0018,00000000,000000FC,00006666,0000000C,00000000,00000000,00000005,00000113,00FFCEC0,00FFCEC3,00FFCECB,00001288,00000000,00000000,00000000,00FFFD6E,2600
172,genesis,zelda_v540,00123E,5F,5F,8F,00,00,00,00,00,00,00,00,01,00,00,00,00,00,00,00,00,00,00,00,00,00,00,B0,00,00,00,00,00,00,00,00,00,00,00,00,00,00,00,00,80,00,00,00,00,00,00,00,00,00,00,00,00,3F,00,FF,00,20,36,0F,00,10,36,36,0F,00,10,36,17,27,0F,0403,00EC,0000,0302,00000000,0000,0018,00000080,00000000,00000005,00000000,00000001,00000000,00000004,000000F8,00FFD070,00FFD074,00FFD07C,00001288,00000000,00000000,00000000,00FFFD6E,2604
173,genesis,zelda_v540,00124C,5F,5F,8F,00,00,00,00,00,00,00,00,01,00,00,00,00,00,00,00,00,00,00,00,00,00,00,B0,00,00,00,00,00,00,00,00,00,00,00,00,00,00,00,00,80,00,00,00,00,00,00,00,00,00,00,00,00,3F,00,FF,00,20,36,0F,00,10,36,36,0F,00,10,36,17,27,0F,0403,00EC,0000,0302,00000000,0000,0018,00000080,00000000,00000005,00000000,00000080,00000000,00000003,000000DD,00FFD220,00FFD225,00FFD22D,00001288,00000000,00000000,00000000,00FFFD6E,2600
174,genesis,zelda_v540,001252,5F,5F,8F,00,00,00,00,00,00,00,00,01,00,00,00,00,00,00,00,00,00,00,00,00,00,00,B0,00,00,00,00,00,00,00,00,00,00,00,00,00,00,00,00,80,00,00,00,00,00,00,00,00,00,00,00,00,3F,00,FF,00,20,36,0F,00,10,36,36,0F,00,10,36,17,27,0F,0403,00EC,0000,0302,00000000,0000,0018,00000000,00000000,00000000,00000000,00000000,00000000,00000002,000000C2,00FFD3D0,00FFD3D6,00FFD3DE,00001288,00000000,00000000,00000000,00FFFD6E,2604
175,genesis,zelda_v540,001258,5F,5F,8F,00,00,00,00,00,00,00,00,01,00,00,00,00,00,00,00,00,00,00,00,00,00,00,B0,00,00,00,00,00,00,00,00,00,00,00,00,00,00,00,00,80,00,00,00,00,00,00,00,00,00,00,00,00,3F,00,FF,00,20,36,0F,00,10,36,36,0F,00,10,36,17,27,0F,0403,00EC,0000,0302,00000000,0000,0018,00000000,00000000,00000000,00000000,00000000,00000000,00000001,000000A7,00FFD580,00FFD587,00FFD58F,00001288,00000000,00000000,00000000,00FFFD6E,2604
176,genesis,zelda_v540,001264,5F,5F,8F,00,00,00,00,00,00,00,00,01,00,00,00,00,00,00,00,00,00,00,00,00,00,00,B0,00,00,00,00,00,00,00,00,00,00,00,00,00,00,00,00,80,00,00,00,00,00,00,00,00,00,00,00,00,3F,00,FF,00,20,36,0F,00,10,36,36,0F,00,10,36,17,27,0F,0403,00EC,0000,0302,00000000,0000,0018,00000000,00000000,00000000,00000000,00000000,00000000,00000000,0000008C,00FFD730,00FFD738,00FFD740,00001288,00000000,00000000,00000000,00FFFD6E,2604
177,genesis,zelda_v540,001262,5F,5F,8F,00,00,00,00,00,00,00,00,01,00,00,00,00,00,00,00,00,00,00,00,00,00,00,B0,00,00,00,00,00,00,00,00,00,00,00,00,00,00,00,00,80,00,00,00,00,00,00,00,00,00,00,00,00,3F,00,FF,00,20,36,0F,00,10,36,36,0F,00,10,36,17,27,0F,0403,00EC,0000,0302,00000000,0000,0018,000000C0,000000C0,00777777,000000C0,00000003,00000000,00000007,00000070,00FFD8F0,00FFD8F1,00FFD8F9,00001288,00000000,00000000,00000000,00FFFD6E,2610
178,genesis,zelda_v540,00126E,5F,5F,8F,00,00,00,00,00,00,00,00,01,00,00,00,00,00,00,00,00,00,00,00,00,00,00,B0,00,00,00,00,00,00,00,00,00,00,00,00,00,00,00,00,80,00,00,00,00,00,00,00,00,00,00,00,00,3F,00,FF,00,20,36,0F,00,10,36,36,0F,00,10,36,17,27,0F,0403,00EC,0000,0302,00000000,0000,0018,000000C0,000000C0,00555555,0000000C,00000003,00000000,00000006,00000055,00FFDAA0,00FFDAA2,00FFDAAA,00001288,00000000,00000000,00000000,00FFFD6E,2600
179,genesis,zelda_v540,001272,5F,5F,8F,00,00,00,00,00,00,00,00,01,00,00,00,00,00,00,00,00,00,00,00,00,00,00,B0,00,00,00,00,00,00,00,00,00,00,00,00,00,00,00,00,80,00,00,00,00,00,00,00,00,00,00,00,00,3F,00,FF,00,20,36,0F,00,10,36,36,0F,00,10,36,17,27,0F,0403,00EC,0000,0302,00000000,0000,0018,00000080,00000080,67666600,0000000A,00000002,00000000,00000005,0000003A,00FFDC50,00FFDC53,00FFDC5B,00001288,00000000,00000000,00000000,00FFFD6E,2600
180,genesis,zelda_v540,00110E,5F,5F,8F,00,00,00,00,00,00,00,00,01,00,00,00,00,00,00,00,00,00,00,00,00,00,00,B0,00,00,00,00,00,00,00,00,00,00,00,00,00,00,00,00,80,00,00,00,00,00,00,00,00,00,00,00,00,3F,00,FF,00,20,36,0F,00,10,36,36,0F,00,10,36,17,27,0F,0403,00EC,0000,0302,00000000,0000,0018,000000C0,00000080,77557775,0000000B,00000003,00000000,00000004,0000001F,00FFDE00,00FFDE04,00FFDE0C,00001288,00000000,00000000,00000000,00FFFD72,2600
181,genesis,zelda_v540,001104,5F,5F,8F,00,00,00,00,00,00,00,00,01,00,00,00,00,00,00,00,00,00,00,00,00,00,00,B0,00,00,00,00,00,00,00,00,00,00,00,00,00,00,00,00,80,00,00,00,00,00,00,00,00,00,00,00,00,3F,00,FF,00,20,36,0F,00,10,36,36,0F,00,10,36,17,27,0F,0403,00EC,0000,0302,00000000,0000,0018,00000000,00000080,77777770,0000000A,00000002,00000000,00000002,00000004,00FFDFB0,00FFDFB5,00FFDFBD,00001288,00000000,00000000,00000000,00FFFD72,2604
182,genesis,zelda_v540,001316,00,00,03,00,00,00,00,00,00,00,00,02,00,00,00,00,00,00,00,00,A5,00,00,00,00,1E,B0,00,00,00,00,00,00,00,00,00,00,00,00,00,00,00,00,80,00,00,00,00,00,00,00,00,00,00,00,00,3F,00,FF,00,20,36,0F,00,10,36,36,0F,00,10,36,17,27,0F,0421,0100,0000,0302,00000000,0000,001A,0000C100,41000002,00000000,0000C13C,0000005F,00000000,0000005F,0000001F,00FF8200,00000302,00000000,00000000,00000000,00000000,00000000,00FFFD7A,2614
183,genesis,zelda_v540,000F88,00,00,03,00,00,00,00,00,00,00,00,02,00,00,00,00,00,00,00,00,A5,00,00,00,00,1E,B0,00,00,00,00,00,00,00,00,00,00,00,00,00,00,00,00,80,00,00,00,00,00,00,00,00,00,00,00,00,3F,00,FF,00,20,36,0F,00,10,36,36,0F,00,10,36,17,27,0F,0421,0100,0000,0302,00000000,0000,001A,0000C41A,44000008,00000124,0000C41A,0000010D,00000000,00000124,0000000D,00FF8200,00000302,00000000,00000000,00000000,00000000,00000000,00FFFD7E,2600
184,genesis,zelda_v540,00131A,00,00,03,00,00,00,00,00,00,00,00,02,00,00,00,00,00,00,00,00,A5,00,00,00,00,1E,B0,00,00,00,00,00,00,00,00,00,00,00,00,00,00,00,00,80,00,00,00,00,00,00,00,00,00,00,00,00,3F,00,FF,00,20,36,0F,00,10,36,36,0F,00,10,36,17,27,0F,0421,0100,0000,0302,00000000,0000,001A,0000C600,4680000D,00000024,0000C6B8,000001BD,00000000,000001BD,0000001D,00FF8200,00000302,00000000,00000000,00000000,00000000,00000000,00FFFD7A,2619
185,genesis,zelda_v540,0013A4,00,00,03,00,00,00,00,00,00,00,00,02,00,00,00,00,00,00,00,00,A5,00,00,00,00,1E,B0,00,00,00,00,00,00,00,00,00,00,00,00,00,00,00,00,80,00,00,00,00,00,00,00,00,00,00,00,00,3F,00,FF,00,20,36,0F,00,10,36,36,0F,00,10,36,17,27,0F,0421,0100,0000,0302,00000000,0000,001A,0000C996,49800013,00000124,0000C996,0000026B,00000000,00000124,0000000B,00FF8200,00000302,00000000,00000000,00000000,00000000,00000000,00FFFD7A,2608
186,genesis,zelda_v540,0013BE,00,00,03,00,00,00,00,00,00,00,00,02,00,00,00,00,00,00,00,00,A5,00,00,00,00,1E,B0,00,00,00,00,00,00,00,00,00,00,00,00,00,00,00,00,80,00,00,00,00,00,00,00,00,00,00,00,00,3F,00,FF,00,20,36,0F,00,10,36,36,0F,00,10,36,17,27,0F,0421,0100,0000,0302,00000000,0000,001A,0000CC34,4C000018,00000124,0000CC34,0000031A,00000000,00002124,0000001A,00FF8200,00000302,00000000,00000000,00000000,00000000,00000000,00FFFD7A,2600
187,genesis,zelda_v540,000E46,00,00,03,00,00,00,00,00,00,00,00,02,00,00,00,00,00,00,00,00,A5,00,00,00,00,1E,B0,00,00,00,00,00,00,00,00,00,00,00,00,00,00,00,00,80,00,00,00,00,00,00,00,00,00,00,00,00,3F,00,FF,00,20,36,0F,00,10,36,36,0F,00,10,36,17,27,0F,0421,0100,0000,0302,00000000,0000,001A,00000008,00000025,00000000,00000001,00000009,00000002,00000A00,0000FFFF,00FF9200,00000E92,00000000,00000000,00000000,00000000,00000000,00FFFD92,2600
188,genesis,zelda_v540,0017E2,20,20,24,00,00,00,00,00,00,00,00,03,00,00,00,00,00,00,00,00,A5,00,00,00,00,00,B0,00,00,00,00,00,00,00,00,00,00,00,00,00,00,00,00,80,00,00,00,00,00,00,00,00,00,00,00,00,3F,00,FF,00,20,36,0F,00,10,36,36,0F,00,10,36,17,27,0F,0403,0115,0000,0302,00000000,0000,001C,00000424,00000004,00000068,00002098,C0002000,00000302,00000000,0000FFFF,00FF0200,0000D1AE,00000000,00000000,00000000,00000000,00000000,00FFFDA2,2600
189,genesis,zelda_v540,000960,20,20,24,00,00,00,00,00,00,00,00,03,00,00,00,00,00,00,00,00,A5,00,00,00,00,00,B0,00,00,00,00,00,00,00,00,00,00,00,00,00,00,00,00,80,00,00,00,00,00,00,00,00,00,00,00,00,3F,00,FF,00,20,36,0F,00,10,36,36,0F,00,10,36,17,27,0F,0403,0115,0000,0302,00000000,0000,001C,00000424,00000003,0000008C,00002174,C0002100,00000302,00000000,0000FFFF,00FF0200,0000D1AE,00000000,00000000,00000000,00000000,00000000,00FFFD7A,2609
190,genesis,zelda_v540,000968,20,20,24,00,00,00,00,00,00,00,00,03,00,00,00,00,00,00,00,00,A5,00,00,00,00,00,B0,00,00,00,00,00,00,00,00,00,00,00,00,00,00,00,00,80,00,00,00,00,00,00,00,00,00,00,00,00,3F,00,FF,00,20,36,0F,00,10,36,36,0F,00,10,36,17,27,0F,0403,0115,0000,0302,00000000,0000,001C,00000424,00000002,000000A3,0000225D,C0002200,00000302,00000000,0000FFFF,00FF0200,0000D1AE,00000000,00000000,00000000,00000000,00000000,00FFFD9E,2604
191,genesis,zelda_v540,000F5C,20,20,24,00,00,00,00,00,00,00,00,03,00,00,00,00,00,00,00,00,A5,00,00,00,00,00,B0,00,00,00,00,00,00,00,00,00,00,00,00,00,00,00,00,80,00,00,00,00,00,00,00,00,00,00,00,00,3F,00,FF,00,20,36,0F,00,10,36,36,0F,00,10,36,17,27,0F,0403,0115,0000,0302,00000000,0000,001C,00000424,00000001,000000C2,0000233E,C0002300,00000302,00000000,0000FFFF,00FF0200,0000D1AE,00000000,00000000,00000000,00000000,00000000,00FFFD9A,2604
192,genesis,zelda_v540,000FE2,20,20,24,00,00,00,00,00,00,00,00,03,00,00,00,00,00,00,00,00,A5,00,00,00,00,00,B0,00,00,00,00,00,00,00,00,00,00,00,00,00,00,00,00,80,00,00,00,00,00,00,00,00,00,00,00,00,3F,00,FF,00,20,36,0F,00,10,36,36,0F,00,10,36,17,27,0F,0403,0117,0000,0302,00000000,0000,001C,00000400,0000001E,00000000,000022E2,C00002E2,00000302,00000000,0000FFFF,00FF0200,0000D1AE,00000000,00000000,00000000,00000000,00000000,00FFFD76,2600
193,genesis,zelda_v540,000968,28,28,24,00,00,00,00,00,00,00,00,03,00,00,00,00,00,00,00,00,A5,00,00,00,00,00,B0,00,00,00,00,00,00,00,00,00,00,00,00,00,00,00,00,80,00,00,00,00,00,00,00,00,00,00,00,00,3F,00,FF,00,20,36,0F,00,10,36,36,0F,00,10,36,17,27,0F,0403,0119,0000,0302,00000000,0000,001C,00000424,00000004,0000003B,000028C5,C0002800,00000302,00000000,0000FFFF,00FF0200,0000D1AE,00000000,00000000,00000000,00000000,00000000,00FFFDA2,2604
194,genesis,zelda_v540,000954,28,28,24,00,00,00,00,00,00,00,00,03,00,00,00,00,00,00,00,00,A5,00,00,00,00,00,B0,00,00,00,00,00,00,00,00,00,00,00,00,00,00,00,00,80,00,00,00,00,00,00,00,00,00,00,00,00,3F,00,FF,00,20,36,0F,00,10,36,36,0F,00,10,36,17,27,0F,0403,0119,0000,0302,00000000,0000,001C,00000424,00000003,00000051,000029AF,C0002900,00000302,00000000,0000FFFF,00FF0200,0000D1AE,00000000,00000000,00000000,00000000,00000000,00FFFDA2,2600
195,genesis,zelda_v540,000964,28,28,24,00,00,00,00,00,00,00,00,03,00,00,00,00,00,00,00,00,A5,00,00,00,00,00,B0,00,00,00,00,00,00,00,00,00,00,00,00,00,00,00,00,80,00,00,00,00,00,00,00,00,00,00,00,00,3F,00,FF,00,20,36,0F,00,10,36,36,0F,00,10,36,17,27,0F,0403,0119,0000,0302,00000000,0000,001C,00000424,00000002,00000068,00002A98,C0000298,00000302,00000000,0000FFFF,00FF8200,0000D1AE,00000000,00000000,00000000,00000000,00000000,00FFFD7E,2604
196,genesis,zelda_v540,000F4C,28,28,24,00,00,00,00,00,00,00,00,03,00,00,00,00,00,00,00,00,A5,00,00,00,00,00,B0,00,00,00,00,00,00,00,00,00,00,00,00,00,00,00,00,80,00,00,00,00,00,00,00,00,00,00,00,00,3F,00,FF,00,20,36,0F,00,10,36,36,0F,00,10,36,17,27,0F,0403,0119,0000,0302,00000000,0000,001C,00000424,00000001,00000087,00002B79,C0002B00,00000302,00000000,0000FFFF,00FF0200,0000D1AE,00000000,00000000,00000000,00000000,00000000,00FFFD9E,2600
197,genesis,zelda_v540,000B06,28,28,24,00,00,00,00,00,00,00,00,03,00,00,00,00,00,00,00,00,A5,00,00,00,00,00,B0,00,00,00,00,00,00,00,01,00,00,00,00,00,00,00,00,80,00,00,00,00,00,00,00,00,00,00,00,00,3F,00,FF,00,20,36,0F,00,10,36,36,0F,00,10,36,17,27,0F,0421,011D,0000,0302,00000000,0000,001C,0000001A,00000024,00000000,000036F8,C0008100,00000300,00000000,00000025,00FF0200,00FF026C,00000000,00000000,00000000,00000000,00000000,00FFFDB2,2614
198,genesis,zelda_v540,000F54,00,00,03,00,00,00,00,00,00,00,00,04,00,00,00,00,00,00,00,00,A5,00,00,00,00,00,B0,00,00,00,00,00,00,00,02,00,00,00,00,00,00,00,00,80,00,00,00,00,00,00,00,00,00,00,00,00,23,23,3F,00,20,36,0F,00,10,36,36,0F,00,10,36,17,27,0F,0203,0133,0000,0302,00000000,0000,001E,00000424,78000604,00000016,000003C2,C01E0300,00000000,00000000,0000FFFF,00FF0200,00FF0003,00000000,00000000,00000000,00000000,00000000,00FFFDF0,2004
199,genesis,zelda_v540,0013B8,02,02,03,00,00,00,00,00,00,00,00,04,00,00,00,00,00,00,00,00,A5,00,00,00,00,1E,B0,00,00,00,00,00,00,00,02,00,00,00,00,00,00,00,00,80,00,00,00,00,00,00,00,00,00,00,00,00,23,23,3F,00,20,36,0F,00,10,36,36,0F,00,10,36,17,27,0F,0403,0139,0000,0302,00000000,0000,0021,0000C28C,42800005,00000124,0000C28C,000000A6,00000000,00002124,00000006,00FF8200,00000302,00000000,00000000,00000000,00000000,00000000,00FFFD6A,2600
200,genesis,zelda_v540,000F88,02,02,03,00,00,00,00,00,00,00,00,04,00,00,00,00,00,00,00,00,A5,00,00,00,00,1E,B0,00,00,00,00,00,00,00,02,00,00,00,00,00,00,00,00,80,00,00,00,00,00,00,00,00,00,00,00,00,23,23,3F,00,20,36,0F,00,10,36,36,0F,00,10,36,17,27,0F,0403,0139,0000,0302,00000000,0000,0021,0000C52A,4500000A,00000124,0000C52A,00000155,00000000,00004124,00000015,00FF8200,00000302,00000000,00000000,00000000,00000000,00000000,00FFFD6E,2600
201,genesis,zelda_v540,00136A,02,02,03,00,00,00,00,00,00,00,00,04,00,00,00,00,00,00,00,00,A5,00,00,00,00,1E,B0,00,00,00,00,00,00,00,02,00,00,00,00,00,00,00,00,80,00,00,00,00,00,00,00,00,00,00,00,00,23,23,3F,00,20,36,0F,00,10,36,36,0F,00,10,36,17,27,0F,0403,0139,0000,0302,00000000,0000,0021,00000000,48000010,00000124,000003E1,00000204,00000000,00000024,00000004,00FF8200,00000302,00000000,00000000,00000000,00000000,00000000,00FFFD6A,2604
202,genesis,zelda_v540,0013AA,02,02,03,00,00,00,00,00,00,00,00,04,00,00,00,00,00,00,00,00,A5,00,00,00,00,1E,B0,00,00,00,00,00,00,00,02,00,00,00,00,00,00,00,00,80,00,00,00,00,00,00,00,00,00,00,00,00,23,23,3F,00,20,36,0F,00,10,36,36,0F,00,10,36,17,27,0F,0403,0139,0000,0302,00000000,0000,0021,0000CAA6,4A800015,00000124,0000CAA6,000002B3,00000000,00002124,00000013,00FF8200,00000302,00000000,00000000,00000000,00000000,00000000,00FFFD6A,2604
203,genesis,zelda_v540,00136A,02,02,03,00,00,00,00,00,00,00,00,04,00,00,00,00,00,00,00,00,A5,00,00,00,00,1E,B0,00,00,00,00,00,00,00,02,00,00,00,00,00,00,00,00,80,00,00,00,00,00,00,00,00,00,00,00,00,23,23,3F,00,20,36,0F,00,10,36,36,0F,00,10,36,17,27,0F,0403,0139,0000,0302,00000000,0000,0021,00000004,4D80001B,00000124,000003F0,00000362,00000000,00000024,00000002,00FF8200,00000302,00000000,00000000,00000000,00000000,00000000,00FFFD6A,2600
204,genesis,zelda_v540,000456,00,00,03,00,00,00,00,01,00,00,10,05,00,00,00,00,00,00,00,00,A5,00,00,00,00,00,B0,00,00,00,00,00,00,00,00,00,00,00,00,00,00,00,00,80,00,00,00,00,00,00,00,00,00,00,00,00,3F,00,FF,00,20,36,0F,00,10,36,36,0F,00,10,36,17,27,0F,0440,0151,0010,A869,0002540A,0000,0025,00000440,00000010,00000010,00000000,0002540A,0000A869,00000000,00000151,00024C6C,0002540A,00000000,00000000,00000000,00000000,00000000,00FFFD9E,2600
205,genesis,zelda_v540,000FDA,00,00,03,00,00,00,00,01,00,00,10,05,00,00,00,00,00,00,00,00,A5,00,00,00,00,00,B0,00,00,00,00,00,00,00,00,00,00,00,00,00,00,00,00,80,00,00,00,00,00,00,00,00,00,00,00,00,3F,00,FF,00,20,36,0F,00,10,36,36,0F,00,10,36,17,27,0F,0403,0160,0010,A869,0002540A,0000,0025,00000424,0000001D,00000020,000020C3,000200C3,0000A869,00000000,0000FFFF,00024C6C,000254E3,00000000,00000000,00000000,00000000,00000000,00FFFD70,2609
206,genesis,zelda_v540,025302,00,00,03,00,00,00,00,01,00,00,10,05,00,00,00,00,00,00,00,00,A5,00,00,00,00,00,B0,00,00,00,00,00,00,00,00,00,00,00,00,00,00,00,00,80,00,00,00,00,00,00,00,00,00,00,00,00,3F,00,FF,00,20,36,0F,00,10,36,36,0F,00,10,36,17,27,0F,0403,016C,0010,A869,0002540A,0000,0025,000004B0,00000000,00000021,00000020,00022100,0000A869,00000000,0000FFFF,00024C6C,000255B1,00000000,00000000,00000000,00000000,00000000,00FFFDA2,2600
207,genesis,zelda_v540,000960,00,00,03,00,00,00,00,01,00,00,10,05,00,00,00,00,00,00,00,00,A5,00,00,00,00,00,B0,00,00,00,00,00,00,00,00,00,00,00,00,00,00,00,00,80,00,00,00,00,00,00,00,00,00,00,00,00,3F,00,FF,00,20,36,0F,00,10,36,36,0F,00,10,36,17,27,0F,0403,0176,0010,A869,0002540A,0000,0025,000004DF,00000001,00000022,0000223F,00022200,0000A869,00000000,0000FFFF,00024C6C,00025680,00000000,00000000,00000000,00000000,00000000,00FFFD78,2609
208,genesis,zelda_v540,000FFA,00,00,03,00,00,00,00,01,00,00,10,05,00,00,00,00,00,00,00,00,A5,00,00,00,00,00,B0,00,00,00,00,00,00,00,00,00,00,00,00,00,00,00,00,80,00,00,00,00,00,00,00,00,00,00,00,00,3F,00,FF,00,20,36,0F,00,10,36,36,0F,00,10,36,17,27,0F,0403,0182,0010,A869,0002540A,0000,0025,000004DA,00000004,00000022,000022FC,000202FC,00000000,00000000,0000FFFF,00FF8200,0002574F,00000000,00000000,00000000,00000000,00000000,00FFFD74,2604
209,genesis,zelda_v540,000F54,00,00,03,00,00,00,00,01,00,00,10,05,00,00,00,00,00,00,00,00,A5,00,00,00,00,00,B0,00,00,00,00,00,00,00,00,00,00,00,00,00,00,00,00,80,00,00,00,00,00,00,00,00,00,00,00,00,3F,00,FF,00,20,36,0F,00,10,36,36,0F,00,10,36,17,27,0F,0403,018E,0010,A869,0002540A,0000,0025,000004DD,0000000F,00000023,000023B1,00022300,0000A869,00000000,0000FFFF,00024C6C,00025816,00000000,00000000,00000000,00000000,00000000,00FFFD98,2604
210,genesis,zelda_v540,001370,02,02,03,00,00,00,00,01,00,00,00,06,00,00,00,00,00,00,00,00,A5,00,00,00,00,1E,B0,00,00,01,CA,C0,00,00,00,00,00,00,00,00,00,00,00,80,00,00,00,00,00,00,00,00,00,00,00,00,3F,00,FF,04,04,36,17,27,0F,FF,36,0F,00,10,36,17,27,0F,0403,01A9,0000,0302,00000000,0000,0027,00000000,40000000,00000124,00000002,0000000E,00000000,00000005,0000000E,00FF8200,00000302,00000000,00000000,00000000,00000000,00000000,00FFFD76,2600
211,genesis,zelda_v540,0013B0,02,02,03,00,00,00,00,01,00,00,00,06,00,00,00,00,00,00,00,00,A5,00,00,00,00,1E,B0,00,00,01,CA,C0,00,00,00,00,00,00,00,00,00,00,00,80,00,00,00,00,00,00,00,00,00,00,00,00,3F,00,FF,04,04,36,17,27,0F,FF,36,0F,00,10,36,17,27,0F,0403,01A9,0000,0302,00000000,0000,0027,0000C2BA,42800005,00000124,0000C2BA,000000BD,00000000,00004124,0000001D,00FF8200,00000302,00000000,00000000,00000000,00000000,00000000,00FFFD76,2608
212,genesis,zelda_v540,001350,02,02,03,00,00,00,00,01,00,00,00,06,00,00,00,00,00,00,00,00,A5,00,00,00,00,1E,B0,00,00,01,CA,C0,00,00,00,00,00,00,00,00,00,00,00,80,00,00,00,00,00,00,00,00,00,00,00,00,3F,00,FF,04,04,36,17,27,0F,FF,36,0F,00,10,36,17,27,0F,0403,01A9,0000,0302,00000000,0000,0027,0000C500,4580000B,000001B4,00000000,0000016C,00000000,00000010,0000000C,00FF8200,00000302,00000000,00000000,00000000,00000000,00000000,00FFFD76,2600
213,genesis,zelda_v540,001362,02,02,03,00,00,00,00,01,00,00,00,06,00,00,00,00,00,00,00,00,A5,00,00,00,00,1E,B0,00,00,01,CA,C0,00,00,00,00,00,00,00,00,00,00,00,80,00,00,00,00,00,00,00,00,00,00,00,00,3F,00,FF,04,04,36,17,27,0F,FF,36,0F,00,10,36,17,27,0F,0403,01A9,0000,0302,00000000,0000,0027,0000C800,48000010,00000124,000003E6,0000021B,00000000,0000000A,0000001B,00FF8200,00000302,00000000,00000000,00000000,00000000,00000000,00FFFD76,2600
214,genesis,zelda_v540,00135C,02,02,03,00,00,00,00,01,00,00,00,06,00,00,00,00,00,00,00,00,A5,00,00,00,00,1E,B0,00,00,01,CA,C0,00,00,00,00,00,00,00,00,00,00,00,80,00,00,00,00,00,00,00,00,00,00,00,00,3F,00,FF,04,04,36,17,27,0F,FF,36,0F,00,10,36,17,27,0F,0403,01A9,0000,0302,00000000,0000,0027,0000CB00,4B000016,00000124,000003EA,000002CA,00000000,00000002,0000000A,00FF8200,00000302,00000000,00000000,00000000,00000000,00000000,00FFFD76,2600
215,genesis,zelda_v540,001322,02,02,03,00,00,00,00,01,00,00,00,06,00,00,00,00,00,00,00,00,A5,00,00,00,00,1E,B0,00,00,01,CA,C0,00,00,00,00,00,00,00,00,00,00,00,80,00,00,00,00,00,00,00,00,00,00,00,00,3F,00,FF,04,04,36,17,27,0F,FF,36,0F,00,10,36,17,27,0F,0403,01A9,0000,0302,00000000,0000,0027,0000CD00,4D80001B,000000D8,0000CDB0,00000379,00000000,00000379,00000019,00FF8200,00000302,00000000,00000000,00000000,00000000,00000000,00FFFD76,2619
216,genesis,zelda_v540,00E5DA,08,08,03,00,00,00,00,01,00,00,00,08,00,00,00,00,00,00,00,00,A5,00,00,00,00,1E,B0,00,01,01,CE,C0,00,00,00,00,00,00,00,00,00,00,00,80,00,00,00,00,00,00,00,00,00,00,00,00,3F,00,FF,04,04,36,17,27,0F,FF,36,0F,00,10,36,17,27,0F,0318,01C1,0000,0302,00000000,0000,0029,00000000,00000003,000000F0,00000008,C0008118,00000302,00000000,0000FFFF,00FF0202,0000E452,00000000,00000000,00000000,00000000,00000000,00FFFD9A,2604
217,genesis,zelda_v540,000F64,08,08,03,00,00,00,00,01,00,00,00,09,00,00,00,00,00,00,00,00,A5,00,00,00,00,1E,B0,00,02,01,D0,C0,00,00,00,00,00,00,00,00,00,00,00,80,00,00,00,00,00,00,00,00,00,00,00,00,3F,00,FF,04,04,36,17,27,0F,FF,36,0F,00,10,36,17,27,0F,0203,01D7,0000,0302,00000000,0000,002B,00000424,78000603,000000CD,0000034C,C01E0300,00000000,00000000,0000FFFF,00FF0200,00FF0003,00000000,00000000,00000000,00000000,00000000,00FFFDF0,2000
218,genesis,zelda_v540,000944,08,08,03,00,00,00,00,01,00,00,00,0A,00,00,00,00,00,00,00,00,A5,00,00,00,00,1E,B0,00,02,01,D2,C0,00,00,00,00,00,00,00,00,00,00,00,80,00,00,00,00,00,00,00,00,00,00,00,00,3F,00,FF,04,04,36,17,27,0F,FF,36,0F,00,10,36,17,27,0F,0203,01E9,0000,0302,00000000,0000,002D,00000424,78000603,00000031,0000039E,C01E0300,00000000,00000000,0000FFFF,00FF0200,00FF0003,00000000,00000000,00000000,00000000,00000000,00FFFDF4,2000
219,genesis,zelda_v540,000972,10,10,03,00,00,00,00,01,00,00,00,0B,00,00,00,00,00,00,00,00,A5,00,00,00,00,1E,B0,00,03,01,D4,C0,00,00,00,00,00,00,00,00,00,00,00,80,00,00,00,00,00,00,00,00,00,00,00,00,3F,00,FF,04,04,36,17,27,0F,FF,36,0F,00,10,36,17,27,0F,0203,01FB,0000,0302,00000000,0000,002F,00000424,78000602,00000099,0000039B,C01E0300,00000000,00000000,0000FFFF,00FF0200,00FF0003,00000000,00000000,00000000,00000000,00000000,00FFFDD4,2009
220,genesis,zelda_v540,00093E,10,10,03,00,00,00,00,01,00,00,00,0C,00,00,00,00,00,00,00,00,A5,00,00,00,00,1E,B0,00,03,01,D6,C0,00,00,00,00,00,00,00,00,00,00,00,80,00,00,00,00,00,00,00,00,00,00,00,00,3F,00,3F,04,04,36,17,37,0F,FF,36,0F,00,10,36,17,27,0F,0203,020D,0000,0302,00000000,0000,0031,00000424,78000601,000000FF,0000039D,C01E0300,00000000,00000000,0000FFFF,00FF0200,00FF0003,00000000,00000000,00000000,00000000,00000000,00FFFDF4,2010
221,genesis,zelda_v540,000972,10,10,03,00,00,00,00,01,00,00,00,0D,00,00,00,00,00,00,00,00,A5,00,00,00,00,1E,B0,00,04,01,D8,C0,00,00,00,00,00,00,00,00,00,00,00,80,00,00,00,00,00,00,00,00,00,00,00,00,3F,00,FF,04,04,36,17,37,0F,FF,36,0F,00,10,36,17,27,0F,0203,021F,0000,0302,00000000,0000,0033,00000424,78000601,00000064,0000039E,C01E0300,00000000,00000000,0000FFFF,00FF0200,00FF0003,00000000,00000000,00000000,00000000,00000000,00FFFDD4,2009
222,genesis,zelda_v540,000F64,28,28,24,00,00,00,00,01,00,00,00,0E,00,00,00,00,00,00,00,00,A5,00,00,00,00,1E,B0,00,04,01,DA,C0,00,00,00,00,00,00,00,00,00,00,00,80,00,00,00,00,00,00,00,00,00,00,00,00,3F,00,FF,04,04,36,17,37,0F,FF,36,0F,00,10,36,17,27,0F,0403,0233,0000,0302,00000000,0000,0035,00000424,78000604,000000D7,0000282A,C01E2800,00000000,00000000,0000FFFF,00FF0200,00FF0003,00000000,00000000,00000000,00000000,00000000,00FFFDF4,2000
223,genesis,zelda_v540,000F54,10,10,03,00,00,00,00,01,00,00,00,0F,00,00,00,00,00,00,00,00,A5,00,00,00,00,1E,B0,00,05,01,DC,C0,00,00,00,00,00,00,00,00,00,00,00,80,00,00,00,00,00,00,00,00,00,00,00,00,3F,00,FF,04,04,36,17,37,0F,FF,36,0F,00,10,36,17,27,0F,0203,0245,0000,0302,00000000,0000,0037,00000424,78000604,0000003C,0000039D,C01E0300,00000000,00000000,0000FFFF,00FF0200,00FF0003,00000000,00000000,00000000,00000000,00000000,00FFFDF4,2004
224,genesis,zelda_v540,00093E,10,10,03,00,00,00,00,01,00,00,00,10,00,00,00,00,00,00,00,00,A5,00,00,00,00,1E,B0,00,05,01,DE,C0,00,00,00,00,00,00,00,00,00,00,00,80,00,00,00,00,00,00,00,00,00,00,00,00,3F,00,FF,04,04,36,17,37,0F,FF,36,0F,00,10,36,17,27,0F,0203,0257,0000,0302,00000000,0000,0039,00000424,78000603,000000A0,0000039E,C01E0300,00000000,00000000,0000FFFF,00FF0200,00FF0003,00000000,00000000,00000000,00000000,00000000,00FFFDF8,2000
225,genesis,zelda_v540,000972,10,10,03,00,00,00,00,01,00,00,00,11,00,00,00,00,00,00,00,00,A5,00,00,00,00,1E,B0,00,06,01,E0,C0,00,00,00,00,00,00,00,00,00,00,00,80,00,00,00,00,00,00,00,00,00,00,00,00,3F,00,FF,04,04,36,17,37,0F,FF,36,0F,00,10,36,17,27,0F,0203,0269,0000,0302,00000000,0000,003B,00000424,78000603,00000005,0000039E,C01E0300,00000000,00000000,0000FFFF,00FF0200,00FF0003,00000000,00000000,00000000,00000000,00000000,00FFFDD8,2009
226,genesis,zelda_v540,00093E,10,10,03,00,00,00,00,01,00,00,00,12,00,00,00,00,00,00,00,00,A5,00,00,00,00,1E,B0,00,06,01,E2,C0,00,00,00,00,00,00,00,00,00,00,00,80,00,00,00,00,00,00,00,00,00,00,00,00,3F,00,3F,04,04,36,17,37,0F,FF,36,0F,00,10,36,17,27,0F,0203,027B,0000,0302,00000000,0000,003D,00000424,78000602,0000006B,0000039D,C01E0300,00000000,00000000,0000FFFF,00FF0200,00FF0003,00000000,00000000,00000000,00000000,00000000,00FFFDF8,2000
227,genesis,zelda_v540,000944,10,10,03,00,00,00,00,01,00,00,00,13,00,00,00,00,00,00,00,00,A5,00,00,00,00,1E,B0,00,07,01,B2,C0,00,00,00,00,00,00,00,00,00,00,00,80,00,00,00,00,00,00,00,00,00,00,00,00,3F,00,FF,04,04,36,17,37,0F,FF,36,0F,00,10,36,17,27,0F,0203,028D,0000,0302,00000000,0000,003F,00000424,78000601,000000D0,0000039E,C01E0300,00000000,00000000,0000FFFF,00FF0200,00FF0003,00000000,00000000,00000000,00000000,00000000,00FFFDF8,2000
228,genesis,zelda_v540,000972,10,10,03,00,00,00,00,01,00,00,00,14,00,00,00,00,00,00,00,00,A5,00,00,00,00,1E,B0,00,07,01,B4,C0,00,00,00,00,00,00,00,00,00,00,00,80,00,00,00,00,00,00,00,00,00,00,00,00,3F,00,FF,04,04,36,17,37,0F,FF,36,0F,00,10,36,17,27,0F,0203,029F,0000,0302,00000000,0000,0041,00000424,78000601,00000035,0000039E,C01E0300,00000000,00000000,0000FFFF,00FF0200,00FF0003,00000000,00000000,00000000,00000000,00000000,00FFFDD8,2009
229,genesis,zelda_v540,0014DA,10,10,03,00,00,00,00,01,00,00,00,15,00,00,00,00,00,00,00,00,A5,00,00,00,00,1E,B0,00,08,01,B6,C0,00,00,00,00,00,00,00,00,00,00,00,80,00,00,00,00,00,00,00,00,00,00,00,00,3F,00,FF,04,04,36,17,37,0F,FF,36,0F,00,10,36,17,27,0F,0203,02B1,0000,0302,00000000,0000,0043,000004B0,78000603,00000000,00000374,C01E8118,00000000,00000000,0000FFFF,00FF0200,00FF0003,00000000,00000000,00000000,00000000,00000000,00FFFE00,2008
230,genesis,zelda_v540,0014DA,10,10,03,00,00,00,00,01,00,00,00,16,00,00,00,00,00,00,00,00,A5,00,00,00,00,1E,B0,00,08,01,B8,C0,00,00,00,00,00,00,00,00,00,00,00,80,00,00,00,00,00,00,00,00,00,00,00,00,3F,00,FF,04,04,36,17,37,0F,FF,36,0F,00,10,36,17,27,0F,0203,02C3,0000,0302,00000000,0000,0045,000004B0,78000603,00000000,00000374,C01E8118,00000000,00000000,0000FFFF,00FF0200,00FF0003,00000000,00000000,00000000,00000000,00000000,00FFFE00,2008
231,genesis,zelda_v540,0014DA,10,10,03,00,00,00,00,01,00,00,00,17,00,00,00,00,00,00,00,00,A5,00,00,00,00,1E,B0,00,09,01,BA,C0,00,00,00,00,00,00,00,00,00,00,00,80,00,00,00,00,00,00,00,00,00,00,00,00,3F,00,FF,04,04,36,17,37,0F,FF,36,0F,00,10,36,17,27,0F,0203,02D5,0000,0302,00000000,0000,0047,000004B0,78000603,00000000,00000374,C01E8118,00000000,00000000,0000FFFF,00FF0200,00FF0003,00000000,00000000,00000000,00000000,00000000,00FFFE00,2008
232,genesis,zelda_v540,0014DA,10,10,03,00,00,00,00,01,00,00,00,18,00,00,00,00,00,00,00,00,A5,00,00,00,00,1E,B0,00,09,01,BC,C0,00,00,00,00,00,00,00,00,00,00,00,80,00,00,00,00,00,00,00,00,00,00,00,00,3F,00,3F,04,04,36,17,27,0F,FF,36,0F,00,10,36,17,27,0F,0203,02E7,0000,0302,00000000,0000,0049,000004B0,78000603,00000000,00000374,C01E8118,00000000,00000000,0000FFFF,00FF0200,00FF0003,00000000,00000000,00000000,00000000,00000000,00FFFE00,2008
233,genesis,zelda_v540,0014DA,10,10,03,00,00,00,00,01,00,00,00,19,00,00,00,00,00,00,00,00,A5,00,00,00,00,1E,B0,00,0A,01,BE,C0,00,00,00,00,00,00,00,00,00,00,00,80,00,00,00,00,00,00,00,00,00,00,00,00,3F,00,FF,04,04,36,17,27,0F,FF,36,0F,00,10,36,17,27,0F,0203,02F9,0000,0302,00000000,0000,004B,000004B0,78000603,00000000,00000374,C01E8118,00000000,00000000,0000FFFF,00FF0200,00FF0003,00000000,00000000,00000000,00000000,00000000,00FFFE00,2008
234,genesis,zelda_v540,0014DA,10,10,03,00,00,00,00,01,00,00,00,1A,00,00,00,00,00,00,00,00,A5,00,00,00,00,1E,B0,00,0A,01,C0,C0,00,00,00,00,00,00,00,00,00,00,00,80,00,00,00,00,00,00,00,00,00,00,00,00,3F,00,FF,04,04,36,17,27,0F,FF,36,0F,00,10,36,17,27,0F,0203,030B,0000,0302,00000000,0000,004D,000004B0,78000603,00000000,00000374,C01E8118,00000000,00000000,0000FFFF,00FF0200,00FF0003,00000000,00000000,00000000,00000000,00000000,00FFFE00,2008
235,genesis,zelda_v540,0014DA,10,10,03,00,00,00,00,01,00,00,00,1B,00,00,00,00,00,00,00,00,A5,00,00,00,00,1E,B0,00,0B,01,C2,C0,00,00,00,00,00,00,00,00,00,00,00,80,00,00,00,00,00,00,00,00,00,00,00,00,3F,00,FF,04,04,36,17,27,0F,FF,36,0F,00,10,36,17,27,0F,0203,031D,0000,0302,00000000,0000,004F,000004B0,78000603,00000000,00000374,C01E8118,00000000,00000000,0000FFFF,00FF0200,00FF0003,00000000,00000000,00000000,00000000,00000000,00FFFE00,2008
236,genesis,zelda_v540,0014DA,00,00,03,00,00,00,00,01,00,00,00,1C,00,00,00,00,00,00,00,00,A5,00,00,00,00,1E,B0,00,0B,01,C4,C0,00,00,00,00,00,00,00,00,00,00,00,80,00,00,00,00,00,00,00,00,00,00,00,00,3F,00,FF,04,04,36,17,27,0F,FF,36,0F,00,10,36,17,27,0F,0203,032F,0000,0302,00000000,0000,0051,000004B0,78000603,00000000,00000374,C01E8118,00000000,00000000,0000FFFF,00FF0200,00FF0003,00000000,00000000,00000000,00000000,00000000,00FFFE00,2008
237,genesis,zelda_v540,0014DA,00,00,03,00,00,00,00,01,00,00,00,1D,00,00,00,00,00,00,00,00,A5,00,00,00,00,1E,B0,00,0C,01,C6,C0,00,00,00,00,00,00,00,00,00,00,00,80,00,00,00,00,00,00,00,00,00,00,00,00,3F,00,FF,04,04,36,17,27,0F,FF,36,0F,00,10,36,17,27,0F,0203,0341,0000,0302,00000000,0000,0053,000004B0,78000603,00000000,00000374,C01E8118,00000000,00000000,0000FFFF,00FF0200,00FF0003,00000000,00000000,00000000,00000000,00000000,00FFFE00,2008
238,genesis,zelda_v540,0014DA,00,00,03,00,00,00,00,01,00,00,00,1E,00,00,00,00,00,00,00,00,A5,00,00,00,00,1E,B0,00,0C,01,C8,C0,00,00,00,00,00,00,00,00,00,00,00,80,00,00,00,00,00,00,00,00,00,00,00,00,3F,00,3F,04,04,36,17,17,0F,FF,36,0F,00,10,36,17,27,0F,0203,0353,0000,0302,00000000,0000,0055,000004B0,78000603,00000000,00000374,C01E8118,00000000,00000000,0000FFFF,00FF0200,00FF0003,00000000,00000000,00000000,00000000,00000000,00FFFE00,2008
239,genesis,zelda_v540,0014DA,00,00,03,00,00,00,00,01,00,00,00,1F,00,00,00,00,00,00,00,00,A5,00,00,00,00,1E,B0,00,0D,01,CA,C0,00,00,00,00,00,00,00,00,00,00,00,80,00,00,00,00,00,00,00,00,00,00,00,00,3F,00,FF,04,04,36,17,17,0F,FF,36,0F,00,10,36,17,27,0F,0203,0365,0000,0302,00000000,0000,0057,000004B0,78000603,00000000,00000374,C01E8118,00000000,00000000,0000FFFF,00FF0200,00FF0003,00000000,00000000,00000000,00000000,00000000,00FFFE00,2008
240,genesis,zelda_v540,0014DA,08,08,03,00,00,00,00,01,00,00,00,20,00,00,00,00,00,00,00,00,A5,00,00,00,00,1E,B0,00,0D,01,CC,C0,00,00,00,00,00,00,00,00,00,00,00,80,00,00,00,00,00,00,00,00,00,00,00,00,3F,00,FF,04,04,36,17,17,0F,FF,36,0F,00,10,36,17,27,0F,0203,0377,0000,0302,00000000,0000,0059,000004B0,78000603,00000000,00000374,C01E8118,00000000,00000000,0000FFFF,00FF0200,00FF0003,00000000,00000000,00000000,00000000,00000000,00FFFE00,2008
241,genesis,zelda_v540,0014DA,08,08,03,00,00,00,00,01,00,00,00,21,00,00,00,00,00,00,00,00,A5,00,00,00,00,1E,B0,00,0E,01,CE,C0,00,00,00,00,00,00,00,00,00,00,00,80,00,00,00,00,00,00,00,00,00,00,00,00,3F,00,FF,04,04,36,17,17,0F,FF,36,0F,00,10,36,17,27,0F,0203,0389,0000,0302,00000000,0000,005B,000004B0,78000603,00000000,00000374,C01E8118,00000000,00000000,0000FFFF,00FF0200,00FF0003,00000000,00000000,00000000,00000000,00000000,00FFFE00,2008
242,genesis,zelda_v540,0014DA,08,08,03,00,00,00,00,01,00,00,00,22,00,00,00,00,00,00,00,00,A5,00,00,00,00,1E,B0,00,0E,01,D0,C0,00,00,00,00,00,00,00,00,00,00,00,80,00,00,00,00,00,00,00,00,00,00,00,00,3F,00,FF,04,04,36,17,17,0F,FF,36,0F,00,10,36,17,27,0F,0203,039B,0000,0302,00000000,0000,005D,000004B0,78000603,00000000,00000374,C01E8118,00000000,00000000,0000FFFF,00FF0200,00FF0003,00000000,00000000,00000000,00000000,00000000,00FFFE00,2008
243,genesis,zelda_v540,0014DA,08,08,03,00,00,00,00,01,00,00,00,23,00,00,00,00,00,00,00,00,A5,00,00,00,00,1E,B0,00,0F,01,D2,C0,00,00,00,00,00,00,00,00,00,00,00,80,00,00,00,00,00,00,00,00,00,00,00,00,3F,00,FF,04,04,36,17,17,0F,FF,36,0F,00,10,36,17,27,0F,0203,03AD,0000,0302,00000000,0000,005F,000004B0,78000603,00000000,00000374,C01E8118,00000000,00000000,0000FFFF,00FF0200,00FF0003,00000000,00000000,00000000,00000000,00000000,00FFFE00,2008
244,genesis,zelda_v540,0014DA,10,10,03,00,00,00,00,01,00,00,00,24,00,00,00,00,00,00,00,00,A5,00,00,00,00,1E,B0,00,0F,01,D4,C0,00,00,00,00,00,00,00,00,00,00,00,80,00,00,00,00,00,00,00,00,00,00,00,00,3F,00,3F,04,04,36,17,07,0F,FF,36,0F,00,10,36,17,27,0F,0203,03BF,0000,0302,00000000,0000,0061,000004B0,78000603,00000000,00000374,C01E8118,00000000,00000000,0000FFFF,00FF0200,00FF0003,00000000,00000000,00000000,00000000,00000000,00FFFE00,2008
245,genesis,zelda_v540,0014DA,10,10,03,00,00,00,00,01,00,00,00,25,00,00,00,00,00,00,00,00,A5,00,00,00,00,1E,B0,00,10,01,D6,C0,00,00,00,00,00,00,00,00,00,00,00,80,00,00,00,00,00,00,00,00,00,00,00,00,3F,00,FF,04,04,36,17,07,0F,FF,36,0F,00,10,36,17,27,0F,0203,03D1,0000,0302,00000000,0000,0063,000004B0,78000603,00000000,00000374,C01E8118,00000000,00000000,0000FFFF,00FF0200,00FF0003,00000000,00000000,00000000,00000000,00000000,00FFFE00,2008
246,genesis,zelda_v540,0014DA,10,10,03,00,00,00,00,01,00,00,00,26,00,00,00,00,00,00,00,00,A5,00,00,00,00,1E,B0,00,10,01,D8,C0,00,00,00,00,00,00,00,00,00,00,00,80,00,00,00,00,00,00,00,00,00,00,00,00,3F,00,FF,04,04,36,17,07,0F,FF,36,0F,00,10,36,17,27,0F,0203,03E3,0000,0302,00000000,0000,0065,000004B0,78000603,00000000,00000374,C01E8118,00000000,00000000,0000FFFF,00FF0200,00FF0003,00000000,00000000,00000000,00000000,00000000,00FFFE00,2008
247,genesis,zelda_v540,0014DA,10,10,03,00,00,00,00,01,00,00,00,27,00,00,00,00,00,00,00,00,A5,00,00,00,00,1E,B0,00,11,01,DA,C0,00,00,00,00,00,00,00,00,00,00,00,80,00,00,00,00,00,00,00,00,00,00,00,00,3F,00,FF,04,04,36,17,07,0F,FF,36,0F,00,10,36,17,27,0F,0203,03F5,0000,0302,00000000,0000,0067,000004B0,78000603,00000000,00000374,C01E8118,00000000,00000000,0000FFFF,00FF0200,00FF0003,00000000,00000000,00000000,00000000,00000000,00FFFE00,2008
248,genesis,zelda_v540,0014DA,10,10,03,00,00,00,00,01,00,00,00,28,00,00,00,00,00,00,00,00,A5,00,00,00,00,1E,B0,00,11,01,DC,C0,00,00,00,00,00,00,00,00,00,00,00,80,00,00,00,00,00,00,00,00,00,00,00,00,3F,00,FF,04,04,36,17,07,0F,FF,36,0F,00,10,36,17,27,0F,0203,0407,0000,0302,00000000,0000,0069,000004B0,78000603,00000000,00000374,C01E8118,00000000,00000000,0000FFFF,00FF0200,00FF0003,00000000,00000000,00000000,00000000,00000000,00FFFE00,2008
249,genesis,zelda_v540,0014DA,10,10,03,00,00,00,00,01,00,00,00,29,00,00,00,00,00,00,00,00,A5,00,00,00,00,1E,B0,00,12,01,DE,C0,00,00,00,00,00,00,00,00,00,00,00,80,00,00,00,00,00,00,00,00,00,00,00,00,3F,00,FF,04,04,36,17,07,0F,FF,36,0F,00,10,36,17,27,0F,0203,0419,0000,0302,00000000,0000,006B,000004B0,78000603,00000000,00000374,C01E8118,00000000,00000000,0000FFFF,00FF0200,00FF0003,00000000,00000000,00000000,00000000,00000000,00FFFE00,2008
250,genesis,zelda_v540,0014DA,10,10,03,00,00,00,00,01,00,00,00,2A,00,00,00,00,00,00,00,00,A5,00,00,00,00,1E,B0,00,12,01,E0,C0,00,00,00,00,00,00,00,00,00,00,00,80,00,00,00,00,00,00,00,00,00,00,00,00,3F,00,3F,04,04,36,17,07,0F,FF,36,0F,00,10,36,17,27,0F,0203,042B,0000,0302,00000000,0000,006D,000004B0,78000603,00000000,00000374,C01E8118,00000000,00000000,0000FFFF,00FF0200,00FF0003,00000000,00000000,00000000,00000000,00000000,00FFFE00,2008
251,genesis,zelda_v540,0014DA,10,10,03,00,00,00,00,01,00,00,00,2B,00,00,00,00,00,00,00,00,A5,00,00,00,00,1E,B0,00,13,01,E2,C0,00,00,00,00,00,00,00,00,00,00,00,80,00,00,00,00,00,00,00,00,00,00,00,00,3F,00,FF,04,04,36,17,07,0F,FF,36,0F,00,10,36,17,27,0F,0203,043D,0000,0302,00000000,0000,006F,000004B0,78000603,00000000,00000374,C01E8118,00000000,00000000,0000FFFF,00FF0200,00FF0003,00000000,00000000,00000000,00000000,00000000,00FFFE00,2008
252,genesis,zelda_v540,0014DA,10,10,03,00,00,00,00,01,00,00,00,2C,00,00,00,00,00,00,00,00,A5,00,00,00,00,1E,B0,00,13,01,B2,C0,00,00,00,00,00,00,00,00,00,00,00,80,00,00,00,00,00,00,00,00,00,00,00,00,3F,00,FF,04,04,36,17,07,0F,FF,36,0F,00,10,36,17,27,0F,0203,044F,0000,0302,00000000,0000,0071,000004B0,78000603,00000000,00000374,C01E8118,00000000,00000000,0000FFFF,00FF0200,00FF0003,00000000,00000000,00000000,00000000,00000000,00FFFE00,2008
253,genesis,zelda_v540,0014DA,10,10,03,00,00,00,00,01,00,00,00,2D,00,00,00,00,00,00,00,00,A5,00,00,00,00,1E,B0,00,14,01,B4,C0,00,00,00,00,00,00,00,00,00,00,00,80,00,00,00,00,00,00,00,00,00,00,00,00,3F,00,FF,04,04,36,17,07,0F,FF,36,0F,00,10,36,17,27,0F,0203,0461,0000,0302,00000000,0000,0073,000004B0,78000603,00000000,00000374,C01E8118,00000000,00000000,0000FFFF,00FF0200,00FF0003,00000000,00000000,00000000,00000000,00000000,00FFFE00,2008
254,genesis,zelda_v540,0014DA,10,10,03,00,00,00,00,01,00,00,00,2E,00,00,00,00,00,00,00,00,A5,00,00,00,00,1E,B0,00,14,01,B6,C0,00,00,00,00,00,00,00,00,00,00,00,80,00,00,00,00,00,00,00,00,00,00,00,00,3F,00,FF,04,04,36,17,07,0F,FF,36,0F,00,10,36,17,27,0F,0203,0473,0000,0302,00000000,0000,0075,000004B0,78000603,00000000,00000374,C01E8118,00000000,00000000,0000FFFF,00FF0200,00FF0003,00000000,00000000,00000000,00000000,00000000,00FFFE00,2008
255,genesis,zelda_v540,0014DA,10,10,03,00,00,00,00,01,00,00,00,2F,00,00,00,00,00,00,00,00,A5,00,00,00,00,1E,B0,00,15,01,B8,C0,00,00,00,00,00,00,00,00,00,00,00,80,00,00,00,00,00,00,00,00,00,00,00,00,3F,00,FF,04,04,36,17,07,0F,FF,36,0F,00,10,36,17,27,0F,0203,0485,0000,0302,00000000,0000,0077,000004B0,78000603,00000000,00000374,C01E8118,00000000,00000000,0000FFFF,00FF0200,00FF0003,00000000,00000000,00000000,00000000,00000000,00FFFE00,2008
256,genesis,zelda_v540,0014DA,10,10,03,00,00,00,00,01,00,00,00,30,00,00,00,00,00,00,00,00,A5,00,00,00,00,1E,B0,00,15,01,BA,C0,00,00,00,00,00,00,00,00,00,00,00,80,00,00,00,00,00,00,00,00,00,00,00,00,3F,00,3F,04,04,36,17,17,0F,FF,36,0F,00,10,36,17,27,0F,0203,0497,0000,0302,00000000,0000,0079,000004B0,78000603,00000000,00000374,C01E8118,00000000,00000000,0000FFFF,00FF0200,00FF0003,00000000,00000000,00000000,00000000,00000000,00FFFE00,2008
257,genesis,zelda_v540,0014DA,10,10,03,00,00,00,00,01,00,00,00,31,00,00,00,00,00,00,00,00,A5,00,00,00,00,1E,B0,00,16,01,BC,C0,00,00,00,00,00,00,00,00,00,00,00,80,00,00,00,00,00,00,00,00,00,00,00,00,3F,00,FF,04,04,36,17,17,0F,FF,36,0F,00,10,36,17,27,0F,0203,04A9,0000,0302,00000000,0000,007B,000004B0,78000603,00000000,00000374,C01E8118,00000000,00000000,0000FFFF,00FF0200,00FF0003,00000000,00000000,00000000,00000000,00000000,00FFFE00,2008
258,genesis,zelda_v540,0014DA,10,10,03,00,00,00,00,01,00,00,00,32,00,00,00,00,00,00,00,00,A5,00,00,00,00,1E,B0,00,16,01,BE,C0,00,00,00,00,00,00,00,00,00,00,00,80,00,00,00,00,00,00,00,00,00,00,00,00,3F,00,FF,04,04,36,17,17,0F,FF,36,0F,00,10,36,17,27,0F,0203,04BB,0000,0302,00000000,0000,007D,000004B0,78000603,00000000,00000374,C01E8118,00000000,00000000,0000FFFF,00FF0200,00FF0003,00000000,00000000,00000000,00000000,00000000,00FFFE00,2008
259,genesis,zelda_v540,0014DA,10,10,03,00,00,00,00,01,00,00,00,33,00,00,00,00,00,00,00,00,A5,00,00,00,00,1E,B0,00,17,01,C0,C0,00,00,00,00,00,00,00,00,00,00,00,80,00,00,00,00,00,00,00,00,00,00,00,00,3F,00,FF,04,04,36,17,17,0F,FF,36,0F,00,10,36,17,27,0F,0203,04CD,0000,0302,00000000,0000,007F,000004B0,78000603,00000000,00000374,C01E8118,00000000,00000000,0000FFFF,00FF0200,00FF0003,00000000,00000000,00000000,00000000,00000000,00FFFE00,2008
260,genesis,zelda_v540,0014DA,10,10,03,00,00,00,00,01,00,00,00,34,00,00,00,00,00,00,00,00,A5,00,00,00,00,1E,B0,00,17,01,C2,C0,00,00,00,00,00,00,00,00,00,00,00,80,00,00,00,00,00,00,00,00,00,00,00,00,3F,00,FF,04,04,36,17,17,0F,FF,36,0F,00,10,36,17,27,0F,0203,04DF,0000,0302,00000000,0000,0081,000004B0,78000603,00000000,00000374,C01E8118,00000000,00000000,0000FFFF,00FF0200,00FF0003,00000000,00000000,00000000,00000000,00000000,00FFFE00,2008
261,genesis,zelda_v540,0014DA,00,00,03,00,00,00,00,01,00,00,00,35,00,00,00,00,00,00,00,00,A5,00,00,00,00,1E,B0,00,18,01,C4,C0,00,00,00,00,00,00,00,00,00,00,00,80,00,00,00,00,00,00,00,00,00,00,00,00,3F,00,FF,04,04,36,17,17,0F,FF,36,0F,00,10,36,17,27,0F,0203,04F1,0000,0302,00000000,0000,0083,000004B0,78000603,00000000,00000374,C01E8118,00000000,00000000,0000FFFF,00FF0200,00FF0003,00000000,00000000,00000000,00000000,00000000,00FFFE00,2008
262,genesis,zelda_v540,0014DA,00,00,03,00,00,00,00,01,00,00,00,36,00,00,00,00,00,00,00,00,A5,00,00,00,00,1E,B0,00,18,01,C6,C0,00,00,00,00,00,00,00,00,00,00,00,80,00,00,00,00,00,00,00,00,00,00,00,00,3F,00,FF,04,04,36,17,17,0F,FF,36,0F,00,10,36,17,27,0F,0203,0503,0000,0302,00000000,0000,0085,000004B0,78000603,00000000,00000374,C01E8118,00000000,00000000,0000FFFF,00FF0200,00FF0003,00000000,00000000,00000000,00000000,00000000,00FFFE00,2008
263,genesis,zelda_v540,0014DA,00,00,03,00,00,00,00,01,00,00,00,37,00,00,00,00,00,00,00,00,A5,00,00,00,00,1E,B0,00,19,01,C8,C0,00,00,00,00,00,00,00,00,00,00,00,80,00,00,00,00,00,00,00,00,00,00,00,00,3F,00,FF,04,04,36,17,17,0F,FF,36,0F,00,10,36,17,27,0F,0203,0515,0000,0302,00000000,0000,0087,000004B0,78000603,00000000,00000374,C01E8118,00000000,00000000,0000FFFF,00FF0200,00FF0003,00000000,00000000,00000000,00000000,00000000,00FFFE00,2008
264,genesis,zelda_v540,0014DA,00,00,03,00,00,00,00,01,00,00,00,38,00,00,00,00,00,00,00,00,A5,00,00,00,00,1E,B0,00,19,01,CA,C0,00,00,00,00,00,00,00,00,00,00,00,80,00,00,00,00,00,00,00,00,00,00,00,00,3F,00,FF,04,04,36,17,17,0F,FF,36,0F,00,10,36,17,27,0F,0203,0527,0000,0302,00000000,0000,0089,000004B0,78000603,00000000,00000374,C01E8118,00000000,00000000,0000FFFF,00FF0200,00FF0003,00000000,00000000,00000000,00000000,00000000,00FFFE00,2008
265,genesis,zelda_v540,0014DA,08,08,03,00,00,00,00,01,00,00,00,39,00,00,00,00,00,00,00,00,A5,00,00,00,00,1E,B0,00,1A,01,CC,C0,00,00,00,00,00,00,00,00,00,00,00,80,00,00,00,00,00,00,00,00,00,00,00,00,3F,00,FF,04,04,36,17,17,0F,FF,36,0F,00,10,36,17,27,0F,0203,0539,0000,0302,00000000,0000,008B,000004B0,78000603,00000000,00000374,C01E8118,00000000,00000000,0000FFFF,00FF0200,00FF0003,00000000,00000000,00000000,00000000,00000000,00FFFE00,2008
266,genesis,zelda_v540,0014DA,08,08,03,00,00,00,00,01,00,00,00,3A,00,00,00,00,00,00,00,00,A5,00,00,00,00,1E,B0,00,1A,01,CE,C0,00,00,00,00,00,00,00,00,00,00,00,80,00,00,00,00,00,00,00,00,00,00,00,00,3F,00,FF,04,04,36,17,17,0F,FF,36,0F,00,10,36,17,27,0F,0203,054B,0000,0302,00000000,0000,008D,000004B0,78000603,00000000,00000374,C01E8118,00000000,00000000,0000FFFF,00FF0200,00FF0003,00000000,00000000,00000000,00000000,00000000,00FFFE00,2008
267,genesis,zelda_v540,0014DA,08,08,03,00,00,00,00,01,00,00,00,3B,00,00,00,00,00,00,00,00,A5,00,00,00,00,1E,B0,00,1B,01,D0,C0,00,00,00,00,00,00,00,00,00,00,00,80,00,00,00,00,00,00,00,00,00,00,00,00,3F,00,FF,04,04,36,17,17,0F,FF,36,0F,00,10,36,17,27,0F,0203,055D,0000,0302,00000000,0000,008F,000004B0,78000603,00000000,00000374,C01E8118,00000000,00000000,0000FFFF,00FF0200,00FF0003,00000000,00000000,00000000,00000000,00000000,00FFFE00,2008
268,genesis,zelda_v540,0014DA,08,08,03,00,00,00,00,01,00,00,00,3C,00,00,00,00,00,00,00,00,A5,00,00,00,00,1E,B0,00,1B,01,D2,C0,00,00,00,00,00,00,00,00,00,00,00,80,00,00,00,00,00,00,00,00,00,00,00,00,3F,00,FF,04,04,36,17,17,0F,FF,36,0F,00,10,36,17,27,0F,0203,056F,0000,0302,00000000,0000,0091,000004B0,78000603,00000000,00000374,C01E8118,00000000,00000000,0000FFFF,00FF0200,00FF0003,00000000,00000000,00000000,00000000,00000000,00FFFE00,2008
269,genesis,zelda_v540,0014DA,10,10,03,00,00,00,00,01,00,00,00,3D,00,00,00,00,00,00,00,00,A5,00,00,00,00,1E,B0,00,1C,01,D4,C0,00,00,00,00,00,00,00,00,00,00,00,80,00,00,00,00,00,00,00,00,00,00,00,00,3F,00,FF,04,04,36,17,17,0F,FF,36,0F,00,10,36,17,27,0F,0203,0581,0000,0302,00000000,0000,0093,000004B0,78000603,00000000,00000374,C01E8118,00000000,00000000,0000FFFF,00FF0200,00FF0003,00000000,00000000,00000000,00000000,00000000,00FFFE00,2008
270,genesis,zelda_v540,0014DA,10,10,03,00,00,00,00,01,00,00,00,3E,00,00,00,00,00,00,00,00,A5,00,00,00,00,1E,B0,00,1C,01,D6,C0,00,00,00,00,00,00,00,00,00,00,00,80,00,00,00,00,00,00,00,00,00,00,00,00,3F,00,FF,04,04,36,17,17,0F,FF,36,0F,00,10,36,17,27,0F,0203,0593,0000,0302,00000000,0000,0095,000004B0,78000603,00000000,00000374,C01E8118,00000000,00000000,0000FFFF,00FF0200,00FF0003,00000000,00000000,00000000,00000000,00000000,00FFFE00,2008
271,genesis,zelda_v540,0014DA,10,10,03,00,00,00,00,01,00,00,00,3F,00,00,00,00,00,00,00,00,A5,00,00,00,00,1E,B0,00,1D,01,D8,C0,00,00,00,00,00,00,00,00,00,00,00,80,00,00,00,00,00,00,00,00,00,00,00,00,3F,00,FF,04,04,36,17,17,0F,FF,36,0F,00,10,36,17,27,0F,0203,05A5,0000,0302,00000000,0000,0097,000004B0,78000603,00000000,00000374,C01E8118,00000000,00000000,0000FFFF,00FF0200,00FF0003,00000000,00000000,00000000,00000000,00000000,00FFFE00,2008
272,genesis,zelda_v540,0014DA,10,10,03,00,00,00,00,01,00,00,00,40,00,00,00,00,00,00,00,00,A5,00,00,00,00,1E,B0,00,1D,01,DA,C0,00,00,00,00,00,00,00,00,00,00,00,80,00,00,00,00,00,00,00,00,00,00,00,00,3F,00,3F,04,04,36,17,27,0F,FF,36,0F,00,10,36,17,27,0F,0203,05B7,0000,0302,00000000,0000,0099,000004B0,78000603,00000000,00000374,C01E8118,00000000,00000000,0000FFFF,00FF0200,00FF0003,00000000,00000000,00000000,00000000,00000000,00FFFE00,2008
273,genesis,zelda_v540,0014DA,10,10,03,00,00,00,00,01,00,00,00,41,00,00,00,00,00,00,00,00,A5,00,00,00,00,1E,B0,00,1E,01,DC,C0,00,00,00,00,00,00,00,00,00,00,00,80,00,00,00,00,00,00,00,00,00,00,00,00,3F,00,FF,04,04,36,17,27,0F,FF,36,0F,00,10,36,17,27,0F,0203,05C9,0000,0302,00000000,0000,009B,000004B0,78000603,00000000,00000374,C01E8118,00000000,00000000,0000FFFF,00FF0200,00FF0003,00000000,00000000,00000000,00000000,00000000,00FFFE00,2008
274,genesis,zelda_v540,0014DA,10,10,03,00,00,00,00,01,00,00,00,42,00,00,00,00,00,00,00,00,A5,00,00,00,00,1E,B0,00,1E,01,DE,C0,00,00,00,00,00,00,00,00,00,00,00,80,00,00,00,00,00,00,00,00,00,00,00,00,3F,00,FF,04,04,36,17,27,0F,FF,36,0F,00,10,36,17,27,0F,0203,05DB,0000,0302,00000000,0000,009D,000004B0,78000603,00000000,00000374,C01E8118,00000000,00000000,0000FFFF,00FF0200,00FF0003,00000000,00000000,00000000,00000000,00000000,00FFFE00,2008
275,genesis,zelda_v540,0014DA,10,10,03,00,00,00,00,01,00,00,00,43,00,00,00,00,00,00,00,00,A5,00,00,00,00,1E,B0,00,1F,01,E0,C0,00,00,00,00,00,00,00,00,00,00,00,80,00,00,00,00,00,00,00,00,00,00,00,00,3F,00,FF,04,04,36,17,27,0F,FF,36,0F,00,10,36,17,27,0F,0203,05ED,0000,0302,00000000,0000,009F,000004B0,78000603,00000000,00000374,C01E8118,00000000,00000000,0000FFFF,00FF0200,00FF0003,00000000,00000000,00000000,00000000,00000000,00FFFE00,2008
276,genesis,zelda_v540,0014DA,10,10,03,00,00,00,00,01,00,00,00,44,00,00,00,00,00,00,00,00,A5,00,00,00,00,1E,B0,00,1F,01,E2,C0,00,00,00,00,00,00,00,00,00,00,00,80,00,00,00,00,00,00,00,00,00,00,00,00,3F,00,FF,04,04,36,17,27,0F,FF,36,0F,00,10,36,17,27,0F,0203,05FF,0000,0302,00000000,0000,00A1,000004B0,78000603,00000000,00000374,C01E8118,00000000,00000000,0000FFFF,00FF0200,00FF0003,00000000,00000000,00000000,00000000,00000000,00FFFE00,2008
277,genesis,zelda_v540,0014DA,10,10,03,00,00,00,00,01,00,00,00,45,00,00,00,00,00,00,00,00,A5,00,00,00,00,1E,B0,00,20,01,B2,C0,00,00,00,00,00,00,00,00,00,00,00,80,00,00,00,00,00,00,00,00,00,00,00,00,3F,00,FF,04,04,36,17,27,0F,FF,36,0F,00,10,36,17,27,0F,0203,0611,0000,0302,00000000,0000,00A3,000004B0,78000603,00000000,00000374,C01E8118,00000000,00000000,0000FFFF,00FF0200,00FF0003,00000000,00000000,00000000,00000000,00000000,00FFFE00,2008
278,genesis,zelda_v540,0014DA,10,10,03,00,00,00,00,01,00,00,00,46,00,00,00,00,00,00,00,00,A5,00,00,00,00,1E,B0,00,20,01,B4,C0,00,00,00,00,00,00,00,00,00,00,00,80,00,00,00,00,00,00,00,00,00,00,00,00,3F,00,3F,04,04,36,17,37,0F,FF,36,0F,00,10,36,17,27,0F,0203,0623,0000,0302,00000000,0000,00A5,000004B0,78000603,00000000,00000374,C01E8118,00000000,00000000,0000FFFF,00FF0200,00FF0003,00000000,00000000,00000000,00000000,00000000,00FFFE00,2008
279,genesis,zelda_v540,0014DA,10,10,03,00,00,00,00,01,00,00,00,47,00,00,00,00,00,00,00,00,A5,00,00,00,00,1E,B0,00,21,01,B6,C0,00,00,00,00,00,00,00,00,00,00,00,80,00,00,00,00,00,00,00,00,00,00,00,00,3F,00,FF,04,04,36,17,37,0F,FF,36,0F,00,10,36,17,27,0F,0203,0635,0000,0302,00000000,0000,00A7,000004B0,78000603,00000000,00000374,C01E8118,00000000,00000000,0000FFFF,00FF0200,00FF0003,00000000,00000000,00000000,00000000,00000000,00FFFE00,2008
280,genesis,zelda_v540,0014DA,10,10,03,00,00,00,00,01,00,00,00,48,00,00,00,00,00,00,00,00,A5,00,00,00,00,1E,B0,00,21,01,B8,C0,00,00,00,00,00,00,00,00,00,00,00,80,00,00,00,00,00,00,00,00,00,00,00,00,3F,00,FF,04,04,36,17,37,0F,FF,36,0F,00,10,36,17,27,0F,0203,0647,0000,0302,00000000,0000,00A9,000004B0,78000603,00000000,00000374,C01E8118,00000000,00000000,0000FFFF,00FF0200,00FF0003,00000000,00000000,00000000,00000000,00000000,00FFFE00,2008
281,genesis,zelda_v540,0014DA,10,10,03,00,00,00,00,01,00,00,00,49,00,00,00,00,00,00,00,00,A5,00,00,00,00,1E,B0,00,22,01,BA,C0,00,00,00,00,00,00,00,00,00,00,00,80,00,00,00,00,00,00,00,00,00,00,00,00,3F,00,FF,04,04,36,17,37,0F,FF,36,0F,00,10,36,17,27,0F,0203,0659,0000,0302,00000000,0000,00AB,000004B0,78000603,00000000,00000374,C01E8118,00000000,00000000,0000FFFF,00FF0200,00FF0003,00000000,00000000,00000000,00000000,00000000,00FFFE00,2008
282,genesis,zelda_v540,0014DA,10,10,03,00,00,00,00,01,00,00,00,4A,00,00,00,00,00,00,00,00,A5,00,00,00,00,1E,B0,00,22,01,BC,C0,00,00,00,00,00,00,00,00,00,00,00,80,00,00,00,00,00,00,00,00,00,00,00,00,3F,00,FF,04,04,36,17,37,0F,FF,36,0F,00,10,36,17,27,0F,0203,066B,0000,0302,00000000,0000,00AD,000004B0,78000603,00000000,00000374,C01E8118,00000000,00000000,0000FFFF,00FF0200,00FF0003,00000000,00000000,00000000,00000000,00000000,00FFFE00,2008
283,genesis,zelda_v540,0014DA,10,10,03,00,00,00,00,01,00,00,00,4B,00,00,00,00,00,00,00,00,A5,00,00,00,00,1E,B0,00,23,01,BE,C0,00,00,00,00,00,00,00,00,00,00,00,80,00,00,00,00,00,00,00,00,00,00,00,00,3F,00,FF,04,04,36,17,37,0F,FF,36,0F,00,10,36,17,27,0F,0203,067D,0000,0302,00000000,0000,00AF,000004B0,78000603,00000000,00000374,C01E8118,00000000,00000000,0000FFFF,00FF0200,00FF0003,00000000,00000000,00000000,00000000,00000000,00FFFE00,2008
284,genesis,zelda_v540,0014DA,10,10,03,00,00,00,00,01,00,00,00,4C,00,00,00,00,00,00,00,00,A5,00,00,00,00,1E,B0,00,23,01,C0,C0,00,00,00,00,00,00,00,00,00,00,00,80,00,00,00,00,00,00,00,00,00,00,00,00,3F,00,3F,04,04,36,17,37,0F,FF,36,0F,00,10,36,17,27,0F,0203,068F,0000,0302,00000000,0000,00B1,000004B0,78000603,00000000,00000374,C01E8118,00000000,00000000,0000FFFF,00FF0200,00FF0003,00000000,00000000,00000000,00000000,00000000,00FFFE00,2008
285,genesis,zelda_v540,0014DA,10,10,03,00,00,00,00,01,00,00,00,4D,00,00,00,00,00,00,00,00,A5,00,00,00,00,1E,B0,00,24,01,C2,C0,00,00,00,00,00,00,00,00,00,00,00,80,00,00,00,00,00,00,00,00,00,00,00,00,3F,00,FF,04,04,36,17,37,0F,FF,36,0F,00,10,36,17,27,0F,0203,06A1,0000,0302,00000000,0000,00B3,000004B0,78000603,00000000,00000374,C01E8118,00000000,00000000,0000FFFF,00FF0200,00FF0003,00000000,00000000,00000000,00000000,00000000,00FFFE00,2008
286,genesis,zelda_v540,0014DA,00,00,03,00,00,00,00,01,00,00,00,4E,00,00,00,00,00,00,00,00,A5,00,00,00,00,1E,B0,00,24,01,C4,C0,00,00,00,00,00,00,00,00,00,00,00,80,00,00,00,00,00,00,00,00,00,00,00,00,3F,00,FF,04,04,36,17,37,0F,FF,36,0F,00,10,36,17,27,0F,0203,06B3,0000,0302,00000000,0000,00B5,000004B0,78000603,00000000,00000374,C01E8118,00000000,00000000,0000FFFF,00FF0200,00FF0003,00000000,00000000,00000000,00000000,00000000,00FFFE00,2008
287,genesis,zelda_v540,0014DA,00,00,03,00,00,00,00,01,00,00,00,4F,00,00,00,00,00,00,00,00,A5,00,00,00,00,1E,B0,00,25,01,C6,C0,00,00,00,00,00,00,00,00,00,00,00,80,00,00,00,00,00,00,00,00,00,00,00,00,3F,00,FF,04,04,36,17,37,0F,FF,36,0F,00,10,36,17,27,0F,0203,06C5,0000,0302,00000000,0000,00B7,000004B0,78000603,00000000,00000374,C01E8118,00000000,00000000,0000FFFF,00FF0200,00FF0003,00000000,00000000,00000000,00000000,00000000,00FFFE00,2008
288,genesis,zelda_v540,0014DA,00,00,03,00,00,00,00,01,00,00,00,50,00,00,00,00,00,00,00,00,A5,00,00,00,00,1E,B0,00,25,01,C8,C0,00,00,00,00,00,00,00,00,00,00,00,80,00,00,00,00,00,00,00,00,00,00,00,00,3F,00,FF,04,04,36,17,37,0F,FF,36,0F,00,10,36,17,27,0F,0203,06D7,0000,0302,00000000,0000,00B9,000004B0,78000603,00000000,00000374,C01E8118,00000000,00000000,0000FFFF,00FF0200,00FF0003,00000000,00000000,00000000,00000000,00000000,00FFFE00,2008
289,genesis,zelda_v540,0014DA,00,00,03,00,00,00,00,01,00,00,00,51,00,00,00,00,00,00,00,00,A5,00,00,00,00,1E,B0,00,26,01,CA,C0,00,00,00,00,00,00,00,00,00,00,00,80,00,00,00,00,00,00,00,00,00,00,00,00,3F,00,FF,04,04,36,17,37,0F,FF,36,0F,00,10,36,17,27,0F,0203,06E9,0000,0302,00000000,0000,00BB,000004B0,78000603,00000000,00000374,C01E8118,00000000,00000000,0000FFFF,00FF0200,00FF0003,00000000,00000000,00000000,00000000,00000000,00FFFE00,2008
290,genesis,zelda_v540,0014DA,08,08,03,00,00,00,00,01,00,00,00,52,00,00,00,00,00,00,00,00,A5,00,00,00,00,1E,B0,00,26,01,CC,C0,00,00,00,00,00,00,00,00,00,00,00,80,00,00,00,00,00,00,00,00,00,00,00,00,3F,00,3F,04,04,36,17,27,0F,FF,36,0F,00,10,36,17,27,0F,0203,06FB,0000,0302,00000000,0000,00BD,000004B0,78000603,00000000,00000374,C01E8118,00000000,00000000,0000FFFF,00FF0200,00FF0003,00000000,00000000,00000000,00000000,00000000,00FFFE00,2008
291,genesis,zelda_v540,0014DA,08,08,03,00,00,00,00,01,00,00,00,53,00,00,00,00,00,00,00,00,A5,00,00,00,00,1E,B0,00,27,01,CE,C0,00,00,00,00,00,00,00,00,00,00,00,80,00,00,00,00,00,00,00,00,00,00,00,00,3F,00,FF,04,04,36,17,27,0F,FF,36,0F,00,10,36,17,27,0F,0203,070D,0000,0302,00000000,0000,00BF,000004B0,78000603,00000000,00000374,C01E8118,00000000,00000000,0000FFFF,00FF0200,00FF0003,00000000,00000000,00000000,00000000,00000000,00FFFE00,2008
292,genesis,zelda_v540,0014DA,08,08,03,00,00,00,00,01,00,00,00,54,00,00,00,00,00,00,00,00,A5,00,00,00,00,1E,B0,00,27,01,D0,C0,00,00,00,00,00,00,00,00,00,00,00,80,00,00,00,00,00,00,00,00,00,00,00,00,3F,00,FF,04,04,36,17,27,0F,FF,36,0F,00,10,36,17,27,0F,0203,071F,0000,0302,00000000,0000,00C1,000004B0,78000603,00000000,00000374,C01E8118,00000000,00000000,0000FFFF,00FF0200,00FF0003,00000000,00000000,00000000,00000000,00000000,00FFFE00,2008
293,genesis,zelda_v540,0014DA,08,08,03,00,00,00,00,01,00,00,00,55,00,00,00,00,00,00,00,00,A5,00,00,00,00,1E,B0,00,28,01,D2,C0,00,00,00,00,00,00,00,00,00,00,00,80,00,00,00,00,00,00,00,00,00,00,00,00,3F,00,FF,04,04,36,17,27,0F,FF,36,0F,00,10,36,17,27,0F,0203,0731,0000,0302,00000000,0000,00C3,000004B0,78000603,00000000,00000374,C01E8118,00000000,00000000,0000FFFF,00FF0200,00FF0003,00000000,00000000,00000000,00000000,00000000,00FFFE00,2008
294,genesis,zelda_v540,0014DA,10,10,03,00,00,00,00,01,00,00,00,56,00,00,00,00,00,00,00,00,A5,00,00,00,00,1E,B0,00,28,01,D4,C0,00,00,00,00,00,00,00,00,00,00,00,80,00,00,00,00,00,00,00,00,00,00,00,00,3F,00,FF,04,04,36,17,27,0F,FF,36,0F,00,10,36,17,27,0F,0203,0743,0000,0302,00000000,0000,00C5,000004B0,78000603,00000000,00000374,C01E8118,00000000,00000000,0000FFFF,00FF0200,00FF0003,00000000,00000000,00000000,00000000,00000000,00FFFE00,2008
295,genesis,zelda_v540,0014DA,10,10,03,00,00,00,00,01,00,00,00,57,00,00,00,00,00,00,00,00,A5,00,00,00,00,1E,B0,00,29,01,D6,C0,00,00,00,00,00,00,00,00,00,00,00,80,00,00,00,00,00,00,00,00,00,00,00,00,3F,00,FF,04,04,36,17,27,0F,FF,36,0F,00,10,36,17,27,0F,0203,0755,0000,0302,00000000,0000,00C7,000004B0,78000603,00000000,00000374,C01E8118,00000000,00000000,0000FFFF,00FF0200,00FF0003,00000000,00000000,00000000,00000000,00000000,00FFFE00,2008
296,genesis,zelda_v540,0014DA,10,10,03,00,00,00,00,01,00,00,00,58,00,00,00,00,00,00,00,00,A5,00,00,00,00,1E,B0,00,29,01,D8,C0,00,00,00,00,00,00,00,00,00,00,00,80,00,00,00,00,00,00,00,00,00,00,00,00,3F,00,3F,04,04,36,17,17,0F,FF,36,0F,00,10,36,17,27,0F,0203,0767,0000,0302,00000000,0000,00C9,000004B0,78000603,00000000,00000374,C01E8118,00000000,00000000,0000FFFF,00FF0200,00FF0003,00000000,00000000,00000000,00000000,00000000,00FFFE00,2008
297,genesis,zelda_v540,0014DA,10,10,03,00,00,00,00,01,00,00,00,59,00,00,00,00,00,00,00,00,A5,00,00,00,00,1E,B0,00,2A,01,DA,C0,00,00,00,00,00,00,00,00,00,00,00,80,00,00,00,00,00,00,00,00,00,00,00,00,3F,00,FF,04,04,36,17,17,0F,FF,36,0F,00,10,36,17,27,0F,0203,0779,0000,0302,00000000,0000,00CB,000004B0,78000603,00000000,00000374,C01E8118,00000000,00000000,0000FFFF,00FF0200,00FF0003,00000000,00000000,00000000,00000000,00000000,00FFFE00,2008
298,genesis,zelda_v540,0014DA,10,10,03,00,00,00,00,01,00,00,00,5A,00,00,00,00,00,00,00,00,A5,00,00,00,00,1E,B0,00,2A,01,DC,C0,00,00,00,00,00,00,00,00,00,00,00,80,00,00,00,00,00,00,00,00,00,00,00,00,3F,00,FF,04,04,36,17,17,0F,FF,36,0F,00,10,36,17,27,0F,0203,078B,0000,0302,00000000,0000,00CD,000004B0,78000603,00000000,00000374,C01E8118,00000000,00000000,0000FFFF,00FF0200,00FF0003,00000000,00000000,00000000,00000000,00000000,00FFFE00,2008
299,genesis,zelda_v540,0014DA,10,10,03,00,00,00,00,01,00,00,00,5B,00,00,00,00,00,00,00,00,A5,00,00,00,00,1E,B0,00,2B,01,DE,C0,00,00,00,00,00,00,00,00,00,00,00,80,00,00,00,00,00,00,00,00,00,00,00,00,3F,00,FF,04,04,36,17,17,0F,FF,36,0F,00,10,36,17,27,0F,0203,079D,0000,0302,00000000,0000,00CF,000004B0,78000603,00000000,00000374,C01E8118,00000000,00000000,0000FFFF,00FF0200,00FF0003,00000000,00000000,00000000,00000000,00000000,00FFFE00,2008
300,genesis,zelda_v540,0014DA,10,10,03,00,00,00,00,01,00,00,00,5C,00,00,00,00,00,00,00,00,A5,00,00,00,00,1E,B0,00,2B,01,E0,C0,00,00,00,00,00,00,00,00,00,00,00,80,00,00,00,00,00,00,00,00,00,00,00,00,3F,00,FF,04,04,36,17,17,0F,FF,36,0F,00,10,36,17,27,0F,0203,07AF,0000,0302,00000000,0000,00D1,000004B0,78000603,00000000,00000374,C01E8118,00000000,00000000,0000FFFF,00FF0200,00FF0003,00000000,00000000,00000000,00000000,00000000,00FFFE00,2008
