frame,system,rom_label,pc,ram_0000_t49,ram_0000_t41,ram_0000_t42,ram_0002_t17,ram_0003_t18,ram_0004_t18,game_mode,screen_ready,ram_script,ram_subscript,ppu_load_index,ram_frm_cnt,cur_save_slot,rendering_flag,ram_004D,ram_next_script,ram_005C,se_ptr_lo,se_ptr_hi,ram_006C_se,ram_00F6,btn_press,btn_hold,scroll_y,scroll_x,ram_for_2001,ram_for_2000,ram_0415,ram_041A,ram_041F,ram_0421,ram_0423,spr_index_1,spr_index_2,ram_042D,ram_042E,ram_00E7,ram_map_location,ram_next_map_location,ram_0528,ram_05F1,ram_05F4,ram_05F5,ram_music,ram_music_busy,ram_060A,ram_060B,ram_060C,ram_060D,ram_0611,ram_0612,ram_0613,ram_0616,ram_0617,ram_0619,ram_061B,ppu_buf_status,ppu_buf_index,ppu_buf_0,ppu_buf_1,ppu_buf_2,ppu_buf_3,ppu_buf_4,ppu_buf_5,ppu_buf_6,ppu_buf_7,pal_sh_00,pal_sh_01,pal_sh_02,pal_sh_03,pal_sh_04,pal_sh_05,pal_sh_06,pal_sh_07,trace_last,trace_seq,PPU_REQ_INDEX,PPU_REQ_PTR,PPU_REQ_RES,SEQ_EVT_COUNT,PPU_EVT_COUNT,reg_d0,reg_d1,reg_d2,reg_d3,reg_d4,reg_d5,reg_d6,reg_d7,reg_a0,reg_a1,reg_a2,reg_a3,reg_a4,reg_a5,reg_a6,reg_a7,reg_sr
0,genesis,zelda_v588_autostart,0003D4,00,00,00,00,00,00,00,00,00,00,00,00,00,00,00,00,00,00,00,00,00,00,00,00,00,00,00,00,00,00,00,00,00,00,00,00,00,00,00,00,00,00,00,00,00,00,00,00,00,00,00,00,00,00,00,00,00,00,00,00,00,00,00,00,00,00,00,00,00,00,00,00,00,00,0000,0000,0000,0000,00000000,0000,0000,00003DF9,00000000,00000000,00000000,00000000,00000000,00000000,00000000,00FF081C,00000000,00000000,00000000,00000000,00000000,00000000,00FFFE00,2704
1,genesis,zelda_v588_autostart,0003D2,00,00,00,00,00,00,00,00,00,00,00,00,00,00,00,00,00,00,00,00,00,00,00,00,00,00,00,00,00,00,00,00,00,00,00,00,00,00,00,00,00,00,00,00,00,00,00,00,00,00,00,00,00,00,00,00,00,00,00,00,00,00,00,00,00,00,00,00,00,00,00,00,00,00,0000,0000,0000,0000,00000000,0000,0000,00002D8C,00000000,00000000,00000000,00000000,00000000,00000000,00000000,00FF49CC,00000000,00000000,00000000,00000000,00000000,00000000,00FFFE00,2704
2,genesis,zelda_v588_autostart,0003D4,00,00,00,00,00,00,00,00,00,00,00,00,00,00,00,00,00,00,00,00,00,00,00,00,00,00,00,00,00,00,00,00,00,00,00,00,00,00,00,00,00,00,00,00,00,00,00,00,00,00,00,00,00,00,00,00,00,00,00,00,00,00,00,00,00,00,00,00,00,00,00,00,00,00,0000,0000,0000,0000,00000000,0000,0000,00001D20,00000000,00000000,00000000,00000000,00000000,00000000,00000000,00FF8B80,00000000,00000000,00000000,00000000,00000000,00000000,00FFFE00,2704
3,genesis,zelda_v588_autostart,0003D4,00,00,00,00,00,00,00,00,00,00,00,00,00,00,00,00,00,00,00,00,00,00,00,00,00,00,00,00,00,00,00,00,00,00,00,00,00,00,00,00,00,00,00,00,00,00,00,00,00,00,00,00,00,00,00,00,00,00,00,00,00,00,00,00,00,00,00,00,00,00,00,00,00,00,0000,0000,0000,0000,00000000,0000,0000,00000CB3,00000000,00000000,00000000,00000000,00000000,00000000,00000000,00FFCD34,00000000,00000000,00000000,00000000,00000000,00000000,00FFFE00,2704
4,genesis,zelda_v588_autostart,00053C,00,00,00,00,00,00,00,00,00,00,00,00,00,00,00,00,00,00,00,00,00,00,00,00,00,00,00,00,00,00,00,00,00,00,00,00,00,00,00,00,00,00,00,00,00,00,00,00,00,00,00,00,00,00,00,00,00,00,00,00,00,00,00,00,00,00,00,00,00,00,00,00,00,00,0000,0000,0000,0000,00000000,0000,0000,00000449,00000000,00000000,00000000,00000000,00000000,00000000,00000000,00200EDC,00FF6EDC,00000000,00000000,00000000,00000000,00000000,00FFFDFC,2700
5,genesis,zelda_v588_autostart,000CFC,00,00,00,00,00,00,00,00,00,00,00,00,00,00,00,00,00,00,00,00,00,00,00,00,00,00,00,00,00,00,00,00,00,00,00,00,00,00,00,00,00,00,00,00,00,00,00,00,00,00,00,00,00,00,00,00,00,00,00,00,00,00,00,00,00,00,00,00,00,00,00,00,00,00,0000,0000,0000,0000,00000000,0000,0000,0000FFFF,00000000,00000000,00000000,00000000,00000000,00000000,000073EA,00202000,00FF8000,00000000,00000000,00000000,00000000,00000000,00FFFDF8,2704
6,genesis,zelda_v588_autostart,000CFC,00,00,00,00,00,00,00,00,00,00,00,00,00,00,00,00,00,00,00,00,00,00,00,00,00,00,00,00,00,00,00,00,00,00,00,00,00,00,00,00,00,00,00,00,00,00,00,00,00,00,00,00,00,00,00,00,00,00,00,00,00,00,00,00,00,00,00,00,00,00,00,00,00,00,0000,0000,0000,0000,00000000,0000,0000,0000FFFF,00000000,00000000,00000000,00000000,00000000,00000000,0000637D,00202000,00FF8000,00000000,00000000,00000000,00000000,00000000,00FFFDF8,2704
7,genesis,zelda_v588_autostart,000CF4,00,00,00,00,00,00,00,00,00,00,00,00,00,00,00,00,00,00,00,00,00,00,00,00,00,00,00,00,00,00,00,00,00,00,00,00,00,00,00,00,00,00,00,00,00,00,00,00,00,00,00,00,00,00,00,00,00,00,00,00,00,00,00,00,00,00,00,00,00,00,00,00,00,00,0000,0000,0000,0000,00000000,0000,0000,0000FFFF,00000000,00000000,00000000,00000000,00000000,00000000,00005310,00202000,00FF8000,00000000,00000000,00000000,00000000,00000000,00FFFDF8,2704
8,genesis,zelda_v588_autostart,000CFC,00,00,00,00,00,00,00,00,00,00,00,00,00,00,00,00,00,00,00,00,00,00,00,00,00,00,00,00,00,00,00,00,00,00,00,00,00,00,00,00,00,00,00,00,00,00,00,00,00,00,00,00,00,00,00,00,00,00,00,00,00,00,00,00,00,00,00,00,00,00,00,00,00,00,0000,0000,0000,0000,00000000,0000,0000,0000FFFF,00000000,00000000,00000000,00000000,00000000,00000000,000042A4,00202000,00FF8000,00000000,00000000,00000000,00000000,00000000,00FFFDF8,2704
9,genesis,zelda_v588_autostart,000CF4,00,00,00,00,00,00,00,00,00,00,00,00,00,00,00,00,00,00,00,00,00,00,00,00,00,00,00,00,00,00,00,00,00,00,00,00,00,00,00,00,00,00,00,00,00,00,00,00,00,00,00,00,00,00,00,00,00,00,00,00,00,00,00,00,00,00,00,00,00,00,00,00,00,00,0000,0000,0000,0000,00000000,0000,0000,0000FFFF,00000000,00000000,00000000,00000000,00000000,00000000,00003237,00202000,00FF8000,00000000,00000000,00000000,00000000,00000000,00FFFDF8,2704
10,genesis,zelda_v588_autostart,000CFC,00,00,00,00,00,00,00,00,00,00,00,00,00,00,00,00,00,00,00,00,00,00,00,00,00,00,00,00,00,00,00,00,00,00,00,00,00,00,00,00,00,00,00,00,00,00,00,00,00,00,00,00,00,00,00,00,00,00,00,00,00,00,00,00,00,00,00,00,00,00,00,00,00,00,0000,0000,0000,0000,00000000,0000,0000,0000FFFF,00000000,00000000,00000000,00000000,00000000,00000000,000021CB,00202000,00FF8000,00000000,00000000,00000000,00000000,00000000,00FFFDF8,2704
11,genesis,zelda_v588_autostart,000CFC,00,00,00,00,00,00,00,00,00,00,00,00,00,00,00,00,00,00,00,00,00,00,00,00,00,00,00,00,00,00,00,00,00,00,00,00,00,00,00,00,00,00,00,00,00,00,00,00,00,00,00,00,00,00,00,00,00,00,00,00,00,00,00,00,00,00,00,00,00,00,00,00,00,00,0000,0000,0000,0000,00000000,0000,0000,0000FFFF,00000000,00000000,00000000,00000000,00000000,00000000,0000115E,00202000,00FF8000,00000000,00000000,00000000,00000000,00000000,00FFFDF8,2704
12,genesis,zelda_v588_autostart,000CFC,00,00,00,00,00,00,00,00,00,00,00,00,00,00,00,00,00,00,00,00,00,00,00,00,00,00,00,00,00,00,00,00,00,00,00,00,00,00,00,00,00,00,00,00,00,00,00,00,00,00,00,00,00,00,00,00,00,00,00,00,00,00,00,00,00,00,00,00,00,00,00,00,00,00,0000,0000,0000,0000,00000000,0000,0000,0000FFFF,00000000,00000000,00000000,00000000,00000000,00000000,000000F2,00202000,00FF8000,00000000,00000000,00000000,00000000,00000000,00FFFDF8,2704
13,genesis,zelda_v588_autostart,000D6E,00,00,00,00,00,00,00,00,00,00,00,00,00,00,00,00,00,00,00,00,00,00,00,00,00,00,00,00,00,00,00,00,00,00,00,00,00,00,00,00,00,00,00,00,00,00,00,00,00,00,00,00,00,00,00,00,00,00,00,00,00,00,00,00,00,00,00,00,00,00,00,00,00,00,0000,0000,0000,0000,00000000,0000,0000,0000E000,60000003,00000000,00000000,00000000,00000000,00000000,000000A6,00202000,00FF8000,00000000,00000000,00000000,00000000,00000000,00FFFDF0,2710
14,genesis,zelda_v588_autostart,001020,00,00,00,00,00,00,00,00,00,00,00,00,00,00,00,00,00,00,00,00,00,00,00,00,00,00,00,00,00,00,00,00,00,00,00,00,00,00,00,00,00,00,00,00,00,00,00,00,00,00,00,00,00,00,00,00,00,00,00,00,00,00,00,00,00,00,00,00,00,00,00,00,00,00,0000,0000,0000,0000,00000000,0000,0000,00000000,78000666,00000000,00000000,C01E0000,00000000,00000000,0000049E,00FFCD88,00FF8000,00000000,00000000,00000000,00000000,00000000,00FFFDF8,2704
15,genesis,zelda_v588_autostart,0006B0,00,00,00,00,00,00,00,00,00,00,00,00,00,00,00,00,00,00,00,00,00,00,00,00,00,00,00,00,00,00,00,00,00,00,00,00,00,00,00,00,00,00,00,00,00,00,00,00,00,00,00,00,00,00,00,00,00,00,00,00,00,00,00,00,00,00,00,00,00,00,00,00,00,00,0000,0000,0000,0000,00000000,0000,0000,000006AD,78000666,00000000,00000000,C01E0000,00000000,00000000,0000FFFF,0002CBF8,00FF8000,00000000,00000000,00000000,00000000,00000000,00FFFDFC,2700
16,genesis,zelda_v588_autostart,0006CC,00,00,00,00,00,00,00,00,00,00,00,00,00,00,00,00,00,00,00,00,00,00,00,00,00,00,00,00,00,00,00,00,00,00,00,00,00,00,00,00,00,00,00,00,00,00,00,00,00,00,00,00,00,00,00,00,00,00,00,00,00,00,00,00,00,00,00,00,00,00,00,00,00,00,0000,0000,0000,0000,00000000,0000,0000,00000007,78000666,00000000,00000000,C01E0000,00000000,00000000,0000FFFF,00030690,00FFDFE0,00000000,00000000,00000000,00000000,00000000,00FFFDFC,2708
17,genesis,zelda_v588_autostart,0015A8,00,00,03,00,00,00,00,00,00,00,10,01,00,00,00,00,00,00,00,00,00,00,00,00,00,1E,80,00,00,00,00,00,00,00,00,00,00,00,00,00,00,00,00,00,00,00,00,00,00,00,00,00,00,00,00,00,3F,00,FF,00,00,00,00,00,00,00,0F,30,30,30,0F,21,30,30,02C0,0014,0000,0302,00000000,0000,0002,00000000,42800005,00000000,00000005,000000A5,00000000,00000000,00000005,00FF8200,00FF687E,00000000,00000000,00000000,00000000,00000000,00FFFDAA,2600
18,genesis,zelda_v588_autostart,001586,00,00,03,00,00,00,00,00,00,00,10,01,00,00,00,00,00,00,00,00,00,00,00,00,00,1E,80,00,00,00,00,00,00,00,00,00,00,00,00,00,00,00,00,00,00,00,00,00,00,00,00,00,00,00,00,00,3F,00,FF,00,00,00,00,00,00,00,0F,30,30,30,0F,21,30,30,02C0,0014,0000,0302,00000000,0000,0002,0000C500,4580000B,00000000,00000000,00000168,00000000,00000168,00000008,00FF8200,00FF687E,00000000,00000000,00000000,00000000,00000000,00FFFDAA,2604
19,genesis,zelda_v588_autostart,001590,00,00,03,00,00,00,00,00,00,00,10,01,00,00,00,00,00,00,00,00,00,00,00,00,00,1E,80,00,00,00,00,00,00,00,00,00,00,00,00,00,00,00,00,00,00,00,00,00,00,00,00,00,00,00,00,00,3F,00,FF,00,00,00,00,00,00,00,0F,30,30,30,0F,21,30,30,02C0,0014,0000,0302,00000000,0000,0002,0000C800,48800011,00000000,00000020,0000022B,00000000,0000000B,0000000B,00FF8200,00FF687E,00000000,00000000,00000000,00000000,00000000,00FFFDAA,2600
20,genesis,zelda_v588_autostart,0014F8,00,00,03,00,00,00,00,00,00,00,10,01,00,00,00,00,00,00,00,00,00,00,00,00,00,1E,80,00,00,00,00,00,00,00,00,00,00,00,00,00,00,00,00,00,00,00,00,00,00,00,00,00,00,00,00,00,3F,00,FF,00,00,00,00,00,00,00,0F,30,30,30,0F,21,30,30,02C0,0014,0000,0302,00000000,0000,0002,0000CB9A,4B800017,00000000,0000CB9A,000002EE,00000000,000002EE,0000000E,00FF8200,00FF687E,00000000,00000000,00000000,00000000,00000000,00FFFDAA,2600
21,genesis,zelda_v588_autostart,001580,00,00,03,00,00,00,00,00,00,00,10,01,00,00,00,00,00,00,00,00,00,00,00,00,00,1E,80,00,00,00,00,00,00,00,00,00,00,00,00,00,00,00,00,00,00,00,00,00,00,00,00,00,00,00,00,00,3F,00,FF,00,00,00,00,00,00,00,0F,30,30,30,0F,21,30,30,02C0,0014,0000,0302,00000000,0000,0002,0000CE00,4E80001D,00000000,0000CEA0,000003B1,00000000,000003B1,00000011,00FF8200,00FF687E,00000000,00000000,00000000,00000000,00000000,00FFFDAA,2614
22,genesis,zelda_v588_autostart,001598,00,00,03,00,00,00,00,00,00,00,10,01,00,00,00,00,00,00,00,00,00,00,00,00,00,1E,80,00,00,00,00,00,00,00,00,00,00,00,00,00,00,00,00,00,00,00,00,00,00,00,00,00,00,00,00,00,3F,00,FF,00,00,00,00,00,00,00,0F,30,30,30,0F,21,30,30,0403,001C,0010,A869,00025654,0000,0003,00000400,00000001,00000024,000003C5,00020037,00000000,00000005,00000017,00FF8200,00025692,00000000,00000000,00000000,00000000,00000000,00FFFD78,2600
23,genesis,zelda_v588_autostart,0011C2,00,00,03,00,00,00,00,00,00,00,10,01,00,00,00,00,00,00,00,00,00,00,00,00,00,1E,80,00,00,00,00,00,00,00,00,00,00,00,00,00,00,00,00,00,00,00,00,00,00,00,00,00,00,00,00,00,3F,00,FF,00,00,00,00,00,00,00,0F,30,30,30,0F,21,30,30,0403,0022,0010,A869,00025654,0000,0003,00000424,00000012,00000020,0000208E,0002008E,00000018,00000000,0000FFFF,00FF8200,000256F2,00000000,00000000,00000000,00000000,00000000,00FFFD7C,2600
24,genesis,zelda_v588_autostart,001148,00,00,03,00,00,00,00,00,00,00,10,01,00,00,00,00,00,00,00,00,00,00,00,00,00,1E,80,00,00,00,00,00,00,00,00,00,00,00,00,00,00,00,00,00,00,00,00,00,00,00,00,00,00,00,00,00,3F,00,FF,00,00,00,00,00,00,00,0F,30,30,30,0F,21,30,30,0403,0028,0010,A869,00025654,0000,0003,000004E3,0000001B,00000020,000020E5,000200E5,0000000C,00000000,0000FFFF,00024EA8,00025752,00000000,00000000,00000000,00000000,00000000,00FFFD78,2600
25,genesis,zelda_v588_autostart,00118A,00,00,03,00,00,00,00,00,00,00,10,01,00,00,00,00,00,00,00,00,00,00,00,00,00,1E,80,00,00,00,00,00,00,00,00,00,00,00,00,00,00,00,00,00,00,00,00,00,00,00,00,00,00,00,00,00,3F,00,FF,00,00,00,00,00,00,00,0F,30,30,30,0F,21,30,30,0403,002C,0010,A869,00025654,0000,0003,000004D4,00000003,00000021,0000213D,00022100,0000A869,00000000,0000FFFF,00024EA8,000257B0,00000000,00000000,00000000,00000000,00000000,00FFFD7C,2609
26,genesis,zelda_v588_autostart,00102C,00,00,03,00,00,00,00,00,00,00,10,01,00,00,00,00,00,00,00,00,00,00,00,00,00,1E,80,00,00,00,00,00,00,00,00,00,00,00,00,00,00,00,00,00,00,00,00,00,00,00,00,00,00,00,00,00,3F,00,FF,00,00,00,00,00,00,00,0F,30,30,30,0F,21,30,30,0403,0032,0010,A869,00025654,0000,0003,00000424,0000000D,00000021,00002193,00022100,0000A869,00000000,0000FFFF,00024EA8,0002580F,00000000,00000000,00000000,00000000,00000000,00FFFDA0,2600
27,genesis,zelda_v588_autostart,0015E6,00,00,03,00,00,00,00,00,00,00,10,01,00,00,00,00,00,00,00,00,00,00,00,00,00,1E,80,00,00,00,00,00,00,00,00,00,00,00,00,00,00,00,00,00,00,00,00,00,00,00,00,00,00,00,00,00,3F,00,FF,00,00,00,00,00,00,00,0F,30,30,30,0F,21,30,30,0403,0038,0010,A869,00025654,0000,0003,0000C794,0000000F,00000024,0000C794,000201EA,00000000,00000024,0000000A,00FF8200,0002586F,00000000,00000000,00000000,00000000,00000000,00FFFD78,2604
28,genesis,zelda_v588_autostart,0015CC,00,00,03,00,00,00,00,00,00,00,10,01,00,00,00,00,00,00,00,00,00,00,00,00,00,1E,80,00,00,00,00,00,00,00,00,00,00,00,00,00,00,00,00,00,00,00,00,00,00,00,00,00,00,00,00,00,3F,00,FF,00,00,00,00,00,00,00,0F,30,30,30,0F,21,30,30,0403,003E,0010,A869,00025654,0000,0003,00000902,00000012,000000DA,00000000,00020241,00000000,000000DA,00000001,00FF8200,000258CF,00000000,00000000,00000000,00000000,00000000,00FFFD78,2600
29,genesis,zelda_v588_autostart,0014FE,00,00,03,00,00,00,00,00,00,00,10,01,00,00,00,00,00,00,00,00,00,00,00,00,00,1E,80,00,00,00,00,00,00,00,00,00,00,00,00,00,00,00,00,00,00,00,00,00,00,00,00,00,00,00,00,00,3F,00,FF,00,00,00,00,00,00,00,0F,30,30,30,0F,21,30,30,0403,0042,0010,A869,00025654,0000,0003,00000424,00000014,00000024,00002299,00020299,00000000,00000299,00000019,00FF8200,0002592D,00000000,00000000,00000000,00000000,00000000,00FFFD78,2610
30,genesis,zelda_v588_autostart,0011AE,00,00,03,00,00,00,00,00,00,00,10,01,00,00,00,00,00,00,00,00,00,00,00,00,00,1E,80,00,00,00,00,00,00,00,00,00,00,00,00,00,00,00,00,00,00,00,00,00,00,00,00,00,00,00,00,00,3F,00,FF,00,00,00,00,00,00,00,0F,30,30,30,0F,21,30,30,0403,0048,0010,A869,00025654,0000,0003,000004DD,00000010,00000022,000022F0,000202F0,00000000,00000000,0000FFFF,00FF8200,0002598D,00000000,00000000,00000000,00000000,00000000,00FFFD7C,2608
31,genesis,zelda_v588_autostart,001158,00,00,03,00,00,00,00,00,00,00,10,01,00,00,00,00,00,00,00,00,00,00,00,00,00,1E,80,00,00,00,00,00,00,00,00,00,00,00,00,00,00,00,00,00,00,00,00,00,00,00,00,00,00,00,00,00,3F,00,FF,00,00,00,00,00,00,00,0F,30,30,30,0F,21,30,30,0403,004E,0010,A869,00025654,0000,0003,000004DB,00000019,00000023,00002347,00020347,00000000,00000000,0000FFFF,00024EA8,000259ED,00000000,00000000,00000000,00000000,00000000,00FFFD78,2609
32,genesis,zelda_v588_autostart,000988,00,00,03,00,00,00,00,00,00,00,10,01,00,00,00,00,00,00,00,00,00,00,00,00,00,1E,80,00,00,00,00,00,00,00,00,00,00,00,00,00,00,00,00,00,00,00,00,00,00,00,00,00,00,00,00,00,3F,00,FF,00,00,00,00,00,00,00,0F,30,30,30,0F,21,30,30,0403,0052,0010,A869,00025654,0000,0003,000004E1,00000001,00000023,0000239F,00022300,0000A869,00000000,0000FFFF,00024EA8,00025A4B,00000000,00000000,00000000,00000000,00000000,00FFFDA4,2600
33,genesis,zelda_v588_autostart,001586,00,00,03,00,00,00,00,00,00,00,10,01,00,00,00,00,00,00,00,00,00,00,00,00,00,1E,80,00,00,00,00,00,00,00,00,00,00,00,00,00,00,00,00,00,00,00,00,00,00,00,00,00,00,00,00,00,3F,00,FF,00,00,00,00,00,00,00,0F,30,30,30,0F,21,30,30,0403,0056,0010,A869,00025654,0000,0003,00000000,00000002,00000024,00000000,00020054,00000000,00000054,00000014,00FF8200,00025A77,00000000,00000000,00000000,00000000,00000000,00FFFD5C,2604
34,genesis,zelda_v588_autostart,0015FA,00,00,03,00,00,00,00,00,00,00,10,01,00,00,00,00,00,00,00,00,00,00,00,00,00,1E,80,00,00,00,00,00,00,00,00,00,00,00,00,00,00,00,00,00,00,00,00,00,00,00,00,00,00,00,00,00,3F,00,FF,00,00,00,00,00,00,00,0F,30,30,30,0F,21,30,30,0403,0056,0010,A869,00025654,0000,0003,0000C330,43300003,00000024,0000C2B8,000200D8,00000000,00002024,00000018,00FF8200,00025A80,00000000,00000000,00000000,00000000,00000000,00FFFD5C,2600
35,genesis,zelda_v588_autostart,0014BC,00,00,03,00,00,00,00,00,00,00,10,01,00,00,00,00,00,00,00,00,00,00,00,00,00,1E,80,00,00,00,00,00,00,00,00,00,00,00,00,00,00,00,00,00,00,00,00,00,00,00,00,00,00,00,00,00,3F,00,FF,00,00,00,00,00,00,00,0F,30,30,30,0F,21,30,30,0403,0056,0010,A869,00025654,0000,0003,00000000,00000002,000000C8,0000C694,000201AB,00000000,0000000D,00000008,00FF8200,00025A8C,00000000,00000000,00000000,00000000,00000000,00FFFD68,2604
36,genesis,zelda_v588_autostart,001586,00,00,03,00,00,00,00,00,00,00,10,01,00,00,00,00,00,00,00,00,00,00,00,00,00,1E,80,00,00,00,00,00,00,00,00,00,00,00,00,00,00,00,00,00,00,00,00,00,00,00,00,00,00,00,00,00,3F,00,FF,00,00,00,00,00,00,00,0F,30,30,30,0F,21,30,30,0403,0058,0010,A869,00025654,0000,0003,00000000,00000011,00000012,00000000,00020234,00000000,00000234,00000014,00FF8200,00025A9A,00000000,00000000,00000000,00000000,00000000,00FFFD5C,2604
37,genesis,zelda_v588_autostart,00158C,00,00,03,00,00,00,00,00,00,00,10,01,00,00,00,00,00,00,00,00,00,00,00,00,00,1E,80,00,00,00,00,00,00,00,00,00,00,00,00,00,00,00,00,00,00,00,00,00,00,00,00,00,00,00,00,00,3F,00,FF,00,00,00,00,00,00,00,0F,30,30,30,0F,21,30,30,0403,0058,0010,A869,00025654,0000,0003,00000000,0000001E,0000009A,00000000,000203CE,00000000,00000038,0000000E,00FF8200,00025AB0,00000000,00000000,00000000,00000000,00000000,00FFFD5C,2600
38,genesis,zelda_v588_autostart,00C43E,EF,EF,80,90,06,00,00,00,00,00,00,02,00,00,00,00,00,00,00,00,00,00,00,00,00,00,80,00,00,00,00,00,00,00,00,00,00,00,00,00,00,00,00,00,00,00,00,00,00,00,00,00,00,00,00,00,3F,00,FF,00,00,00,00,00,00,00,0F,30,30,30,0F,21,30,30,0403,006B,0010,A869,00025654,0000,0003,00000400,00000001,00000000,00000070,C0000690,00000690,00000000,0000FFFF,00FF0000,00025AB5,00000000,00000000,00000000,00000000,00000000,00FFFDAA,2608
39,genesis,zelda_v588_autostart,0009B6,9A,9A,81,E5,05,00,00,00,00,00,00,02,00,00,00,00,00,00,00,00,00,00,00,00,00,00,80,00,00,00,00,00,00,00,00,00,00,00,00,00,00,00,00,00,00,00,00,00,00,00,00,00,00,00,00,00,3F,00,FF,00,00,00,00,00,00,00,0F,30,30,30,0F,21,30,30,0403,006B,0010,A869,00025654,0000,0003,00000400,00000001,00000000,0000011B,C0000100,0000819A,00000000,0000FFFF,00FF0000,00025AB5,00000000,00000000,00000000,00000000,00000000,00FFFD86,2609
40,genesis,zelda_v588_autostart,0009B2,45,45,82,3A,05,00,00,00,00,00,00,02,00,00,00,00,00,00,00,00,00,00,00,00,00,00,80,00,00,00,00,00,00,00,00,00,00,00,00,00,00,00,00,00,00,00,00,00,00,00,00,00,00,00,00,00,3F,00,FF,00,00,00,00,00,00,00,0F,30,30,30,0F,21,30,30,0403,006B,0010,A869,00025654,0000,0003,00000424,00000001,00000000,000001C6,C0000100,00008245,00000000,0000FFFF,00FF0000,00025AB5,00000000,00000000,00000000,00000000,00000000,00FFFDA6,2609
41,genesis,zelda_v588_autostart,0009C2,EF,EF,82,90,04,00,00,00,00,00,00,02,00,00,00,00,00,00,00,00,00,00,00,00,00,00,80,00,00,00,00,00,00,00,00,00,00,00,00,00,00,00,00,00,00,00,00,00,00,00,00,00,00,00,00,00,3F,00,FF,00,00,00,00,00,00,00,0F,30,30,30,0F,21,30,30,0403,006B,0010,A869,00025654,0000,0003,00000478,00000001,00000000,00000271,C0000200,000082EF,00000000,0000FFFF,00FF0000,00025AB5,00000000,00000000,00000000,00000000,00000000,00FFFDA6,2600
42,genesis,zelda_v588_autostart,00C40C,9A,9A,83,E5,03,00,00,00,00,00,00,02,00,00,00,00,00,00,00,00,00,00,00,00,00,00,80,00,00,00,00,00,00,00,00,00,00,00,00,00,00,00,00,00,00,00,00,00,00,00,00,00,00,00,00,00,3F,00,FF,00,00,00,00,00,00,00,0F,30,30,30,0F,21,30,30,0403,006B,0010,A869,00025654,0000,0003,000004E3,00000001,00000000,0000031B,C0000003,0000839A,00000000,0000FFFF,00FF0000,00025AB5,00000000,00000000,00000000,00000000,00000000,00FFFDAA,2608
43,genesis,zelda_v588_autostart,0009BE,44,44,84,3B,03,00,00,00,00,00,00,02,00,00,00,00,00,00,00,00,00,00,00,00,00,00,80,00,00,00,00,00,00,00,00,00,00,00,00,00,00,00,00,00,00,00,00,00,00,00,00,00,00,00,00,00,3F,00,FF,00,00,00,00,00,00,00,0F,30,30,30,0F,21,30,30,0403,006B,0010,A869,00025654,0000,0003,00000424,00000001,00000000,000003C5,C0000300,00008444,00000000,0000FFFF,00FF0000,00025AB5,00000000,00000000,00000000,00000000,00000000,00FFFDA6,2600
44,genesis,zelda_v588_autostart,00C440,EF,EF,84,90,02,00,00,00,00,00,00,02,00,00,00,00,00,00,00,00,00,00,00,00,00,00,80,00,00,00,00,00,00,00,00,00,00,00,00,00,00,00,00,00,00,00,00,00,00,00,00,00,00,00,00,00,3F,00,FF,00,00,00,00,00,00,00,0F,30,30,30,0F,21,30,30,0403,006B,0010,A869,00025654,0000,0003,000004DA,00000001,00000000,00000470,C0000002,00000290,00000000,0000FFFF,00FF0000,00025AB5,00000000,00000000,00000000,00000000,00000000,00FFFDAA,2611
45,genesis,zelda_v588_autostart,001262,99,99,85,E6,01,00,00,00,00,00,00,02,00,00,00,00,00,00,00,00,00,00,00,00,00,00,80,00,00,00,00,00,00,00,00,00,00,00,00,00,00,00,00,00,00,00,00,00,00,00,00,00,00,00,00,00,3F,00,FF,00,00,00,00,00,00,00,0F,30,30,30,0F,21,30,30,0403,006B,0010,A869,00025654,0000,0003,000004DA,00000001,00000000,0000051A,C000051A,00008599,00000000,0000FFFF,00FFC000,00025AB5,00000000,00000000,00000000,00000000,00000000,00FFFD82,2608
46,genesis,zelda_v588_autostart,0009BE,44,44,86,3B,01,00,00,00,00,00,00,02,00,00,00,00,00,00,00,00,00,00,00,00,00,00,80,00,00,00,00,00,00,00,00,00,00,00,00,00,00,00,00,00,00,00,00,00,00,00,00,00,00,00,00,00,3F,00,FF,00,00,00,00,00,00,00,0F,30,30,30,0F,21,30,30,0403,006B,0010,A869,00025654,0000,0003,00000400,00000001,00000000,000005C5,C0000500,00008644,00000000,0000FFFF,00FF0000,00025AB5,00000000,00000000,00000000,00000000,00000000,00FFFDA6,2600
47,genesis,zelda_v588_autostart,0009B2,F0,F0,86,8F,00,00,00,00,00,00,00,02,00,00,00,00,00,00,00,00,00,00,00,00,00,00,80,00,00,00,00,00,00,00,00,00,00,00,00,00,00,00,00,00,00,00,00,00,00,00,00,00,00,00,00,00,3F,00,FF,00,00,00,00,00,00,00,0F,30,30,30,0F,21,30,30,0403,006B,0010,A869,00025654,0000,0003,00000400,00000001,00000000,00000671,C0000600,000086F0,00000000,0000FFFF,00FF0000,00025AB5,00000000,00000000,00000000,00000000,00000000,00FFFDA6,2609
48,genesis,zelda_v588_autostart,0009B6,9C,9C,87,E3,06,00,00,00,00,00,00,02,00,00,00,00,00,00,00,00,00,00,00,00,00,00,80,00,00,00,00,00,00,00,00,00,00,00,00,00,00,00,00,00,00,00,00,00,00,00,00,00,00,00,00,00,3F,00,FF,00,00,00,00,00,00,00,0F,30,30,30,0F,21,30,30,0403,006D,0010,A869,00025654,0000,0003,00000400,00000003,00000000,0000002D,C0000000,0000879C,00000000,0000FFFF,00FF0000,00025AB5,00000000,00000000,00000000,00000000,00000000,00FFFD86,2609
49,genesis,zelda_v588_autostart,0009B6,4E,4E,88,31,06,00,00,00,00,00,00,02,00,00,00,00,00,00,00,00,00,00,00,00,00,00,80,00,00,00,00,00,00,00,00,00,00,00,00,00,00,00,00,00,00,00,00,00,00,00,00,00,00,00,00,00,3F,00,FF,00,00,00,00,00,00,00,0F,30,30,30,0F,21,30,30,0403,006D,0010,A869,00025654,0000,0003,00000400,00000003,00000000,000000DF,C0000000,0000884E,00000000,0000FFFF,00FF0000,00025AB5,00000000,00000000,00000000,00000000,00000000,00FFFD86,2609
50,genesis,zelda_v588_autostart,001034,FF,FF,88,80,05,00,00,00,00,00,00,02,00,00,00,00,00,00,00,00,00,00,00,00,00,00,80,00,00,00,00,00,00,00,00,00,00,00,00,00,00,00,00,00,00,00,00,00,00,00,00,00,00,00,00,00,3F,00,FF,00,00,00,00,00,00,00,0F,30,30,30,0F,21,30,30,0403,006D,0010,A869,00025654,0000,0003,00000400,00000003,00000000,00000190,C0000100,000088FF,00000000,0000FFFF,00FF0000,00025AB5,00000000,00000000,00000000,00000000,00000000,00FFFDA2,2604
51,genesis,zelda_v588_autostart,00C3FC,AA,AA,89,D5,04,00,00,00,00,00,00,02,00,00,00,00,00,00,00,00,00,00,00,00,00,00,80,00,00,00,00,00,00,00,00,00,00,00,00,00,00,00,00,00,00,00,00,00,00,00,00,00,00,00,00,00,3F,00,FF,00,00,00,00,00,00,00,0F,30,30,30,0F,21,30,30,0403,006D,0010,A869,00025654,0000,0003,00000400,00000003,00000000,0000023B,C0000004,00008900,00000000,0000FFFF,00FF0000,00025AB5,00000000,00000000,00000000,00000000,00000000,00FFFDAA,2608
52,genesis,zelda_v588_autostart,001270,54,54,8A,2B,04,00,00,00,00,00,00,02,00,00,00,00,00,00,00,00,00,00,00,00,00,00,80,00,00,00,00,00,00,00,00,00,00,00,00,00,00,00,00,00,00,00,00,00,00,00,00,00,00,00,00,00,3F,00,FF,00,00,00,00,00,00,00,0F,30,30,30,0F,21,30,30,0403,006D,0010,A869,00025654,0000,0003,00000400,00000003,00000000,000002E5,C00002E5,00008A54,00000000,0000FFFF,00FFC000,00025AB5,00000000,00000000,00000000,00000000,00000000,00FFFD82,2600
53,genesis,zelda_v588_autostart,00C42C,FF,FF,8A,81,03,00,00,00,00,00,00,02,00,00,00,00,00,00,00,00,00,00,00,00,00,00,80,00,00,00,00,00,00,00,00,00,00,00,00,00,00,00,00,00,00,00,00,00,00,00,00,00,00,00,00,00,3F,00,FF,00,00,00,00,00,00,00,0F,30,30,30,0F,21,30,30,0403,006D,0010,A869,00025654,0000,0003,00000400,00000003,00000000,00000390,C000008A,00000003,00000000,0000FFFF,00FF0000,00025AB5,00000000,00000000,00000000,00000000,00000000,00FFFDAA,2610
54,genesis,zelda_v588_autostart,0009B6,A9,A9,8B,D6,02,00,00,00,00,00,00,02,00,00,00,00,00,00,00,00,00,00,00,00,00,00,80,00,00,00,00,00,00,00,00,00,00,00,00,00,00,00,00,00,00,00,00,00,00,00,00,00,00,00,00,00,3F,00,FF,00,00,00,00,00,00,00,0F,30,30,30,0F,21,30,30,0403,006D,0010,A869,00025654,0000,0003,00000400,00000003,00000000,0000043A,C0000400,00008BA9,00000000,0000FFFF,00FF0000,00025AB5,00000000,00000000,00000000,00000000,00000000,00FFFD86,2609
55,genesis,zelda_v588_autostart,001034,53,53,8C,2C,02,00,00,00,00,00,00,02,00,00,00,00,00,00,00,00,00,00,00,00,00,00,80,00,00,00,00,00,00,00,00,00,00,00,00,00,00,00,00,00,00,00,00,00,00,00,00,00,00,00,00,00,3F,00,FF,00,00,00,00,00,00,00,0F,30,30,30,0F,21,30,30,0403,006D,0010,A869,00025654,0000,0003,00000400,00000003,00000000,000004E4,C0000400,00008C53,00000000,0000FFFF,00FF0000,00025AB5,00000000,00000000,00000000,00000000,00000000,00FFFDA2,2604
56,genesis,zelda_v588_autostart,00102C,FF,FF,8C,80,01,00,00,00,00,00,00,02,00,00,00,00,00,00,00,00,00,00,00,00,00,00,80,00,00,00,00,00,00,00,00,00,00,00,00,00,00,00,00,00,00,00,00,00,00,00,00,00,00,00,00,00,3F,00,FF,00,00,00,00,00,00,00,0F,30,30,30,0F,21,30,30,0403,006D,0010,A869,00025654,0000,0003,00000400,00000003,00000000,00000590,C0000500,00008CFF,00000000,0000FFFF,00FF0000,00025AB5,00000000,00000000,00000000,00000000,00000000,00FFFDA2,2600
57,genesis,zelda_v588_autostart,00103C,B1,B1,8D,CE,00,00,00,00,00,00,00,02,00,00,00,00,00,00,00,00,00,00,00,00,00,00,80,00,00,00,00,00,00,00,00,00,00,00,00,00,00,00,00,00,00,00,00,00,00,00,00,00,00,00,00,00,3F,00,FF,00,00,00,00,00,00,00,0F,30,30,30,0F,21,30,30,0403,006D,0010,A869,00025654,0000,0003,00000400,00000003,00000000,00000642,C0000600,00008DB1,00000000,0000FFFF,00FF0000,00025AB5,00000000,00000000,00000000,00000000,00000000,00FFFDA2,2604
58,genesis,zelda_v588_autostart,001044,63,63,8E,1C,00,00,00,00,00,00,00,02,00,00,00,00,00,00,00,00,00,00,00,00,00,00,80,00,00,00,00,00,00,00,00,00,00,00,00,00,00,00,00,00,00,00,00,00,00,00,00,00,00,00,00,00,3F,00,FF,00,00,00,00,00,00,00,0F,30,30,30,0F,21,30,30,0403,006D,0010,A869,00025654,0000,0003,00000400,00000003,00000000,000006F5,C0000600,00008E63,00000000,0000FFFF,00FF0000,00025AB5,00000000,00000000,00000000,00000000,00000000,00FFFDA2,2600
59,genesis,zelda_v588_autostart,001034,EA,EA,8E,75,00,00,00,00,00,00,00,02,00,00,00,00,00,00,00,00,00,00,00,00,00,00,80,00,00,00,00,00,00,00,00,00,00,00,00,00,00,00,00,00,00,00,00,00,00,00,00,00,00,00,00,00,3F,00,FF,00,00,00,00,00,00,00,0F,30,30,30,0F,21,30,30,0403,006F,0010,A869,00025654,0000,0003,00000400,00000005,00000000,0000208A,C0002000,00008EEA,00000000,0000FFFF,00FF0000,00025AB5,00000000,00000000,00000000,00000000,00000000,00FFFDA2,2604
60,genesis,zelda_v588_autostart,0012A8,5F,5F,8F,00,00,00,00,00,00,00,00,02,00,00,00,00,00,00,00,00,00,00,00,00,00,00,80,00,00,00,00,00,00,00,00,00,00,00,00,00,00,00,00,00,00,00,00,00,00,00,00,00,00,00,00,00,3F,00,FF,00,00,00,00,00,00,00,0F,30,30,30,0F,21,30,30,0403,006F,0010,A869,00025654,0000,0003,00000000,00000000,00000000,00000000,00000000,00000000,00000003,000001FD,00FFC020,00FFC025,00FFC02D,00001466,00000000,00000000,00000000,00FFFD76,2604
61,genesis,zelda_v588_autostart,00129E,5F,5F,8F,00,00,00,00,00,00,00,00,02,00,00,00,00,00,00,00,00,00,00,00,00,00,00,80,00,00,00,00,00,00,00,00,00,00,00,00,00,00,00,00,00,00,00,00,00,00,00,00,00,00,00,00,00,3F,00,FF,00,00,00,00,00,00,00,0F,30,30,30,0F,21,30,30,0403,006F,0010,A869,00025654,0000,0003,00000000,00000000,00000000,00000000,00000000,00000000,00000001,000001E2,00FFC1D0,00FFC1D7,00FFC1DF,00001466,00000000,00000000,00000000,00FFFD76,2604
62,genesis,zelda_v588_autostart,0013EC,5F,5F,8F,00,00,00,00,00,00,00,00,02,00,00,00,00,00,00,00,00,00,00,00,00,00,00,80,00,00,00,00,00,00,00,00,00,00,00,00,00,00,00,00,00,00,00,00,00,00,00,00,00,00,00,00,00,3F,00,FF,00,00,00,00,00,00,00,0F,30,30,30,0F,21,30,30,0403,006F,0010,A869,00025654,0000,0003,00000000,00000000,00000000,00000000,00000000,00000000,00000000,000001C7,00FFC380,00FFC388,00FFC390,00001466,00000000,00000000,00000000,00FFFD72,2604
63,genesis,zelda_v588_autostart,0013EA,5F,5F,8F,00,00,00,00,00,00,00,00,02,00,00,00,00,00,00,00,00,00,00,00,00,00,00,80,00,00,00,00,00,00,00,00,00,00,00,00,00,00,00,00,00,00,00,00,00,00,00,00,00,00,00,00,00,3F,00,FF,00,00,00,00,00,00,00,0F,30,30,30,0F,21,30,30,0403,006F,0010,A869,00025654,0000,0003,00000000,00000000,00000000,00000000,00000000,00000000,00000007,000001AB,00FFC540,00FFC541,00FFC549,00001466,00000000,00000000,00000000,00FFFD72,2604
64,genesis,zelda_v588_autostart,0013FA,5F,5F,8F,00,00,00,00,00,00,00,00,02,00,00,00,00,00,00,00,00,00,00,00,00,00,00,80,00,00,00,00,00,00,00,00,00,00,00,00,00,00,00,00,00,00,00,00,00,00,00,00,00,00,00,00,00,3F,00,FF,00,00,00,00,00,00,00,0F,30,30,30,0F,21,30,30,0403,006F,0010,A869,00025654,0000,0003,00000000,00000000,00000000,00000000,00000000,00000000,00000006,00000190,00FFC6F0,00FFC6F2,00FFC6FA,00001466,00000000,00000000,00000000,00FFFD72,2604
65,genesis,zelda_v588_autostart,001400,5F,5F,8F,00,00,00,00,00,00,00,00,02,00,00,00,00,00,00,00,00,00,00,00,00,00,00,80,00,00,00,00,00,00,00,00,00,00,00,00,00,00,00,00,00,00,00,00,00,00,00,00,00,00,00,00,00,3F,00,FF,00,00,00,00,00,00,00,0F,30,30,30,0F,21,30,30,0403,006F,0010,A869,00025654,0000,0003,00000000,00000000,00000000,00000000,00000000,00000000,00000005,00000175,00FFC8A0,00FFC8A3,00FFC8AB,00001466,00000000,00000000,00000000,00FFFD72,2604
66,genesis,zelda_v588_autostart,001406,5F,5F,8F,00,00,00,00,00,00,00,00,02,00,00,00,00,00,00,00,00,00,00,00,00,00,00,80,00,00,00,00,00,00,00,00,00,00,00,00,00,00,00,00,00,00,00,00,00,00,00,00,00,00,00,00,00,3F,00,FF,00,00,00,00,00,00,00,0F,30,30,30,0F,21,30,30,0403,006F,0010,A869,00025654,0000,0003,00000000,00000000,00000000,00000000,00000000,00000000,00000004,0000015A,00FFCA50,00FFCA54,00FFCA5C,00001466,00000000,00000000,00000000,00FFFD72,2604
67,genesis,zelda_v588_autostart,001412,5F,5F,8F,00,00,00,00,00,00,00,00,02,00,00,00,00,00,00,00,00,00,00,00,00,00,00,80,00,00,00,00,00,00,00,00,00,00,00,00,00,00,00,00,00,00,00,00,00,00,00,00,00,00,00,00,00,3F,00,FF,00,00,00,00,00,00,00,0F,30,30,30,0F,21,30,30,0403,006F,0010,A869,00025654,0000,0003,000000F0,00000000,00000011,00000000,00000003,00000000,00000003,0000013F,00FFCC00,00FFCC05,00FFCC0D,00001466,00000000,00000000,00000000,00FFFD72,2604
68,genesis,zelda_v588_autostart,00141C,5F,5F,8F,00,00,00,00,00,00,00,00,02,00,00,00,00,00,00,00,00,00,00,00,00,00,00,80,00,00,00,00,00,00,00,00,00,00,00,00,00,00,00,00,00,00,00,00,00,00,00,00,00,00,00,00,00,3F,00,FF,00,00,00,00,00,00,00,0F,30,30,30,0F,21,30,30,0403,006F,0010,A869,00025654,0000,0003,000000FC,00000000,00000000,00000000,00000003,00000000,00000002,00000124,00FFCDB0,00FFCDB6,00FFCDBE,00001466,00000000,00000000,00000000,00FFFD72,2600
69,genesis,zelda_v588_autostart,001420,5F,5F,8F,00,00,00,00,00,00,00,00,02,00,00,00,00,00,00,00,00,00,00,00,00,00,00,80,00,00,00,00,00,00,00,00,00,00,00,00,00,00,00,00,00,00,00,00,00,00,00,00,00,00,00,00,00,3F,00,FF,00,00,00,00,00,00,00,0F,30,30,30,0F,21,30,30,0403,006F,0010,A869,00025654,0000,0003,00000000,00000060,00002200,00000004,00000000,00000000,00000001,00000109,00FFCF60,00FFCF67,00FFCF6F,00001466,00000000,00000000,00000000,00FFFD72,2600
70,genesis,zelda_v588_autostart,001428,5F,5F,8F,00,00,00,00,00,00,00,00,02,00,00,00,00,00,00,00,00,00,00,00,00,00,00,80,00,00,00,00,00,00,00,00,00,00,00,00,00,00,00,00,00,00,00,00,00,00,00,00,00,00,00,00,00,3F,00,FF,00,00,00,00,00,00,00,0F,30,30,30,0F,21,30,30,0403,006F,0010,A869,00025654,0000,0003,00000000,00000000,00000000,00000000,00000000,00000000,00000000,000000EE,00FFD110,00FFD118,00FFD120,00001466,00000000,00000000,00000000,00FFFD72,2604
71,genesis,zelda_v588_autostart,001426,5F,5F,8F,00,00,00,00,00,00,00,00,02,00,00,00,00,00,00,00,00,00,00,00,00,00,00,80,00,00,00,00,00,00,00,00,00,00,00,00,00,00,00,00,00,00,00,00,00,00,00,00,00,00,00,00,00,3F,00,FF,00,00,00,00,00,00,00,0F,30,30,30,0F,21,30,30,0403,006F,0010,A869,00025654,0000,0003,00000040,00000000,00000010,00000002,00000002,00000000,00000007,000000D2,00FFD2D0,00FFD2D1,00FFD2D9,00001466,00000000,00000000,00000000,00FFFD72,2600
72,genesis,zelda_v588_autostart,001432,5F,5F,8F,00,00,00,00,00,00,00,00,02,00,00,00,00,00,00,00,00,00,00,00,00,00,00,80,00,00,00,00,00,00,00,00,00,00,00,00,00,00,00,00,00,00,00,00,00,00,00,00,00,00,00,00,00,3F,00,FF,00,00,00,00,00,00,00,0F,30,30,30,0F,21,30,30,0403,006F,0010,A869,00025654,0000,0003,00000000,00000000,00000000,00000000,00000000,00000000,00000006,000000B7,00FFD480,00FFD482,00FFD48A,00001466,00000000,00000000,00000000,00FFFD72,2604
73,genesis,zelda_v588_autostart,00143C,5F,5F,8F,00,00,00,00,00,00,00,00,02,00,00,00,00,00,00,00,00,00,00,00,00,00,00,80,00,00,00,00,00,00,00,00,00,00,00,00,00,00,00,00,00,00,00,00,00,00,00,00,00,00,00,00,00,3F,00,FF,00,00,00,00,00,00,00,0F,30,30,30,0F,21,30,30,0403,006F,0010,A869,00025654,0000,0003,00000000,00000000,00000000,00000000,00000000,00000000,00000005,0000009C,00FFD630,00FFD633,00FFD63B,00001466,00000000,00000000,00000000,00FFFD72,2604
74,genesis,zelda_v588_autostart,001444,5F,5F,8F,00,00,00,00,00,00,00,00,02,00,00,00,00,00,00,00,00,00,00,00,00,00,00,80,00,00,00,00,00,00,00,00,00,00,00,00,00,00,00,00,00,00,00,00,00,00,00,00,00,00,00,00,00,3F,00,FF,00,00,00,00,00,00,00,0F,30,30,30,0F,21,30,30,0403,006F,0010,A869,00025654,0000,0003,000000F0,00000000,00111111,00000003,00000003,00000000,00000004,00000081,00FFD7E0,00FFD7E4,00FFD7EC,00001466,00000000,00000000,00000000,00FFFD72,2600
75,genesis,zelda_v588_autostart,00144A,5F,5F,8F,00,00,00,00,00,00,00,00,02,00,00,00,00,00,00,00,00,00,00,00,00,00,00,80,00,00,00,00,00,00,00,00,00,00,00,00,00,00,00,00,00,00,00,00,00,00,00,00,00,00,00,00,00,3F,00,FF,00,00,00,00,00,00,00,0F,30,30,30,0F,21,30,30,0403,006F,0010,A869,00025654,0000,0003,000000C0,00000080,00111113,00000000,00000003,00000000,00000003,00000066,00FFD990,00FFD995,00FFD99D,00001466,00000000,00000000,00000000,00FFFD72,2614
76,genesis,zelda_v588_autostart,001454,5F,5F,8F,00,00,00,00,00,00,00,00,02,00,00,00,00,00,00,00,00,00,00,00,00,00,00,80,00,00,00,00,00,00,00,00,00,00,00,00,00,00,00,00,00,00,00,00,00,00,00,00,00,00,00,00,00,3F,00,FF,00,00,00,00,00,00,00,0F,30,30,30,0F,21,30,30,0403,006F,0010,A869,00025654,0000,0003,000000C0,000000C0,00333333,0000000C,00000000,00000000,00000002,0000004B,00FFDB40,00FFDB46,00FFDB4E,00001466,00000000,00000000,00000000,00FFFD72,2604
77,genesis,zelda_v588_autostart,00145E,5F,5F,8F,00,00,00,00,00,00,00,00,02,00,00,00,00,00,00,00,00,00,00,00,00,00,00,80,00,00,00,00,00,00,00,00,00,00,00,00,00,00,00,00,00,00,00,00,00,00,00,00,00,00,00,00,00,3F,00,FF,00,00,00,00,00,00,00,0F,30,30,30,0F,21,30,30,0403,006F,0010,A869,00025654,0000,0003,00000000,00000000,00222230,00000000,00000000,00000000,00000001,00000030,00FFDCF0,00FFDCF7,00FFDCFF,00001466,00000000,00000000,00000000,00FFFD72,2604
78,genesis,zelda_v588_autostart,001464,5F,5F,8F,00,00,00,00,00,00,00,00,02,00,00,00,00,00,00,00,00,00,00,00,00,00,00,80,00,00,00,00,00,00,00,00,00,00,00,00,00,00,00,00,00,00,00,00,00,00,00,00,00,00,00,00,00,3F,00,FF,00,00,00,00,00,00,00,0F,30,30,30,0F,21,30,30,0403,006F,0010,A869,00025654,0000,0003,00000000,00000040,00000002,00000004,00000000,00000000,00000000,00000015,00FFDEA0,00FFDEA8,00FFDEB0,00001466,00000000,00000000,00000000,00FFFD72,2600
79,genesis,zelda_v588_autostart,00143C,5F,5F,8F,00,00,00,00,00,00,00,00,02,00,00,00,00,00,00,00,00,00,00,00,00,00,00,80,00,00,00,00,00,00,00,00,00,00,00,00,00,00,00,00,00,00,00,00,00,00,00,00,00,00,00,00,00,3F,00,FF,00,00,00,00,00,00,00,0F,30,30,30,0F,21,30,30,0403,006F,0010,A869,00025654,0000,0003,00000000,00000000,00000000,00000000,00000000,00000000,00000007,000001F9,00FFC060,00FFC061,00FFC069,00001476,00000000,00000000,00000000,00FFFD72,2604
80,genesis,zelda_v588_autostart,001440,5F,5F,8F,00,00,00,00,00,00,00,00,02,00,00,00,00,00,00,00,00,00,00,00,00,00,00,80,00,00,00,00,00,00,00,00,00,00,00,00,00,00,00,00,00,00,00,00,00,00,00,00,00,00,00,00,00,3F,00,FF,00,00,00,00,00,00,00,0F,30,30,30,0F,21,30,30,0403,006F,0010,A869,00025654,0000,0003,00000000,00000000,00000000,00000000,00000000,00000000,00000006,000001DE,00FFC210,00FFC212,00FFC21A,00001476,00000000,00000000,00000000,00FFFD72,2604
81,genesis,zelda_v588_autostart,001448,5F,5F,8F,00,00,00,00,00,00,00,00,02,00,00,00,00,00,00,00,00,00,00,00,00,00,00,80,00,00,00,00,00,00,00,00,00,00,00,00,00,00,00,00,00,00,00,00,00,00,00,00,00,00,00,00,00,3F,00,FF,00,00,00,00,00,00,00,0F,30,30,30,0F,21,30,30,0403,006F,0010,A869,00025654,0000,0003,00000000,00000000,00000000,00000000,00000000,00000000,00000005,000001C3,00FFC3C0,00FFC3C3,00FFC3CB,00001476,00000000,00000000,00000000,00FFFD72,2604
82,genesis,zelda_v588_autostart,001454,5F,5F,8F,00,00,00,00,00,00,00,00,02,00,00,00,00,00,00,00,00,00,00,00,00,00,00,80,00,00,00,00,00,00,00,00,00,00,00,00,00,00,00,00,00,00,00,00,00,00,00,00,00,00,00,00,00,3F,00,FF,00,00,00,00,00,00,00,0F,30,30,30,0F,21,30,30,0403,006F,0010,A869,00025654,0000,0003,00000000,00000000,00000000,00000000,00000000,00000000,00000004,000001A8,00FFC570,00FFC574,00FFC57C,00001476,00000000,00000000,00000000,00FFFD72,2604
83,genesis,zelda_v588_autostart,00145C,5F,5F,8F,00,00,00,00,00,00,00,00,02,00,00,00,00,00,00,00,00,00,00,00,00,00,00,80,00,00,00,00,00,00,00,00,00,00,00,00,00,00,00,00,00,00,00,00,00,00,00,00,00,00,00,00,00,3F,00,FF,00,00,00,00,00,00,00,0F,30,30,30,0F,21,30,30,0403,006F,0010,A869,00025654,0000,0003,00000040,00000040,00000700,00000004,00000001,00000000,00000003,0000018D,00FFC720,00FFC725,00FFC72D,00001476,00000000,00000000,00000000,00FFFD72,2600
84,genesis,zelda_v588_autostart,001464,5F,5F,8F,00,00,00,00,00,00,00,00,02,00,00,00,00,00,00,00,00,00,00,00,00,00,00,80,00,00,00,00,00,00,00,00,00,00,00,00,00,00,00,00,00,00,00,00,00,00,00,00,00,00,00,00,00,3F,00,FF,00,00,00,00,00,00,00,0F,30,30,30,0F,21,30,30,0403,006F,0010,A869,00025654,0000,0003,00000000,00000000,00000000,00000000,00000000,00000000,00000002,00000172,00FFC8D0,00FFC8D6,00FFC8DE,00001476,00000000,00000000,00000000,00FFFD72,2604
85,genesis,zelda_v588_autostart,0012E4,5F,5F,8F,00,00,00,00,00,00,00,00,02,00,00,00,00,00,00,00,00,00,00,00,00,00,00,80,00,00,00,00,00,00,00,00,00,00,00,00,00,00,00,00,00,00,00,00,00,00,00,00,00,00,00,00,00,3F,00,FF,00,00,00,00,00,00,00,0F,30,30,30,0F,21,30,30,0403,006F,0010,A869,00025654,0000,0003,00000000,00000000,00000000,00000000,00000000,00000000,00000001,00000157,00FFCA80,00FFCA87,00FFCA8F,00001476,00000000,00000000,00000000,00FFFD76,2604
86,genesis,zelda_v588_autostart,0012CA,5F,5F,8F,00,00,00,00,00,00,00,00,02,00,00,00,00,00,00,00,00,00,00,00,00,00,00,80,00,00,00,00,00,00,00,00,00,00,00,00,00,00,00,00,00,00,00,00,00,00,00,00,00,00,00,00,00,3F,00,FF,00,00,00,00,00,00,00,0F,30,30,30,0F,21,30,30,0403,006F,0010,A869,00025654,0000,0003,00000000,00000000,00000000,00000000,00000000,00000000,0000FFFF,0000013B,00FFCC40,00FFCC38,00FFCC40,00001476,00000000,00000000,00000000,00FFFD76,2604
87,genesis,zelda_v588_autostart,0012D8,5F,5F,8F,00,00,00,00,00,00,00,00,02,00,00,00,00,00,00,00,00,00,00,00,00,00,00,80,00,00,00,00,00,00,00,00,00,00,00,00,00,00,00,00,00,00,00,00,00,00,00,00,00,00,00,00,00,3F,00,FF,00,00,00,00,00,00,00,0F,30,30,30,0F,21,30,30,0403,006F,0010,A869,00025654,0000,0003,00000000,00000000,66006666,0000000C,00000000,00000000,00000006,00000120,00FFCDF0,00FFCDF2,00FFCDF9,00001476,00000000,00000000,00000000,00FFFD76,2604
88,genesis,zelda_v588_autostart,0013EA,5F,5F,8F,00,00,00,00,00,00,00,00,02,00,00,00,00,00,00,00,00,00,00,00,00,00,00,80,00,00,00,00,00,00,00,00,00,00,00,00,00,00,00,00,00,00,00,00,00,00,00,00,00,00,00,00,00,3F,00,FF,00,00,00,00,00,00,00,0F,30,30,30,0F,21,30,30,0403,006F,0010,A869,00025654,0000,0003,00000072,000000F2,00000000,00000000,00000000,00000000,00000005,00000105,00FFCFA0,00FFCFA3,00FFCFAB,00001476,00000000,00000000,00000000,00FFFD72,2604
89,genesis,zelda_v588_autostart,0013F6,5F,5F,8F,00,00,00,00,00,00,00,00,02,00,00,00,00,00,00,00,00,00,00,00,00,00,00,80,00,00,00,00,00,00,00,00,00,00,00,00,00,00,00,00,00,00,00,00,00,00,00,00,00,00,00,00,00,3F,00,FF,00,00,00,00,00,00,00,0F,30,30,30,0F,21,30,30,0403,006F,0010,A869,00025654,0000,0003,00000060,00000000,00000000,00000000,00000060,00000000,00000004,000000EA,00FFD150,00FFD154,00FFD15C,00001476,00000000,00000000,00000000,00FFFD72,2600
90,genesis,zelda_v588_autostart,0013FE,5F,5F,8F,00,00,00,00,00,00,00,00,02,00,00,00,00,00,00,00,00,00,00,00,00,00,00,80,00,00,00,00,00,00,00,00,00,00,00,00,00,00,00,00,00,00,00,00,00,00,00,00,00,00,00,00,00,3F,00,FF,00,00,00,00,00,00,00,0F,30,30,30,0F,21,30,30,0403,006F,0010,A869,00025654,0000,0003,00000000,00000000,00000000,00000000,00000000,00000000,00000003,000000CF,00FFD300,00FFD305,00FFD30D,00001476,00000000,00000000,00000000,00FFFD72,2604
91,genesis,zelda_v588_autostart,001404,5F,5F,8F,00,00,00,00,00,00,00,00,02,00,00,00,00,00,00,00,00,00,00,00,00,00,00,80,00,00,00,00,00,00,00,00,00,00,00,00,00,00,00,00,00,00,00,00,00,00,00,00,00,00,00,00,00,3F,00,FF,00,00,00,00,00,00,00,0F,30,30,30,0F,21,30,30,0403,006F,0010,A869,00025654,0000,0003,00000000,00000000,00000000,00000000,00000000,00000000,00000002,000000B4,00FFD4B0,00FFD4B6,00FFD4BE,00001476,00000000,00000000,00000000,00FFFD72,2604
92,genesis,zelda_v588_autostart,001410,5F,5F,8F,00,00,00,00,00,00,00,00,02,00,00,00,00,00,00,00,00,00,00,00,00,00,00,80,00,00,00,00,00,00,00,00,00,00,00,00,00,00,00,00,00,00,00,00,00,00,00,00,00,00,00,00,00,3F,00,FF,00,00,00,00,00,00,00,0F,30,30,30,0F,21,30,30,0403,006F,0010,A869,00025654,0000,0003,000000E0,000000E0,00000000,000000C0,00000000,00000000,00000001,00000099,00FFD660,00FFD667,00FFD66F,00001476,00000000,00000000,00000000,00FFFD72,2600
93,genesis,zelda_v588_autostart,00141A,5F,5F,8F,00,00,00,00,00,00,00,00,02,00,00,00,00,00,00,00,00,00,00,00,00,00,00,80,00,00,00,00,00,00,00,00,00,00,00,00,00,00,00,00,00,00,00,00,00,00,00,00,00,00,00,00,00,3F,00,FF,00,00,00,00,00,00,00,0F,30,30,30,0F,21,30,30,0403,006F,0010,A869,00025654,0000,0003,000000FC,000000FC,00000055,0000000C,000000C0,00000000,00000000,0000007E,00FFD810,00FFD818,00FFD820,00001476,00000000,00000000,00000000,00FFFD72,2600
94,genesis,zelda_v588_autostart,00141A,5F,5F,8F,00,00,00,00,00,00,00,00,02,00,00,00,00,00,00,00,00,00,00,00,00,00,00,80,00,00,00,00,00,00,00,00,00,00,00,00,00,00,00,00,00,00,00,00,00,00,00,00,00,00,00,00,00,3F,00,FF,00,00,00,00,00,00,00,0F,30,30,30,0F,21,30,30,0403,006F,0010,A869,00025654,0000,0003,00000004,00000000,00000000,00000000,00000000,00000000,00000007,00000062,00FFD9D0,00FFD9D1,00FFD9D9,00001476,00000000,00000000,00000000,00FFFD72,2604
95,genesis,zelda_v588_autostart,001420,5F,5F,8F,00,00,00,00,00,00,00,00,02,00,00,00,00,00,00,00,00,00,00,00,00,00,00,80,00,00,00,00,00,00,00,00,00,00,00,00,00,00,00,00,00,00,00,00,00,00,00,00,00,00,00,00,00,3F,00,FF,00,00,00,00,00,00,00,0F,30,30,30,0F,21,30,30,0403,006F,0010,A869,00025654,0000,0003,000000FC,00000000,00005500,00000003,00000003,00000000,00000006,00000047,00FFDB80,00FFDB82,00FFDB8A,00001476,00000000,00000000,00000000,00FFFD72,2600
96,genesis,zelda_v588_autostart,001426,5F,5F,8F,00,00,00,00,00,00,00,00,02,00,00,00,00,00,00,00,00,00,00,00,00,00,00,80,00,00,00,00,00,00,00,00,00,00,00,00,00,00,00,00,00,00,00,00,00,00,00,00,00,00,00,00,00,3F,00,FF,00,00,00,00,00,00,00,0F,30,30,30,0F,21,30,30,0403,006F,0010,A869,00025654,0000,0003,00000000,00000018,00005055,00000003,00000003,00000000,00000005,0000002C,00FFDD30,00FFDD33,00FFDD3B,00001476,00000000,00000000,00000000,00FFFD72,2615
97,genesis,zelda_v588_autostart,001432,5F,5F,8F,00,00,00,00,00,00,00,00,02,00,00,00,00,00,00,00,00,00,00,00,00,00,00,80,00,00,00,00,00,00,00,00,00,00,00,00,00,00,00,00,00,00,00,00,00,00,00,00,00,00,00,00,00,3F,00,FF,00,00,00,00,00,00,00,0F,30,30,30,0F,21,30,30,0403,006F,0010,A869,00025654,0000,0003,00000000,00000000,00006550,00000000,00000002,00000000,00000004,00000011,00FFDEE0,00FFDEE4,00FFDEEC,00001476,00000000,00000000,00000000,00FFFD72,2604
98,genesis,zelda_v588_autostart,0014EA,5F,5F,8F,00,00,00,00,00,00,00,00,02,00,00,00,00,00,00,00,00,00,00,00,00,00,00,80,00,00,00,00,00,00,00,00,00,00,00,00,00,00,00,00,00,00,00,00,00,00,00,00,00,00,00,00,00,3F,00,FF,00,00,00,00,00,00,00,0F,30,30,30,0F,21,30,30,02B0,0071,0010,A869,00025654,0000,0003,0000C100,41000003,00000000,0000C0C0,00000041,00000000,00000041,0000001B,00FF8200,00025AB5,00000000,00000000,00000000,00000000,00000000,00FFFDAA,2600
99,genesis,zelda_v588_autostart,0015A4,5F,5F,8F,00,00,00,00,00,00,00,00,02,00,00,00,00,00,00,00,00,00,00,00,00,00,00,80,00,00,00,00,00,00,00,00,00,00,00,00,00,00,00,00,00,00,00,00,00,00,00,00,00,00,00,00,00,3F,00,FF,00,00,00,00,00,00,00,0F,30,30,30,0F,21,30,30,02B0,0071,0010,A869,00025654,0000,0003,00000000,44000008,00000024,000003D0,00000103,00000000,00000000,00000003,00FF8200,00025AB5,00000000,00000000,00000000,00000000,00000000,00FFFDAA,2604
100,genesis,zelda_v588_autostart,0010F4,5F,5F,8F,00,00,00,00,00,00,00,00,02,00,00,00,00,00,00,00,00,00,00,00,00,00,00,80,00,00,00,00,00,00,00,00,00,00,00,00,00,00,00,00,00,00,00,00,00,00,00,00,00,00,00,00,00,3F,00,FF,00,00,00,00,00,00,00,0F,30,30,30,0F,21,30,30,02B0,0071,0010,A869,00025654,0000,0003,0000C6BC,4680000D,000000DB,0000C6BC,000001BF,00000000,00000001,00000010,00FF8200,00025AB5,00000000,00000000,00000000,00000000,00000000,00FFFDB6,2600
101,genesis,zelda_v588_autostart,0015B0,5F,5F,8F,00,00,00,00,00,00,00,00,02,00,00,00,00,00,00,00,00,00,00,00,00,00,00,80,00,00,00,00,00,00,00,00,00,00,00,00,00,00,00,00,00,00,00,00,00,00,00,00,00,00,00,00,00,3F,00,FF,00,00,00,00,00,00,00,0F,30,30,30,0F,21,30,30,02B0,0071,0010,A869,00025654,0000,0003,00000004,49800013,00000024,00000000,00000279,00000000,00000000,00000019,00FF8200,00025AB5,00000000,00000000,00000000,00000000,00000000,00FFFDAA,2615
102,genesis,zelda_v588_autostart,0015C8,5F,5F,8F,00,00,00,00,00,00,00,00,02,00,00,00,00,00,00,00,00,00,00,00,00,00,00,80,00,00,00,00,00,00,00,00,00,00,00,00,00,00,00,00,00,00,00,00,00,00,00,00,00,00,00,00,00,3F,00,FF,00,00,00,00,00,00,00,0F,30,30,30,0F,21,30,30,02B0,0071,0010,A869,00025654,0000,0003,00000640,4C800019,000000DA,00000000,00000334,00000000,000000DA,00000014,00FF8200,00025AB5,00000000,00000000,00000000,00000000,00000000,00FFFDAA,2600
103,genesis,zelda_v588_autostart,000C8A,5F,5F,8F,00,00,00,00,00,00,00,00,02,00,00,00,00,00,00,00,00,00,00,00,00,00,00,80,00,00,00,00,00,00,00,00,00,00,00,00,00,00,00,00,00,00,00,00,00,00,00,00,00,00,00,00,00,3F,00,FF,00,00,00,00,00,00,00,0F,30,30,30,0F,21,30,30,02B0,0071,0010,A869,00025654,0000,0003,00000000,4E800000,00000200,0000CE00,00000300,00000000,0000FF00,00000000,00FF8200,00FF0300,00000000,00000000,00000000,00000000,00000000,00FFFDB6,2604
104,genesis,zelda_v588_autostart,00089E,00,00,03,00,00,00,00,00,00,00,00,03,00,00,00,00,00,00,00,00,A5,00,00,00,00,1E,80,00,00,00,00,00,00,00,00,00,00,00,00,00,00,00,00,00,00,00,00,00,00,00,00,00,00,00,00,00,3F,00,FF,00,00,00,00,00,00,00,0F,30,30,30,0F,21,30,30,0203,0085,0000,0302,00000000,0000,0005,00003600,78000666,00000000,00003600,C01E8100,00000000,00000000,0000FFFF,000306B0,00FFE000,00000000,00000000,00000000,00000000,00000000,00FFFDFC,2004
105,genesis,zelda_v588_autostart,0009AC,20,20,24,00,00,00,00,00,00,00,00,04,00,00,00,00,00,00,00,00,A5,00,00,00,00,00,B0,00,00,00,00,00,00,00,00,00,00,00,00,00,00,00,00,00,00,00,00,00,00,00,00,00,00,00,00,00,3F,00,FF,00,00,00,00,00,00,00,0F,30,30,30,0F,21,30,30,0403,0099,0000,0302,00000000,0000,0007,00000424,00000004,00000067,00002099,C0002000,00000302,00000000,0000FFFF,00FF0200,0000D3EA,00000000,00000000,00000000,00000000,00000000,00FFFDA2,2600
106,genesis,zelda_v588_autostart,00102C,20,20,24,00,00,00,00,00,00,00,00,04,00,00,00,00,00,00,00,00,A5,00,00,00,00,00,B0,00,00,00,00,00,00,00,00,00,00,00,00,00,00,00,00,00,00,00,00,00,00,00,00,00,00,00,00,00,3F,00,FF,00,00,00,00,00,00,00,0F,30,30,30,0F,21,30,30,0403,0099,0000,0302,00000000,0000,0007,00000424,00000003,000000B4,0000214C,C0002100,00000302,00000000,0000FFFF,00FF0200,0000D3EA,00000000,00000000,00000000,00000000,00000000,00FFFD9E,2600
107,genesis,zelda_v588_autostart,001148,20,20,24,00,00,00,00,00,00,00,00,04,00,00,00,00,00,00,00,00,A5,00,00,00,00,00,B0,00,00,00,00,00,00,00,00,00,00,00,00,00,00,00,00,00,00,00,00,00,00,00,00,00,00,00,00,00,3F,00,FF,00,00,00,00,00,00,00,0F,30,30,30,0F,21,30,30,0403,0099,0000,0302,00000000,0000,0007,00000424,00000002,000000FB,00002205,C0000205,0000000C,00000000,0000FFFF,00FF0200,0000D3EA,00000000,00000000,00000000,00000000,00000000,00FFFD76,2600
108,genesis,zelda_v588_autostart,0009A4,20,20,24,00,00,00,00,00,00,00,00,04,00,00,00,00,00,00,00,00,A5,00,00,00,00,00,B0,00,00,00,00,00,00,00,00,00,00,00,00,00,00,00,00,00,00,00,00,00,00,00,00,00,00,00,00,00,3F,00,FF,00,00,00,00,00,00,00,0F,30,30,30,0F,21,30,30,0403,0099,0000,0302,00000000,0000,0007,00000424,00000002,00000041,000022BF,C0002200,00000302,00000000,0000FFFF,00FF0200,0000D3EA,00000000,00000000,00000000,00000000,00000000,00FFFD7E,2609
109,genesis,zelda_v588_autostart,0009AC,20,20,24,00,00,00,00,00,00,00,00,04,00,00,00,00,00,00,00,00,A5,00,00,00,00,00,B0,00,00,00,00,00,00,00,00,00,00,00,00,00,00,00,00,00,00,00,00,00,00,00,00,00,00,00,00,00,3F,00,FF,00,00,00,00,00,00,00,0F,30,30,30,0F,21,30,30,0403,0099,0000,0302,00000000,0000,0007,00000424,00000001,0000008F,00002371,C0002300,00000302,00000000,0000FFFF,00FF0200,0000D3EA,00000000,00000000,00000000,00000000,00000000,00FFFDA2,2600
110,genesis,zelda_v588_autostart,001034,20,20,24,00,00,00,00,00,00,00,00,04,00,00,00,00,00,00,00,00,A5,00,00,00,00,00,B0,00,00,00,00,00,00,00,00,00,00,00,00,00,00,00,00,00,00,00,00,00,00,00,00,00,00,00,00,00,3F,00,FF,00,00,00,00,00,00,00,0F,30,30,30,0F,21,30,30,0403,009B,0000,0302,00000000,0000,0007,00000400,0000001F,00000000,000022E1,C0002200,00000302,00000000,0000FFFF,00FF0200,0000D3EA,00000000,00000000,00000000,00000000,00000000,00FFFD9E,2604
111,genesis,zelda_v588_autostart,0009B0,28,28,24,00,00,00,00,00,00,00,00,04,00,00,00,00,00,00,00,00,A5,00,00,00,00,00,B0,00,00,00,00,00,00,00,00,00,00,00,00,00,00,00,00,00,00,00,00,00,00,00,00,00,00,00,00,00,3F,00,FF,00,00,00,00,00,00,00,0F,30,30,30,0F,21,30,30,0403,009D,0000,0302,00000000,0000,0007,00000424,00000004,00000060,000028A1,C0002800,00000302,00000000,0000FFFF,00FF0200,0000D3EA,00000000,00000000,00000000,00000000,00000000,00FFFDA6,2600
112,genesis,zelda_v588_autostart,0009A4,28,28,24,00,00,00,00,00,00,00,00,04,00,00,00,00,00,00,00,00,A5,00,00,00,00,00,B0,00,00,00,00,00,00,00,00,00,00,00,00,00,00,00,00,00,00,00,00,00,00,00,00,00,00,00,00,00,3F,00,FF,00,00,00,00,00,00,00,0F,30,30,30,0F,21,30,30,0403,009D,0000,0302,00000000,0000,0007,00000424,00000003,0000009B,00002965,C0002900,00000302,00000000,0000FFFF,00FF0200,0000D3EA,00000000,00000000,00000000,00000000,00000000,00FFFD82,2609
113,genesis,zelda_v588_autostart,001160,28,28,24,00,00,00,00,00,00,00,00,04,00,00,00,00,00,00,00,00,A5,00,00,00,00,00,B0,00,00,00,00,00,00,00,00,00,00,00,00,00,00,00,00,00,00,00,00,00,00,00,00,00,00,00,00,00,3F,00,FF,00,00,00,00,00,00,00,0F,30,30,30,0F,21,30,30,0403,009D,0000,0302,00000000,0000,0007,00000424,00000002,000000D7,00002A29,C0000229,00000000,00000000,0000FFFF,00FF0200,0000D3EA,00000000,00000000,00000000,00000000,00000000,00FFFD7A,2600
114,genesis,zelda_v588_autostart,001150,28,28,24,00,00,00,00,00,00,00,00,04,00,00,00,00,00,00,00,00,A5,00,00,00,00,00,B0,00,00,00,00,00,00,00,00,00,00,00,00,00,00,00,00,00,00,00,00,00,00,00,00,00,00,00,00,00,3F,00,FF,00,00,00,00,00,00,00,0F,30,30,30,0F,21,30,30,0403,009D,0000,0302,00000000,0000,0007,00000424,00000002,00000017,00002AE9,C0000AE9,00000000,00000000,0000FFFF,00FF0200,0000D3EA,00000000,00000000,00000000,00000000,00000000,00FFFD7A,2609
115,genesis,zelda_v588_autostart,001192,28,28,24,00,00,00,00,00,00,00,00,04,00,00,00,00,00,00,00,00,A5,00,00,00,00,00,B0,00,00,00,00,00,00,00,00,00,00,00,00,00,00,00,00,00,00,00,00,00,00,00,00,00,00,00,00,00,3F,00,FF,00,00,00,00,00,00,00,0F,30,30,30,0F,21,30,30,0403,009D,0000,0302,00000000,0000,0007,00000424,00000001,00000055,00002BAB,C0002B00,00000302,00000000,0000FFFF,00FF0200,0000D3EA,00000000,00000000,00000000,00000000,00000000,00FFFD7E,2609
116,genesis,zelda_v588_autostart,001504,28,28,24,00,00,00,00,00,00,00,00,04,00,00,00,00,00,00,00,00,A5,00,00,00,00,00,B0,00,00,00,00,00,00,00,01,00,00,00,00,00,00,00,00,00,00,00,00,00,00,00,00,00,00,00,00,00,3F,00,FF,00,00,00,00,00,00,00,0F,30,30,30,0F,21,30,30,0421,00A1,0000,0302,00000000,0000,0007,0000C000,40800001,00000024,0000C084,00000023,00000000,00000023,00000003,00FF8200,0000D3EA,00000000,00000000,00000000,00000000,00000000,00FFFDAA,2604
117,genesis,zelda_v588_autostart,0015C8,28,28,24,00,00,00,00,00,00,00,00,04,00,00,00,00,00,00,00,00,A5,00,00,00,00,00,B0,00,00,00,00,00,00,00,01,00,00,00,00,00,00,00,00,00,00,00,00,00,00,00,00,00,00,00,00,00,3F,00,FF,00,00,00,00,00,00,00,0F,30,30,30,0F,21,30,30,0421,00A1,0000,0302,00000000,0000,0007,00000180,43000006,00000124,00000000,000000DC,00000000,00004124,0000001C,00FF8200,0000D3EA,00000000,00000000,00000000,00000000,00000000,00FFFDAA,2600
118,genesis,zelda_v588_autostart,0015FA,28,28,24,00,00,00,00,00,00,00,00,04,00,00,00,00,00,00,00,00,A5,00,00,00,00,00,B0,00,00,00,00,00,00,00,01,00,00,00,00,00,00,00,00,00,00,00,00,00,00,00,00,00,00,00,00,00,3F,00,FF,00,00,00,00,00,00,00,0F,30,30,30,0F,21,30,30,0421,00A1,0000,0302,00000000,0000,0007,0000C62A,4600000C,00000124,0000C62A,00000195,00000000,00000124,00000015,00FF8200,0000D3EA,00000000,00000000,00000000,00000000,00000000,00FFFDAA,2600
119,genesis,zelda_v588_autostart,00157A,28,28,24,00,00,00,00,00,00,00,00,04,00,00,00,00,00,00,00,00,A5,00,00,00,00,00,B0,00,00,00,00,00,00,00,01,00,00,00,00,00,00,00,00,00,00,00,00,00,00,00,00,00,00,00,00,00,3F,00,FF,00,00,00,00,00,00,00,0F,30,30,30,0F,21,30,30,0421,00A1,0000,0302,00000000,0000,0007,0000C900,49000012,00000024,0000C91C,0000024F,00000000,0000024F,0000000F,00FF8200,0000D3EA,00000000,00000000,00000000,00000000,00000000,00FFFDAA,2600
120,genesis,zelda_v588_autostart,0015A6,28,28,24,00,00,00,00,00,00,00,00,04,00,00,00,00,00,00,00,00,A5,00,00,00,00,00,B0,00,00,00,00,00,00,00,01,00,00,00,00,00,00,00,00,00,00,00,00,00,00,00,00,00,00,00,00,00,3F,00,FF,00,00,00,00,00,00,00,0F,30,30,30,0F,21,30,30,0421,00A1,0000,0302,00000000,0000,0007,00000000,4C000018,00000124,000003F2,0000030B,00000000,00000024,0000000B,00FF8200,0000D3EA,00000000,00000000,00000000,00000000,00000000,00FFFDAA,2604
121,genesis,zelda_v588_autostart,000F14,28,28,24,00,00,00,00,00,00,00,00,04,00,00,00,00,00,00,00,00,A5,00,00,00,00,00,B0,00,00,00,00,00,00,00,01,00,00,00,00,00,00,00,00,00,00,00,00,00,00,00,00,00,00,00,00,00,3F,00,FF,00,00,00,00,00,00,00,0F,30,30,30,0F,21,30,30,0421,00A1,0000,0302,00000000,0000,0007,00000000,4E80001D,00000124,00000000,00000000,00000001,0000FFFF,0000FFFF,00FF9200,00000F72,00000000,00000000,00000000,00000000,00000000,00FFFD9A,2604
122,genesis,zelda_v588_autostart,001AE4,00,00,05,00,00,00,00,00,00,00,00,00,00,00,00,00,00,00,00,00,00,00,00,00,00,00,00,00,00,00,00,00,00,00,02,00,00,00,00,00,00,00,00,00,00,00,00,00,00,00,00,00,00,00,00,00,23,23,3F,00,20,36,0F,00,10,36,0F,30,30,30,0F,21,30,30,0203,00B7,0000,0302,00000000,0000,0009,00000000,78000666,00000013,00003608,C01E8100,00000000,00000000,0000FFFF,01FE0000,00000005,00000000,00000000,00000000,00000000,00000000,00FFFDF8,2004
123,genesis,zelda_v588_autostart,0011A4,20,20,24,00,00,00,00,00,00,00,00,00,00,00,00,00,00,00,00,00,00,00,00,00,00,00,B0,00,00,00,00,00,00,00,02,00,00,00,00,00,00,00,00,00,00,00,00,00,00,00,00,00,00,00,00,00,3F,00,FF,00,20,36,0F,00,10,36,36,0F,00,10,36,17,27,0F,0403,00D0,0000,0302,00000000,0000,000F,00000424,78000604,000000C4,0000203C,C01E003C,00000000,00000000,0000FFFF,00FF0200,00FF0003,00000000,00000000,00000000,00000000,00000000,00FFFDCC,2000
124,genesis,zelda_v588_autostart,00C3F2,1C,1C,81,63,06,00,00,00,00,00,00,01,00,00,00,00,00,00,00,00,00,00,00,00,00,00,B0,00,00,00,00,00,00,00,02,00,00,00,00,00,00,00,00,00,00,00,00,00,00,00,00,00,00,00,00,00,3F,00,FF,00,20,36,0F,00,10,36,36,0F,00,10,36,17,27,0F,0403,00E6,0000,0302,00000000,0000,0011,00000400,00000001,00000000,0000009D,C0000006,00000663,00000000,0000FFFF,00FF0000,00000302,00000000,00000000,00000000,00000000,00000000,00FFFDA2,2600
125,genesis,zelda_v588_autostart,00C3FA,CE,CE,81,B1,05,00,00,00,00,00,00,01,00,00,00,00,00,00,00,00,00,00,00,00,00,00,B0,00,00,00,00,00,00,00,02,00,00,00,00,00,00,00,00,00,00,00,00,00,00,00,00,00,00,00,00,00,3F,00,FF,00,20,36,0F,00,10,36,36,0F,00,10,36,17,27,0F,0403,00E6,0000,0302,00000000,0000,0011,00000400,00000001,00000000,0000014F,C0000005,00000081,00000000,0000FFFF,00FF0000,00000302,00000000,00000000,00000000,00000000,00000000,00FFFDA2,2618
126,genesis,zelda_v588_autostart,0009BE,7A,7A,82,05,05,00,00,00,00,00,00,01,00,00,00,00,00,00,00,00,00,00,00,00,00,00,B0,00,00,00,00,00,00,00,02,00,00,00,00,00,00,00,00,00,00,00,00,00,00,00,00,00,00,00,00,00,3F,00,FF,00,20,36,0F,00,10,36,36,0F,00,10,36,17,27,0F,0403,00E6,0000,0302,00000000,0000,0011,00000424,00000001,00000000,000001FB,C0000100,0000827A,00000000,0000FFFF,00FF0000,00000302,00000000,00000000,00000000,00000000,00000000,00FFFD9E,2600
127,genesis,zelda_v588_autostart,00C446,25,25,83,5A,04,00,00,00,00,00,00,01,00,00,00,00,00,00,00,00,00,00,00,00,00,00,B0,00,00,00,00,00,00,00,02,00,00,00,00,00,00,00,00,00,00,00,00,00,00,00,00,00,00,00,00,00,3F,00,FF,00,20,36,0F,00,10,36,36,0F,00,10,36,17,27,0F,0403,00E6,0000,0302,00000000,0000,0011,00000424,00000001,00000000,000002A6,C0000004,0000045A,00000000,0000FFFF,00FF0000,00000302,00000000,00000000,00000000,00000000,00000000,00FFFDA2,2600
128,genesis,zelda_v588_autostart,00125E,CF,CF,83,B0,03,00,00,00,00,00,00,01,00,00,00,00,00,00,00,00,00,00,00,00,00,00,B0,00,00,00,00,00,00,00,02,00,00,00,00,00,00,00,00,00,00,00,00,00,00,00,00,00,00,00,00,00,3F,00,FF,00,20,36,0F,00,10,36,36,0F,00,10,36,17,27,0F,0403,00E6,0000,0302,00000000,0000,0011,00000424,00000001,00000000,00000350,C0000350,000083CF,00000000,0000FFFF,00FFC000,00000302,00000000,00000000,00000000,00000000,00000000,00FFFD7A,2600
129,genesis,zelda_v588_autostart,00C41E,7A,7A,84,06,03,00,00,00,00,00,00,01,00,00,00,00,00,00,00,00,00,00,00,00,00,00,B0,00,00,00,00,00,00,00,02,00,00,00,00,00,00,00,00,00,00,00,00,00,00,00,00,00,00,00,00,00,3F,00,FF,00,20,36,0F,00,10,36,36,0F,00,10,36,17,27,0F,0403,00E6,0000,0302,00000000,0000,0011,00000424,00000001,00000000,000003FB,C0000084,0000847A,00000000,0000FFFF,00FF0000,00000302,00000000,00000000,00000000,00000000,00000000,00FFFDA2,2600
130,genesis,zelda_v588_autostart,00C43E,27,27,85,58,02,00,00,00,00,00,00,01,00,00,00,00,00,00,00,00,00,00,00,00,00,00,B0,00,00,00,00,00,00,00,02,00,00,00,00,00,00,00,00,00,00,00,00,00,00,00,00,00,00,00,00,00,3F,00,FF,00,20,36,0F,00,10,36,36,0F,00,10,36,17,27,0F,0403,00E6,0000,0302,00000000,0000,0011,00000424,00000001,00000000,000004A8,C0000258,00000258,00000000,0000FFFF,00FF0000,00000302,00000000,00000000,00000000,00000000,00000000,00FFFDA2,2600
131,genesis,zelda_v588_autostart,0009B6,D1,D1,85,AE,01,00,00,00,00,00,00,01,00,00,00,00,00,00,00,00,00,00,00,00,00,00,B0,00,00,00,00,00,00,00,02,00,00,00,00,00,00,00,00,00,00,00,00,00,00,00,00,00,00,00,00,00,3F,00,FF,00,20,36,0F,00,10,36,36,0F,00,10,36,17,27,0F,0403,00E6,0000,0302,00000000,0000,0011,00000424,00000001,00000000,00000552,C0000500,000085D1,00000000,0000FFFF,00FF0000,00000302,00000000,00000000,00000000,00000000,00000000,00FFFD7E,2609
132,genesis,zelda_v588_autostart,0009B6,81,81,86,FE,00,00,00,00,00,00,00,01,00,00,00,00,00,00,00,00,00,00,00,00,00,00,B0,00,00,00,00,00,00,00,02,00,00,00,00,00,00,00,00,00,00,00,00,00,00,00,00,00,00,00,00,00,3F,00,FF,00,20,36,0F,00,10,36,36,0F,00,10,36,17,27,0F,0403,00E6,0000,0302,00000000,0000,0011,00000400,00000001,00000000,00000602,C0000600,00008681,00000000,0000FFFF,00FF0000,00000302,00000000,00000000,00000000,00000000,00000000,00FFFD7E,2609
133,genesis,zelda_v588_autostart,0009B6,33,33,87,4C,00,00,00,00,00,00,00,01,00,00,00,00,00,00,00,00,00,00,00,00,00,00,B0,00,00,00,00,00,00,00,02,00,00,00,00,00,00,00,00,00,00,00,00,00,00,00,00,00,00,00,00,00,3F,00,FF,00,20,36,0F,00,10,36,36,0F,00,10,36,17,27,0F,0403,00E6,0000,0302,00000000,0000,0011,00000400,00000001,00000000,000006B4,C0000600,00008733,00000000,0000FFFF,00FF0000,00000302,00000000,00000000,00000000,00000000,00000000,00FFFD7E,2609
134,genesis,zelda_v588_autostart,00C42C,E4,E4,87,9C,06,00,00,00,00,00,00,01,00,00,00,00,00,00,00,00,00,00,00,00,00,00,B0,00,00,00,00,00,00,00,02,00,00,00,00,00,00,00,00,00,00,00,00,00,00,00,00,00,00,00,00,00,3F,00,FF,00,20,36,0F,00,10,36,36,0F,00,10,36,17,27,0F,0403,00E8,0000,0302,00000000,0000,0011,00000400,00000003,00000000,00000075,C0000087,00000006,00000000,0000FFFF,00FF0000,00000302,00000000,00000000,00000000,00000000,00000000,00FFFDA2,2610
135,genesis,zelda_v588_autostart,00C42E,96,96,88,EA,05,00,00,00,00,00,00,01,00,00,00,00,00,00,00,00,00,00,00,00,00,00,B0,00,00,00,00,00,00,00,02,00,00,00,00,00,00,00,00,00,00,00,00,00,00,00,00,00,00,00,00,00,3F,00,FF,00,20,36,0F,00,10,36,36,0F,00,10,36,17,27,0F,0403,00E8,0000,0302,00000000,0000,0011,00000400,00000003,00000000,00000127,C0000088,00000500,00000000,0000FFFF,00FF0000,00000302,00000000,00000000,00000000,00000000,00000000,00FFFDA2,2600
136,genesis,zelda_v588_autostart,00C40E,44,44,89,3B,05,00,00,00,00,00,00,01,00,00,00,00,00,00,00,00,00,00,00,00,00,00,B0,00,00,00,00,00,00,00,02,00,00,00,00,00,00,00,00,00,00,00,00,00,00,00,00,00,00,00,00,00,3F,00,FF,00,20,36,0F,00,10,36,36,0F,00,10,36,17,27,0F,0403,00E8,0000,0302,00000000,0000,0011,00000400,00000003,00000000,000001D5,C0000005,00008944,00000000,0000FFFF,00FF0000,00000302,00000000,00000000,00000000,00000000,00000000,00FFFDA2,2604
137,genesis,zelda_v588_autostart,0009BE,EE,EE,89,91,04,00,00,00,00,00,00,01,00,00,00,00,00,00,00,00,00,00,00,00,00,00,B0,00,00,00,00,00,00,00,02,00,00,00,00,00,00,00,00,00,00,00,00,00,00,00,00,00,00,00,00,00,3F,00,FF,00,20,36,0F,00,10,36,36,0F,00,10,36,17,27,0F,0403,00E8,0000,0302,00000000,0000,0011,00000400,00000003,00000000,0000027F,C0000200,000089EE,00000000,0000FFFF,00FF0000,00000302,00000000,00000000,00000000,00000000,00000000,00FFFD9E,2600
138,genesis,zelda_v588_autostart,00C43E,99,99,8A,E6,03,00,00,00,00,00,00,01,00,00,00,00,00,00,00,00,00,00,00,00,00,00,B0,00,00,00,00,00,00,00,02,00,00,00,00,00,00,00,00,00,00,00,00,00,00,00,00,00,00,00,00,00,3F,00,FF,00,20,36,0F,00,10,36,36,0F,00,10,36,17,27,0F,0403,00E8,0000,0302,00000000,0000,0011,00000400,00000003,00000000,0000032A,C00003E6,000003E6,00000000,0000FFFF,00FF0000,00000302,00000000,00000000,00000000,00000000,00000000,00FFFDA2,2608
139,genesis,zelda_v588_autostart,001252,43,43,8B,3C,03,00,00,00,00,00,00,01,00,00,00,00,00,00,00,00,00,00,00,00,00,00,B0,00,00,00,00,00,00,00,02,00,00,00,00,00,00,00,00,00,00,00,00,00,00,00,00,00,00,00,00,00,3F,00,FF,00,20,36,0F,00,10,36,36,0F,00,10,36,17,27,0F,0403,00E8,0000,0302,00000000,0000,0011,00000400,00000003,00000000,000003D4,C0000300,00008B43,00000000,0000FFFF,00FF0000,00000302,00000000,00000000,00000000,00000000,00000000,00FFFD7A,2609
140,genesis,zelda_v588_autostart,0009BA,F0,F0,8B,8F,02,00,00,00,00,00,00,01,00,00,00,00,00,00,00,00,00,00,00,00,00,00,B0,00,00,00,00,00,00,00,02,00,00,00,00,00,00,00,00,00,00,00,00,00,00,00,00,00,00,00,00,00,3F,00,FF,00,20,36,0F,00,10,36,36,0F,00,10,36,17,27,0F,0403,00E8,0000,0302,00000000,0000,0011,00000400,00000003,00000000,00000481,C0000481,00008BF0,00000000,0000FFFF,00FFC000,00000302,00000000,00000000,00000000,00000000,00000000,00FFFD7E,2600
141,genesis,zelda_v588_autostart,00C42E,9B,9B,8C,E5,01,00,00,00,00,00,00,01,00,00,00,00,00,00,00,00,00,00,00,00,00,00,B0,00,00,00,00,00,00,00,02,00,00,00,00,00,00,00,00,00,00,00,00,00,00,00,00,00,00,00,00,00,3F,00,FF,00,20,36,0F,00,10,36,36,0F,00,10,36,17,27,0F,0403,00E8,0000,0302,00000000,0000,0011,00000400,00000003,00000000,0000052C,C000008C,00000100,00000000,0000FFFF,00FF0000,00000302,00000000,00000000,00000000,00000000,00000000,00FFFDA2,2600
142,genesis,zelda_v588_autostart,00C408,49,49,8D,36,01,00,00,00,00,00,00,01,00,00,00,00,00,00,00,00,00,00,00,00,00,00,B0,00,00,00,00,00,00,00,02,00,00,00,00,00,00,00,00,00,00,00,00,00,00,00,00,00,00,00,00,00,3F,00,FF,00,20,36,0F,00,10,36,36,0F,00,10,36,17,27,0F,0403,00E8,0000,0302,00000000,0000,0011,00000400,00000003,00000000,000005DA,C0000001,00008D49,00000000,0000FFFF,00FF0000,00000302,00000000,00000000,00000000,00000000,00000000,00FFFDA2,2600
143,genesis,zelda_v588_autostart,00C40E,FB,FB,8D,84,00,00,00,00,00,00,00,01,00,00,00,00,00,00,00,00,00,00,00,00,00,00,B0,00,00,00,00,00,00,00,02,00,00,00,00,00,00,00,00,00,00,00,00,00,00,00,00,00,00,00,00,00,3F,00,FF,00,20,36,0F,00,10,36,36,0F,00,10,36,17,27,0F,0403,00E8,0000,0302,00000000,0000,0011,00000400,00000003,00000000,0000068C,C0000000,00008DFB,00000000,0000FFFF,00FF0000,00000302,00000000,00000000,00000000,00000000,00000000,00FFFDA2,2604
144,genesis,zelda_v588_autostart,001148,9F,9F,8E,C0,00,00,00,00,00,00,00,01,00,00,00,00,00,00,00,00,00,00,00,00,00,00,B0,00,00,00,00,00,00,00,02,00,00,00,00,00,00,00,00,00,00,00,00,00,00,00,00,00,00,00,00,00,3F,00,FF,00,20,36,0F,00,10,36,36,0F,00,10,36,17,27,0F,0403,00EA,0000,0302,00000000,0000,0011,00000400,00000005,00000000,0000203F,C000003F,0000000C,00000000,0000FFFF,00FF0000,00000302,00000000,00000000,00000000,00000000,00000000,00FFFD72,2600
145,genesis,zelda_v588_autostart,00120A,20,20,8F,3F,00,00,00,00,00,00,00,01,00,00,00,00,00,00,00,00,00,00,00,00,00,00,B0,00,00,00,00,00,00,00,02,00,00,00,00,00,00,00,00,00,00,00,00,00,00,00,00,00,00,00,00,00,3F,00,FF,00,20,36,0F,00,10,36,36,0F,00,10,36,17,27,0F,0403,00EA,0000,0302,00000000,0000,0011,00000400,00000005,00000000,000020C0,C00000C0,00000000,00000000,0000FFFF,00FF8200,00000302,00000000,00000000,00000000,00000000,00000000,00FFFD76,2604
146,genesis,zelda_v588_autostart,0015E6,5F,5F,8F,00,00,00,00,00,00,00,00,01,00,00,00,00,00,00,00,00,00,00,00,00,00,00,B0,00,00,00,00,00,00,00,02,00,00,00,00,00,00,00,00,00,00,00,00,00,00,00,00,00,00,00,00,00,3F,00,FF,00,20,36,0F,00,10,36,36,0F,00,10,36,17,27,0F,0421,00EB,0000,0302,00000000,0000,0011,0000C180,41800003,00000000,0000C140,00000060,00000000,00004000,00000000,00FF8200,00000302,00000000,00000000,00000000,00000000,00000000,00FFFDA2,2600
147,genesis,zelda_v588_autostart,0010EE,5F,5F,8F,00,00,00,00,00,00,00,00,01,00,00,00,00,00,00,00,00,00,00,00,00,00,00,B0,00,00,00,00,00,00,00,02,00,00,00,00,00,00,00,00,00,00,00,00,00,00,00,00,00,00,00,00,00,3F,00,FF,00,20,36,0F,00,10,36,36,0F,00,10,36,17,27,0F,0421,00EB,0000,0302,00000000,0000,0011,0000C482,44800009,00000124,0000C482,00000121,00000000,00000124,00000001,00FF8200,00000302,00000000,00000000,00000000,00000000,00000000,00FFFDA6,2600
148,genesis,zelda_v588_autostart,00158E,5F,5F,8F,00,00,00,00,00,00,00,00,01,00,00,00,00,00,00,00,00,00,00,00,00,00,00,B0,00,00,00,00,00,00,00,02,00,00,00,00,00,00,00,00,00,00,00,00,00,00,00,00,00,00,00,00,00,3F,00,FF,00,20,36,0F,00,10,36,36,0F,00,10,36,17,27,0F,0421,00EB,0000,0302,00000000,0000,0011,0000C700,4700000E,00000124,00000018,000001DB,00000000,00000018,0000001B,00FF8200,00000302,00000000,00000000,00000000,00000000,00000000,00FFFDA2,2600
149,genesis,zelda_v588_autostart,0015B6,5F,5F,8F,00,00,00,00,00,00,00,00,01,00,00,00,00,00,00,00,00,00,00,00,00,00,00,B0,00,00,00,00,00,00,00,02,00,00,00,00,00,00,00,00,00,00,00,00,00,00,00,00,00,00,00,00,00,3F,00,FF,00,20,36,0F,00,10,36,36,0F,00,10,36,17,27,0F,0421,00EB,0000,0302,00000000,0000,0011,00000000,4A000014,00000124,00000000,00000294,00000000,00000000,00000014,00FF8200,00000302,00000000,00000000,00000000,00000000,00000000,00FFFDA2,2604
150,genesis,zelda_v588_autostart,0014F8,5F,5F,8F,00,00,00,00,00,00,00,00,01,00,00,00,00,00,00,00,00,00,00,00,00,00,00,B0,00,00,00,00,00,00,00,02,00,00,00,00,00,00,00,00,00,00,00,00,00,00,00,00,00,00,00,00,00,3F,00,FF,00,20,36,0F,00,10,36,36,0F,00,10,36,17,27,0F,0421,00EB,0000,0302,00000000,0000,0011,0000CD20,4D00001A,00000124,0000CD20,00000351,00000000,00000351,00000011,00FF8200,00000302,00000000,00000000,00000000,00000000,00000000,00FFFDA2,2611
151,genesis,zelda_v588_autostart,000C42,00,00,03,00,00,00,00,00,00,00,00,02,00,00,00,00,00,00,00,00,A5,00,00,00,00,1E,B0,00,00,00,00,00,00,00,02,00,00,00,00,00,00,00,00,00,00,00,00,00,00,00,00,00,00,00,00,00,3F,00,FF,00,20,36,0F,00,10,36,36,0F,00,10,36,17,27,0F,0421,00FE,0000,0302,00000000,0000,0013,0000002E,00000025,00000000,000036F8,C0008100,00000300,00000000,00000012,00FF0000,00FF02B8,00000000,00000000,00000000,00000000,00000000,00FFFDAE,2610
152,genesis,zelda_v588_autostart,0013FA,00,00,03,00,00,00,00,01,00,00,10,03,00,00,00,00,00,00,00,00,A5,00,00,00,00,00,B0,00,00,00,00,00,00,00,00,00,00,00,00,00,00,00,00,80,00,00,00,00,00,00,00,00,00,00,00,00,3F,00,FF,00,20,36,0F,00,10,36,36,0F,00,10,36,17,27,0F,02C0,0115,0000,0302,00000000,0000,0015,00000000,00000000,00000000,00000000,00000000,00000302,00000005,000001E8,00FFC170,00FFC173,00FFC17B,00001466,00000000,00000000,00000000,00FFFD76,2604
153,genesis,zelda_v588_autostart,001400,00,00,03,00,00,00,00,01,00,00,10,03,00,00,00,00,00,00,00,00,A5,00,00,00,00,00,B0,00,00,00,00,00,00,00,00,00,00,00,00,00,00,00,00,80,00,00,00,00,00,00,00,00,00,00,00,00,3F,00,FF,00,20,36,0F,00,10,36,36,0F,00,10,36,17,27,0F,02C0,0115,0000,0302,00000000,0000,0015,00000000,00000000,00000000,00000000,00000000,00000302,00000004,000001CD,00FFC320,00FFC324,00FFC32C,00001466,00000000,00000000,00000000,00FFFD76,2604
154,genesis,zelda_v588_autostart,001406,00,00,03,00,00,00,00,01,00,00,10,03,00,00,00,00,00,00,00,00,A5,00,00,00,00,00,B0,00,00,00,00,00,00,00,00,00,00,00,00,00,00,00,00,80,00,00,00,00,00,00,00,00,00,00,00,00,3F,00,FF,00,20,36,0F,00,10,36,36,0F,00,10,36,17,27,0F,02C0,0115,0000,0302,00000000,0000,0015,00000000,00000000,00000000,00000000,00000000,00000302,00000003,000001B2,00FFC4D0,00FFC4D5,00FFC4DD,00001466,00000000,00000000,00000000,00FFFD76,2604
155,genesis,zelda_v588_autostart,001412,00,00,03,00,00,00,00,01,00,00,10,03,00,00,00,00,00,00,00,00,A5,00,00,00,00,00,B0,00,00,00,00,00,00,00,00,00,00,00,00,00,00,00,00,80,00,00,00,00,00,00,00,00,00,00,00,00,3F,00,FF,00,20,36,0F,00,10,36,36,0F,00,10,36,17,27,0F,02C0,0115,0000,0302,00000000,0000,0015,00000000,00000000,00000000,00000000,00000000,00000302,00000002,00000197,00FFC680,00FFC686,00FFC68E,00001466,00000000,00000000,00000000,00FFFD76,2604
156,genesis,zelda_v588_autostart,00141C,00,00,03,00,00,00,00,01,00,00,10,03,00,00,00,00,00,00,00,00,A5,00,00,00,00,00,B0,00,00,00,00,00,00,00,00,00,00,00,00,00,00,00,00,80,00,00,00,00,00,00,00,00,00,00,00,00,3F,00,FF,00,20,36,0F,00,10,36,36,0F,00,10,36,17,27,0F,02C0,0115,0000,0302,00000000,0000,0015,00000000,00000000,00000000,00000000,00000000,00000302,00000001,0000017C,00FFC830,00FFC837,00FFC83F,00001466,00000000,00000000,00000000,00FFFD76,2604
157,genesis,zelda_v588_autostart,001420,00,00,03,00,00,00,00,01,00,00,10,03,00,00,00,00,00,00,00,00,A5,00,00,00,00,00,B0,00,00,00,00,00,00,00,00,00,00,00,00,00,00,00,00,80,00,00,00,00,00,00,00,00,00,00,00,00,3F,00,FF,00,20,36,0F,00,10,36,36,0F,00,10,36,17,27,0F,02C0,0115,0000,0302,00000000,0000,0015,00000054,000000FC,00002200,0000000D,00000001,00000302,00000000,00000161,00FFC9E0,00FFC9E8,00FFC9F0,00001466,00000000,00000000,00000000,00FFFD76,2600
158,genesis,zelda_v588_autostart,001420,00,00,03,00,00,00,00,01,00,00,10,03,00,00,00,00,00,00,00,00,A5,00,00,00,00,00,B0,00,00,00,00,00,00,00,00,00,00,00,00,00,00,00,00,80,00,00,00,00,00,00,00,00,00,00,00,00,3F,00,FF,00,20,36,0F,00,10,36,36,0F,00,10,36,17,27,0F,02C0,0115,0000,0302,00000000,0000,0015,00000000,00000000,00001000,00000000,00000000,00000302,00000007,00000145,00FFCBA0,00FFCBA1,00FFCBA9,00001466,00000000,00000000,00000000,00FFFD76,2600
159,genesis,zelda_v588_autostart,001428,00,00,03,00,00,00,00,01,00,00,10,03,00,00,00,00,00,00,00,00,A5,00,00,00,00,00,B0,00,00,00,00,00,00,00,00,00,00,00,00,00,00,00,00,80,00,00,00,00,00,00,00,00,00,00,00,00,3F,00,FF,00,20,36,0F,00,10,36,36,0F,00,10,36,17,27,0F,02C0,0115,0000,0302,00000000,0000,0015,00000000,00000000,00000000,00000000,00000000,00000302,00000006,0000012A,00FFCD50,00FFCD52,00FFCD5A,00001466,00000000,00000000,00000000,00FFFD76,2604
160,genesis,zelda_v588_autostart,001432,00,00,03,00,00,00,00,01,00,00,10,03,00,00,00,00,00,00,00,00,A5,00,00,00,00,00,B0,00,00,00,00,00,00,00,00,00,00,00,00,00,00,00,00,80,00,00,00,00,00,00,00,00,00,00,00,00,3F,00,FF,00,20,36,0F,00,10,36,36,0F,00,10,36,17,27,0F,02C0,0115,0000,0302,00000000,0000,0015,00000000,00000050,00000202,00000004,00000000,00000302,00000005,0000010F,00FFCF00,00FFCF03,00FFCF0B,00001466,00000000,00000000,00000000,00FFFD76,2600
161,genesis,zelda_v588_autostart,00143C,00,00,03,00,00,00,00,01,00,00,10,03,00,00,00,00,00,00,00,00,A5,00,00,00,00,00,B0,00,00,00,00,00,00,00,00,00,00,00,00,00,00,00,00,80,00,00,00,00,00,00,00,00,00,00,00,00,3F,00,FF,00,20,36,0F,00,10,36,36,0F,00,10,36,17,27,0F,02C0,0115,0000,0302,00000000,0000,0015,000000C0,00000000,00001111,00000000,00000003,00000302,00000004,000000F4,00FFD0B0,00FFD0B4,00FFD0BC,00001466,00000000,00000000,00000000,00FFFD76,2600
162,genesis,zelda_v588_autostart,001444,00,00,03,00,00,00,00,01,00,00,10,03,00,00,00,00,00,00,00,00,A5,00,00,00,00,00,B0,00,00,00,00,00,00,00,00,00,00,00,00,00,00,00,00,80,00,00,00,00,00,00,00,00,00,00,00,00,3F,00,FF,00,20,36,0F,00,10,36,36,0F,00,10,36,17,27,0F,02C0,0115,0000,0302,00000000,0000,0015,00000000,000000F0,00222222,0000000C,00000000,00000302,00000003,000000D9,00FFD260,00FFD265,00FFD26D,00001466,00000000,00000000,00000000,00FFFD76,2600
163,genesis,zelda_v588_autostart,00144C,00,00,03,00,00,00,00,01,00,00,10,03,00,00,00,00,00,00,00,00,A5,00,00,00,00,00,B0,00,00,00,00,00,00,00,00,00,00,00,00,00,00,00,00,80,00,00,00,00,00,00,00,00,00,00,00,00,3F,00,FF,00,20,36,0F,00,10,36,36,0F,00,10,36,17,27,0F,02C0,0115,0000,0302,00000000,0000,0015,00000000,00000000,00000000,00000000,00000000,00000302,00000002,000000BE,00FFD410,00FFD416,00FFD41E,00001466,00000000,00000000,00000000,00FFFD76,2604
164,genesis,zelda_v588_autostart,001456,00,00,03,00,00,00,00,01,00,00,10,03,00,00,00,00,00,00,00,00,A5,00,00,00,00,00,B0,00,00,00,00,00,00,00,00,00,00,00,00,00,00,00,00,80,00,00,00,00,00,00,00,00,00,00,00,00,3F,00,FF,00,20,36,0F,00,10,36,36,0F,00,10,36,17,27,0F,02C0,0115,0000,0302,00000000,0000,0015,00000000,00000000,00000000,00000000,00000000,00000302,00000001,000000A3,00FFD5C0,00FFD5C7,00FFD5CF,00001466,00000000,00000000,00000000,00FFFD76,2604
165,genesis,zelda_v588_autostart,001460,00,00,03,00,00,00,00,01,00,00,10,03,00,00,00,00,00,00,00,00,A5,00,00,00,00,00,B0,00,00,00,00,00,00,00,00,00,00,00,00,00,00,00,00,80,00,00,00,00,00,00,00,00,00,00,00,00,3F,00,FF,00,20,36,0F,00,10,36,36,0F,00,10,36,17,27,0F,02C0,0115,0000,0302,00000000,0000,0015,00000000,000000C0,22222200,0000000C,00000000,00000302,00000000,00000088,00FFD770,00FFD778,00FFD780,00001466,00000000,00000000,00000000,00FFFD76,2600
166,genesis,zelda_v588_autostart,001460,00,00,03,00,00,00,00,01,00,00,10,03,00,00,00,00,00,00,00,00,A5,00,00,00,00,00,B0,00,00,00,00,00,00,00,00,00,00,00,00,00,00,00,00,80,00,00,00,00,00,00,00,00,00,00,00,00,3F,00,FF,00,20,36,0F,00,10,36,36,0F,00,10,36,17,27,0F,02C0,0115,0000,0302,00000000,0000,0015,000000C0,00000000,33311100,00000003,00000003,00000302,00000007,0000006C,00FFD930,00FFD931,00FFD939,00001466,00000000,00000000,00000000,00FFFD76,2600
167,genesis,zelda_v588_autostart,001464,00,00,03,00,00,00,00,01,00,00,10,03,00,00,00,00,00,00,00,00,A5,00,00,00,00,00,B0,00,00,00,00,00,00,00,00,00,00,00,00,00,00,00,00,80,00,00,00,00,00,00,00,00,00,00,00,00,3F,00,FF,00,20,36,0F,00,10,36,36,0F,00,10,36,17,27,0F,02C0,0115,0000,0302,00000000,0000,0015,00000000,00000000,00000000,00000000,00000000,00000302,00000006,00000051,00FFDAE0,00FFDAE2,00FFDAEA,00001466,00000000,00000000,00000000,00FFFD76,2604
168,genesis,zelda_v588_autostart,0012A8,00,00,03,00,00,00,00,01,00,00,10,03,00,00,00,00,00,00,00,00,A5,00,00,00,00,00,B0,00,00,00,00,00,00,00,00,00,00,00,00,00,00,00,00,80,00,00,00,00,00,00,00,00,00,00,00,00,3F,00,FF,00,20,36,0F,00,10,36,36,0F,00,10,36,17,27,0F,02C0,0115,0000,0302,00000000,0000,0015,00000000,00000000,00000000,00000000,00000000,00000302,00000005,00000036,00FFDC90,00FFDC93,00FFDC9B,00001466,00000000,00000000,00000000,00FFFD7A,2604
169,genesis,zelda_v588_autostart,00129E,00,00,03,00,00,00,00,01,00,00,10,03,00,00,00,00,00,00,00,00,A5,00,00,00,00,00,B0,00,00,00,00,00,00,00,00,00,00,00,00,00,00,00,00,80,00,00,00,00,00,00,00,00,00,00,00,00,3F,00,FF,00,20,36,0F,00,10,36,36,0F,00,10,36,17,27,0F,02C0,0115,0000,0302,00000000,0000,0015,00000045,00000078,33321312,00000006,00000002,00000302,00000003,0000001B,00FFDE40,00FFDE45,00FFDE4D,00001466,00000000,00000000,00000000,00FFFD7A,2600
170,genesis,zelda_v588_autostart,0013F0,00,00,03,00,00,00,00,01,00,00,10,03,00,00,00,00,00,00,00,00,A5,00,00,00,00,00,B0,00,00,00,00,00,00,00,00,00,00,00,00,00,00,00,00,80,00,00,00,00,00,00,00,00,00,00,00,00,3F,00,FF,00,20,36,0F,00,10,36,36,0F,00,10,36,17,27,0F,02C0,0115,0000,0302,00000000,0000,0015,000000FE,000000FE,00000000,000000C0,00000002,00000302,00000002,00000000,00FFDFF0,00FFDFF6,00FFDFFE,00001466,00000000,00000000,00000000,00FFFD76,2600
171,genesis,zelda_v588_autostart,001460,00,00,03,00,00,00,00,01,00,00,10,03,00,00,00,00,00,00,00,00,A5,00,00,00,00,00,B0,00,00,00,00,00,00,00,00,00,00,00,00,00,00,00,00,80,00,00,00,00,00,00,00,00,00,00,00,00,3F,00,FF,00,20,36,0F,00,10,36,36,0F,00,10,36,17,27,0F,02C0,0115,0000,0302,00000000,0000,0015,00000000,00000000,00000000,00000000,00000000,00000302,00000002,000001E5,00FFC1A0,00FFC1A6,00FFC1AE,00001476,00000000,00000000,00000000,00FFFD76,2604
172,genesis,zelda_v588_autostart,001464,00,00,03,00,00,00,00,01,00,00,10,03,00,00,00,00,00,00,00,00,A5,00,00,00,00,00,B0,00,00,00,00,00,00,00,00,00,00,00,00,00,00,00,00,80,00,00,00,00,00,00,00,00,00,00,00,00,3F,00,FF,00,20,36,0F,00,10,36,36,0F,00,10,36,17,27,0F,02C0,0115,0000,0302,00000000,0000,0015,00000000,00000000,00000000,00000000,00000000,00000302,00000001,000001CA,00FFC350,00FFC357,00FFC35F,00001476,00000000,00000000,00000000,00FFFD76,2604
173,genesis,zelda_v588_autostart,0012E4,00,00,03,00,00,00,00,01,00,00,10,03,00,00,00,00,00,00,00,00,A5,00,00,00,00,00,B0,00,00,00,00,00,00,00,00,00,00,00,00,00,00,00,00,80,00,00,00,00,00,00,00,00,00,00,00,00,3F,00,FF,00,20,36,0F,00,10,36,36,0F,00,10,36,17,27,0F,02C0,0115,0000,0302,00000000,0000,0015,00000000,00000000,00000000,00000000,00000000,00000302,00000000,000001AF,00FFC500,00FFC508,00FFC510,00001476,00000000,00000000,00000000,00FFFD7A,2604
174,genesis,zelda_v588_autostart,0012E4,00,00,03,00,00,00,00,01,00,00,10,03,00,00,00,00,00,00,00,00,A5,00,00,00,00,00,B0,00,00,00,00,00,00,00,00,00,00,00,00,00,00,00,00,80,00,00,00,00,00,00,00,00,00,00,00,00,3F,00,FF,00,20,36,0F,00,10,36,36,0F,00,10,36,17,27,0F,02C0,0115,0000,0302,00000000,0000,0015,00000000,00000000,00000000,00000000,00000000,00000302,00000007,00000193,00FFC6C0,00FFC6C1,00FFC6C9,00001476,00000000,00000000,00000000,00FFFD7A,2604
175,genesis,zelda_v588_autostart,0012DA,00,00,03,00,00,00,00,01,00,00,10,03,00,00,00,00,00,00,00,00,A5,00,00,00,00,00,B0,00,00,00,00,00,00,00,00,00,00,00,00,00,00,00,00,80,00,00,00,00,00,00,00,00,00,00,00,00,3F,00,FF,00,20,36,0F,00,10,36,36,0F,00,10,36,17,27,0F,02C0,0115,0000,0302,00000000,0000,0015,00000000,00000000,70707000,00000000,00000000,00000302,00000005,00000178,00FFC870,00FFC873,00FFC87B,00001476,00000000,00000000,00000000,00FFFD7A,2604
176,genesis,zelda_v588_autostart,0013EC,00,00,03,00,00,00,00,01,00,00,10,03,00,00,00,00,00,00,00,00,A5,00,00,00,00,00,B0,00,00,00,00,00,00,00,00,00,00,00,00,00,00,00,00,80,00,00,00,00,00,00,00,00,00,00,00,00,3F,00,FF,00,20,36,0F,00,10,36,36,0F,00,10,36,17,27,0F,02C0,0115,0000,0302,00000000,0000,0015,00000000,00000000,00000000,00000000,00000000,00000302,00000004,0000015D,00FFCA20,00FFCA24,00FFCA2C,00001476,00000000,00000000,00000000,00FFFD76,2604
177,genesis,zelda_v588_autostart,0013FA,00,00,03,00,00,00,00,01,00,00,10,03,00,00,00,00,00,00,00,00,A5,00,00,00,00,00,B0,00,00,00,00,00,00,00,00,00,00,00,00,00,00,00,00,80,00,00,00,00,00,00,00,00,00,00,00,00,3F,00,FF,00,20,36,0F,00,10,36,36,0F,00,10,36,17,27,0F,02C0,0115,0000,0302,00000000,0000,0015,00000000,00000000,00000000,00000000,00000000,00000302,00000003,00000142,00FFCBD0,00FFCBD5,00FFCBDD,00001476,00000000,00000000,00000000,00FFFD76,2604
178,genesis,zelda_v588_autostart,001400,00,00,03,00,00,00,00,01,00,00,10,03,00,00,00,00,00,00,00,00,A5,00,00,00,00,00,B0,00,00,00,00,00,00,00,00,00,00,00,00,00,00,00,00,80,00,00,00,00,00,00,00,00,00,00,00,00,3F,00,FF,00,20,36,0F,00,10,36,36,0F,00,10,36,17,27,0F,02C0,0115,0000,0302,00000000,0000,0015,000000A0,0000005C,00000000,00000006,00000002,00000302,00000002,00000127,00FFCD80,00FFCD86,00FFCD8E,00001476,00000000,00000000,00000000,00FFFD76,2604
179,genesis,zelda_v588_autostart,001406,00,00,03,00,00,00,00,01,00,00,10,03,00,00,00,00,00,00,00,00,A5,00,00,00,00,00,B0,00,00,00,00,00,00,00,00,00,00,00,00,00,00,00,00,80,00,00,00,00,00,00,00,00,00,00,00,00,3F,00,FF,00,20,36,0F,00,10,36,36,0F,00,10,36,17,27,0F,02C0,0115,0000,0302,00000000,0000,0015,00000000,00000045,00000006,00000004,00000000,00000302,00000001,0000010C,00FFCF30,00FFCF37,00FFCF3F,00001476,00000000,00000000,00000000,00FFFD76,2604
180,genesis,zelda_v588_autostart,001410,00,00,03,00,00,00,00,01,00,00,10,03,00,00,00,00,00,00,00,00,A5,00,00,00,00,00,B0,00,00,00,00,00,00,00,00,00,00,00,00,00,00,00,00,80,00,00,00,00,00,00,00,00,00,00,00,00,3F,00,FF,00,20,36,0F,00,10,36,36,0F,00,10,36,17,27,0F,02C0,0115,0000,0302,00000000,0000,0015,00000000,00000000,00000000,00000000,00000000,00000302,00000000,000000F1,00FFD0E0,00FFD0E8,00FFD0F0,00001476,00000000,00000000,00000000,00FFFD76,2604
181,genesis,zelda_v588_autostart,001410,00,00,03,00,00,00,00,01,00,00,10,03,00,00,00,00,00,00,00,00,A5,00,00,00,00,00,B0,00,00,00,00,00,00,00,00,00,00,00,00,00,00,00,00,80,00,00,00,00,00,00,00,00,00,00,00,00,3F,00,FF,00,20,36,0F,00,10,36,36,0F,00,10,36,17,27,0F,02C0,0115,0000,0302,00000000,0000,0015,000000C0,00000000,00000000,00000000,00000000,00000302,00000007,000000D5,00FFD2A0,00FFD2A1,00FFD2A9,00001476,00000000,00000000,00000000,00FFFD76,2604
182,genesis,zelda_v588_autostart,00141C,00,00,03,00,00,00,00,01,00,00,10,03,00,00,00,00,00,00,00,00,A5,00,00,00,00,00,B0,00,00,00,00,00,00,00,00,00,00,00,00,00,00,00,00,80,00,00,00,00,00,00,00,00,00,00,00,00,3F,00,FF,00,20,36,0F,00,10,36,36,0F,00,10,36,17,27,0F,02C0,0115,0000,0302,00000000,0000,0015,00000000,00000000,00000000,00000000,00000000,00000302,00000006,000000BA,00FFD450,00FFD452,00FFD45A,00001476,00000000,00000000,00000000,00FFFD76,2604
183,genesis,zelda_v588_autostart,001420,00,00,03,00,00,00,00,01,00,00,10,03,00,00,00,00,00,00,00,00,A5,00,00,00,00,00,B0,00,00,00,00,00,00,00,00,00,00,00,00,00,00,00,00,80,00,00,00,00,00,00,00,00,00,00,00,00,3F,00,FF,00,20,36,0F,00,10,36,36,0F,00,10,36,17,27,0F,02C0,0115,0000,0302,00000000,0000,0015,00000000,00000000,00000000,00000000,00000000,00000302,00000005,0000009F,00FFD600,00FFD603,00FFD60B,00001476,00000000,00000000,00000000,00FFFD76,2604
184,genesis,zelda_v588_autostart,001426,00,00,03,00,00,00,00,01,00,00,10,03,00,00,00,00,00,00,00,00,A5,00,00,00,00,00,B0,00,00,00,00,00,00,00,00,00,00,00,00,00,00,00,00,80,00,00,00,00,00,00,00,00,00,00,00,00,3F,00,FF,00,20,36,0F,00,10,36,36,0F,00,10,36,17,27,0F,02C0,0115,0000,0302,00000000,0000,0015,00000000,00000080,00006770,0000000A,00000002,00000302,00000004,00000084,00FFD7B0,00FFD7B4,00FFD7BC,00001476,00000000,00000000,00000000,00FFFD76,2604
185,genesis,zelda_v588_autostart,001432,00,00,03,00,00,00,00,01,00,00,10,03,00,00,00,00,00,00,00,00,A5,00,00,00,00,00,B0,00,00,00,00,00,00,00,00,00,00,00,00,00,00,00,00,80,00,00,00,00,00,00,00,00,00,00,00,00,3F,00,FF,00,20,36,0F,00,10,36,36,0F,00,10,36,17,27,0F,02C0,0115,0000,0302,00000000,0000,0015,000000F0,00000000,00007775,00000000,00000003,00000302,00000003,00000069,00FFD960,00FFD965,00FFD96D,00001476,00000000,00000000,00000000,00FFFD76,2604
186,genesis,zelda_v588_autostart,00143C,00,00,03,00,00,00,00,01,00,00,10,03,00,00,00,00,00,00,00,00,A5,00,00,00,00,00,B0,00,00,00,00,00,00,00,00,00,00,00,00,00,00,00,00,80,00,00,00,00,00,00,00,00,00,00,00,00,3F,00,FF,00,20,36,0F,00,10,36,36,0F,00,10,36,17,27,0F,02C0,0115,0000,0302,00000000,0000,0015,000000F0,000000F0,00007777,0000000C,00000003,00000302,00000002,0000004E,00FFDB10,00FFDB16,00FFDB1E,00001476,00000000,00000000,00000000,00FFFD76,2600
187,genesis,zelda_v588_autostart,001440,00,00,03,00,00,00,00,01,00,00,10,03,00,00,00,00,00,00,00,00,A5,00,00,00,00,00,B0,00,00,00,00,00,00,00,00,00,00,00,00,00,00,00,00,80,00,00,00,00,00,00,00,00,00,00,00,00,3F,00,FF,00,20,36,0F,00,10,36,36,0F,00,10,36,17,27,0F,02C0,0115,0000,0302,00000000,0000,0015,00000000,000000F0,00666700,0000000C,00000000,00000302,00000001,00000033,00FFDCC0,00FFDCC7,00FFDCCF,00001476,00000000,00000000,00000000,00FFFD76,2600
188,genesis,zelda_v588_autostart,001448,00,00,03,00,00,00,00,01,00,00,10,03,00,00,00,00,00,00,00,00,A5,00,00,00,00,00,B0,00,00,00,00,00,00,00,00,00,00,00,00,00,00,00,00,80,00,00,00,00,00,00,00,00,00,00,00,00,3F,00,FF,00,20,36,0F,00,10,36,36,0F,00,10,36,17,27,0F,02C0,0115,0000,0302,00000000,0000,0015,00000000,00000000,00005500,00000000,00000000,00000302,00000000,00000018,00FFDE70,00FFDE78,00FFDE80,00001476,00000000,00000000,00000000,00FFFD76,2604
189,genesis,zelda_v588_autostart,000C24,00,00,03,00,00,00,00,01,00,00,10,03,00,00,00,00,00,00,00,00,A5,00,00,00,00,00,B0,00,00,00,00,00,00,00,00,00,00,00,00,00,00,00,00,80,00,00,00,00,00,00,00,00,00,00,00,00,3F,00,FF,00,20,36,0F,00,10,36,36,0F,00,10,36,17,27,0F,02C0,0115,0000,0302,00000000,0000,0015,0000001C,00000025,00000000,000036F8,C0008100,00000300,00000000,00000023,0000DEEE,00FF0274,00000000,00000000,00000000,00000000,00000000,00FFFDAE,2614
190,genesis,zelda_v588_autostart,000988,00,00,03,00,00,00,00,01,00,00,10,03,00,00,00,00,00,00,00,00,A5,00,00,00,00,00,B0,00,00,00,00,00,00,00,00,00,00,00,00,00,00,00,00,80,00,00,00,00,00,00,00,00,00,00,00,00,3F,00,FF,00,20,36,0F,00,10,36,36,0F,00,10,36,17,27,0F,0403,0123,0010,A869,00025654,0000,0016,00000424,0000000B,00000020,00002095,00022000,0000A869,00000000,0000FFFF,00024EA8,000256F9,00000000,00000000,00000000,00000000,00000000,00FFFD9C,2600
191,genesis,zelda_v588_autostart,0011C0,00,00,03,00,00,00,00,01,00,00,10,03,00,00,00,00,00,00,00,00,A5,00,00,00,00,00,B0,00,00,00,00,00,00,00,00,00,00,00,00,00,00,00,00,80,00,00,00,00,00,00,00,00,00,00,00,00,3F,00,FF,00,20,36,0F,00,10,36,36,0F,00,10,36,17,27,0F,0403,012D,0010,A869,00025654,0000,0016,00000499,0000000C,00000021,00002134,00020134,00000000,00000000,0000FFFF,00FF8200,000257A7,00000000,00000000,00000000,00000000,00000000,00FFFD74,2604
192,genesis,zelda_v588_autostart,001140,00,00,03,00,00,00,00,01,00,00,10,03,00,00,00,00,00,00,00,00,A5,00,00,00,00,00,B0,00,00,00,00,00,00,00,00,00,00,00,00,00,00,00,00,80,00,00,00,00,00,00,00,00,00,00,00,00,3F,00,FF,00,20,36,0F,00,10,36,36,0F,00,10,36,17,27,0F,0403,0137,0010,A869,00025654,0000,0016,000004EC,00000008,00000021,000021D8,000201D8,0000A869,00000000,0000FFFF,00024EA8,0002585A,00000000,00000000,00000000,00000000,00000000,00FFFD70,2609
193,genesis,zelda_v588_autostart,0009AC,00,00,03,00,00,00,00,01,00,00,10,03,00,00,00,00,00,00,00,00,A5,00,00,00,00,00,B0,00,00,00,00,00,00,00,00,00,00,00,00,00,00,00,00,80,00,00,00,00,00,00,00,00,00,00,00,00,3F,00,FF,00,20,36,0F,00,10,36,36,0F,00,10,36,17,27,0F,0403,0141,0010,A869,00025654,0000,0016,000004DB,00000002,00000022,0000227E,00022200,0000A869,00000000,0000FFFF,00024EA8,0002590F,00000000,00000000,00000000,00000000,00000000,00FFFD9C,2600
194,genesis,zelda_v588_autostart,00102C,00,00,03,00,00,00,00,01,00,00,10,03,00,00,00,00,00,00,00,00,A5,00,00,00,00,00,B0,00,00,00,00,00,00,00,00,00,00,00,00,00,00,00,00,80,00,00,00,00,00,00,00,00,00,00,00,00,3F,00,FF,00,20,36,0F,00,10,36,36,0F,00,10,36,17,27,0F,0403,014B,0010,A869,00025654,0000,0016,000004ED,00000001,00000023,0000231F,00022300,0000A869,00000000,0000FFFF,00024EA8,000259BF,00000000,00000000,00000000,00000000,00000000,00FFFD98,2600
195,genesis,zelda_v588_autostart,00118A,00,00,03,00,00,00,00,01,00,00,10,03,00,00,00,00,00,00,00,00,A5,00,00,00,00,00,B0,00,00,00,00,00,00,00,00,00,00,00,00,00,00,00,00,80,00,00,00,00,00,00,00,00,00,00,00,00,3F,00,FF,00,20,36,0F,00,10,36,36,0F,00,10,36,17,27,0F,0403,0155,0010,A869,00025654,0000,0016,000004DC,00000002,00000023,000023BE,00022300,0000A869,00000000,0000FFFF,00024EA8,00025A6D,00000000,00000000,00000000,00000000,00000000,00FFFD74,2609
196,genesis,zelda_v588_autostart,0015C2,00,00,03,00,00,00,00,01,00,00,00,04,00,00,00,00,00,00,00,00,A5,00,00,00,00,00,B0,00,00,01,CA,C0,00,00,00,00,00,00,00,00,00,00,00,80,00,00,00,00,00,00,00,00,00,00,00,00,3F,00,3F,04,04,36,17,27,0F,FF,36,0F,00,10,36,17,27,0F,02B0,0168,0010,A869,00025654,0000,0016,00000000,41000002,00000124,00000002,0000004A,00000000,00000124,0000000A,00FF8200,0000D434,00000000,00000000,00000000,00000000,00000000,00FFFDA2,2604
197,genesis,zelda_v588_autostart,0015B8,00,00,03,00,00,00,00,01,00,00,00,04,00,00,00,00,00,00,00,00,A5,00,00,00,00,00,B0,00,00,01,CA,C0,00,00,00,00,00,00,00,00,00,00,00,80,00,00,00,00,00,00,00,00,00,00,00,00,3F,00,3F,04,04,36,17,27,0F,FF,36,0F,00,10,36,17,27,0F,02B0,0168,0010,A869,00025654,0000,0016,00000002,44000008,00000124,00000002,00000103,00000000,00000000,00000003,00FF8200,0000D434,00000000,00000000,00000000,00000000,00000000,00FFFDA2,2604
198,genesis,zelda_v588_autostart,001592,00,00,03,00,00,00,00,01,00,00,00,04,00,00,00,00,00,00,00,00,A5,00,00,00,00,00,B0,00,00,01,CA,C0,00,00,00,00,00,00,00,00,00,00,00,80,00,00,00,00,00,00,00,00,00,00,00,00,3F,00,3F,04,04,36,17,27,0F,FF,36,0F,00,10,36,17,27,0F,02B0,0168,0010,A869,00025654,0000,0016,0000C600,4680000D,000001D6,00000018,000001BD,00000000,00000007,0000001D,00FF8200,0000D434,00000000,00000000,00000000,00000000,00000000,00FFFDA2,2600
199,genesis,zelda_v588_autostart,00158C,00,00,03,00,00,00,00,01,00,00,00,04,00,00,00,00,00,00,00,00,A5,00,00,00,00,00,B0,00,00,01,CA,C0,00,00,00,00,00,00,00,00,00,00,00,80,00,00,00,00,00,00,00,00,00,00,00,00,3F,00,3F,04,04,36,17,27,0F,FF,36,0F,00,10,36,17,27,0F,02B0,0168,0010,A869,00025654,0000,0016,0000C900,49800013,00000124,00000000,00000276,00000000,00000020,00000016,00FF8200,0000D434,00000000,00000000,00000000,00000000,00000000,00FFFDA2,2600
200,genesis,zelda_v588_autostart,0015F4,00,00,03,00,00,00,00,01,00,00,00,04,00,00,00,00,00,00,00,00,A5,00,00,00,00,00,B0,00,00,01,CA,C0,00,00,00,00,00,00,00,00,00,00,00,80,00,00,00,00,00,00,00,00,00,00,00,00,3F,00,3F,04,04,36,17,27,0F,FF,36,0F,00,10,36,17,27,0F,02B0,0168,0010,A869,00025654,0000,0016,0000CC9E,4C800019,000001DE,0000CC9E,0000032F,00000000,000001DE,0000000F,00FF8200,0000D434,00000000,00000000,00000000,00000000,00000000,00FFFDA2,2600
201,genesis,zelda_v588_autostart,000CA6,00,00,03,00,00,00,00,01,00,00,00,04,00,00,00,00,00,00,00,00,A5,00,00,00,00,00,B0,00,00,01,CA,C0,00,00,00,00,00,00,00,00,00,00,00,80,00,00,00,00,00,00,00,00,00,00,00,00,3F,00,3F,04,04,36,17,27,0F,FF,36,0F,00,10,36,17,27,0F,02B0,0168,0010,A869,00025654,0000,0016,00008000,4E800000,000003A4,0000CEA8,000003A4,00000000,0000FF58,00000001,00FF8200,00FF02FC,00000000,00000000,00000000,00000000,00000000,00FFFDAE,2600
202,genesis,zelda_v588_autostart,00125E,08,08,03,00,00,00,00,01,00,00,00,05,00,00,00,00,00,00,00,00,A5,00,00,00,00,1E,B0,00,01,01,CC,C0,00,00,00,00,00,00,00,00,00,00,00,80,00,00,00,00,00,00,00,00,00,00,00,00,3F,00,FF,04,04,36,17,27,0F,FF,36,0F,00,10,36,17,27,0F,0203,017B,0000,0302,00000000,0000,0018,00000424,78000604,00000032,00000395,C01E0395,00000000,00000000,0000FFFF,00FFC000,00FF0003,00000000,00000000,00000000,00000000,00000000,00FFFDD0,2000
203,genesis,zelda_v588_autostart,0009B6,08,08,03,00,00,00,00,01,00,00,00,06,00,00,00,00,00,00,00,00,A5,00,00,00,00,1E,B0,00,01,01,CE,C0,00,00,00,00,00,00,00,00,00,00,00,80,00,00,00,00,00,00,00,00,00,00,00,00,3F,00,FF,04,04,36,17,27,0F,FF,36,0F,00,10,36,17,27,0F,0203,018D,0000,0302,00000000,0000,001A,00000424,78000603,00000094,000003A1,C01E0300,00000000,00000000,0000FFFF,00FF0200,00FF0003,00000000,00000000,00000000,00000000,00000000,00FFFDD4,2009
204,genesis,zelda_v588_autostart,00103C,08,08,03,00,00,00,00,01,00,00,00,07,00,00,00,00,00,00,00,00,A5,00,00,00,00,1E,B0,00,02,01,D0,C0,00,00,00,00,00,00,00,00,00,00,00,80,00,00,00,00,00,00,00,00,00,00,00,00,3F,00,FF,04,04,36,17,27,0F,FF,36,0F,00,10,36,17,27,0F,0203,019F,0000,0302,00000000,0000,001C,00000424,78000602,000000F6,000003A1,C01E0300,00000000,00000000,0000FFFF,00FF0200,00FF0003,00000000,00000000,00000000,00000000,00000000,00FFFDF0,2004
205,genesis,zelda_v588_autostart,001262,08,08,03,00,00,00,00,01,00,00,00,08,00,00,00,00,00,00,00,00,A5,00,00,00,00,1E,B0,00,02,01,D2,C0,00,00,00,00,00,00,00,00,00,00,00,80,00,00,00,00,00,00,00,00,00,00,00,00,3F,00,FF,04,04,36,17,27,0F,FF,36,0F,00,10,36,17,27,0F,0203,01B1,0000,0302,00000000,0000,001E,00000424,78000602,00000057,000003A1,C01E03A1,00000000,00000000,0000FFFF,00FFC000,00FF0003,00000000,00000000,00000000,00000000,00000000,00FFFDD0,2004
206,genesis,zelda_v588_autostart,001A18,10,10,03,00,00,00,00,01,00,00,00,09,00,00,00,00,00,00,00,00,A5,00,00,00,00,1E,B0,00,03,01,D4,C0,00,00,00,00,00,00,00,00,00,00,00,80,00,00,00,00,00,00,00,00,00,00,00,00,3F,00,FF,04,04,36,17,27,0F,FF,36,0F,00,10,36,17,27,0F,0203,01C3,0000,0302,00000000,0000,0020,00000424,78000601,000000B8,000003A2,C01E0300,00000000,00000000,0000FFFF,00FF0200,00FF0003,00000000,00000000,00000000,00000000,00000000,00FFFDF8,2000
207,genesis,zelda_v588_autostart,0009B6,10,10,03,00,00,00,00,01,00,00,00,0A,00,00,00,00,00,00,00,00,A5,00,00,00,00,1E,B0,00,03,01,D6,C0,00,00,00,00,00,00,00,00,00,00,00,80,00,00,00,00,00,00,00,00,00,00,00,00,3F,00,3F,04,04,36,17,37,0F,FF,36,0F,00,10,36,17,27,0F,0203,01D5,0000,0302,00000000,0000,0022,00000424,78000601,0000001B,000003A0,C01E0300,00000000,00000000,0000FFFF,00FF0200,00FF0003,00000000,00000000,00000000,00000000,00000000,00FFFDD4,2009
208,genesis,zelda_v588_autostart,001212,28,28,24,00,00,00,00,01,00,00,00,0B,00,00,00,00,00,00,00,00,A5,00,00,00,00,1E,B0,00,04,01,D8,C0,00,00,00,00,00,00,00,00,00,00,00,80,00,00,00,00,00,00,00,00,00,00,00,00,3F,00,FF,04,04,36,17,37,0F,FF,36,0F,00,10,36,17,27,0F,0403,01E9,0000,0302,00000000,0000,0024,00000424,78000604,000000AA,00002856,C01E0056,00000000,00000000,0000FFFF,00FF8200,00FF0003,00000000,00000000,00000000,00000000,00000000,00FFFDD0,2004
209,genesis,zelda_v588_autostart,0015DE,28,28,24,00,00,00,00,01,00,00,00,0B,00,00,00,00,00,00,00,00,A5,00,00,00,00,1E,B0,00,04,01,D8,C0,00,00,00,00,00,00,00,00,00,00,00,80,00,00,00,00,00,00,00,00,00,00,00,00,3F,00,FF,04,04,36,17,37,0F,FF,36,0F,00,10,36,17,27,0F,0202,01EB,0000,0302,00000000,0000,0024,0000C2AE,42800005,000001E5,0000C2AC,000000B7,00000000,000041E5,00000017,00FF8200,00FF0003,00000000,00000000,00000000,00000000,00000000,00FFFD76,2608
210,genesis,zelda_v588_autostart,0015E6,28,28,24,00,00,00,00,01,00,00,00,0B,00,00,00,00,00,00,00,00,A5,00,00,00,00,1E,B0,00,04,01,D8,C0,00,00,00,00,00,00,00,00,00,00,00,80,00,00,00,00,00,00,00,00,00,00,00,00,3F,00,FF,04,04,36,17,37,0F,FF,36,0F,00,10,36,17,27,0F,0202,01EB,0000,0302,00000000,0000,0024,0000C5A0,4580000B,000001B8,0000C5A0,00000170,00000000,000021B8,00000010,00FF8200,00FF0003,00000000,00000000,00000000,00000000,00000000,00FFFD76,2604
211,genesis,zelda_v588_autostart,00156E,28,28,24,00,00,00,00,01,00,00,00,0B,00,00,00,00,00,00,00,00,A5,00,00,00,00,1E,B0,00,04,01,D8,C0,00,00,00,00,00,00,00,00,00,00,00,80,00,00,00,00,00,00,00,00,00,00,00,00,3F,00,FF,04,04,36,17,37,0F,FF,36,0F,00,10,36,17,27,0F,0202,01EB,0000,0302,00000000,0000,0024,0000C800,48800011,00000024,0000C892,0000022A,00000000,0000022A,0000000A,00FF8200,00FF0003,00000000,00000000,00000000,00000000,00000000,00FFFD76,2604
212,genesis,zelda_v588_autostart,001590,28,28,24,00,00,00,00,01,00,00,00,0B,00,00,00,00,00,00,00,00,A5,00,00,00,00,1E,B0,00,04,01,D8,C0,00,00,00,00,00,00,00,00,00,00,00,80,00,00,00,00,00,00,00,00,00,00,00,00,3F,00,FF,04,04,36,17,37,0F,FF,36,0F,00,10,36,17,27,0F,0202,01EB,0000,0302,00000000,0000,0024,0000CB00,4B800017,000001DA,00000028,000002E3,00000000,00000003,00000003,00FF8200,00FF0003,00000000,00000000,00000000,00000000,00000000,00FFFD76,2600
213,genesis,zelda_v588_autostart,0010EE,28,28,24,00,00,00,00,01,00,00,00,0B,00,00,00,00,00,00,00,00,A5,00,00,00,00,1E,B0,00,04,01,D8,C0,00,00,00,00,00,00,00,00,00,00,00,80,00,00,00,00,00,00,00,00,00,00,00,00,3F,00,FF,04,04,36,17,37,0F,FF,36,0F,00,10,36,17,27,0F,0202,01EB,0000,0302,00000000,0000,0024,0000CE38,4E00001C,000001DE,0000CE38,0000039C,00000000,000001DE,0000001C,00FF8200,00FF0003,00000000,00000000,00000000,00000000,00000000,00FFFD7A,2600
214,genesis,zelda_v588_autostart,000CD4,10,10,03,00,00,00,00,01,00,00,00,0D,00,00,00,00,00,00,00,00,A5,00,00,00,00,1E,B0,00,05,01,DC,C0,00,00,00,00,00,00,00,00,00,00,00,80,00,00,00,00,00,00,00,00,00,00,00,00,3F,00,FF,04,04,36,17,37,0F,FF,36,0F,00,10,36,17,27,0F,0432,020C,0000,0302,00000000,0000,0028,000000E8,00000300,000002C8,000036DC,C00081C8,00000300,00000068,0000001F,0000D442,00FF0284,00000000,00000000,00000000,00000000,00000000,00FFFDAE,2600
215,genesis,zelda_v588_autostart,0009B6,10,10,03,00,00,00,00,01,00,00,00,0E,00,00,00,00,00,00,00,00,A5,00,00,00,00,1E,B0,00,05,01,DE,C0,00,00,00,00,00,00,00,00,00,00,00,80,00,00,00,00,00,00,00,00,00,00,00,00,3F,00,FF,04,04,36,17,37,0F,FF,36,0F,00,10,36,17,27,0F,0203,021F,0000,0302,00000000,0000,002A,00000424,78000604,0000001C,00000391,C01E0300,00000000,00000000,0000FFFF,00FF0200,00FF0003,00000000,00000000,00000000,00000000,00000000,00FFFDD8,2009
216,genesis,zelda_v588_autostart,001A1C,10,10,03,00,00,00,00,01,00,00,00,0F,00,00,00,00,00,00,00,00,A5,00,00,00,00,1E,B0,00,06,01,E0,C0,00,00,00,00,00,00,00,00,00,00,00,80,00,00,00,00,00,00,00,00,00,00,00,00,3F,00,FF,04,04,36,17,37,0F,FF,36,0F,00,10,36,17,27,0F,0203,0231,0000,0302,00000000,0000,002C,00000424,78000603,0000007E,000003A2,C01E0300,00000000,00000000,0000FFFF,00FF0200,00FF0003,00000000,00000000,00000000,00000000,00000000,00FFFDFC,2000
217,genesis,zelda_v588_autostart,0009B2,10,10,03,00,00,00,00,01,00,00,00,10,00,00,00,00,00,00,00,00,A5,00,00,00,00,1E,B0,00,06,01,E2,C0,00,00,00,00,00,00,00,00,00,00,00,80,00,00,00,00,00,00,00,00,00,00,00,00,3F,00,3F,04,04,36,17,37,0F,FF,36,0F,00,10,36,17,27,0F,0203,0243,0000,0302,00000000,0000,002E,00000424,78000602,000000E0,000003A0,C01E0300,00000000,00000000,0000FFFF,00FF0200,00FF0003,00000000,00000000,00000000,00000000,00000000,00FFFDF8,2009
218,genesis,zelda_v588_autostart,001026,10,10,03,00,00,00,00,01,00,00,00,11,00,00,00,00,00,00,00,00,A5,00,00,00,00,1E,B0,00,07,01,B2,C0,00,00,00,00,00,00,00,00,00,00,00,80,00,00,00,00,00,00,00,00,00,00,00,00,3F,00,FF,04,04,36,17,37,0F,FF,36,0F,00,10,36,17,27,0F,0203,0255,0000,0302,00000000,0000,0030,00000424,78000602,00000042,000003A1,C01E0300,00000000,00000000,0000FFFF,00FF0200,00FF0003,00000000,00000000,00000000,00000000,00000000,00FFFDF4,2004
219,genesis,zelda_v588_autostart,0009B6,10,10,03,00,00,00,00,01,00,00,00,12,00,00,00,00,00,00,00,00,A5,00,00,00,00,1E,B0,00,07,01,B4,C0,00,00,00,00,00,00,00,00,00,00,00,80,00,00,00,00,00,00,00,00,00,00,00,00,3F,00,FF,04,04,36,17,37,0F,FF,36,0F,00,10,36,17,27,0F,0203,0267,0000,0302,00000000,0000,0032,00000424,78000601,000000A3,000003A1,C01E0300,00000000,00000000,0000FFFF,00FF0200,00FF0003,00000000,00000000,00000000,00000000,00000000,00FFFDD8,2009
220,genesis,zelda_v588_autostart,001044,10,10,03,00,00,00,00,01,00,00,00,13,00,00,00,00,00,00,00,00,A5,00,00,00,00,1E,B0,00,08,01,B6,C0,00,00,00,00,00,00,00,00,00,00,00,80,00,00,00,00,00,00,00,00,00,00,00,00,3F,00,FF,04,04,36,17,37,0F,FF,36,0F,00,10,36,17,27,0F,0203,0279,0000,0302,00000000,0000,0034,00000424,78000601,00000005,000003A2,C01E0300,00000000,00000000,0000FFFF,00FF0200,00FF0003,00000000,00000000,00000000,00000000,00000000,00FFFDF4,2000
221,genesis,zelda_v588_autostart,001716,10,10,03,00,00,00,00,01,00,00,00,14,00,00,00,00,00,00,00,00,A5,00,00,00,00,1E,B0,00,08,01,B8,C0,00,00,00,00,00,00,00,00,00,00,00,80,00,00,00,00,00,00,00,00,00,00,00,00,3F,00,FF,04,04,36,17,37,0F,FF,36,0F,00,10,36,17,27,0F,0203,028B,0000,0302,00000000,0000,0036,000004B0,78000603,00000000,00000374,C01E8118,00000000,00000000,0000FFFF,00FF0200,00FF0003,00000000,00000000,00000000,00000000,00000000,00FFFE00,2008
222,genesis,zelda_v588_autostart,001716,10,10,03,00,00,00,00,01,00,00,00,15,00,00,00,00,00,00,00,00,A5,00,00,00,00,1E,B0,00,09,01,BA,C0,00,00,00,00,00,00,00,00,00,00,00,80,00,00,00,00,00,00,00,00,00,00,00,00,3F,00,FF,04,04,36,17,37,0F,FF,36,0F,00,10,36,17,27,0F,0203,029D,0000,0302,00000000,0000,0038,000004B0,78000603,00000000,00000374,C01E8118,00000000,00000000,0000FFFF,00FF0200,00FF0003,00000000,00000000,00000000,00000000,00000000,00FFFE00,2008
223,genesis,zelda_v588_autostart,001716,10,10,03,00,00,00,00,01,00,00,00,16,00,00,00,00,00,00,00,00,A5,00,00,00,00,1E,B0,00,09,01,BC,C0,00,00,00,00,00,00,00,00,00,00,00,80,00,00,00,00,00,00,00,00,00,00,00,00,3F,00,3F,04,04,36,17,27,0F,FF,36,0F,00,10,36,17,27,0F,0203,02AF,0000,0302,00000000,0000,003A,000004B0,78000603,00000000,00000374,C01E8118,00000000,00000000,0000FFFF,00FF0200,00FF0003,00000000,00000000,00000000,00000000,00000000,00FFFE00,2008
224,genesis,zelda_v588_autostart,001716,10,10,03,00,00,00,00,01,00,00,00,17,00,00,00,00,00,00,00,00,A5,00,00,00,00,1E,B0,00,0A,01,BE,C0,00,00,00,00,00,00,00,00,00,00,00,80,00,00,00,00,00,00,00,00,00,00,00,00,3F,00,FF,04,04,36,17,27,0F,FF,36,0F,00,10,36,17,27,0F,0203,02C1,0000,0302,00000000,0000,003C,000004B0,78000603,00000000,00000374,C01E8118,00000000,00000000,0000FFFF,00FF0200,00FF0003,00000000,00000000,00000000,00000000,00000000,00FFFE00,2008
225,genesis,zelda_v588_autostart,001716,10,10,03,00,00,00,00,01,00,00,00,18,00,00,00,00,00,00,00,00,A5,00,00,00,00,1E,B0,00,0A,01,C0,C0,00,00,00,00,00,00,00,00,00,00,00,80,00,00,00,00,00,00,00,00,00,00,00,00,3F,00,FF,04,04,36,17,27,0F,FF,36,0F,00,10,36,17,27,0F,0203,02D3,0000,0302,00000000,0000,003E,000004B0,78000603,00000000,00000374,C01E8118,00000000,00000000,0000FFFF,00FF0200,00FF0003,00000000,00000000,00000000,00000000,00000000,00FFFE00,2008
226,genesis,zelda_v588_autostart,001716,10,10,03,00,00,00,00,01,00,00,00,19,00,00,00,00,00,00,00,00,A5,00,00,00,00,1E,B0,00,0B,01,C2,C0,00,00,00,00,00,00,00,00,00,00,00,80,00,00,00,00,00,00,00,00,00,00,00,00,3F,00,FF,04,04,36,17,27,0F,FF,36,0F,00,10,36,17,27,0F,0203,02E5,0000,0302,00000000,0000,0040,000004B0,78000603,00000000,00000374,C01E8118,00000000,00000000,0000FFFF,00FF0200,00FF0003,00000000,00000000,00000000,00000000,00000000,00FFFE00,2008
227,genesis,zelda_v588_autostart,001716,00,00,03,00,00,00,00,01,00,00,00,1A,00,00,00,00,00,00,00,00,A5,00,00,00,00,1E,B0,00,0B,01,C4,C0,00,00,00,00,00,00,00,00,00,00,00,80,00,00,00,00,00,00,00,00,00,00,00,00,3F,00,FF,04,04,36,17,27,0F,FF,36,0F,00,10,36,17,27,0F,0203,02F7,0000,0302,00000000,0000,0042,000004B0,78000603,00000000,00000374,C01E8118,00000000,00000000,0000FFFF,00FF0200,00FF0003,00000000,00000000,00000000,00000000,00000000,00FFFE00,2008
228,genesis,zelda_v588_autostart,001716,00,00,03,00,00,00,00,01,00,00,00,1B,00,00,00,00,00,00,00,00,A5,00,00,00,00,1E,B0,00,0C,01,C6,C0,00,00,00,00,00,00,00,00,00,00,00,80,00,00,00,00,00,00,00,00,00,00,00,00,3F,00,FF,04,04,36,17,27,0F,FF,36,0F,00,10,36,17,27,0F,0203,0309,0000,0302,00000000,0000,0044,000004B0,78000603,00000000,00000374,C01E8118,00000000,00000000,0000FFFF,00FF0200,00FF0003,00000000,00000000,00000000,00000000,00000000,00FFFE00,2008
229,genesis,zelda_v588_autostart,001716,00,00,03,00,00,00,00,01,00,00,00,1C,00,00,00,00,00,00,00,00,A5,00,00,00,00,1E,B0,00,0C,01,C8,C0,00,00,00,00,00,00,00,00,00,00,00,80,00,00,00,00,00,00,00,00,00,00,00,00,3F,00,3F,04,04,36,17,17,0F,FF,36,0F,00,10,36,17,27,0F,0203,031B,0000,0302,00000000,0000,0046,000004B0,78000603,00000000,00000374,C01E8118,00000000,00000000,0000FFFF,00FF0200,00FF0003,00000000,00000000,00000000,00000000,00000000,00FFFE00,2008
230,genesis,zelda_v588_autostart,001716,00,00,03,00,00,00,00,01,00,00,00,1D,00,00,00,00,00,00,00,00,A5,00,00,00,00,1E,B0,00,0D,01,CA,C0,00,00,00,00,00,00,00,00,00,00,00,80,00,00,00,00,00,00,00,00,00,00,00,00,3F,00,FF,04,04,36,17,17,0F,FF,36,0F,00,10,36,17,27,0F,0203,032D,0000,0302,00000000,0000,0048,000004B0,78000603,00000000,00000374,C01E8118,00000000,00000000,0000FFFF,00FF0200,00FF0003,00000000,00000000,00000000,00000000,00000000,00FFFE00,2008
231,genesis,zelda_v588_autostart,001716,08,08,03,00,00,00,00,01,00,00,00,1E,00,00,00,00,00,00,00,00,A5,00,00,00,00,1E,B0,00,0D,01,CC,C0,00,00,00,00,00,00,00,00,00,00,00,80,00,00,00,00,00,00,00,00,00,00,00,00,3F,00,FF,04,04,36,17,17,0F,FF,36,0F,00,10,36,17,27,0F,0203,033F,0000,0302,00000000,0000,004A,000004B0,78000603,00000000,00000374,C01E8118,00000000,00000000,0000FFFF,00FF0200,00FF0003,00000000,00000000,00000000,00000000,00000000,00FFFE00,2008
232,genesis,zelda_v588_autostart,001716,08,08,03,00,00,00,00,01,00,00,00,1F,00,00,00,00,00,00,00,00,A5,00,00,00,00,1E,B0,00,0E,01,CE,C0,00,00,00,00,00,00,00,00,00,00,00,80,00,00,00,00,00,00,00,00,00,00,00,00,3F,00,FF,04,04,36,17,17,0F,FF,36,0F,00,10,36,17,27,0F,0203,0351,0000,0302,00000000,0000,004C,000004B0,78000603,00000000,00000374,C01E8118,00000000,00000000,0000FFFF,00FF0200,00FF0003,00000000,00000000,00000000,00000000,00000000,00FFFE00,2008
233,genesis,zelda_v588_autostart,001716,08,08,03,00,00,00,00,01,00,00,00,20,00,00,00,00,00,00,00,00,A5,00,00,00,00,1E,B0,00,0E,01,D0,C0,00,00,00,00,00,00,00,00,00,00,00,80,00,00,00,00,00,00,00,00,00,00,00,00,3F,00,FF,04,04,36,17,17,0F,FF,36,0F,00,10,36,17,27,0F,0203,0363,0000,0302,00000000,0000,004E,000004B0,78000603,00000000,00000374,C01E8118,00000000,00000000,0000FFFF,00FF0200,00FF0003,00000000,00000000,00000000,00000000,00000000,00FFFE00,2008
234,genesis,zelda_v588_autostart,001716,08,08,03,00,00,00,00,01,00,00,00,21,00,00,00,00,00,00,00,00,A5,00,00,00,00,1E,B0,00,0F,01,D2,C0,00,00,00,00,00,00,00,00,00,00,00,80,00,00,00,00,00,00,00,00,00,00,00,00,3F,00,FF,04,04,36,17,17,0F,FF,36,0F,00,10,36,17,27,0F,0203,0375,0000,0302,00000000,0000,0050,000004B0,78000603,00000000,00000374,C01E8118,00000000,00000000,0000FFFF,00FF0200,00FF0003,00000000,00000000,00000000,00000000,00000000,00FFFE00,2008
235,genesis,zelda_v588_autostart,001716,10,10,03,00,00,00,00,01,00,00,00,22,00,00,00,00,00,00,00,00,A5,00,00,00,00,1E,B0,00,0F,01,D4,C0,00,00,00,00,00,00,00,00,00,00,00,80,00,00,00,00,00,00,00,00,00,00,00,00,3F,00,3F,04,04,36,17,07,0F,FF,36,0F,00,10,36,17,27,0F,0203,0387,0000,0302,00000000,0000,0052,000004B0,78000603,00000000,00000374,C01E8118,00000000,00000000,0000FFFF,00FF0200,00FF0003,00000000,00000000,00000000,00000000,00000000,00FFFE00,2008
236,genesis,zelda_v588_autostart,001716,10,10,03,00,00,00,00,01,00,00,00,23,00,00,00,00,00,00,00,00,A5,00,00,00,00,1E,B0,00,10,01,D6,C0,00,00,00,00,00,00,00,00,00,00,00,80,00,00,00,00,00,00,00,00,00,00,00,00,3F,00,FF,04,04,36,17,07,0F,FF,36,0F,00,10,36,17,27,0F,0203,0399,0000,0302,00000000,0000,0054,000004B0,78000603,00000000,00000374,C01E8118,00000000,00000000,0000FFFF,00FF0200,00FF0003,00000000,00000000,00000000,00000000,00000000,00FFFE00,2008
237,genesis,zelda_v588_autostart,001716,10,10,03,00,00,00,00,01,00,00,00,24,00,00,00,00,00,00,00,00,A5,00,00,00,00,1E,B0,00,10,01,D8,C0,00,00,00,00,00,00,00,00,00,00,00,80,00,00,00,00,00,00,00,00,00,00,00,00,3F,00,FF,04,04,36,17,07,0F,FF,36,0F,00,10,36,17,27,0F,0203,03AB,0000,0302,00000000,0000,0056,000004B0,78000603,00000000,00000374,C01E8118,00000000,00000000,0000FFFF,00FF0200,00FF0003,00000000,00000000,00000000,00000000,00000000,00FFFE00,2008
238,genesis,zelda_v588_autostart,001716,10,10,03,00,00,00,00,01,00,00,00,25,00,00,00,00,00,00,00,00,A5,00,00,00,00,1E,B0,00,11,01,DA,C0,00,00,00,00,00,00,00,00,00,00,00,80,00,00,00,00,00,00,00,00,00,00,00,00,3F,00,FF,04,04,36,17,07,0F,FF,36,0F,00,10,36,17,27,0F,0203,03BD,0000,0302,00000000,0000,0058,000004B0,78000603,00000000,00000374,C01E8118,00000000,00000000,0000FFFF,00FF0200,00FF0003,00000000,00000000,00000000,00000000,00000000,00FFFE00,2008
239,genesis,zelda_v588_autostart,001716,10,10,03,00,00,00,00,01,00,00,00,26,00,00,00,00,00,00,00,00,A5,00,00,00,00,1E,B0,00,11,01,DC,C0,00,00,00,00,00,00,00,00,00,00,00,80,00,00,00,00,00,00,00,00,00,00,00,00,3F,00,FF,04,04,36,17,07,0F,FF,36,0F,00,10,36,17,27,0F,0203,03CF,0000,0302,00000000,0000,005A,000004B0,78000603,00000000,00000374,C01E8118,00000000,00000000,0000FFFF,00FF0200,00FF0003,00000000,00000000,00000000,00000000,00000000,00FFFE00,2008
240,genesis,zelda_v588_autostart,001716,10,10,03,00,00,00,00,01,00,00,00,27,00,00,00,00,00,00,00,00,A5,00,00,00,00,1E,B0,00,12,01,DE,C0,00,00,00,00,00,00,00,00,00,00,00,80,00,00,00,00,00,00,00,00,00,00,00,00,3F,00,FF,04,04,36,17,07,0F,FF,36,0F,00,10,36,17,27,0F,0203,03E1,0000,0302,00000000,0000,005C,000004B0,78000603,00000000,00000374,C01E8118,00000000,00000000,0000FFFF,00FF0200,00FF0003,00000000,00000000,00000000,00000000,00000000,00FFFE00,2008
241,genesis,zelda_v588_autostart,001716,10,10,03,00,00,00,00,01,00,00,00,28,00,00,00,00,00,00,00,00,A5,00,00,00,00,1E,B0,00,12,01,E0,C0,00,00,00,00,00,00,00,00,00,00,00,80,00,00,00,00,00,00,00,00,00,00,00,00,3F,00,3F,04,04,36,17,07,0F,FF,36,0F,00,10,36,17,27,0F,0203,03F3,0000,0302,00000000,0000,005E,000004B0,78000603,00000000,00000374,C01E8118,00000000,00000000,0000FFFF,00FF0200,00FF0003,00000000,00000000,00000000,00000000,00000000,00FFFE00,2008
242,genesis,zelda_v588_autostart,001716,10,10,03,00,00,00,00,01,00,00,00,29,00,00,00,00,00,00,00,00,A5,00,00,00,00,1E,B0,00,13,01,E2,C0,00,00,00,00,00,00,00,00,00,00,00,80,00,00,00,00,00,00,00,00,00,00,00,00,3F,00,FF,04,04,36,17,07,0F,FF,36,0F,00,10,36,17,27,0F,0203,0405,0000,0302,00000000,0000,0060,000004B0,78000603,00000000,00000374,C01E8118,00000000,00000000,0000FFFF,00FF0200,00FF0003,00000000,00000000,00000000,00000000,00000000,00FFFE00,2008
243,genesis,zelda_v588_autostart,001716,10,10,03,00,00,00,00,01,00,00,00,2A,00,00,00,00,00,00,00,00,A5,00,00,00,00,1E,B0,00,13,01,B2,C0,00,00,00,00,00,00,00,00,00,00,00,80,00,00,00,00,00,00,00,00,00,00,00,00,3F,00,FF,04,04,36,17,07,0F,FF,36,0F,00,10,36,17,27,0F,0203,0417,0000,0302,00000000,0000,0062,000004B0,78000603,00000000,00000374,C01E8118,00000000,00000000,0000FFFF,00FF0200,00FF0003,00000000,00000000,00000000,00000000,00000000,00FFFE00,2008
244,genesis,zelda_v588_autostart,001716,10,10,03,00,00,00,00,01,00,00,00,2B,00,00,00,00,00,00,00,00,A5,00,00,00,00,1E,B0,00,14,01,B4,C0,00,00,00,00,00,00,00,00,00,00,00,80,00,00,00,00,00,00,00,00,00,00,00,00,3F,00,FF,04,04,36,17,07,0F,FF,36,0F,00,10,36,17,27,0F,0203,0429,0000,0302,00000000,0000,0064,000004B0,78000603,00000000,00000374,C01E8118,00000000,00000000,0000FFFF,00FF0200,00FF0003,00000000,00000000,00000000,00000000,00000000,00FFFE00,2008
245,genesis,zelda_v588_autostart,001716,10,10,03,00,00,00,00,01,00,00,00,2C,00,00,00,00,00,00,00,00,A5,00,00,00,00,1E,B0,00,14,01,B6,C0,00,00,00,00,00,00,00,00,00,00,00,80,00,00,00,00,00,00,00,00,00,00,00,00,3F,00,FF,04,04,36,17,07,0F,FF,36,0F,00,10,36,17,27,0F,0203,043B,0000,0302,00000000,0000,0066,000004B0,78000603,00000000,00000374,C01E8118,00000000,00000000,0000FFFF,00FF0200,00FF0003,00000000,00000000,00000000,00000000,00000000,00FFFE00,2008
246,genesis,zelda_v588_autostart,001716,10,10,03,00,00,00,00,01,00,00,00,2D,00,00,00,00,00,00,00,00,A5,00,00,00,00,1E,B0,00,15,01,B8,C0,00,00,00,00,00,00,00,00,00,00,00,80,00,00,00,00,00,00,00,00,00,00,00,00,3F,00,FF,04,04,36,17,07,0F,FF,36,0F,00,10,36,17,27,0F,0203,044D,0000,0302,00000000,0000,0068,000004B0,78000603,00000000,00000374,C01E8118,00000000,00000000,0000FFFF,00FF0200,00FF0003,00000000,00000000,00000000,00000000,00000000,00FFFE00,2008
247,genesis,zelda_v588_autostart,001716,10,10,03,00,00,00,00,01,00,00,00,2E,00,00,00,00,00,00,00,00,A5,00,00,00,00,1E,B0,00,15,01,BA,C0,00,00,00,00,00,00,00,00,00,00,00,80,00,00,00,00,00,00,00,00,00,00,00,00,3F,00,3F,04,04,36,17,17,0F,FF,36,0F,00,10,36,17,27,0F,0203,045F,0000,0302,00000000,0000,006A,000004B0,78000603,00000000,00000374,C01E8118,00000000,00000000,0000FFFF,00FF0200,00FF0003,00000000,00000000,00000000,00000000,00000000,00FFFE00,2008
248,genesis,zelda_v588_autostart,001716,10,10,03,00,00,00,00,01,00,00,00,2F,00,00,00,00,00,00,00,00,A5,00,00,00,00,1E,B0,00,16,01,BC,C0,00,00,00,00,00,00,00,00,00,00,00,80,00,00,00,00,00,00,00,00,00,00,00,00,3F,00,FF,04,04,36,17,17,0F,FF,36,0F,00,10,36,17,27,0F,0203,0471,0000,0302,00000000,0000,006C,000004B0,78000603,00000000,00000374,C01E8118,00000000,00000000,0000FFFF,00FF0200,00FF0003,00000000,00000000,00000000,00000000,00000000,00FFFE00,2008
249,genesis,zelda_v588_autostart,001716,10,10,03,00,00,00,00,01,00,00,00,30,00,00,00,00,00,00,00,00,A5,00,00,00,00,1E,B0,00,16,01,BE,C0,00,00,00,00,00,00,00,00,00,00,00,80,00,00,00,00,00,00,00,00,00,00,00,00,3F,00,FF,04,04,36,17,17,0F,FF,36,0F,00,10,36,17,27,0F,0203,0483,0000,0302,00000000,0000,006E,000004B0,78000603,00000000,00000374,C01E8118,00000000,00000000,0000FFFF,00FF0200,00FF0003,00000000,00000000,00000000,00000000,00000000,00FFFE00,2008
250,genesis,zelda_v588_autostart,001716,10,10,03,00,00,00,00,01,00,00,00,31,00,00,00,00,00,00,00,00,A5,00,00,00,00,1E,B0,00,17,01,C0,C0,00,00,00,00,00,00,00,00,00,00,00,80,00,00,00,00,00,00,00,00,00,00,00,00,3F,00,FF,04,04,36,17,17,0F,FF,36,0F,00,10,36,17,27,0F,0203,0495,0000,0302,00000000,0000,0070,000004B0,78000603,00000000,00000374,C01E8118,00000000,00000000,0000FFFF,00FF0200,00FF0003,00000000,00000000,00000000,00000000,00000000,00FFFE00,2008
251,genesis,zelda_v588_autostart,001716,10,10,03,00,00,00,00,01,00,00,00,32,00,00,00,00,00,00,00,00,A5,00,00,00,00,1E,B0,00,17,01,C2,C0,00,00,00,00,00,00,00,00,00,00,00,80,00,00,00,00,00,00,00,00,00,00,00,00,3F,00,FF,04,04,36,17,17,0F,FF,36,0F,00,10,36,17,27,0F,0203,04A7,0000,0302,00000000,0000,0072,000004B0,78000603,00000000,00000374,C01E8118,00000000,00000000,0000FFFF,00FF0200,00FF0003,00000000,00000000,00000000,00000000,00000000,00FFFE00,2008
252,genesis,zelda_v588_autostart,001716,00,00,03,00,00,00,00,01,00,00,00,33,00,00,00,00,00,00,00,00,A5,00,00,00,00,1E,B0,00,18,01,C4,C0,00,00,00,00,00,00,00,00,00,00,00,80,00,00,00,00,00,00,00,00,00,00,00,00,3F,00,FF,04,04,36,17,17,0F,FF,36,0F,00,10,36,17,27,0F,0203,04B9,0000,0302,00000000,0000,0074,000004B0,78000603,00000000,00000374,C01E8118,00000000,00000000,0000FFFF,00FF0200,00FF0003,00000000,00000000,00000000,00000000,00000000,00FFFE00,2008
253,genesis,zelda_v588_autostart,001716,00,00,03,00,00,00,00,01,00,00,00,34,00,00,00,00,00,00,00,00,A5,00,00,00,00,1E,B0,00,18,01,C6,C0,00,00,00,00,00,00,00,00,00,00,00,80,00,00,00,00,00,00,00,00,00,00,00,00,3F,00,FF,04,04,36,17,17,0F,FF,36,0F,00,10,36,17,27,0F,0203,04CB,0000,0302,00000000,0000,0076,000004B0,78000603,00000000,00000374,C01E8118,00000000,00000000,0000FFFF,00FF0200,00FF0003,00000000,00000000,00000000,00000000,00000000,00FFFE00,2008
254,genesis,zelda_v588_autostart,001716,00,00,03,00,00,00,00,01,00,00,00,35,00,00,00,00,00,00,00,00,A5,00,00,00,00,1E,B0,00,19,01,C8,C0,00,00,00,00,00,00,00,00,00,00,00,80,00,00,00,00,00,00,00,00,00,00,00,00,3F,00,FF,04,04,36,17,17,0F,FF,36,0F,00,10,36,17,27,0F,0203,04DD,0000,0302,00000000,0000,0078,000004B0,78000603,00000000,00000374,C01E8118,00000000,00000000,0000FFFF,00FF0200,00FF0003,00000000,00000000,00000000,00000000,00000000,00FFFE00,2008
255,genesis,zelda_v588_autostart,001716,00,00,03,00,00,00,00,01,00,00,00,36,00,00,00,00,00,00,00,00,A5,00,00,00,00,1E,B0,00,19,01,CA,C0,00,00,00,00,00,00,00,00,00,00,00,80,00,00,00,00,00,00,00,00,00,00,00,00,3F,00,FF,04,04,36,17,17,0F,FF,36,0F,00,10,36,17,27,0F,0203,04EF,0000,0302,00000000,0000,007A,000004B0,78000603,00000000,00000374,C01E8118,00000000,00000000,0000FFFF,00FF0200,00FF0003,00000000,00000000,00000000,00000000,00000000,00FFFE00,2008
256,genesis,zelda_v588_autostart,001716,08,08,03,00,00,00,00,01,00,00,00,37,00,00,00,00,00,00,00,00,A5,00,00,00,00,1E,B0,00,1A,01,CC,C0,00,00,00,00,00,00,00,00,00,00,00,80,00,00,00,00,00,00,00,00,00,00,00,00,3F,00,FF,04,04,36,17,17,0F,FF,36,0F,00,10,36,17,27,0F,0203,0501,0000,0302,00000000,0000,007C,000004B0,78000603,00000000,00000374,C01E8118,00000000,00000000,0000FFFF,00FF0200,00FF0003,00000000,00000000,00000000,00000000,00000000,00FFFE00,2008
257,genesis,zelda_v588_autostart,001716,08,08,03,00,00,00,00,01,00,00,00,38,00,00,00,00,00,00,00,00,A5,00,00,00,00,1E,B0,00,1A,01,CE,C0,00,00,00,00,00,00,00,00,00,00,00,80,00,00,00,00,00,00,00,00,00,00,00,00,3F,00,FF,04,04,36,17,17,0F,FF,36,0F,00,10,36,17,27,0F,0203,0513,0000,0302,00000000,0000,007E,000004B0,78000603,00000000,00000374,C01E8118,00000000,00000000,0000FFFF,00FF0200,00FF0003,00000000,00000000,00000000,00000000,00000000,00FFFE00,2008
258,genesis,zelda_v588_autostart,001716,08,08,03,00,00,00,00,01,00,00,00,39,00,00,00,00,00,00,00,00,A5,00,00,00,00,1E,B0,00,1B,01,D0,C0,00,00,00,00,00,00,00,00,00,00,00,80,00,00,00,00,00,00,00,00,00,00,00,00,3F,00,FF,04,04,36,17,17,0F,FF,36,0F,00,10,36,17,27,0F,0203,0525,0000,0302,00000000,0000,0080,000004B0,78000603,00000000,00000374,C01E8118,00000000,00000000,0000FFFF,00FF0200,00FF0003,00000000,00000000,00000000,00000000,00000000,00FFFE00,2008
259,genesis,zelda_v588_autostart,001716,08,08,03,00,00,00,00,01,00,00,00,3A,00,00,00,00,00,00,00,00,A5,00,00,00,00,1E,B0,00,1B,01,D2,C0,00,00,00,00,00,00,00,00,00,00,00,80,00,00,00,00,00,00,00,00,00,00,00,00,3F,00,FF,04,04,36,17,17,0F,FF,36,0F,00,10,36,17,27,0F,0203,0537,0000,0302,00000000,0000,0082,000004B0,78000603,00000000,00000374,C01E8118,00000000,00000000,0000FFFF,00FF0200,00FF0003,00000000,00000000,00000000,00000000,00000000,00FFFE00,2008
260,genesis,zelda_v588_autostart,001716,10,10,03,00,00,00,00,01,00,00,00,3B,00,00,00,00,00,00,00,00,A5,00,00,00,00,1E,B0,00,1C,01,D4,C0,00,00,00,00,00,00,00,00,00,00,00,80,00,00,00,00,00,00,00,00,00,00,00,00,3F,00,FF,04,04,36,17,17,0F,FF,36,0F,00,10,36,17,27,0F,0203,0549,0000,0302,00000000,0000,0084,000004B0,78000603,00000000,00000374,C01E8118,00000000,00000000,0000FFFF,00FF0200,00FF0003,00000000,00000000,00000000,00000000,00000000,00FFFE00,2008
261,genesis,zelda_v588_autostart,001716,10,10,03,00,00,00,00,01,00,00,00,3C,00,00,00,00,00,00,00,00,A5,00,00,00,00,1E,B0,00,1C,01,D6,C0,00,00,00,00,00,00,00,00,00,00,00,80,00,00,00,00,00,00,00,00,00,00,00,00,3F,00,FF,04,04,36,17,17,0F,FF,36,0F,00,10,36,17,27,0F,0203,055B,0000,0302,00000000,0000,0086,000004B0,78000603,00000000,00000374,C01E8118,00000000,00000000,0000FFFF,00FF0200,00FF0003,00000000,00000000,00000000,00000000,00000000,00FFFE00,2008
262,genesis,zelda_v588_autostart,001716,10,10,03,00,00,00,00,01,00,00,00,3D,00,00,00,00,00,00,00,00,A5,00,00,00,00,1E,B0,00,1D,01,D8,C0,00,00,00,00,00,00,00,00,00,00,00,80,00,00,00,00,00,00,00,00,00,00,00,00,3F,00,FF,04,04,36,17,17,0F,FF,36,0F,00,10,36,17,27,0F,0203,056D,0000,0302,00000000,0000,0088,000004B0,78000603,00000000,00000374,C01E8118,00000000,00000000,0000FFFF,00FF0200,00FF0003,00000000,00000000,00000000,00000000,00000000,00FFFE00,2008
263,genesis,zelda_v588_autostart,001716,10,10,03,00,00,00,00,01,00,00,00,3E,00,00,00,00,00,00,00,00,A5,00,00,00,00,1E,B0,00,1D,01,DA,C0,00,00,00,00,00,00,00,00,00,00,00,80,00,00,00,00,00,00,00,00,00,00,00,00,3F,00,3F,04,04,36,17,27,0F,FF,36,0F,00,10,36,17,27,0F,0203,057F,0000,0302,00000000,0000,008A,000004B0,78000603,00000000,00000374,C01E8118,00000000,00000000,0000FFFF,00FF0200,00FF0003,00000000,00000000,00000000,00000000,00000000,00FFFE00,2008
264,genesis,zelda_v588_autostart,001716,10,10,03,00,00,00,00,01,00,00,00,3F,00,00,00,00,00,00,00,00,A5,00,00,00,00,1E,B0,00,1E,01,DC,C0,00,00,00,00,00,00,00,00,00,00,00,80,00,00,00,00,00,00,00,00,00,00,00,00,3F,00,FF,04,04,36,17,27,0F,FF,36,0F,00,10,36,17,27,0F,0203,0591,0000,0302,00000000,0000,008C,000004B0,78000603,00000000,00000374,C01E8118,00000000,00000000,0000FFFF,00FF0200,00FF0003,00000000,00000000,00000000,00000000,00000000,00FFFE00,2008
265,genesis,zelda_v588_autostart,001716,10,10,03,00,00,00,00,01,00,00,00,40,00,00,00,00,00,00,00,00,A5,00,00,00,00,1E,B0,00,1E,01,DE,C0,00,00,00,00,00,00,00,00,00,00,00,80,00,00,00,00,00,00,00,00,00,00,00,00,3F,00,FF,04,04,36,17,27,0F,FF,36,0F,00,10,36,17,27,0F,0203,05A3,0000,0302,00000000,0000,008E,000004B0,78000603,00000000,00000374,C01E8118,00000000,00000000,0000FFFF,00FF0200,00FF0003,00000000,00000000,00000000,00000000,00000000,00FFFE00,2008
266,genesis,zelda_v588_autostart,001716,10,10,03,00,00,00,00,01,00,00,00,41,00,00,00,00,00,00,00,00,A5,00,00,00,00,1E,B0,00,1F,01,E0,C0,00,00,00,00,00,00,00,00,00,00,00,80,00,00,00,00,00,00,00,00,00,00,00,00,3F,00,FF,04,04,36,17,27,0F,FF,36,0F,00,10,36,17,27,0F,0203,05B5,0000,0302,00000000,0000,0090,000004B0,78000603,00000000,00000374,C01E8118,00000000,00000000,0000FFFF,00FF0200,00FF0003,00000000,00000000,00000000,00000000,00000000,00FFFE00,2008
267,genesis,zelda_v588_autostart,001716,10,10,03,00,00,00,00,01,00,00,00,42,00,00,00,00,00,00,00,00,A5,00,00,00,00,1E,B0,00,1F,01,E2,C0,00,00,00,00,00,00,00,00,00,00,00,80,00,00,00,00,00,00,00,00,00,00,00,00,3F,00,FF,04,04,36,17,27,0F,FF,36,0F,00,10,36,17,27,0F,0203,05C7,0000,0302,00000000,0000,0092,000004B0,78000603,00000000,00000374,C01E8118,00000000,00000000,0000FFFF,00FF0200,00FF0003,00000000,00000000,00000000,00000000,00000000,00FFFE00,2008
268,genesis,zelda_v588_autostart,001716,10,10,03,00,00,00,00,01,00,00,00,43,00,00,00,00,00,00,00,00,A5,00,00,00,00,1E,B0,00,20,01,B2,C0,00,00,00,00,00,00,00,00,00,00,00,80,00,00,00,00,00,00,00,00,00,00,00,00,3F,00,FF,04,04,36,17,27,0F,FF,36,0F,00,10,36,17,27,0F,0203,05D9,0000,0302,00000000,0000,0094,000004B0,78000603,00000000,00000374,C01E8118,00000000,00000000,0000FFFF,00FF0200,00FF0003,00000000,00000000,00000000,00000000,00000000,00FFFE00,2008
269,genesis,zelda_v588_autostart,001716,10,10,03,00,00,00,00,01,00,00,00,44,00,00,00,00,00,00,00,00,A5,00,00,00,00,1E,B0,00,20,01,B4,C0,00,00,00,00,00,00,00,00,00,00,00,80,00,00,00,00,00,00,00,00,00,00,00,00,3F,00,3F,04,04,36,17,37,0F,FF,36,0F,00,10,36,17,27,0F,0203,05EB,0000,0302,00000000,0000,0096,000004B0,78000603,00000000,00000374,C01E8118,00000000,00000000,0000FFFF,00FF0200,00FF0003,00000000,00000000,00000000,00000000,00000000,00FFFE00,2008
270,genesis,zelda_v588_autostart,001716,10,10,03,00,00,00,00,01,00,00,00,45,00,00,00,00,00,00,00,00,A5,00,00,00,00,1E,B0,00,21,01,B6,C0,00,00,00,00,00,00,00,00,00,00,00,80,00,00,00,00,00,00,00,00,00,00,00,00,3F,00,FF,04,04,36,17,37,0F,FF,36,0F,00,10,36,17,27,0F,0203,05FD,0000,0302,00000000,0000,0098,000004B0,78000603,00000000,00000374,C01E8118,00000000,00000000,0000FFFF,00FF0200,00FF0003,00000000,00000000,00000000,00000000,00000000,00FFFE00,2008
271,genesis,zelda_v588_autostart,001716,10,10,03,00,00,00,00,01,00,00,00,46,00,00,00,00,00,00,00,00,A5,00,00,00,00,1E,B0,00,21,01,B8,C0,00,00,00,00,00,00,00,00,00,00,00,80,00,00,00,00,00,00,00,00,00,00,00,00,3F,00,FF,04,04,36,17,37,0F,FF,36,0F,00,10,36,17,27,0F,0203,060F,0000,0302,00000000,0000,009A,000004B0,78000603,00000000,00000374,C01E8118,00000000,00000000,0000FFFF,00FF0200,00FF0003,00000000,00000000,00000000,00000000,00000000,00FFFE00,2008
272,genesis,zelda_v588_autostart,001716,10,10,03,00,00,00,00,01,00,00,00,47,00,00,00,00,00,00,00,00,A5,00,00,00,00,1E,B0,00,22,01,BA,C0,00,00,00,00,00,00,00,00,00,00,00,80,00,00,00,00,00,00,00,00,00,00,00,00,3F,00,FF,04,04,36,17,37,0F,FF,36,0F,00,10,36,17,27,0F,0203,0621,0000,0302,00000000,0000,009C,000004B0,78000603,00000000,00000374,C01E8118,00000000,00000000,0000FFFF,00FF0200,00FF0003,00000000,00000000,00000000,00000000,00000000,00FFFE00,2008
273,genesis,zelda_v588_autostart,001716,10,10,03,00,00,00,00,01,00,00,00,48,00,00,00,00,00,00,00,00,A5,00,00,00,00,1E,B0,00,22,01,BC,C0,00,00,00,00,00,00,00,00,00,00,00,80,00,00,00,00,00,00,00,00,00,00,00,00,3F,00,FF,04,04,36,17,37,0F,FF,36,0F,00,10,36,17,27,0F,0203,0633,0000,0302,00000000,0000,009E,000004B0,78000603,00000000,00000374,C01E8118,00000000,00000000,0000FFFF,00FF0200,00FF0003,00000000,00000000,00000000,00000000,00000000,00FFFE00,2008
274,genesis,zelda_v588_autostart,001716,10,10,03,00,00,00,00,01,00,00,00,49,00,00,00,00,00,00,00,00,A5,00,00,00,00,1E,B0,00,23,01,BE,C0,00,00,00,00,00,00,00,00,00,00,00,80,00,00,00,00,00,00,00,00,00,00,00,00,3F,00,FF,04,04,36,17,37,0F,FF,36,0F,00,10,36,17,27,0F,0203,0645,0000,0302,00000000,0000,00A0,000004B0,78000603,00000000,00000374,C01E8118,00000000,00000000,0000FFFF,00FF0200,00FF0003,00000000,00000000,00000000,00000000,00000000,00FFFE00,2008
275,genesis,zelda_v588_autostart,001716,10,10,03,00,00,00,00,01,00,00,00,4A,00,00,00,00,00,00,00,00,A5,00,00,00,00,1E,B0,00,23,01,C0,C0,00,00,00,00,00,00,00,00,00,00,00,80,00,00,00,00,00,00,00,00,00,00,00,00,3F,00,3F,04,04,36,17,37,0F,FF,36,0F,00,10,36,17,27,0F,0203,0657,0000,0302,00000000,0000,00A2,000004B0,78000603,00000000,00000374,C01E8118,00000000,00000000,0000FFFF,00FF0200,00FF0003,00000000,00000000,00000000,00000000,00000000,00FFFE00,2008
276,genesis,zelda_v588_autostart,001716,10,10,03,00,00,00,00,01,00,00,00,4B,00,00,00,00,00,00,00,00,A5,00,00,00,00,1E,B0,00,24,01,C2,C0,00,00,00,00,00,00,00,00,00,00,00,80,00,00,00,00,00,00,00,00,00,00,00,00,3F,00,FF,04,04,36,17,37,0F,FF,36,0F,00,10,36,17,27,0F,0203,0669,0000,0302,00000000,0000,00A4,000004B0,78000603,00000000,00000374,C01E8118,00000000,00000000,0000FFFF,00FF0200,00FF0003,00000000,00000000,00000000,00000000,00000000,00FFFE00,2008
277,genesis,zelda_v588_autostart,001716,00,00,03,00,00,00,00,01,00,00,00,4C,00,00,00,00,00,00,00,00,A5,00,00,00,00,1E,B0,00,24,01,C4,C0,00,00,00,00,00,00,00,00,00,00,00,80,00,00,00,00,00,00,00,00,00,00,00,00,3F,00,FF,04,04,36,17,37,0F,FF,36,0F,00,10,36,17,27,0F,0203,067B,0000,0302,00000000,0000,00A6,000004B0,78000603,00000000,00000374,C01E8118,00000000,00000000,0000FFFF,00FF0200,00FF0003,00000000,00000000,00000000,00000000,00000000,00FFFE00,2008
278,genesis,zelda_v588_autostart,001716,00,00,03,00,00,00,00,01,00,00,00,4D,00,00,00,00,00,00,00,00,A5,00,00,00,00,1E,B0,00,25,01,C6,C0,00,00,00,00,00,00,00,00,00,00,00,80,00,00,00,00,00,00,00,00,00,00,00,00,3F,00,FF,04,04,36,17,37,0F,FF,36,0F,00,10,36,17,27,0F,0203,068D,0000,0302,00000000,0000,00A8,000004B0,78000603,00000000,00000374,C01E8118,00000000,00000000,0000FFFF,00FF0200,00FF0003,00000000,00000000,00000000,00000000,00000000,00FFFE00,2008
279,genesis,zelda_v588_autostart,001716,00,00,03,00,00,00,00,01,00,00,00,4E,00,00,00,00,00,00,00,00,A5,00,00,00,00,1E,B0,00,25,01,C8,C0,00,00,00,00,00,00,00,00,00,00,00,80,00,00,00,00,00,00,00,00,00,00,00,00,3F,00,FF,04,04,36,17,37,0F,FF,36,0F,00,10,36,17,27,0F,0203,069F,0000,0302,00000000,0000,00AA,000004B0,78000603,00000000,00000374,C01E8118,00000000,00000000,0000FFFF,00FF0200,00FF0003,00000000,00000000,00000000,00000000,00000000,00FFFE00,2008
280,genesis,zelda_v588_autostart,001716,00,00,03,00,00,00,00,01,00,00,00,4F,00,00,00,00,00,00,00,00,A5,00,00,00,00,1E,B0,00,26,01,CA,C0,00,00,00,00,00,00,00,00,00,00,00,80,00,00,00,00,00,00,00,00,00,00,00,00,3F,00,FF,04,04,36,17,37,0F,FF,36,0F,00,10,36,17,27,0F,0203,06B1,0000,0302,00000000,0000,00AC,000004B0,78000603,00000000,00000374,C01E8118,00000000,00000000,0000FFFF,00FF0200,00FF0003,00000000,00000000,00000000,00000000,00000000,00FFFE00,2008
281,genesis,zelda_v588_autostart,001716,08,08,03,00,00,00,00,01,00,00,00,50,00,00,00,00,00,00,00,00,A5,00,00,00,00,1E,B0,00,26,01,CC,C0,00,00,00,00,00,00,00,00,00,00,00,80,00,00,00,00,00,00,00,00,00,00,00,00,3F,00,3F,04,04,36,17,27,0F,FF,36,0F,00,10,36,17,27,0F,0203,06C3,0000,0302,00000000,0000,00AE,000004B0,78000603,00000000,00000374,C01E8118,00000000,00000000,0000FFFF,00FF0200,00FF0003,00000000,00000000,00000000,00000000,00000000,00FFFE00,2008
282,genesis,zelda_v588_autostart,001716,08,08,03,00,00,00,00,01,00,00,00,51,00,00,00,00,00,00,00,00,A5,00,00,00,00,1E,B0,00,27,01,CE,C0,00,00,00,00,00,00,00,00,00,00,00,80,00,00,00,00,00,00,00,00,00,00,00,00,3F,00,FF,04,04,36,17,27,0F,FF,36,0F,00,10,36,17,27,0F,0203,06D5,0000,0302,00000000,0000,00B0,000004B0,78000603,00000000,00000374,C01E8118,00000000,00000000,0000FFFF,00FF0200,00FF0003,00000000,00000000,00000000,00000000,00000000,00FFFE00,2008
283,genesis,zelda_v588_autostart,001716,08,08,03,00,00,00,00,01,00,00,00,52,00,00,00,00,00,00,00,00,A5,00,00,00,00,1E,B0,00,27,01,D0,C0,00,00,00,00,00,00,00,00,00,00,00,80,00,00,00,00,00,00,00,00,00,00,00,00,3F,00,FF,04,04,36,17,27,0F,FF,36,0F,00,10,36,17,27,0F,0203,06E7,0000,0302,00000000,0000,00B2,000004B0,78000603,00000000,00000374,C01E8118,00000000,00000000,0000FFFF,00FF0200,00FF0003,00000000,00000000,00000000,00000000,00000000,00FFFE00,2008
284,genesis,zelda_v588_autostart,001716,08,08,03,00,00,00,00,01,00,00,00,53,00,00,00,00,00,00,00,00,A5,00,00,00,00,1E,B0,00,28,01,D2,C0,00,00,00,00,00,00,00,00,00,00,00,80,00,00,00,00,00,00,00,00,00,00,00,00,3F,00,FF,04,04,36,17,27,0F,FF,36,0F,00,10,36,17,27,0F,0203,06F9,0000,0302,00000000,0000,00B4,000004B0,78000603,00000000,00000374,C01E8118,00000000,00000000,0000FFFF,00FF0200,00FF0003,00000000,00000000,00000000,00000000,00000000,00FFFE00,2008
285,genesis,zelda_v588_autostart,001716,10,10,03,00,00,00,00,01,00,00,00,54,00,00,00,00,00,00,00,00,A5,00,00,00,00,1E,B0,00,28,01,D4,C0,00,00,00,00,00,00,00,00,00,00,00,80,00,00,00,00,00,00,00,00,00,00,00,00,3F,00,FF,04,04,36,17,27,0F,FF,36,0F,00,10,36,17,27,0F,0203,070B,0000,0302,00000000,0000,00B6,000004B0,78000603,00000000,00000374,C01E8118,00000000,00000000,0000FFFF,00FF0200,00FF0003,00000000,00000000,00000000,00000000,00000000,00FFFE00,2008
286,genesis,zelda_v588_autostart,001716,10,10,03,00,00,00,00,01,00,00,00,55,00,00,00,00,00,00,00,00,A5,00,00,00,00,1E,B0,00,29,01,D6,C0,00,00,00,00,00,00,00,00,00,00,00,80,00,00,00,00,00,00,00,00,00,00,00,00,3F,00,FF,04,04,36,17,27,0F,FF,36,0F,00,10,36,17,27,0F,0203,071D,0000,0302,00000000,0000,00B8,000004B0,78000603,00000000,00000374,C01E8118,00000000,00000000,0000FFFF,00FF0200,00FF0003,00000000,00000000,00000000,00000000,00000000,00FFFE00,2008
287,genesis,zelda_v588_autostart,001716,10,10,03,00,00,00,00,01,00,00,00,56,00,00,00,00,00,00,00,00,A5,00,00,00,00,1E,B0,00,29,01,D8,C0,00,00,00,00,00,00,00,00,00,00,00,80,00,00,00,00,00,00,00,00,00,00,00,00,3F,00,3F,04,04,36,17,17,0F,FF,36,0F,00,10,36,17,27,0F,0203,072F,0000,0302,00000000,0000,00BA,000004B0,78000603,00000000,00000374,C01E8118,00000000,00000000,0000FFFF,00FF0200,00FF0003,00000000,00000000,00000000,00000000,00000000,00FFFE00,2008
288,genesis,zelda_v588_autostart,001716,10,10,03,00,00,00,00,01,00,00,00,57,00,00,00,00,00,00,00,00,A5,00,00,00,00,1E,B0,00,2A,01,DA,C0,00,00,00,00,00,00,00,00,00,00,00,80,00,00,00,00,00,00,00,00,00,00,00,00,3F,00,FF,04,04,36,17,17,0F,FF,36,0F,00,10,36,17,27,0F,0203,0741,0000,0302,00000000,0000,00BC,000004B0,78000603,00000000,00000374,C01E8118,00000000,00000000,0000FFFF,00FF0200,00FF0003,00000000,00000000,00000000,00000000,00000000,00FFFE00,2008
289,genesis,zelda_v588_autostart,001716,10,10,03,00,00,00,00,01,00,00,00,58,00,00,00,00,00,00,00,00,A5,00,00,00,00,1E,B0,00,2A,01,DC,C0,00,00,00,00,00,00,00,00,00,00,00,80,00,00,00,00,00,00,00,00,00,00,00,00,3F,00,FF,04,04,36,17,17,0F,FF,36,0F,00,10,36,17,27,0F,0203,0753,0000,0302,00000000,0000,00BE,000004B0,78000603,00000000,00000374,C01E8118,00000000,00000000,0000FFFF,00FF0200,00FF0003,00000000,00000000,00000000,00000000,00000000,00FFFE00,2008
290,genesis,zelda_v588_autostart,001716,10,10,03,00,00,00,00,01,00,00,00,59,00,00,00,00,00,00,00,00,A5,00,00,00,00,1E,B0,00,2B,01,DE,C0,00,00,00,00,00,00,00,00,00,00,00,80,00,00,00,00,00,00,00,00,00,00,00,00,3F,00,FF,04,04,36,17,17,0F,FF,36,0F,00,10,36,17,27,0F,0203,0765,0000,0302,00000000,0000,00C0,000004B0,78000603,00000000,00000374,C01E8118,00000000,00000000,0000FFFF,00FF0200,00FF0003,00000000,00000000,00000000,00000000,00000000,00FFFE00,2008
291,genesis,zelda_v588_autostart,001716,10,10,03,00,00,00,00,01,00,00,00,5A,00,00,00,00,00,00,00,00,A5,00,00,00,00,1E,B0,00,2B,01,E0,C0,00,00,00,00,00,00,00,00,00,00,00,80,00,00,00,00,00,00,00,00,00,00,00,00,3F,00,FF,04,04,36,17,17,0F,FF,36,0F,00,10,36,17,27,0F,0203,0777,0000,0302,00000000,0000,00C2,000004B0,78000603,00000000,00000374,C01E8118,00000000,00000000,0000FFFF,00FF0200,00FF0003,00000000,00000000,00000000,00000000,00000000,00FFFE00,2008
292,genesis,zelda_v588_autostart,001716,10,10,03,00,00,00,00,01,00,00,00,5B,00,00,00,00,00,00,00,00,A5,00,00,00,00,1E,B0,00,2C,01,E2,C0,00,00,00,00,00,00,00,00,00,00,00,80,00,00,00,00,00,00,00,00,00,00,00,00,3F,00,FF,04,04,36,17,17,0F,FF,36,0F,00,10,36,17,27,0F,0203,0789,0000,0302,00000000,0000,00C4,000004B0,78000603,00000000,00000374,C01E8118,00000000,00000000,0000FFFF,00FF0200,00FF0003,00000000,00000000,00000000,00000000,00000000,00FFFE00,2008
293,genesis,zelda_v588_autostart,001716,10,10,03,00,00,00,00,01,00,00,00,5C,00,00,00,00,00,00,00,00,A5,00,00,00,00,1E,B0,00,2C,01,B2,C0,00,00,00,00,00,00,00,00,00,00,00,80,00,00,00,00,00,00,00,00,00,00,00,00,3F,00,3F,04,04,36,17,07,0F,FF,36,0F,00,10,36,17,27,0F,0203,079B,0000,0302,00000000,0000,00C6,000004B0,78000603,00000000,00000374,C01E8118,00000000,00000000,0000FFFF,00FF0200,00FF0003,00000000,00000000,00000000,00000000,00000000,00FFFE00,2008
294,genesis,zelda_v588_autostart,001716,10,10,03,00,00,00,00,01,00,00,00,5D,00,00,00,00,00,00,00,00,A5,00,00,00,00,1E,B0,00,2D,01,B4,C0,00,00,00,00,00,00,00,00,00,00,00,80,00,00,00,00,00,00,00,00,00,00,00,00,3F,00,FF,04,04,36,17,07,0F,FF,36,0F,00,10,36,17,27,0F,0203,07AD,0000,0302,00000000,0000,00C8,000004B0,78000603,00000000,00000374,C01E8118,00000000,00000000,0000FFFF,00FF0200,00FF0003,00000000,00000000,00000000,00000000,00000000,00FFFE00,2008
295,genesis,zelda_v588_autostart,001716,10,10,03,00,00,00,00,01,00,00,00,5E,00,00,00,00,00,00,00,00,A5,00,00,00,00,1E,B0,00,2D,01,B6,C0,00,00,00,00,00,00,00,00,00,00,00,80,00,00,00,00,00,00,00,00,00,00,00,00,3F,00,FF,04,04,36,17,07,0F,FF,36,0F,00,10,36,17,27,0F,0203,07BF,0000,0302,00000000,0000,00CA,000004B0,78000603,00000000,00000374,C01E8118,00000000,00000000,0000FFFF,00FF0200,00FF0003,00000000,00000000,00000000,00000000,00000000,00FFFE00,2008
296,genesis,zelda_v588_autostart,001716,10,10,03,00,00,00,00,01,00,00,00,5F,00,00,00,00,00,00,00,00,A5,00,00,00,00,1E,B0,00,2E,01,B8,C0,00,00,00,00,00,00,00,00,00,00,00,80,00,00,00,00,00,00,00,00,00,00,00,00,3F,00,FF,04,04,36,17,07,0F,FF,36,0F,00,10,36,17,27,0F,0203,07D1,0000,0302,00000000,0000,00CC,000004B0,78000603,00000000,00000374,C01E8118,00000000,00000000,0000FFFF,00FF0200,00FF0003,00000000,00000000,00000000,00000000,00000000,00FFFE00,2008
297,genesis,zelda_v588_autostart,001716,10,10,03,00,00,00,00,01,00,00,00,60,00,00,00,00,00,00,00,00,A5,00,00,00,00,1E,B0,00,2E,01,BA,C0,00,00,00,00,00,00,00,00,00,00,00,80,00,00,00,00,00,00,00,00,00,00,00,00,3F,00,FF,04,04,36,17,07,0F,FF,36,0F,00,10,36,17,27,0F,0203,07E3,0000,0302,00000000,0000,00CE,000004B0,78000603,00000000,00000374,C01E8118,00000000,00000000,0000FFFF,00FF0200,00FF0003,00000000,00000000,00000000,00000000,00000000,00FFFE00,2008
298,genesis,zelda_v588_autostart,001716,10,10,03,00,00,00,00,01,00,00,00,61,00,00,00,00,00,00,00,00,A5,00,00,00,00,1E,B0,00,2F,01,BC,C0,00,00,00,00,00,00,00,00,00,00,00,80,00,00,00,00,00,00,00,00,00,00,00,00,3F,00,FF,04,04,36,17,07,0F,FF,36,0F,00,10,36,17,27,0F,0203,07F5,0000,0302,00000000,0000,00D0,000004B0,78000603,00000000,00000374,C01E8118,00000000,00000000,0000FFFF,00FF0200,00FF0003,00000000,00000000,00000000,00000000,00000000,00FFFE00,2008
299,genesis,zelda_v588_autostart,001716,10,10,03,00,00,00,00,01,00,00,00,62,00,00,00,00,00,00,00,00,A5,00,00,00,00,1E,B0,00,2F,01,BE,C0,00,00,00,00,00,00,00,00,00,00,00,80,00,00,00,00,00,00,00,00,00,00,00,00,3F,00,3F,04,04,36,17,07,0F,FF,36,0F,00,10,36,17,27,0F,0203,0807,0000,0302,00000000,0000,00D2,000004B0,78000603,00000000,00000374,C01E8118,00000000,00000000,0000FFFF,00FF0200,00FF0003,00000000,00000000,00000000,00000000,00000000,00FFFE00,2008
300,genesis,zelda_v588_autostart,001716,10,10,03,00,00,00,00,01,00,00,00,63,00,00,00,00,00,00,00,00,A5,00,00,00,00,1E,B0,00,30,01,C0,C0,00,00,00,00,00,00,00,00,00,00,00,80,00,00,00,00,00,00,00,00,00,00,00,00,3F,00,FF,04,04,36,17,07,0F,FF,36,0F,00,10,36,17,27,0F,0203,0819,0000,0302,00000000,0000,00D4,000004B0,78000603,00000000,00000374,C01E8118,00000000,00000000,0000FFFF,00FF0200,00FF0003,00000000,00000000,00000000,00000000,00000000,00FFFE00,2008
