frame,pc,value,d0_plane_addr,d4_nt_addr,nt_page,nt_row,nt_col,ppuctrl,shadow_tile,tile_base,attr_addr,attr_byte,attr_shift,palette_bits,expected_plane_addr,expected_tileword,matches_renderer
17,00169E,0000,0000C000,00000000,00,00,00,80,00,0000,03C0,00,0,00,C000,0000,1
17,00169E,0000,0000C002,00000001,00,00,01,80,00,0000,03C0,00,0,00,C002,0000,1
17,00169E,0000,0000C004,00000002,00,00,02,80,00,0000,03C0,00,2,00,C004,0000,1
17,00169E,0000,0000C006,00000003,00,00,03,80,00,0000,03C0,00,2,00,C006,0000,1
17,00169E,0000,0000C008,00000004,00,00,04,80,00,0000,03C1,00,0,00,C008,0000,1
17,00169E,0000,0000C00A,00000005,00,00,05,80,00,0000,03C1,00,0,00,C00A,0000,1
17,00169E,0000,0000C00C,00000006,00,00,06,80,00,0000,03C1,00,2,00,C00C,0000,1
17,00169E,0000,0000C00E,00000007,00,00,07,80,00,0000,03C1,00,2,00,C00E,0000,1
17,00169E,0000,0000C010,00000008,00,00,08,80,00,0000,03C2,00,0,00,C010,0000,1
17,00169E,0000,0000C012,00000009,00,00,09,80,00,0000,03C2,00,0,00,C012,0000,1
17,00169E,0000,0000C014,0000000A,00,00,0A,80,00,0000,03C2,00,2,00,C014,0000,1
17,00169E,0000,0000C016,0000000B,00,00,0B,80,00,0000,03C2,00,2,00,C016,0000,1
17,00169E,0000,0000C018,0000000C,00,00,0C,80,00,0000,03C3,00,0,00,C018,0000,1
17,00169E,0000,0000C01A,0000000D,00,00,0D,80,00,0000,03C3,00,0,00,C01A,0000,1
17,00169E,0000,0000C01C,0000000E,00,00,0E,80,00,0000,03C3,00,2,00,C01C,0000,1
17,00169E,0000,0000C01E,0000000F,00,00,0F,80,00,0000,03C3,00,2,00,C01E,0000,1
17,00169E,0000,0000C020,00000010,00,00,10,80,00,0000,03C4,00,0,00,C020,0000,1
17,00169E,0000,0000C022,00000011,00,00,11,80,00,0000,03C4,00,0,00,C022,0000,1
17,00169E,0000,0000C024,00000012,00,00,12,80,00,0000,03C4,00,2,00,C024,0000,1
17,00169E,0000,0000C026,00000013,00,00,13,80,00,0000,03C4,00,2,00,C026,0000,1
17,00169E,0000,0000C028,00000014,00,00,14,80,00,0000,03C5,00,0,00,C028,0000,1
17,00169E,0000,0000C02A,00000015,00,00,15,80,00,0000,03C5,00,0,00,C02A,0000,1
17,00169E,0000,0000C02C,00000016,00,00,16,80,00,0000,03C5,00,2,00,C02C,0000,1
17,00169E,0000,0000C02E,00000017,00,00,17,80,00,0000,03C5,00,2,00,C02E,0000,1
17,00169E,0000,0000C030,00000018,00,00,18,80,00,0000,03C6,00,0,00,C030,0000,1
17,00169E,0000,0000C032,00000019,00,00,19,80,00,0000,03C6,00,0,00,C032,0000,1
17,00169E,0000,0000C034,0000001A,00,00,1A,80,00,0000,03C6,00,2,00,C034,0000,1
17,00169E,0000,0000C036,0000001B,00,00,1B,80,00,0000,03C6,00,2,00,C036,0000,1
17,00169E,0000,0000C038,0000001C,00,00,1C,80,00,0000,03C7,00,0,00,C038,0000,1
17,00169E,0000,0000C03A,0000001D,00,00,1D,80,00,0000,03C7,00,0,00,C03A,0000,1
17,00169E,0000,0000C03C,0000001E,00,00,1E,80,00,0000,03C7,00,2,00,C03C,0000,1
17,00169E,0000,0000C03E,0000001F,00,00,1F,80,00,0000,03C7,00,2,00,C03E,0000,1
17,00169E,0000,0000C080,00000020,00,01,00,80,00,0000,03C0,00,0,00,C080,0000,1
17,00169E,0000,0000C082,00000021,00,01,01,80,00,0000,03C0,00,0,00,C082,0000,1
17,00169E,0000,0000C084,00000022,00,01,02,80,00,0000,03C0,00,2,00,C084,0000,1
17,00169E,0000,0000C086,00000023,00,01,03,80,00,0000,03C0,00,2,00,C086,0000,1
17,00169E,0000,0000C088,00000024,00,01,04,80,00,0000,03C1,00,0,00,C088,0000,1
17,00169E,0000,0000C08A,00000025,00,01,05,80,00,0000,03C1,00,0,00,C08A,0000,1
17,00169E,0000,0000C08C,00000026,00,01,06,80,00,0000,03C1,00,2,00,C08C,0000,1
17,00169E,0000,0000C08E,00000027,00,01,07,80,00,0000,03C1,00,2,00,C08E,0000,1
17,00169E,0000,0000C090,00000028,00,01,08,80,00,0000,03C2,00,0,00,C090,0000,1
17,00169E,0000,0000C092,00000029,00,01,09,80,00,0000,03C2,00,0,00,C092,0000,1
17,00169E,0000,0000C094,0000002A,00,01,0A,80,00,0000,03C2,00,2,00,C094,0000,1
17,00169E,0000,0000C096,0000002B,00,01,0B,80,00,0000,03C2,00,2,00,C096,0000,1
17,00169E,0000,0000C098,0000002C,00,01,0C,80,00,0000,03C3,00,0,00,C098,0000,1
17,00169E,0000,0000C09A,0000002D,00,01,0D,80,00,0000,03C3,00,0,00,C09A,0000,1
17,00169E,0000,0000C09C,0000002E,00,01,0E,80,00,0000,03C3,00,2,00,C09C,0000,1
17,00169E,0000,0000C09E,0000002F,00,01,0F,80,00,0000,03C3,00,2,00,C09E,0000,1
17,00169E,0000,0000C0A0,00000030,00,01,10,80,00,0000,03C4,00,0,00,C0A0,0000,1
17,00169E,0000,0000C0A2,00000031,00,01,11,80,00,0000,03C4,00,0,00,C0A2,0000,1
17,00169E,0000,0000C0A4,00000032,00,01,12,80,00,0000,03C4,00,2,00,C0A4,0000,1
17,00169E,0000,0000C0A6,00000033,00,01,13,80,00,0000,03C4,00,2,00,C0A6,0000,1
17,00169E,0000,0000C0A8,00000034,00,01,14,80,00,0000,03C5,00,0,00,C0A8,0000,1
17,00169E,0000,0000C0AA,00000035,00,01,15,80,00,0000,03C5,00,0,00,C0AA,0000,1
17,00169E,0000,0000C0AC,00000036,00,01,16,80,00,0000,03C5,00,2,00,C0AC,0000,1
17,00169E,0000,0000C0AE,00000037,00,01,17,80,00,0000,03C5,00,2,00,C0AE,0000,1
17,00169E,0000,0000C0B0,00000038,00,01,18,80,00,0000,03C6,00,0,00,C0B0,0000,1
17,00169E,0000,0000C0B2,00000039,00,01,19,80,00,0000,03C6,00,0,00,C0B2,0000,1
17,00169E,0000,0000C0B4,0000003A,00,01,1A,80,00,0000,03C6,00,2,00,C0B4,0000,1
17,00169E,0000,0000C0B6,0000003B,00,01,1B,80,00,0000,03C6,00,2,00,C0B6,0000,1
17,00169E,0000,0000C0B8,0000003C,00,01,1C,80,00,0000,03C7,00,0,00,C0B8,0000,1
17,00169E,0000,0000C0BA,0000003D,00,01,1D,80,00,0000,03C7,00,0,00,C0BA,0000,1
17,00169E,0000,0000C0BC,0000003E,00,01,1E,80,00,0000,03C7,00,2,00,C0BC,0000,1
17,00169E,0000,0000C0BE,0000003F,00,01,1F,80,00,0000,03C7,00,2,00,C0BE,0000,1
17,00169E,0000,0000C100,00000040,00,02,00,80,00,0000,03C0,00,4,00,C100,0000,1
17,00169E,0000,0000C102,00000041,00,02,01,80,00,0000,03C0,00,4,00,C102,0000,1
17,00169E,0000,0000C104,00000042,00,02,02,80,00,0000,03C0,00,6,00,C104,0000,1
17,00169E,0000,0000C106,00000043,00,02,03,80,00,0000,03C0,00,6,00,C106,0000,1
17,00169E,0000,0000C108,00000044,00,02,04,80,00,0000,03C1,00,4,00,C108,0000,1
17,00169E,0000,0000C10A,00000045,00,02,05,80,00,0000,03C1,00,4,00,C10A,0000,1
17,00169E,0000,0000C10C,00000046,00,02,06,80,00,0000,03C1,00,6,00,C10C,0000,1
17,00169E,0000,0000C10E,00000047,00,02,07,80,00,0000,03C1,00,6,00,C10E,0000,1
17,00169E,0000,0000C110,00000048,00,02,08,80,00,0000,03C2,00,4,00,C110,0000,1
17,00169E,0000,0000C112,00000049,00,02,09,80,00,0000,03C2,00,4,00,C112,0000,1
17,00169E,0000,0000C114,0000004A,00,02,0A,80,00,0000,03C2,00,6,00,C114,0000,1
17,00169E,0000,0000C116,0000004B,00,02,0B,80,00,0000,03C2,00,6,00,C116,0000,1
17,00169E,0000,0000C118,0000004C,00,02,0C,80,00,0000,03C3,00,4,00,C118,0000,1
17,00169E,0000,0000C11A,0000004D,00,02,0D,80,00,0000,03C3,00,4,00,C11A,0000,1
17,00169E,0000,0000C11C,0000004E,00,02,0E,80,00,0000,03C3,00,6,00,C11C,0000,1
17,00169E,0000,0000C11E,0000004F,00,02,0F,80,00,0000,03C3,00,6,00,C11E,0000,1
17,00169E,0000,0000C120,00000050,00,02,10,80,00,0000,03C4,00,4,00,C120,0000,1
17,00169E,0000,0000C122,00000051,00,02,11,80,00,0000,03C4,00,4,00,C122,0000,1
17,00169E,0000,0000C124,00000052,00,02,12,80,00,0000,03C4,00,6,00,C124,0000,1
17,00169E,0000,0000C126,00000053,00,02,13,80,00,0000,03C4,00,6,00,C126,0000,1
17,00169E,0000,0000C128,00000054,00,02,14,80,00,0000,03C5,00,4,00,C128,0000,1
17,00169E,0000,0000C12A,00000055,00,02,15,80,00,0000,03C5,00,4,00,C12A,0000,1
17,00169E,0000,0000C12C,00000056,00,02,16,80,00,0000,03C5,00,6,00,C12C,0000,1
17,00169E,0000,0000C12E,00000057,00,02,17,80,00,0000,03C5,00,6,00,C12E,0000,1
17,00169E,0000,0000C130,00000058,00,02,18,80,00,0000,03C6,00,4,00,C130,0000,1
17,00169E,0000,0000C132,00000059,00,02,19,80,00,0000,03C6,00,4,00,C132,0000,1
17,00169E,0000,0000C134,0000005A,00,02,1A,80,00,0000,03C6,00,6,00,C134,0000,1
17,00169E,0000,0000C136,0000005B,00,02,1B,80,00,0000,03C6,00,6,00,C136,0000,1
17,00169E,0000,0000C138,0000005C,00,02,1C,80,00,0000,03C7,00,4,00,C138,0000,1
17,00169E,0000,0000C13A,0000005D,00,02,1D,80,00,0000,03C7,00,4,00,C13A,0000,1
17,00169E,0000,0000C13C,0000005E,00,02,1E,80,00,0000,03C7,00,6,00,C13C,0000,1
17,00169E,0000,0000C13E,0000005F,00,02,1F,80,00,0000,03C7,00,6,00,C13E,0000,1
17,00169E,0000,0000C180,00000060,00,03,00,80,00,0000,03C0,00,4,00,C180,0000,1
17,00169E,0000,0000C182,00000061,00,03,01,80,00,0000,03C0,00,4,00,C182,0000,1
17,00169E,0000,0000C184,00000062,00,03,02,80,00,0000,03C0,00,6,00,C184,0000,1
17,00169E,0000,0000C186,00000063,00,03,03,80,00,0000,03C0,00,6,00,C186,0000,1
17,00169E,0000,0000C188,00000064,00,03,04,80,00,0000,03C1,00,4,00,C188,0000,1
17,00169E,0000,0000C18A,00000065,00,03,05,80,00,0000,03C1,00,4,00,C18A,0000,1
17,00169E,0000,0000C18C,00000066,00,03,06,80,00,0000,03C1,00,6,00,C18C,0000,1
17,00169E,0000,0000C18E,00000067,00,03,07,80,00,0000,03C1,00,6,00,C18E,0000,1
17,00169E,0000,0000C190,00000068,00,03,08,80,00,0000,03C2,00,4,00,C190,0000,1
17,00169E,0000,0000C192,00000069,00,03,09,80,00,0000,03C2,00,4,00,C192,0000,1
17,00169E,0000,0000C194,0000006A,00,03,0A,80,00,0000,03C2,00,6,00,C194,0000,1
17,00169E,0000,0000C196,0000006B,00,03,0B,80,00,0000,03C2,00,6,00,C196,0000,1
17,00169E,0000,0000C198,0000006C,00,03,0C,80,00,0000,03C3,00,4,00,C198,0000,1
17,00169E,0000,0000C19A,0000006D,00,03,0D,80,00,0000,03C3,00,4,00,C19A,0000,1
17,00169E,0000,0000C19C,0000006E,00,03,0E,80,00,0000,03C3,00,6,00,C19C,0000,1
17,00169E,0000,0000C19E,0000006F,00,03,0F,80,00,0000,03C3,00,6,00,C19E,0000,1
17,00169E,0000,0000C1A0,00000070,00,03,10,80,00,0000,03C4,00,4,00,C1A0,0000,1
17,00169E,0000,0000C1A2,00000071,00,03,11,80,00,0000,03C4,00,4,00,C1A2,0000,1
17,00169E,0000,0000C1A4,00000072,00,03,12,80,00,0000,03C4,00,6,00,C1A4,0000,1
17,00169E,0000,0000C1A6,00000073,00,03,13,80,00,0000,03C4,00,6,00,C1A6,0000,1
17,00169E,0000,0000C1A8,00000074,00,03,14,80,00,0000,03C5,00,4,00,C1A8,0000,1
17,00169E,0000,0000C1AA,00000075,00,03,15,80,00,0000,03C5,00,4,00,C1AA,0000,1
17,00169E,0000,0000C1AC,00000076,00,03,16,80,00,0000,03C5,00,6,00,C1AC,0000,1
17,00169E,0000,0000C1AE,00000077,00,03,17,80,00,0000,03C5,00,6,00,C1AE,0000,1
17,00169E,0000,0000C1B0,00000078,00,03,18,80,00,0000,03C6,00,4,00,C1B0,0000,1
17,00169E,0000,0000C1B2,00000079,00,03,19,80,00,0000,03C6,00,4,00,C1B2,0000,1
17,00169E,0000,0000C1B4,0000007A,00,03,1A,80,00,0000,03C6,00,6,00,C1B4,0000,1
17,00169E,0000,0000C1B6,0000007B,00,03,1B,80,00,0000,03C6,00,6,00,C1B6,0000,1
17,00169E,0000,0000C1B8,0000007C,00,03,1C,80,00,0000,03C7,00,4,00,C1B8,0000,1
17,00169E,0000,0000C1BA,0000007D,00,03,1D,80,00,0000,03C7,00,4,00,C1BA,0000,1
17,00169E,0000,0000C1BC,0000007E,00,03,1E,80,00,0000,03C7,00,6,00,C1BC,0000,1
17,00169E,0000,0000C1BE,0000007F,00,03,1F,80,00,0000,03C7,00,6,00,C1BE,0000,1
17,00169E,0000,0000C200,00000080,00,04,00,80,00,0000,03C8,00,0,00,C200,0000,1
17,00169E,0000,0000C202,00000081,00,04,01,80,00,0000,03C8,00,0,00,C202,0000,1
17,00169E,0000,0000C204,00000082,00,04,02,80,00,0000,03C8,00,2,00,C204,0000,1
17,00169E,0000,0000C206,00000083,00,04,03,80,00,0000,03C8,00,2,00,C206,0000,1
17,00169E,0000,0000C208,00000084,00,04,04,80,00,0000,03C9,00,0,00,C208,0000,1
17,00169E,0000,0000C20A,00000085,00,04,05,80,00,0000,03C9,00,0,00,C20A,0000,1
17,00169E,0000,0000C20C,00000086,00,04,06,80,00,0000,03C9,00,2,00,C20C,0000,1
17,00169E,0000,0000C20E,00000087,00,04,07,80,00,0000,03C9,00,2,00,C20E,0000,1
17,00169E,0000,0000C210,00000088,00,04,08,80,00,0000,03CA,00,0,00,C210,0000,1
17,00169E,0000,0000C212,00000089,00,04,09,80,00,0000,03CA,00,0,00,C212,0000,1
17,00169E,0000,0000C214,0000008A,00,04,0A,80,00,0000,03CA,00,2,00,C214,0000,1
17,00169E,0000,0000C216,0000008B,00,04,0B,80,00,0000,03CA,00,2,00,C216,0000,1
17,00169E,0000,0000C218,0000008C,00,04,0C,80,00,0000,03CB,00,0,00,C218,0000,1
17,00169E,0000,0000C21A,0000008D,00,04,0D,80,00,0000,03CB,00,0,00,C21A,0000,1
17,00169E,0000,0000C21C,0000008E,00,04,0E,80,00,0000,03CB,00,2,00,C21C,0000,1
17,00169E,0000,0000C21E,0000008F,00,04,0F,80,00,0000,03CB,00,2,00,C21E,0000,1
17,00169E,0000,0000C220,00000090,00,04,10,80,00,0000,03CC,00,0,00,C220,0000,1
17,00169E,0000,0000C222,00000091,00,04,11,80,00,0000,03CC,00,0,00,C222,0000,1
17,00169E,0000,0000C224,00000092,00,04,12,80,00,0000,03CC,00,2,00,C224,0000,1
17,00169E,0000,0000C226,00000093,00,04,13,80,00,0000,03CC,00,2,00,C226,0000,1
17,00169E,0000,0000C228,00000094,00,04,14,80,00,0000,03CD,00,0,00,C228,0000,1
17,00169E,0000,0000C22A,00000095,00,04,15,80,00,0000,03CD,00,0,00,C22A,0000,1
17,00169E,0000,0000C22C,00000096,00,04,16,80,00,0000,03CD,00,2,00,C22C,0000,1
17,00169E,0000,0000C22E,00000097,00,04,17,80,00,0000,03CD,00,2,00,C22E,0000,1
17,00169E,0000,0000C230,00000098,00,04,18,80,00,0000,03CE,00,0,00,C230,0000,1
17,00169E,0000,0000C232,00000099,00,04,19,80,00,0000,03CE,00,0,00,C232,0000,1
17,00169E,0000,0000C234,0000009A,00,04,1A,80,00,0000,03CE,00,2,00,C234,0000,1
17,00169E,0000,0000C236,0000009B,00,04,1B,80,00,0000,03CE,00,2,00,C236,0000,1
17,00169E,0000,0000C238,0000009C,00,04,1C,80,00,0000,03CF,00,0,00,C238,0000,1
17,00169E,0000,0000C23A,0000009D,00,04,1D,80,00,0000,03CF,00,0,00,C23A,0000,1
17,00169E,0000,0000C23C,0000009E,00,04,1E,80,00,0000,03CF,00,2,00,C23C,0000,1
17,00169E,0000,0000C23E,0000009F,00,04,1F,80,00,0000,03CF,00,2,00,C23E,0000,1
17,00169E,0000,0000C280,000000A0,00,05,00,80,00,0000,03C8,00,0,00,C280,0000,1
17,00169E,0000,0000C282,000000A1,00,05,01,80,00,0000,03C8,00,0,00,C282,0000,1
17,00169E,0000,0000C284,000000A2,00,05,02,80,00,0000,03C8,00,2,00,C284,0000,1
17,00169E,0000,0000C286,000000A3,00,05,03,80,00,0000,03C8,00,2,00,C286,0000,1
17,00169E,0000,0000C288,000000A4,00,05,04,80,00,0000,03C9,00,0,00,C288,0000,1
18,00169E,0000,0000C28A,000000A5,00,05,05,80,00,0000,03C9,00,0,00,C28A,0000,1
18,00169E,0000,0000C28C,000000A6,00,05,06,80,00,0000,03C9,00,2,00,C28C,0000,1
18,00169E,0000,0000C28E,000000A7,00,05,07,80,00,0000,03C9,00,2,00,C28E,0000,1
18,00169E,0000,0000C290,000000A8,00,05,08,80,00,0000,03CA,00,0,00,C290,0000,1
18,00169E,0000,0000C292,000000A9,00,05,09,80,00,0000,03CA,00,0,00,C292,0000,1
18,00169E,0000,0000C294,000000AA,00,05,0A,80,00,0000,03CA,00,2,00,C294,0000,1
18,00169E,0000,0000C296,000000AB,00,05,0B,80,00,0000,03CA,00,2,00,C296,0000,1
18,00169E,0000,0000C298,000000AC,00,05,0C,80,00,0000,03CB,00,0,00,C298,0000,1
18,00169E,0000,0000C29A,000000AD,00,05,0D,80,00,0000,03CB,00,0,00,C29A,0000,1
18,00169E,0000,0000C29C,000000AE,00,05,0E,80,00,0000,03CB,00,2,00,C29C,0000,1
18,00169E,0000,0000C29E,000000AF,00,05,0F,80,00,0000,03CB,00,2,00,C29E,0000,1
18,00169E,0000,0000C2A0,000000B0,00,05,10,80,00,0000,03CC,00,0,00,C2A0,0000,1
18,00169E,0000,0000C2A2,000000B1,00,05,11,80,00,0000,03CC,00,0,00,C2A2,0000,1
18,00169E,0000,0000C2A4,000000B2,00,05,12,80,00,0000,03CC,00,2,00,C2A4,0000,1
18,00169E,0000,0000C2A6,000000B3,00,05,13,80,00,0000,03CC,00,2,00,C2A6,0000,1
18,00169E,0000,0000C2A8,000000B4,00,05,14,80,00,0000,03CD,00,0,00,C2A8,0000,1
18,00169E,0000,0000C2AA,000000B5,00,05,15,80,00,0000,03CD,00,0,00,C2AA,0000,1
18,00169E,0000,0000C2AC,000000B6,00,05,16,80,00,0000,03CD,00,2,00,C2AC,0000,1
18,00169E,0000,0000C2AE,000000B7,00,05,17,80,00,0000,03CD,00,2,00,C2AE,0000,1
18,00169E,0000,0000C2B0,000000B8,00,05,18,80,00,0000,03CE,00,0,00,C2B0,0000,1
18,00169E,0000,0000C2B2,000000B9,00,05,19,80,00,0000,03CE,00,0,00,C2B2,0000,1
18,00169E,0000,0000C2B4,000000BA,00,05,1A,80,00,0000,03CE,00,2,00,C2B4,0000,1
18,00169E,0000,0000C2B6,000000BB,00,05,1B,80,00,0000,03CE,00,2,00,C2B6,0000,1
18,00169E,0000,0000C2B8,000000BC,00,05,1C,80,00,0000,03CF,00,0,00,C2B8,0000,1
18,00169E,0000,0000C2BA,000000BD,00,05,1D,80,00,0000,03CF,00,0,00,C2BA,0000,1
18,00169E,0000,0000C2BC,000000BE,00,05,1E,80,00,0000,03CF,00,2,00,C2BC,0000,1
18,00169E,0000,0000C2BE,000000BF,00,05,1F,80,00,0000,03CF,00,2,00,C2BE,0000,1
18,00169E,0000,0000C300,000000C0,00,06,00,80,00,0000,03C8,00,4,00,C300,0000,1
18,00169E,0000,0000C302,000000C1,00,06,01,80,00,0000,03C8,00,4,00,C302,0000,1
18,00169E,0000,0000C304,000000C2,00,06,02,80,00,0000,03C8,00,6,00,C304,0000,1
18,00169E,0000,0000C306,000000C3,00,06,03,80,00,0000,03C8,00,6,00,C306,0000,1
18,00169E,0000,0000C308,000000C4,00,06,04,80,00,0000,03C9,00,4,00,C308,0000,1
18,00169E,0000,0000C30A,000000C5,00,06,05,80,00,0000,03C9,00,4,00,C30A,0000,1
18,00169E,0000,0000C30C,000000C6,00,06,06,80,00,0000,03C9,00,6,00,C30C,0000,1
18,00169E,0000,0000C30E,000000C7,00,06,07,80,00,0000,03C9,00,6,00,C30E,0000,1
18,00169E,0000,0000C310,000000C8,00,06,08,80,00,0000,03CA,00,4,00,C310,0000,1
18,00169E,0000,0000C312,000000C9,00,06,09,80,00,0000,03CA,00,4,00,C312,0000,1
18,00169E,0000,0000C314,000000CA,00,06,0A,80,00,0000,03CA,00,6,00,C314,0000,1
18,00169E,0000,0000C316,000000CB,00,06,0B,80,00,0000,03CA,00,6,00,C316,0000,1
18,00169E,0000,0000C318,000000CC,00,06,0C,80,00,0000,03CB,00,4,00,C318,0000,1
18,00169E,0000,0000C31A,000000CD,00,06,0D,80,00,0000,03CB,00,4,00,C31A,0000,1
18,00169E,0000,0000C31C,000000CE,00,06,0E,80,00,0000,03CB,00,6,00,C31C,0000,1
18,00169E,0000,0000C31E,000000CF,00,06,0F,80,00,0000,03CB,00,6,00,C31E,0000,1
18,00169E,0000,0000C320,000000D0,00,06,10,80,00,0000,03CC,00,4,00,C320,0000,1
18,00169E,0000,0000C322,000000D1,00,06,11,80,00,0000,03CC,00,4,00,C322,0000,1
18,00169E,0000,0000C324,000000D2,00,06,12,80,00,0000,03CC,00,6,00,C324,0000,1
18,00169E,0000,0000C326,000000D3,00,06,13,80,00,0000,03CC,00,6,00,C326,0000,1
18,00169E,0000,0000C328,000000D4,00,06,14,80,00,0000,03CD,00,4,00,C328,0000,1
18,00169E,0000,0000C32A,000000D5,00,06,15,80,00,0000,03CD,00,4,00,C32A,0000,1
18,00169E,0000,0000C32C,000000D6,00,06,16,80,00,0000,03CD,00,6,00,C32C,0000,1
18,00169E,0000,0000C32E,000000D7,00,06,17,80,00,0000,03CD,00,6,00,C32E,0000,1
18,00169E,0000,0000C330,000000D8,00,06,18,80,00,0000,03CE,00,4,00,C330,0000,1
18,00169E,0000,0000C332,000000D9,00,06,19,80,00,0000,03CE,00,4,00,C332,0000,1
18,00169E,0000,0000C334,000000DA,00,06,1A,80,00,0000,03CE,00,6,00,C334,0000,1
18,00169E,0000,0000C336,000000DB,00,06,1B,80,00,0000,03CE,00,6,00,C336,0000,1
18,00169E,0000,0000C338,000000DC,00,06,1C,80,00,0000,03CF,00,4,00,C338,0000,1
18,00169E,0000,0000C33A,000000DD,00,06,1D,80,00,0000,03CF,00,4,00,C33A,0000,1
18,00169E,0000,0000C33C,000000DE,00,06,1E,80,00,0000,03CF,00,6,00,C33C,0000,1
18,00169E,0000,0000C33E,000000DF,00,06,1F,80,00,0000,03CF,00,6,00,C33E,0000,1
18,00169E,0000,0000C380,000000E0,00,07,00,80,00,0000,03C8,00,4,00,C380,0000,1
18,00169E,0000,0000C382,000000E1,00,07,01,80,00,0000,03C8,00,4,00,C382,0000,1
18,00169E,0000,0000C384,000000E2,00,07,02,80,00,0000,03C8,00,6,00,C384,0000,1
18,00169E,0000,0000C386,000000E3,00,07,03,80,00,0000,03C8,00,6,00,C386,0000,1
18,00169E,0000,0000C388,000000E4,00,07,04,80,00,0000,03C9,00,4,00,C388,0000,1
18,00169E,0000,0000C38A,000000E5,00,07,05,80,00,0000,03C9,00,4,00,C38A,0000,1
18,00169E,0000,0000C38C,000000E6,00,07,06,80,00,0000,03C9,00,6,00,C38C,0000,1
18,00169E,0000,0000C38E,000000E7,00,07,07,80,00,0000,03C9,00,6,00,C38E,0000,1
18,00169E,0000,0000C390,000000E8,00,07,08,80,00,0000,03CA,00,4,00,C390,0000,1
18,00169E,0000,0000C392,000000E9,00,07,09,80,00,0000,03CA,00,4,00,C392,0000,1
18,00169E,0000,0000C394,000000EA,00,07,0A,80,00,0000,03CA,00,6,00,C394,0000,1
18,00169E,0000,0000C396,000000EB,00,07,0B,80,00,0000,03CA,00,6,00,C396,0000,1
18,00169E,0000,0000C398,000000EC,00,07,0C,80,00,0000,03CB,00,4,00,C398,0000,1
18,00169E,0000,0000C39A,000000ED,00,07,0D,80,00,0000,03CB,00,4,00,C39A,0000,1
18,00169E,0000,0000C39C,000000EE,00,07,0E,80,00,0000,03CB,00,6,00,C39C,0000,1
18,00169E,0000,0000C39E,000000EF,00,07,0F,80,00,0000,03CB,00,6,00,C39E,0000,1
18,00169E,0000,0000C3A0,000000F0,00,07,10,80,00,0000,03CC,00,4,00,C3A0,0000,1
18,00169E,0000,0000C3A2,000000F1,00,07,11,80,00,0000,03CC,00,4,00,C3A2,0000,1
18,00169E,0000,0000C3A4,000000F2,00,07,12,80,00,0000,03CC,00,6,00,C3A4,0000,1
18,00169E,0000,0000C3A6,000000F3,00,07,13,80,00,0000,03CC,00,6,00,C3A6,0000,1
18,00169E,0000,0000C3A8,000000F4,00,07,14,80,00,0000,03CD,00,4,00,C3A8,0000,1
18,00169E,0000,0000C3AA,000000F5,00,07,15,80,00,0000,03CD,00,4,00,C3AA,0000,1
18,00169E,0000,0000C3AC,000000F6,00,07,16,80,00,0000,03CD,00,6,00,C3AC,0000,1
18,00169E,0000,0000C3AE,000000F7,00,07,17,80,00,0000,03CD,00,6,00,C3AE,0000,1
18,00169E,0000,0000C3B0,000000F8,00,07,18,80,00,0000,03CE,00,4,00,C3B0,0000,1
18,00169E,0000,0000C3B2,000000F9,00,07,19,80,00,0000,03CE,00,4,00,C3B2,0000,1
18,00169E,0000,0000C3B4,000000FA,00,07,1A,80,00,0000,03CE,00,6,00,C3B4,0000,1
18,00169E,0000,0000C3B6,000000FB,00,07,1B,80,00,0000,03CE,00,6,00,C3B6,0000,1
18,00169E,0000,0000C3B8,000000FC,00,07,1C,80,00,0000,03CF,00,4,00,C3B8,0000,1
18,00169E,0000,0000C3BA,000000FD,00,07,1D,80,00,0000,03CF,00,4,00,C3BA,0000,1
18,00169E,0000,0000C3BC,000000FE,00,07,1E,80,00,0000,03CF,00,6,00,C3BC,0000,1
18,00169E,0000,0000C3BE,000000FF,00,07,1F,80,00,0000,03CF,00,6,00,C3BE,0000,1
18,00169E,0000,0000C400,00000100,00,08,00,80,00,0000,03D0,00,0,00,C400,0000,1
18,00169E,0000,0000C402,00000101,00,08,01,80,00,0000,03D0,00,0,00,C402,0000,1
18,00169E,0000,0000C404,00000102,00,08,02,80,00,0000,03D0,00,2,00,C404,0000,1
18,00169E,0000,0000C406,00000103,00,08,03,80,00,0000,03D0,00,2,00,C406,0000,1
18,00169E,0000,0000C408,00000104,00,08,04,80,00,0000,03D1,00,0,00,C408,0000,1
18,00169E,0000,0000C40A,00000105,00,08,05,80,00,0000,03D1,00,0,00,C40A,0000,1
18,00169E,0000,0000C40C,00000106,00,08,06,80,00,0000,03D1,00,2,00,C40C,0000,1
18,00169E,0000,0000C40E,00000107,00,08,07,80,00,0000,03D1,00,2,00,C40E,0000,1
18,00169E,0000,0000C410,00000108,00,08,08,80,00,0000,03D2,00,0,00,C410,0000,1
18,00169E,0000,0000C412,00000109,00,08,09,80,00,0000,03D2,00,0,00,C412,0000,1
18,00169E,0000,0000C414,0000010A,00,08,0A,80,00,0000,03D2,00,2,00,C414,0000,1
18,00169E,0000,0000C416,0000010B,00,08,0B,80,00,0000,03D2,00,2,00,C416,0000,1
18,00169E,0000,0000C418,0000010C,00,08,0C,80,00,0000,03D3,00,0,00,C418,0000,1
18,00169E,0000,0000C41A,0000010D,00,08,0D,80,00,0000,03D3,00,0,00,C41A,0000,1
18,00169E,0000,0000C41C,0000010E,00,08,0E,80,00,0000,03D3,00,2,00,C41C,0000,1
18,00169E,0000,0000C41E,0000010F,00,08,0F,80,00,0000,03D3,00,2,00,C41E,0000,1
18,00169E,0000,0000C420,00000110,00,08,10,80,00,0000,03D4,00,0,00,C420,0000,1
18,00169E,0000,0000C422,00000111,00,08,11,80,00,0000,03D4,00,0,00,C422,0000,1
18,00169E,0000,0000C424,00000112,00,08,12,80,00,0000,03D4,00,2,00,C424,0000,1
18,00169E,0000,0000C426,00000113,00,08,13,80,00,0000,03D4,00,2,00,C426,0000,1
18,00169E,0000,0000C428,00000114,00,08,14,80,00,0000,03D5,00,0,00,C428,0000,1
18,00169E,0000,0000C42A,00000115,00,08,15,80,00,0000,03D5,00,0,00,C42A,0000,1
18,00169E,0000,0000C42C,00000116,00,08,16,80,00,0000,03D5,00,2,00,C42C,0000,1
18,00169E,0000,0000C42E,00000117,00,08,17,80,00,0000,03D5,00,2,00,C42E,0000,1
18,00169E,0000,0000C430,00000118,00,08,18,80,00,0000,03D6,00,0,00,C430,0000,1
18,00169E,0000,0000C432,00000119,00,08,19,80,00,0000,03D6,00,0,00,C432,0000,1
18,00169E,0000,0000C434,0000011A,00,08,1A,80,00,0000,03D6,00,2,00,C434,0000,1
18,00169E,0000,0000C436,0000011B,00,08,1B,80,00,0000,03D6,00,2,00,C436,0000,1
18,00169E,0000,0000C438,0000011C,00,08,1C,80,00,0000,03D7,00,0,00,C438,0000,1
18,00169E,0000,0000C43A,0000011D,00,08,1D,80,00,0000,03D7,00,0,00,C43A,0000,1
18,00169E,0000,0000C43C,0000011E,00,08,1E,80,00,0000,03D7,00,2,00,C43C,0000,1
18,00169E,0000,0000C43E,0000011F,00,08,1F,80,00,0000,03D7,00,2,00,C43E,0000,1
18,00169E,0000,0000C480,00000120,00,09,00,80,00,0000,03D0,00,0,00,C480,0000,1
18,00169E,0000,0000C482,00000121,00,09,01,80,00,0000,03D0,00,0,00,C482,0000,1
18,00169E,0000,0000C484,00000122,00,09,02,80,00,0000,03D0,00,2,00,C484,0000,1
18,00169E,0000,0000C486,00000123,00,09,03,80,00,0000,03D0,00,2,00,C486,0000,1
18,00169E,0000,0000C488,00000124,00,09,04,80,00,0000,03D1,00,0,00,C488,0000,1
18,00169E,0000,0000C48A,00000125,00,09,05,80,00,0000,03D1,00,0,00,C48A,0000,1
18,00169E,0000,0000C48C,00000126,00,09,06,80,00,0000,03D1,00,2,00,C48C,0000,1
18,00169E,0000,0000C48E,00000127,00,09,07,80,00,0000,03D1,00,2,00,C48E,0000,1
18,00169E,0000,0000C490,00000128,00,09,08,80,00,0000,03D2,00,0,00,C490,0000,1
18,00169E,0000,0000C492,00000129,00,09,09,80,00,0000,03D2,00,0,00,C492,0000,1
18,00169E,0000,0000C494,0000012A,00,09,0A,80,00,0000,03D2,00,2,00,C494,0000,1
18,00169E,0000,0000C496,0000012B,00,09,0B,80,00,0000,03D2,00,2,00,C496,0000,1
18,00169E,0000,0000C498,0000012C,00,09,0C,80,00,0000,03D3,00,0,00,C498,0000,1
18,00169E,0000,0000C49A,0000012D,00,09,0D,80,00,0000,03D3,00,0,00,C49A,0000,1
18,00169E,0000,0000C49C,0000012E,00,09,0E,80,00,0000,03D3,00,2,00,C49C,0000,1
18,00169E,0000,0000C49E,0000012F,00,09,0F,80,00,0000,03D3,00,2,00,C49E,0000,1
18,00169E,0000,0000C4A0,00000130,00,09,10,80,00,0000,03D4,00,0,00,C4A0,0000,1
18,00169E,0000,0000C4A2,00000131,00,09,11,80,00,0000,03D4,00,0,00,C4A2,0000,1
18,00169E,0000,0000C4A4,00000132,00,09,12,80,00,0000,03D4,00,2,00,C4A4,0000,1
18,00169E,0000,0000C4A6,00000133,00,09,13,80,00,0000,03D4,00,2,00,C4A6,0000,1
18,00169E,0000,0000C4A8,00000134,00,09,14,80,00,0000,03D5,00,0,00,C4A8,0000,1
18,00169E,0000,0000C4AA,00000135,00,09,15,80,00,0000,03D5,00,0,00,C4AA,0000,1
18,00169E,0000,0000C4AC,00000136,00,09,16,80,00,0000,03D5,00,2,00,C4AC,0000,1
18,00169E,0000,0000C4AE,00000137,00,09,17,80,00,0000,03D5,00,2,00,C4AE,0000,1
18,00169E,0000,0000C4B0,00000138,00,09,18,80,00,0000,03D6,00,0,00,C4B0,0000,1
18,00169E,0000,0000C4B2,00000139,00,09,19,80,00,0000,03D6,00,0,00,C4B2,0000,1
18,00169E,0000,0000C4B4,0000013A,00,09,1A,80,00,0000,03D6,00,2,00,C4B4,0000,1
18,00169E,0000,0000C4B6,0000013B,00,09,1B,80,00,0000,03D6,00,2,00,C4B6,0000,1
18,00169E,0000,0000C4B8,0000013C,00,09,1C,80,00,0000,03D7,00,0,00,C4B8,0000,1
18,00169E,0000,0000C4BA,0000013D,00,09,1D,80,00,0000,03D7,00,0,00,C4BA,0000,1
18,00169E,0000,0000C4BC,0000013E,00,09,1E,80,00,0000,03D7,00,2,00,C4BC,0000,1
18,00169E,0000,0000C4BE,0000013F,00,09,1F,80,00,0000,03D7,00,2,00,C4BE,0000,1
18,00169E,0000,0000C500,00000140,00,0A,00,80,00,0000,03D0,00,4,00,C500,0000,1
18,00169E,0000,0000C502,00000141,00,0A,01,80,00,0000,03D0,00,4,00,C502,0000,1
18,00169E,0000,0000C504,00000142,00,0A,02,80,00,0000,03D0,00,6,00,C504,0000,1
18,00169E,0000,0000C506,00000143,00,0A,03,80,00,0000,03D0,00,6,00,C506,0000,1
18,00169E,0000,0000C508,00000144,00,0A,04,80,00,0000,03D1,00,4,00,C508,0000,1
18,00169E,0000,0000C50A,00000145,00,0A,05,80,00,0000,03D1,00,4,00,C50A,0000,1
18,00169E,0000,0000C50C,00000146,00,0A,06,80,00,0000,03D1,00,6,00,C50C,0000,1
18,00169E,0000,0000C50E,00000147,00,0A,07,80,00,0000,03D1,00,6,00,C50E,0000,1
18,00169E,0000,0000C510,00000148,00,0A,08,80,00,0000,03D2,00,4,00,C510,0000,1
18,00169E,0000,0000C512,00000149,00,0A,09,80,00,0000,03D2,00,4,00,C512,0000,1
18,00169E,0000,0000C514,0000014A,00,0A,0A,80,00,0000,03D2,00,6,00,C514,0000,1
18,00169E,0000,0000C516,0000014B,00,0A,0B,80,00,0000,03D2,00,6,00,C516,0000,1
18,00169E,0000,0000C518,0000014C,00,0A,0C,80,00,0000,03D3,00,4,00,C518,0000,1
18,00169E,0000,0000C51A,0000014D,00,0A,0D,80,00,0000,03D3,00,4,00,C51A,0000,1
18,00169E,0000,0000C51C,0000014E,00,0A,0E,80,00,0000,03D3,00,6,00,C51C,0000,1
18,00169E,0000,0000C51E,0000014F,00,0A,0F,80,00,0000,03D3,00,6,00,C51E,0000,1
18,00169E,0000,0000C520,00000150,00,0A,10,80,00,0000,03D4,00,4,00,C520,0000,1
18,00169E,0000,0000C522,00000151,00,0A,11,80,00,0000,03D4,00,4,00,C522,0000,1
18,00169E,0000,0000C524,00000152,00,0A,12,80,00,0000,03D4,00,6,00,C524,0000,1
18,00169E,0000,0000C526,00000153,00,0A,13,80,00,0000,03D4,00,6,00,C526,0000,1
18,00169E,0000,0000C528,00000154,00,0A,14,80,00,0000,03D5,00,4,00,C528,0000,1
18,00169E,0000,0000C52A,00000155,00,0A,15,80,00,0000,03D5,00,4,00,C52A,0000,1
18,00169E,0000,0000C52C,00000156,00,0A,16,80,00,0000,03D5,00,6,00,C52C,0000,1
18,00169E,0000,0000C52E,00000157,00,0A,17,80,00,0000,03D5,00,6,00,C52E,0000,1
18,00169E,0000,0000C530,00000158,00,0A,18,80,00,0000,03D6,00,4,00,C530,0000,1
18,00169E,0000,0000C532,00000159,00,0A,19,80,00,0000,03D6,00,4,00,C532,0000,1
18,00169E,0000,0000C534,0000015A,00,0A,1A,80,00,0000,03D6,00,6,00,C534,0000,1
18,00169E,0000,0000C536,0000015B,00,0A,1B,80,00,0000,03D6,00,6,00,C536,0000,1
18,00169E,0000,0000C538,0000015C,00,0A,1C,80,00,0000,03D7,00,4,00,C538,0000,1
18,00169E,0000,0000C53A,0000015D,00,0A,1D,80,00,0000,03D7,00,4,00,C53A,0000,1
18,00169E,0000,0000C53C,0000015E,00,0A,1E,80,00,0000,03D7,00,6,00,C53C,0000,1
18,00169E,0000,0000C53E,0000015F,00,0A,1F,80,00,0000,03D7,00,6,00,C53E,0000,1
18,00169E,0000,0000C580,00000160,00,0B,00,80,00,0000,03D0,00,4,00,C580,0000,1
18,00169E,0000,0000C582,00000161,00,0B,01,80,00,0000,03D0,00,4,00,C582,0000,1
18,00169E,0000,0000C584,00000162,00,0B,02,80,00,0000,03D0,00,6,00,C584,0000,1
18,00169E,0000,0000C586,00000163,00,0B,03,80,00,0000,03D0,00,6,00,C586,0000,1
18,00169E,0000,0000C588,00000164,00,0B,04,80,00,0000,03D1,00,4,00,C588,0000,1
18,00169E,0000,0000C58A,00000165,00,0B,05,80,00,0000,03D1,00,4,00,C58A,0000,1
18,00169E,0000,0000C58C,00000166,00,0B,06,80,00,0000,03D1,00,6,00,C58C,0000,1
18,00169E,0000,0000C58E,00000167,00,0B,07,80,00,0000,03D1,00,6,00,C58E,0000,1
19,00169E,0000,0000C590,00000168,00,0B,08,80,00,0000,03D2,00,4,00,C590,0000,1
19,00169E,0000,0000C592,00000169,00,0B,09,80,00,0000,03D2,00,4,00,C592,0000,1
19,00169E,0000,0000C594,0000016A,00,0B,0A,80,00,0000,03D2,00,6,00,C594,0000,1
19,00169E,0000,0000C596,0000016B,00,0B,0B,80,00,0000,03D2,00,6,00,C596,0000,1
19,00169E,0000,0000C598,0000016C,00,0B,0C,80,00,0000,03D3,00,4,00,C598,0000,1
19,00169E,0000,0000C59A,0000016D,00,0B,0D,80,00,0000,03D3,00,4,00,C59A,0000,1
19,00169E,0000,0000C59C,0000016E,00,0B,0E,80,00,0000,03D3,00,6,00,C59C,0000,1
19,00169E,0000,0000C59E,0000016F,00,0B,0F,80,00,0000,03D3,00,6,00,C59E,0000,1
19,00169E,0000,0000C5A0,00000170,00,0B,10,80,00,0000,03D4,00,4,00,C5A0,0000,1
19,00169E,0000,0000C5A2,00000171,00,0B,11,80,00,0000,03D4,00,4,00,C5A2,0000,1
19,00169E,0000,0000C5A4,00000172,00,0B,12,80,00,0000,03D4,00,6,00,C5A4,0000,1
19,00169E,0000,0000C5A6,00000173,00,0B,13,80,00,0000,03D4,00,6,00,C5A6,0000,1
19,00169E,0000,0000C5A8,00000174,00,0B,14,80,00,0000,03D5,00,4,00,C5A8,0000,1
19,00169E,0000,0000C5AA,00000175,00,0B,15,80,00,0000,03D5,00,4,00,C5AA,0000,1
19,00169E,0000,0000C5AC,00000176,00,0B,16,80,00,0000,03D5,00,6,00,C5AC,0000,1
19,00169E,0000,0000C5AE,00000177,00,0B,17,80,00,0000,03D5,00,6,00,C5AE,0000,1
19,00169E,0000,0000C5B0,00000178,00,0B,18,80,00,0000,03D6,00,4,00,C5B0,0000,1
19,00169E,0000,0000C5B2,00000179,00,0B,19,80,00,0000,03D6,00,4,00,C5B2,0000,1
19,00169E,0000,0000C5B4,0000017A,00,0B,1A,80,00,0000,03D6,00,6,00,C5B4,0000,1
19,00169E,0000,0000C5B6,0000017B,00,0B,1B,80,00,0000,03D6,00,6,00,C5B6,0000,1
19,00169E,0000,0000C5B8,0000017C,00,0B,1C,80,00,0000,03D7,00,4,00,C5B8,0000,1
19,00169E,0000,0000C5BA,0000017D,00,0B,1D,80,00,0000,03D7,00,4,00,C5BA,0000,1
19,00169E,0000,0000C5BC,0000017E,00,0B,1E,80,00,0000,03D7,00,6,00,C5BC,0000,1
19,00169E,0000,0000C5BE,0000017F,00,0B,1F,80,00,0000,03D7,00,6,00,C5BE,0000,1
19,00169E,0000,0000C600,00000180,00,0C,00,80,00,0000,03D8,00,0,00,C600,0000,1
19,00169E,0000,0000C602,00000181,00,0C,01,80,00,0000,03D8,00,0,00,C602,0000,1
19,00169E,0000,0000C604,00000182,00,0C,02,80,00,0000,03D8,00,2,00,C604,0000,1
19,00169E,0000,0000C606,00000183,00,0C,03,80,00,0000,03D8,00,2,00,C606,0000,1
19,00169E,0000,0000C608,00000184,00,0C,04,80,00,0000,03D9,00,0,00,C608,0000,1
19,00169E,0000,0000C60A,00000185,00,0C,05,80,00,0000,03D9,00,0,00,C60A,0000,1
19,00169E,0000,0000C60C,00000186,00,0C,06,80,00,0000,03D9,00,2,00,C60C,0000,1
19,00169E,0000,0000C60E,00000187,00,0C,07,80,00,0000,03D9,00,2,00,C60E,0000,1
19,00169E,0000,0000C610,00000188,00,0C,08,80,00,0000,03DA,00,0,00,C610,0000,1
19,00169E,0000,0000C612,00000189,00,0C,09,80,00,0000,03DA,00,0,00,C612,0000,1
19,00169E,0000,0000C614,0000018A,00,0C,0A,80,00,0000,03DA,00,2,00,C614,0000,1
19,00169E,0000,0000C616,0000018B,00,0C,0B,80,00,0000,03DA,00,2,00,C616,0000,1
19,00169E,0000,0000C618,0000018C,00,0C,0C,80,00,0000,03DB,00,0,00,C618,0000,1
19,00169E,0000,0000C61A,0000018D,00,0C,0D,80,00,0000,03DB,00,0,00,C61A,0000,1
19,00169E,0000,0000C61C,0000018E,00,0C,0E,80,00,0000,03DB,00,2,00,C61C,0000,1
19,00169E,0000,0000C61E,0000018F,00,0C,0F,80,00,0000,03DB,00,2,00,C61E,0000,1
19,00169E,0000,0000C620,00000190,00,0C,10,80,00,0000,03DC,00,0,00,C620,0000,1
19,00169E,0000,0000C622,00000191,00,0C,11,80,00,0000,03DC,00,0,00,C622,0000,1
19,00169E,0000,0000C624,00000192,00,0C,12,80,00,0000,03DC,00,2,00,C624,0000,1
19,00169E,0000,0000C626,00000193,00,0C,13,80,00,0000,03DC,00,2,00,C626,0000,1
19,00169E,0000,0000C628,00000194,00,0C,14,80,00,0000,03DD,00,0,00,C628,0000,1
19,00169E,0000,0000C62A,00000195,00,0C,15,80,00,0000,03DD,00,0,00,C62A,0000,1
19,00169E,0000,0000C62C,00000196,00,0C,16,80,00,0000,03DD,00,2,00,C62C,0000,1
19,00169E,0000,0000C62E,00000197,00,0C,17,80,00,0000,03DD,00,2,00,C62E,0000,1
19,00169E,0000,0000C630,00000198,00,0C,18,80,00,0000,03DE,00,0,00,C630,0000,1
19,00169E,0000,0000C632,00000199,00,0C,19,80,00,0000,03DE,00,0,00,C632,0000,1
19,00169E,0000,0000C634,0000019A,00,0C,1A,80,00,0000,03DE,00,2,00,C634,0000,1
19,00169E,0000,0000C636,0000019B,00,0C,1B,80,00,0000,03DE,00,2,00,C636,0000,1
19,00169E,0000,0000C638,0000019C,00,0C,1C,80,00,0000,03DF,00,0,00,C638,0000,1
19,00169E,0000,0000C63A,0000019D,00,0C,1D,80,00,0000,03DF,00,0,00,C63A,0000,1
19,00169E,0000,0000C63C,0000019E,00,0C,1E,80,00,0000,03DF,00,2,00,C63C,0000,1
19,00169E,0000,0000C63E,0000019F,00,0C,1F,80,00,0000,03DF,00,2,00,C63E,0000,1
19,00169E,0000,0000C680,000001A0,00,0D,00,80,00,0000,03D8,00,0,00,C680,0000,1
19,00169E,0000,0000C682,000001A1,00,0D,01,80,00,0000,03D8,00,0,00,C682,0000,1
19,00169E,0000,0000C684,000001A2,00,0D,02,80,00,0000,03D8,00,2,00,C684,0000,1
19,00169E,0000,0000C686,000001A3,00,0D,03,80,00,0000,03D8,00,2,00,C686,0000,1
19,00169E,0000,0000C688,000001A4,00,0D,04,80,00,0000,03D9,00,0,00,C688,0000,1
19,00169E,0000,0000C68A,000001A5,00,0D,05,80,00,0000,03D9,00,0,00,C68A,0000,1
19,00169E,0000,0000C68C,000001A6,00,0D,06,80,00,0000,03D9,00,2,00,C68C,0000,1
19,00169E,0000,0000C68E,000001A7,00,0D,07,80,00,0000,03D9,00,2,00,C68E,0000,1
19,00169E,0000,0000C690,000001A8,00,0D,08,80,00,0000,03DA,00,0,00,C690,0000,1
19,00169E,0000,0000C692,000001A9,00,0D,09,80,00,0000,03DA,00,0,00,C692,0000,1
19,00169E,0000,0000C694,000001AA,00,0D,0A,80,00,0000,03DA,00,2,00,C694,0000,1
19,00169E,0000,0000C696,000001AB,00,0D,0B,80,00,0000,03DA,00,2,00,C696,0000,1
19,00169E,0000,0000C698,000001AC,00,0D,0C,80,00,0000,03DB,00,0,00,C698,0000,1
19,00169E,0000,0000C69A,000001AD,00,0D,0D,80,00,0000,03DB,00,0,00,C69A,0000,1
19,00169E,0000,0000C69C,000001AE,00,0D,0E,80,00,0000,03DB,00,2,00,C69C,0000,1
19,00169E,0000,0000C69E,000001AF,00,0D,0F,80,00,0000,03DB,00,2,00,C69E,0000,1
19,00169E,0000,0000C6A0,000001B0,00,0D,10,80,00,0000,03DC,00,0,00,C6A0,0000,1
19,00169E,0000,0000C6A2,000001B1,00,0D,11,80,00,0000,03DC,00,0,00,C6A2,0000,1
19,00169E,0000,0000C6A4,000001B2,00,0D,12,80,00,0000,03DC,00,2,00,C6A4,0000,1
19,00169E,0000,0000C6A6,000001B3,00,0D,13,80,00,0000,03DC,00,2,00,C6A6,0000,1
19,00169E,0000,0000C6A8,000001B4,00,0D,14,80,00,0000,03DD,00,0,00,C6A8,0000,1
19,00169E,0000,0000C6AA,000001B5,00,0D,15,80,00,0000,03DD,00,0,00,C6AA,0000,1
19,00169E,0000,0000C6AC,000001B6,00,0D,16,80,00,0000,03DD,00,2,00,C6AC,0000,1
19,00169E,0000,0000C6AE,000001B7,00,0D,17,80,00,0000,03DD,00,2,00,C6AE,0000,1
19,00169E,0000,0000C6B0,000001B8,00,0D,18,80,00,0000,03DE,00,0,00,C6B0,0000,1
19,00169E,0000,0000C6B2,000001B9,00,0D,19,80,00,0000,03DE,00,0,00,C6B2,0000,1
19,00169E,0000,0000C6B4,000001BA,00,0D,1A,80,00,0000,03DE,00,2,00,C6B4,0000,1
19,00169E,0000,0000C6B6,000001BB,00,0D,1B,80,00,0000,03DE,00,2,00,C6B6,0000,1
19,00169E,0000,0000C6B8,000001BC,00,0D,1C,80,00,0000,03DF,00,0,00,C6B8,0000,1
19,00169E,0000,0000C6BA,000001BD,00,0D,1D,80,00,0000,03DF,00,0,00,C6BA,0000,1
19,00169E,0000,0000C6BC,000001BE,00,0D,1E,80,00,0000,03DF,00,2,00,C6BC,0000,1
19,00169E,0000,0000C6BE,000001BF,00,0D,1F,80,00,0000,03DF,00,2,00,C6BE,0000,1
19,00169E,0000,0000C700,000001C0,00,0E,00,80,00,0000,03D8,00,4,00,C700,0000,1
19,00169E,0000,0000C702,000001C1,00,0E,01,80,00,0000,03D8,00,4,00,C702,0000,1
19,00169E,0000,0000C704,000001C2,00,0E,02,80,00,0000,03D8,00,6,00,C704,0000,1
19,00169E,0000,0000C706,000001C3,00,0E,03,80,00,0000,03D8,00,6,00,C706,0000,1
19,00169E,0000,0000C708,000001C4,00,0E,04,80,00,0000,03D9,00,4,00,C708,0000,1
19,00169E,0000,0000C70A,000001C5,00,0E,05,80,00,0000,03D9,00,4,00,C70A,0000,1
19,00169E,0000,0000C70C,000001C6,00,0E,06,80,00,0000,03D9,00,6,00,C70C,0000,1
19,00169E,0000,0000C70E,000001C7,00,0E,07,80,00,0000,03D9,00,6,00,C70E,0000,1
19,00169E,0000,0000C710,000001C8,00,0E,08,80,00,0000,03DA,00,4,00,C710,0000,1
19,00169E,0000,0000C712,000001C9,00,0E,09,80,00,0000,03DA,00,4,00,C712,0000,1
19,00169E,0000,0000C714,000001CA,00,0E,0A,80,00,0000,03DA,00,6,00,C714,0000,1
19,00169E,0000,0000C716,000001CB,00,0E,0B,80,00,0000,03DA,00,6,00,C716,0000,1
19,00169E,0000,0000C718,000001CC,00,0E,0C,80,00,0000,03DB,00,4,00,C718,0000,1
19,00169E,0000,0000C71A,000001CD,00,0E,0D,80,00,0000,03DB,00,4,00,C71A,0000,1
19,00169E,0000,0000C71C,000001CE,00,0E,0E,80,00,0000,03DB,00,6,00,C71C,0000,1
19,00169E,0000,0000C71E,000001CF,00,0E,0F,80,00,0000,03DB,00,6,00,C71E,0000,1
19,00169E,0000,0000C720,000001D0,00,0E,10,80,00,0000,03DC,00,4,00,C720,0000,1
19,00169E,0000,0000C722,000001D1,00,0E,11,80,00,0000,03DC,00,4,00,C722,0000,1
19,00169E,0000,0000C724,000001D2,00,0E,12,80,00,0000,03DC,00,6,00,C724,0000,1
19,00169E,0000,0000C726,000001D3,00,0E,13,80,00,0000,03DC,00,6,00,C726,0000,1
19,00169E,0000,0000C728,000001D4,00,0E,14,80,00,0000,03DD,00,4,00,C728,0000,1
19,00169E,0000,0000C72A,000001D5,00,0E,15,80,00,0000,03DD,00,4,00,C72A,0000,1
19,00169E,0000,0000C72C,000001D6,00,0E,16,80,00,0000,03DD,00,6,00,C72C,0000,1
19,00169E,0000,0000C72E,000001D7,00,0E,17,80,00,0000,03DD,00,6,00,C72E,0000,1
19,00169E,0000,0000C730,000001D8,00,0E,18,80,00,0000,03DE,00,4,00,C730,0000,1
19,00169E,0000,0000C732,000001D9,00,0E,19,80,00,0000,03DE,00,4,00,C732,0000,1
19,00169E,0000,0000C734,000001DA,00,0E,1A,80,00,0000,03DE,00,6,00,C734,0000,1
19,00169E,0000,0000C736,000001DB,00,0E,1B,80,00,0000,03DE,00,6,00,C736,0000,1
19,00169E,0000,0000C738,000001DC,00,0E,1C,80,00,0000,03DF,00,4,00,C738,0000,1
19,00169E,0000,0000C73A,000001DD,00,0E,1D,80,00,0000,03DF,00,4,00,C73A,0000,1
19,00169E,0000,0000C73C,000001DE,00,0E,1E,80,00,0000,03DF,00,6,00,C73C,0000,1
19,00169E,0000,0000C73E,000001DF,00,0E,1F,80,00,0000,03DF,00,6,00,C73E,0000,1
19,00169E,0000,0000C780,000001E0,00,0F,00,80,00,0000,03D8,00,4,00,C780,0000,1
19,00169E,0000,0000C782,000001E1,00,0F,01,80,00,0000,03D8,00,4,00,C782,0000,1
19,00169E,0000,0000C784,000001E2,00,0F,02,80,00,0000,03D8,00,6,00,C784,0000,1
19,00169E,0000,0000C786,000001E3,00,0F,03,80,00,0000,03D8,00,6,00,C786,0000,1
19,00169E,0000,0000C788,000001E4,00,0F,04,80,00,0000,03D9,00,4,00,C788,0000,1
19,00169E,0000,0000C78A,000001E5,00,0F,05,80,00,0000,03D9,00,4,00,C78A,0000,1
19,00169E,0000,0000C78C,000001E6,00,0F,06,80,00,0000,03D9,00,6,00,C78C,0000,1
19,00169E,0000,0000C78E,000001E7,00,0F,07,80,00,0000,03D9,00,6,00,C78E,0000,1
19,00169E,0000,0000C790,000001E8,00,0F,08,80,00,0000,03DA,00,4,00,C790,0000,1
19,00169E,0000,0000C792,000001E9,00,0F,09,80,00,0000,03DA,00,4,00,C792,0000,1
19,00169E,0000,0000C794,000001EA,00,0F,0A,80,00,0000,03DA,00,6,00,C794,0000,1
19,00169E,0000,0000C796,000001EB,00,0F,0B,80,00,0000,03DA,00,6,00,C796,0000,1
19,00169E,0000,0000C798,000001EC,00,0F,0C,80,00,0000,03DB,00,4,00,C798,0000,1
19,00169E,0000,0000C79A,000001ED,00,0F,0D,80,00,0000,03DB,00,4,00,C79A,0000,1
19,00169E,0000,0000C79C,000001EE,00,0F,0E,80,00,0000,03DB,00,6,00,C79C,0000,1
19,00169E,0000,0000C79E,000001EF,00,0F,0F,80,00,0000,03DB,00,6,00,C79E,0000,1
19,00169E,0000,0000C7A0,000001F0,00,0F,10,80,00,0000,03DC,00,4,00,C7A0,0000,1
19,00169E,0000,0000C7A2,000001F1,00,0F,11,80,00,0000,03DC,00,4,00,C7A2,0000,1
19,00169E,0000,0000C7A4,000001F2,00,0F,12,80,00,0000,03DC,00,6,00,C7A4,0000,1
19,00169E,0000,0000C7A6,000001F3,00,0F,13,80,00,0000,03DC,00,6,00,C7A6,0000,1
19,00169E,0000,0000C7A8,000001F4,00,0F,14,80,00,0000,03DD,00,4,00,C7A8,0000,1
19,00169E,0000,0000C7AA,000001F5,00,0F,15,80,00,0000,03DD,00,4,00,C7AA,0000,1
19,00169E,0000,0000C7AC,000001F6,00,0F,16,80,00,0000,03DD,00,6,00,C7AC,0000,1
19,00169E,0000,0000C7AE,000001F7,00,0F,17,80,00,0000,03DD,00,6,00,C7AE,0000,1
19,00169E,0000,0000C7B0,000001F8,00,0F,18,80,00,0000,03DE,00,4,00,C7B0,0000,1
19,00169E,0000,0000C7B2,000001F9,00,0F,19,80,00,0000,03DE,00,4,00,C7B2,0000,1
19,00169E,0000,0000C7B4,000001FA,00,0F,1A,80,00,0000,03DE,00,6,00,C7B4,0000,1
19,00169E,0000,0000C7B6,000001FB,00,0F,1B,80,00,0000,03DE,00,6,00,C7B6,0000,1
19,00169E,0000,0000C7B8,000001FC,00,0F,1C,80,00,0000,03DF,00,4,00,C7B8,0000,1
19,00169E,0000,0000C7BA,000001FD,00,0F,1D,80,00,0000,03DF,00,4,00,C7BA,0000,1
19,00169E,0000,0000C7BC,000001FE,00,0F,1E,80,00,0000,03DF,00,6,00,C7BC,0000,1
19,00169E,0000,0000C7BE,000001FF,00,0F,1F,80,00,0000,03DF,00,6,00,C7BE,0000,1
19,00169E,0000,0000C800,00000200,00,10,00,80,00,0000,03E0,00,0,00,C800,0000,1
19,00169E,0000,0000C802,00000201,00,10,01,80,00,0000,03E0,00,0,00,C802,0000,1
19,00169E,0000,0000C804,00000202,00,10,02,80,00,0000,03E0,00,2,00,C804,0000,1
19,00169E,0000,0000C806,00000203,00,10,03,80,00,0000,03E0,00,2,00,C806,0000,1
19,00169E,0000,0000C808,00000204,00,10,04,80,00,0000,03E1,00,0,00,C808,0000,1
19,00169E,0000,0000C80A,00000205,00,10,05,80,00,0000,03E1,00,0,00,C80A,0000,1
19,00169E,0000,0000C80C,00000206,00,10,06,80,00,0000,03E1,00,2,00,C80C,0000,1
19,00169E,0000,0000C80E,00000207,00,10,07,80,00,0000,03E1,00,2,00,C80E,0000,1
19,00169E,0000,0000C810,00000208,00,10,08,80,00,0000,03E2,00,0,00,C810,0000,1
19,00169E,0000,0000C812,00000209,00,10,09,80,00,0000,03E2,00,0,00,C812,0000,1
19,00169E,0000,0000C814,0000020A,00,10,0A,80,00,0000,03E2,00,2,00,C814,0000,1
19,00169E,0000,0000C816,0000020B,00,10,0B,80,00,0000,03E2,00,2,00,C816,0000,1
19,00169E,0000,0000C818,0000020C,00,10,0C,80,00,0000,03E3,00,0,00,C818,0000,1
19,00169E,0000,0000C81A,0000020D,00,10,0D,80,00,0000,03E3,00,0,00,C81A,0000,1
19,00169E,0000,0000C81C,0000020E,00,10,0E,80,00,0000,03E3,00,2,00,C81C,0000,1
19,00169E,0000,0000C81E,0000020F,00,10,0F,80,00,0000,03E3,00,2,00,C81E,0000,1
19,00169E,0000,0000C820,00000210,00,10,10,80,00,0000,03E4,00,0,00,C820,0000,1
19,00169E,0000,0000C822,00000211,00,10,11,80,00,0000,03E4,00,0,00,C822,0000,1
19,00169E,0000,0000C824,00000212,00,10,12,80,00,0000,03E4,00,2,00,C824,0000,1
19,00169E,0000,0000C826,00000213,00,10,13,80,00,0000,03E4,00,2,00,C826,0000,1
19,00169E,0000,0000C828,00000214,00,10,14,80,00,0000,03E5,00,0,00,C828,0000,1
19,00169E,0000,0000C82A,00000215,00,10,15,80,00,0000,03E5,00,0,00,C82A,0000,1
19,00169E,0000,0000C82C,00000216,00,10,16,80,00,0000,03E5,00,2,00,C82C,0000,1
19,00169E,0000,0000C82E,00000217,00,10,17,80,00,0000,03E5,00,2,00,C82E,0000,1
19,00169E,0000,0000C830,00000218,00,10,18,80,00,0000,03E6,00,0,00,C830,0000,1
19,00169E,0000,0000C832,00000219,00,10,19,80,00,0000,03E6,00,0,00,C832,0000,1
19,00169E,0000,0000C834,0000021A,00,10,1A,80,00,0000,03E6,00,2,00,C834,0000,1
19,00169E,0000,0000C836,0000021B,00,10,1B,80,00,0000,03E6,00,2,00,C836,0000,1
19,00169E,0000,0000C838,0000021C,00,10,1C,80,00,0000,03E7,00,0,00,C838,0000,1
19,00169E,0000,0000C83A,0000021D,00,10,1D,80,00,0000,03E7,00,0,00,C83A,0000,1
19,00169E,0000,0000C83C,0000021E,00,10,1E,80,00,0000,03E7,00,2,00,C83C,0000,1
19,00169E,0000,0000C83E,0000021F,00,10,1F,80,00,0000,03E7,00,2,00,C83E,0000,1
19,00169E,0000,0000C880,00000220,00,11,00,80,00,0000,03E0,00,0,00,C880,0000,1
19,00169E,0000,0000C882,00000221,00,11,01,80,00,0000,03E0,00,0,00,C882,0000,1
19,00169E,0000,0000C884,00000222,00,11,02,80,00,0000,03E0,00,2,00,C884,0000,1
19,00169E,0000,0000C886,00000223,00,11,03,80,00,0000,03E0,00,2,00,C886,0000,1
19,00169E,0000,0000C888,00000224,00,11,04,80,00,0000,03E1,00,0,00,C888,0000,1
19,00169E,0000,0000C88A,00000225,00,11,05,80,00,0000,03E1,00,0,00,C88A,0000,1
19,00169E,0000,0000C88C,00000226,00,11,06,80,00,0000,03E1,00,2,00,C88C,0000,1
19,00169E,0000,0000C88E,00000227,00,11,07,80,00,0000,03E1,00,2,00,C88E,0000,1
19,00169E,0000,0000C890,00000228,00,11,08,80,00,0000,03E2,00,0,00,C890,0000,1
19,00169E,0000,0000C892,00000229,00,11,09,80,00,0000,03E2,00,0,00,C892,0000,1
19,00169E,0000,0000C894,0000022A,00,11,0A,80,00,0000,03E2,00,2,00,C894,0000,1
20,00169E,0000,0000C896,0000022B,00,11,0B,80,00,0000,03E2,00,2,00,C896,0000,1
20,00169E,0000,0000C898,0000022C,00,11,0C,80,00,0000,03E3,00,0,00,C898,0000,1
20,00169E,0000,0000C89A,0000022D,00,11,0D,80,00,0000,03E3,00,0,00,C89A,0000,1
20,00169E,0000,0000C89C,0000022E,00,11,0E,80,00,0000,03E3,00,2,00,C89C,0000,1
20,00169E,0000,0000C89E,0000022F,00,11,0F,80,00,0000,03E3,00,2,00,C89E,0000,1
20,00169E,0000,0000C8A0,00000230,00,11,10,80,00,0000,03E4,00,0,00,C8A0,0000,1
20,00169E,0000,0000C8A2,00000231,00,11,11,80,00,0000,03E4,00,0,00,C8A2,0000,1
20,00169E,0000,0000C8A4,00000232,00,11,12,80,00,0000,03E4,00,2,00,C8A4,0000,1
20,00169E,0000,0000C8A6,00000233,00,11,13,80,00,0000,03E4,00,2,00,C8A6,0000,1
20,00169E,0000,0000C8A8,00000234,00,11,14,80,00,0000,03E5,00,0,00,C8A8,0000,1
20,00169E,0000,0000C8AA,00000235,00,11,15,80,00,0000,03E5,00,0,00,C8AA,0000,1
20,00169E,0000,0000C8AC,00000236,00,11,16,80,00,0000,03E5,00,2,00,C8AC,0000,1
20,00169E,0000,0000C8AE,00000237,00,11,17,80,00,0000,03E5,00,2,00,C8AE,0000,1
20,00169E,0000,0000C8B0,00000238,00,11,18,80,00,0000,03E6,00,0,00,C8B0,0000,1
20,00169E,0000,0000C8B2,00000239,00,11,19,80,00,0000,03E6,00,0,00,C8B2,0000,1
20,00169E,0000,0000C8B4,0000023A,00,11,1A,80,00,0000,03E6,00,2,00,C8B4,0000,1
20,00169E,0000,0000C8B6,0000023B,00,11,1B,80,00,0000,03E6,00,2,00,C8B6,0000,1
20,00169E,0000,0000C8B8,0000023C,00,11,1C,80,00,0000,03E7,00,0,00,C8B8,0000,1
20,00169E,0000,0000C8BA,0000023D,00,11,1D,80,00,0000,03E7,00,0,00,C8BA,0000,1
20,00169E,0000,0000C8BC,0000023E,00,11,1E,80,00,0000,03E7,00,2,00,C8BC,0000,1
20,00169E,0000,0000C8BE,0000023F,00,11,1F,80,00,0000,03E7,00,2,00,C8BE,0000,1
20,00169E,0000,0000C900,00000240,00,12,00,80,00,0000,03E0,00,4,00,C900,0000,1
20,00169E,0000,0000C902,00000241,00,12,01,80,00,0000,03E0,00,4,00,C902,0000,1
20,00169E,0000,0000C904,00000242,00,12,02,80,00,0000,03E0,00,6,00,C904,0000,1
20,00169E,0000,0000C906,00000243,00,12,03,80,00,0000,03E0,00,6,00,C906,0000,1
20,00169E,0000,0000C908,00000244,00,12,04,80,00,0000,03E1,00,4,00,C908,0000,1
20,00169E,0000,0000C90A,00000245,00,12,05,80,00,0000,03E1,00,4,00,C90A,0000,1
20,00169E,0000,0000C90C,00000246,00,12,06,80,00,0000,03E1,00,6,00,C90C,0000,1
20,00169E,0000,0000C90E,00000247,00,12,07,80,00,0000,03E1,00,6,00,C90E,0000,1
20,00169E,0000,0000C910,00000248,00,12,08,80,00,0000,03E2,00,4,00,C910,0000,1
20,00169E,0000,0000C912,00000249,00,12,09,80,00,0000,03E2,00,4,00,C912,0000,1
20,00169E,0000,0000C914,0000024A,00,12,0A,80,00,0000,03E2,00,6,00,C914,0000,1
20,00169E,0000,0000C916,0000024B,00,12,0B,80,00,0000,03E2,00,6,00,C916,0000,1
20,00169E,0000,0000C918,0000024C,00,12,0C,80,00,0000,03E3,00,4,00,C918,0000,1
20,00169E,0000,0000C91A,0000024D,00,12,0D,80,00,0000,03E3,00,4,00,C91A,0000,1
20,00169E,0000,0000C91C,0000024E,00,12,0E,80,00,0000,03E3,00,6,00,C91C,0000,1
20,00169E,0000,0000C91E,0000024F,00,12,0F,80,00,0000,03E3,00,6,00,C91E,0000,1
20,00169E,0000,0000C920,00000250,00,12,10,80,00,0000,03E4,00,4,00,C920,0000,1
20,00169E,0000,0000C922,00000251,00,12,11,80,00,0000,03E4,00,4,00,C922,0000,1
20,00169E,0000,0000C924,00000252,00,12,12,80,00,0000,03E4,00,6,00,C924,0000,1
20,00169E,0000,0000C926,00000253,00,12,13,80,00,0000,03E4,00,6,00,C926,0000,1
20,00169E,0000,0000C928,00000254,00,12,14,80,00,0000,03E5,00,4,00,C928,0000,1
20,00169E,0000,0000C92A,00000255,00,12,15,80,00,0000,03E5,00,4,00,C92A,0000,1
20,00169E,0000,0000C92C,00000256,00,12,16,80,00,0000,03E5,00,6,00,C92C,0000,1
20,00169E,0000,0000C92E,00000257,00,12,17,80,00,0000,03E5,00,6,00,C92E,0000,1
20,00169E,0000,0000C930,00000258,00,12,18,80,00,0000,03E6,00,4,00,C930,0000,1
20,00169E,0000,0000C932,00000259,00,12,19,80,00,0000,03E6,00,4,00,C932,0000,1
20,00169E,0000,0000C934,0000025A,00,12,1A,80,00,0000,03E6,00,6,00,C934,0000,1
20,00169E,0000,0000C936,0000025B,00,12,1B,80,00,0000,03E6,00,6,00,C936,0000,1
20,00169E,0000,0000C938,0000025C,00,12,1C,80,00,0000,03E7,00,4,00,C938,0000,1
20,00169E,0000,0000C93A,0000025D,00,12,1D,80,00,0000,03E7,00,4,00,C93A,0000,1
20,00169E,0000,0000C93C,0000025E,00,12,1E,80,00,0000,03E7,00,6,00,C93C,0000,1
20,00169E,0000,0000C93E,0000025F,00,12,1F,80,00,0000,03E7,00,6,00,C93E,0000,1
20,00169E,0000,0000C980,00000260,00,13,00,80,00,0000,03E0,00,4,00,C980,0000,1
20,00169E,0000,0000C982,00000261,00,13,01,80,00,0000,03E0,00,4,00,C982,0000,1
20,00169E,0000,0000C984,00000262,00,13,02,80,00,0000,03E0,00,6,00,C984,0000,1
20,00169E,0000,0000C986,00000263,00,13,03,80,00,0000,03E0,00,6,00,C986,0000,1
20,00169E,0000,0000C988,00000264,00,13,04,80,00,0000,03E1,00,4,00,C988,0000,1
20,00169E,0000,0000C98A,00000265,00,13,05,80,00,0000,03E1,00,4,00,C98A,0000,1
20,00169E,0000,0000C98C,00000266,00,13,06,80,00,0000,03E1,00,6,00,C98C,0000,1
20,00169E,0000,0000C98E,00000267,00,13,07,80,00,0000,03E1,00,6,00,C98E,0000,1
20,00169E,0000,0000C990,00000268,00,13,08,80,00,0000,03E2,00,4,00,C990,0000,1
20,00169E,0000,0000C992,00000269,00,13,09,80,00,0000,03E2,00,4,00,C992,0000,1
20,00169E,0000,0000C994,0000026A,00,13,0A,80,00,0000,03E2,00,6,00,C994,0000,1
20,00169E,0000,0000C996,0000026B,00,13,0B,80,00,0000,03E2,00,6,00,C996,0000,1
20,00169E,0000,0000C998,0000026C,00,13,0C,80,00,0000,03E3,00,4,00,C998,0000,1
20,00169E,0000,0000C99A,0000026D,00,13,0D,80,00,0000,03E3,00,4,00,C99A,0000,1
20,00169E,0000,0000C99C,0000026E,00,13,0E,80,00,0000,03E3,00,6,00,C99C,0000,1
20,00169E,0000,0000C99E,0000026F,00,13,0F,80,00,0000,03E3,00,6,00,C99E,0000,1
20,00169E,0000,0000C9A0,00000270,00,13,10,80,00,0000,03E4,00,4,00,C9A0,0000,1
20,00169E,0000,0000C9A2,00000271,00,13,11,80,00,0000,03E4,00,4,00,C9A2,0000,1
20,00169E,0000,0000C9A4,00000272,00,13,12,80,00,0000,03E4,00,6,00,C9A4,0000,1
20,00169E,0000,0000C9A6,00000273,00,13,13,80,00,0000,03E4,00,6,00,C9A6,0000,1
20,00169E,0000,0000C9A8,00000274,00,13,14,80,00,0000,03E5,00,4,00,C9A8,0000,1
20,00169E,0000,0000C9AA,00000275,00,13,15,80,00,0000,03E5,00,4,00,C9AA,0000,1
20,00169E,0000,0000C9AC,00000276,00,13,16,80,00,0000,03E5,00,6,00,C9AC,0000,1
20,00169E,0000,0000C9AE,00000277,00,13,17,80,00,0000,03E5,00,6,00,C9AE,0000,1
20,00169E,0000,0000C9B0,00000278,00,13,18,80,00,0000,03E6,00,4,00,C9B0,0000,1
20,00169E,0000,0000C9B2,00000279,00,13,19,80,00,0000,03E6,00,4,00,C9B2,0000,1
20,00169E,0000,0000C9B4,0000027A,00,13,1A,80,00,0000,03E6,00,6,00,C9B4,0000,1
20,00169E,0000,0000C9B6,0000027B,00,13,1B,80,00,0000,03E6,00,6,00,C9B6,0000,1
20,00169E,0000,0000C9B8,0000027C,00,13,1C,80,00,0000,03E7,00,4,00,C9B8,0000,1
20,00169E,0000,0000C9BA,0000027D,00,13,1D,80,00,0000,03E7,00,4,00,C9BA,0000,1
20,00169E,0000,0000C9BC,0000027E,00,13,1E,80,00,0000,03E7,00,6,00,C9BC,0000,1
20,00169E,0000,0000C9BE,0000027F,00,13,1F,80,00,0000,03E7,00,6,00,C9BE,0000,1
20,00169E,0000,0000CA00,00000280,00,14,00,80,00,0000,03E8,00,0,00,CA00,0000,1
20,00169E,0000,0000CA02,00000281,00,14,01,80,00,0000,03E8,00,0,00,CA02,0000,1
20,00169E,0000,0000CA04,00000282,00,14,02,80,00,0000,03E8,00,2,00,CA04,0000,1
20,00169E,0000,0000CA06,00000283,00,14,03,80,00,0000,03E8,00,2,00,CA06,0000,1
20,00169E,0000,0000CA08,00000284,00,14,04,80,00,0000,03E9,00,0,00,CA08,0000,1
20,00169E,0000,0000CA0A,00000285,00,14,05,80,00,0000,03E9,00,0,00,CA0A,0000,1
20,00169E,0000,0000CA0C,00000286,00,14,06,80,00,0000,03E9,00,2,00,CA0C,0000,1
20,00169E,0000,0000CA0E,00000287,00,14,07,80,00,0000,03E9,00,2,00,CA0E,0000,1
20,00169E,0000,0000CA10,00000288,00,14,08,80,00,0000,03EA,00,0,00,CA10,0000,1
20,00169E,0000,0000CA12,00000289,00,14,09,80,00,0000,03EA,00,0,00,CA12,0000,1
20,00169E,0000,0000CA14,0000028A,00,14,0A,80,00,0000,03EA,00,2,00,CA14,0000,1
20,00169E,0000,0000CA16,0000028B,00,14,0B,80,00,0000,03EA,00,2,00,CA16,0000,1
20,00169E,0000,0000CA18,0000028C,00,14,0C,80,00,0000,03EB,00,0,00,CA18,0000,1
20,00169E,0000,0000CA1A,0000028D,00,14,0D,80,00,0000,03EB,00,0,00,CA1A,0000,1
20,00169E,0000,0000CA1C,0000028E,00,14,0E,80,00,0000,03EB,00,2,00,CA1C,0000,1
20,00169E,0000,0000CA1E,0000028F,00,14,0F,80,00,0000,03EB,00,2,00,CA1E,0000,1
20,00169E,0000,0000CA20,00000290,00,14,10,80,00,0000,03EC,00,0,00,CA20,0000,1
20,00169E,0000,0000CA22,00000291,00,14,11,80,00,0000,03EC,00,0,00,CA22,0000,1
20,00169E,0000,0000CA24,00000292,00,14,12,80,00,0000,03EC,00,2,00,CA24,0000,1
20,00169E,0000,0000CA26,00000293,00,14,13,80,00,0000,03EC,00,2,00,CA26,0000,1
20,00169E,0000,0000CA28,00000294,00,14,14,80,00,0000,03ED,00,0,00,CA28,0000,1
20,00169E,0000,0000CA2A,00000295,00,14,15,80,00,0000,03ED,00,0,00,CA2A,0000,1
20,00169E,0000,0000CA2C,00000296,00,14,16,80,00,0000,03ED,00,2,00,CA2C,0000,1
20,00169E,0000,0000CA2E,00000297,00,14,17,80,00,0000,03ED,00,2,00,CA2E,0000,1
20,00169E,0000,0000CA30,00000298,00,14,18,80,00,0000,03EE,00,0,00,CA30,0000,1
20,00169E,0000,0000CA32,00000299,00,14,19,80,00,0000,03EE,00,0,00,CA32,0000,1
20,00169E,0000,0000CA34,0000029A,00,14,1A,80,00,0000,03EE,00,2,00,CA34,0000,1
20,00169E,0000,0000CA36,0000029B,00,14,1B,80,00,0000,03EE,00,2,00,CA36,0000,1
20,00169E,0000,0000CA38,0000029C,00,14,1C,80,00,0000,03EF,00,0,00,CA38,0000,1
20,00169E,0000,0000CA3A,0000029D,00,14,1D,80,00,0000,03EF,00,0,00,CA3A,0000,1
20,00169E,0000,0000CA3C,0000029E,00,14,1E,80,00,0000,03EF,00,2,00,CA3C,0000,1
20,00169E,0000,0000CA3E,0000029F,00,14,1F,80,00,0000,03EF,00,2,00,CA3E,0000,1
20,00169E,0000,0000CA80,000002A0,00,15,00,80,00,0000,03E8,00,0,00,CA80,0000,1
20,00169E,0000,0000CA82,000002A1,00,15,01,80,00,0000,03E8,00,0,00,CA82,0000,1
20,00169E,0000,0000CA84,000002A2,00,15,02,80,00,0000,03E8,00,2,00,CA84,0000,1
20,00169E,0000,0000CA86,000002A3,00,15,03,80,00,0000,03E8,00,2,00,CA86,0000,1
20,00169E,0000,0000CA88,000002A4,00,15,04,80,00,0000,03E9,00,0,00,CA88,0000,1
20,00169E,0000,0000CA8A,000002A5,00,15,05,80,00,0000,03E9,00,0,00,CA8A,0000,1
20,00169E,0000,0000CA8C,000002A6,00,15,06,80,00,0000,03E9,00,2,00,CA8C,0000,1
20,00169E,0000,0000CA8E,000002A7,00,15,07,80,00,0000,03E9,00,2,00,CA8E,0000,1
20,00169E,0000,0000CA90,000002A8,00,15,08,80,00,0000,03EA,00,0,00,CA90,0000,1
20,00169E,0000,0000CA92,000002A9,00,15,09,80,00,0000,03EA,00,0,00,CA92,0000,1
20,00169E,0000,0000CA94,000002AA,00,15,0A,80,00,0000,03EA,00,2,00,CA94,0000,1
20,00169E,0000,0000CA96,000002AB,00,15,0B,80,00,0000,03EA,00,2,00,CA96,0000,1
20,00169E,0000,0000CA98,000002AC,00,15,0C,80,00,0000,03EB,00,0,00,CA98,0000,1
20,00169E,0000,0000CA9A,000002AD,00,15,0D,80,00,0000,03EB,00,0,00,CA9A,0000,1
20,00169E,0000,0000CA9C,000002AE,00,15,0E,80,00,0000,03EB,00,2,00,CA9C,0000,1
20,00169E,0000,0000CA9E,000002AF,00,15,0F,80,00,0000,03EB,00,2,00,CA9E,0000,1
20,00169E,0000,0000CAA0,000002B0,00,15,10,80,00,0000,03EC,00,0,00,CAA0,0000,1
20,00169E,0000,0000CAA2,000002B1,00,15,11,80,00,0000,03EC,00,0,00,CAA2,0000,1
20,00169E,0000,0000CAA4,000002B2,00,15,12,80,00,0000,03EC,00,2,00,CAA4,0000,1
20,00169E,0000,0000CAA6,000002B3,00,15,13,80,00,0000,03EC,00,2,00,CAA6,0000,1
20,00169E,0000,0000CAA8,000002B4,00,15,14,80,00,0000,03ED,00,0,00,CAA8,0000,1
20,00169E,0000,0000CAAA,000002B5,00,15,15,80,00,0000,03ED,00,0,00,CAAA,0000,1
20,00169E,0000,0000CAAC,000002B6,00,15,16,80,00,0000,03ED,00,2,00,CAAC,0000,1
20,00169E,0000,0000CAAE,000002B7,00,15,17,80,00,0000,03ED,00,2,00,CAAE,0000,1
20,00169E,0000,0000CAB0,000002B8,00,15,18,80,00,0000,03EE,00,0,00,CAB0,0000,1
20,00169E,0000,0000CAB2,000002B9,00,15,19,80,00,0000,03EE,00,0,00,CAB2,0000,1
20,00169E,0000,0000CAB4,000002BA,00,15,1A,80,00,0000,03EE,00,2,00,CAB4,0000,1
20,00169E,0000,0000CAB6,000002BB,00,15,1B,80,00,0000,03EE,00,2,00,CAB6,0000,1
20,00169E,0000,0000CAB8,000002BC,00,15,1C,80,00,0000,03EF,00,0,00,CAB8,0000,1
20,00169E,0000,0000CABA,000002BD,00,15,1D,80,00,0000,03EF,00,0,00,CABA,0000,1
20,00169E,0000,0000CABC,000002BE,00,15,1E,80,00,0000,03EF,00,2,00,CABC,0000,1
20,00169E,0000,0000CABE,000002BF,00,15,1F,80,00,0000,03EF,00,2,00,CABE,0000,1
20,00169E,0000,0000CB00,000002C0,00,16,00,80,00,0000,03E8,00,4,00,CB00,0000,1
20,00169E,0000,0000CB02,000002C1,00,16,01,80,00,0000,03E8,00,4,00,CB02,0000,1
20,00169E,0000,0000CB04,000002C2,00,16,02,80,00,0000,03E8,00,6,00,CB04,0000,1
20,00169E,0000,0000CB06,000002C3,00,16,03,80,00,0000,03E8,00,6,00,CB06,0000,1
20,00169E,0000,0000CB08,000002C4,00,16,04,80,00,0000,03E9,00,4,00,CB08,0000,1
20,00169E,0000,0000CB0A,000002C5,00,16,05,80,00,0000,03E9,00,4,00,CB0A,0000,1
20,00169E,0000,0000CB0C,000002C6,00,16,06,80,00,0000,03E9,00,6,00,CB0C,0000,1
20,00169E,0000,0000CB0E,000002C7,00,16,07,80,00,0000,03E9,00,6,00,CB0E,0000,1
20,00169E,0000,0000CB10,000002C8,00,16,08,80,00,0000,03EA,00,4,00,CB10,0000,1
20,00169E,0000,0000CB12,000002C9,00,16,09,80,00,0000,03EA,00,4,00,CB12,0000,1
20,00169E,0000,0000CB14,000002CA,00,16,0A,80,00,0000,03EA,00,6,00,CB14,0000,1
20,00169E,0000,0000CB16,000002CB,00,16,0B,80,00,0000,03EA,00,6,00,CB16,0000,1
20,00169E,0000,0000CB18,000002CC,00,16,0C,80,00,0000,03EB,00,4,00,CB18,0000,1
20,00169E,0000,0000CB1A,000002CD,00,16,0D,80,00,0000,03EB,00,4,00,CB1A,0000,1
20,00169E,0000,0000CB1C,000002CE,00,16,0E,80,00,0000,03EB,00,6,00,CB1C,0000,1
20,00169E,0000,0000CB1E,000002CF,00,16,0F,80,00,0000,03EB,00,6,00,CB1E,0000,1
20,00169E,0000,0000CB20,000002D0,00,16,10,80,00,0000,03EC,00,4,00,CB20,0000,1
20,00169E,0000,0000CB22,000002D1,00,16,11,80,00,0000,03EC,00,4,00,CB22,0000,1
20,00169E,0000,0000CB24,000002D2,00,16,12,80,00,0000,03EC,00,6,00,CB24,0000,1
20,00169E,0000,0000CB26,000002D3,00,16,13,80,00,0000,03EC,00,6,00,CB26,0000,1
20,00169E,0000,0000CB28,000002D4,00,16,14,80,00,0000,03ED,00,4,00,CB28,0000,1
20,00169E,0000,0000CB2A,000002D5,00,16,15,80,00,0000,03ED,00,4,00,CB2A,0000,1
20,00169E,0000,0000CB2C,000002D6,00,16,16,80,00,0000,03ED,00,6,00,CB2C,0000,1
20,00169E,0000,0000CB2E,000002D7,00,16,17,80,00,0000,03ED,00,6,00,CB2E,0000,1
20,00169E,0000,0000CB30,000002D8,00,16,18,80,00,0000,03EE,00,4,00,CB30,0000,1
20,00169E,0000,0000CB32,000002D9,00,16,19,80,00,0000,03EE,00,4,00,CB32,0000,1
20,00169E,0000,0000CB34,000002DA,00,16,1A,80,00,0000,03EE,00,6,00,CB34,0000,1
20,00169E,0000,0000CB36,000002DB,00,16,1B,80,00,0000,03EE,00,6,00,CB36,0000,1
20,00169E,0000,0000CB38,000002DC,00,16,1C,80,00,0000,03EF,00,4,00,CB38,0000,1
20,00169E,0000,0000CB3A,000002DD,00,16,1D,80,00,0000,03EF,00,4,00,CB3A,0000,1
20,00169E,0000,0000CB3C,000002DE,00,16,1E,80,00,0000,03EF,00,6,00,CB3C,0000,1
20,00169E,0000,0000CB3E,000002DF,00,16,1F,80,00,0000,03EF,00,6,00,CB3E,0000,1
20,00169E,0000,0000CB80,000002E0,00,17,00,80,00,0000,03E8,00,4,00,CB80,0000,1
20,00169E,0000,0000CB82,000002E1,00,17,01,80,00,0000,03E8,00,4,00,CB82,0000,1
20,00169E,0000,0000CB84,000002E2,00,17,02,80,00,0000,03E8,00,6,00,CB84,0000,1
20,00169E,0000,0000CB86,000002E3,00,17,03,80,00,0000,03E8,00,6,00,CB86,0000,1
20,00169E,0000,0000CB88,000002E4,00,17,04,80,00,0000,03E9,00,4,00,CB88,0000,1
20,00169E,0000,0000CB8A,000002E5,00,17,05,80,00,0000,03E9,00,4,00,CB8A,0000,1
20,00169E,0000,0000CB8C,000002E6,00,17,06,80,00,0000,03E9,00,6,00,CB8C,0000,1
20,00169E,0000,0000CB8E,000002E7,00,17,07,80,00,0000,03E9,00,6,00,CB8E,0000,1
20,00169E,0000,0000CB90,000002E8,00,17,08,80,00,0000,03EA,00,4,00,CB90,0000,1
20,00169E,0000,0000CB92,000002E9,00,17,09,80,00,0000,03EA,00,4,00,CB92,0000,1
20,00169E,0000,0000CB94,000002EA,00,17,0A,80,00,0000,03EA,00,6,00,CB94,0000,1
20,00169E,0000,0000CB96,000002EB,00,17,0B,80,00,0000,03EA,00,6,00,CB96,0000,1
20,00169E,0000,0000CB98,000002EC,00,17,0C,80,00,0000,03EB,00,4,00,CB98,0000,1
21,00169E,0000,0000CB9A,000002ED,00,17,0D,80,00,0000,03EB,00,4,00,CB9A,0000,1
21,00169E,0000,0000CB9C,000002EE,00,17,0E,80,00,0000,03EB,00,6,00,CB9C,0000,1
21,00169E,0000,0000CB9E,000002EF,00,17,0F,80,00,0000,03EB,00,6,00,CB9E,0000,1
21,00169E,0000,0000CBA0,000002F0,00,17,10,80,00,0000,03EC,00,4,00,CBA0,0000,1
21,00169E,0000,0000CBA2,000002F1,00,17,11,80,00,0000,03EC,00,4,00,CBA2,0000,1
21,00169E,0000,0000CBA4,000002F2,00,17,12,80,00,0000,03EC,00,6,00,CBA4,0000,1
21,00169E,0000,0000CBA6,000002F3,00,17,13,80,00,0000,03EC,00,6,00,CBA6,0000,1
21,00169E,0000,0000CBA8,000002F4,00,17,14,80,00,0000,03ED,00,4,00,CBA8,0000,1
21,00169E,0000,0000CBAA,000002F5,00,17,15,80,00,0000,03ED,00,4,00,CBAA,0000,1
21,00169E,0000,0000CBAC,000002F6,00,17,16,80,00,0000,03ED,00,6,00,CBAC,0000,1
21,00169E,0000,0000CBAE,000002F7,00,17,17,80,00,0000,03ED,00,6,00,CBAE,0000,1
21,00169E,0000,0000CBB0,000002F8,00,17,18,80,00,0000,03EE,00,4,00,CBB0,0000,1
21,00169E,0000,0000CBB2,000002F9,00,17,19,80,00,0000,03EE,00,4,00,CBB2,0000,1
21,00169E,0000,0000CBB4,000002FA,00,17,1A,80,00,0000,03EE,00,6,00,CBB4,0000,1
21,00169E,0000,0000CBB6,000002FB,00,17,1B,80,00,0000,03EE,00,6,00,CBB6,0000,1
21,00169E,0000,0000CBB8,000002FC,00,17,1C,80,00,0000,03EF,00,4,00,CBB8,0000,1
21,00169E,0000,0000CBBA,000002FD,00,17,1D,80,00,0000,03EF,00,4,00,CBBA,0000,1
21,00169E,0000,0000CBBC,000002FE,00,17,1E,80,00,0000,03EF,00,6,00,CBBC,0000,1
21,00169E,0000,0000CBBE,000002FF,00,17,1F,80,00,0000,03EF,00,6,00,CBBE,0000,1
21,00169E,0000,0000CC00,00000300,00,18,00,80,00,0000,03F0,00,0,00,CC00,0000,1
21,00169E,0000,0000CC02,00000301,00,18,01,80,00,0000,03F0,00,0,00,CC02,0000,1
21,00169E,0000,0000CC04,00000302,00,18,02,80,00,0000,03F0,00,2,00,CC04,0000,1
21,00169E,0000,0000CC06,00000303,00,18,03,80,00,0000,03F0,00,2,00,CC06,0000,1
21,00169E,0000,0000CC08,00000304,00,18,04,80,00,0000,03F1,00,0,00,CC08,0000,1
21,00169E,0000,0000CC0A,00000305,00,18,05,80,00,0000,03F1,00,0,00,CC0A,0000,1
21,00169E,0000,0000CC0C,00000306,00,18,06,80,00,0000,03F1,00,2,00,CC0C,0000,1
21,00169E,0000,0000CC0E,00000307,00,18,07,80,00,0000,03F1,00,2,00,CC0E,0000,1
21,00169E,0000,0000CC10,00000308,00,18,08,80,00,0000,03F2,00,0,00,CC10,0000,1
21,00169E,0000,0000CC12,00000309,00,18,09,80,00,0000,03F2,00,0,00,CC12,0000,1
21,00169E,0000,0000CC14,0000030A,00,18,0A,80,00,0000,03F2,00,2,00,CC14,0000,1
21,00169E,0000,0000CC16,0000030B,00,18,0B,80,00,0000,03F2,00,2,00,CC16,0000,1
21,00169E,0000,0000CC18,0000030C,00,18,0C,80,00,0000,03F3,00,0,00,CC18,0000,1
21,00169E,0000,0000CC1A,0000030D,00,18,0D,80,00,0000,03F3,00,0,00,CC1A,0000,1
21,00169E,0000,0000CC1C,0000030E,00,18,0E,80,00,0000,03F3,00,2,00,CC1C,0000,1
21,00169E,0000,0000CC1E,0000030F,00,18,0F,80,00,0000,03F3,00,2,00,CC1E,0000,1
21,00169E,0000,0000CC20,00000310,00,18,10,80,00,0000,03F4,00,0,00,CC20,0000,1
21,00169E,0000,0000CC22,00000311,00,18,11,80,00,0000,03F4,00,0,00,CC22,0000,1
21,00169E,0000,0000CC24,00000312,00,18,12,80,00,0000,03F4,00,2,00,CC24,0000,1
21,00169E,0000,0000CC26,00000313,00,18,13,80,00,0000,03F4,00,2,00,CC26,0000,1
21,00169E,0000,0000CC28,00000314,00,18,14,80,00,0000,03F5,00,0,00,CC28,0000,1
21,00169E,0000,0000CC2A,00000315,00,18,15,80,00,0000,03F5,00,0,00,CC2A,0000,1
21,00169E,0000,0000CC2C,00000316,00,18,16,80,00,0000,03F5,00,2,00,CC2C,0000,1
21,00169E,0000,0000CC2E,00000317,00,18,17,80,00,0000,03F5,00,2,00,CC2E,0000,1
21,00169E,0000,0000CC30,00000318,00,18,18,80,00,0000,03F6,00,0,00,CC30,0000,1
21,00169E,0000,0000CC32,00000319,00,18,19,80,00,0000,03F6,00,0,00,CC32,0000,1
21,00169E,0000,0000CC34,0000031A,00,18,1A,80,00,0000,03F6,00,2,00,CC34,0000,1
21,00169E,0000,0000CC36,0000031B,00,18,1B,80,00,0000,03F6,00,2,00,CC36,0000,1
21,00169E,0000,0000CC38,0000031C,00,18,1C,80,00,0000,03F7,00,0,00,CC38,0000,1
21,00169E,0000,0000CC3A,0000031D,00,18,1D,80,00,0000,03F7,00,0,00,CC3A,0000,1
21,00169E,0000,0000CC3C,0000031E,00,18,1E,80,00,0000,03F7,00,2,00,CC3C,0000,1
21,00169E,0000,0000CC3E,0000031F,00,18,1F,80,00,0000,03F7,00,2,00,CC3E,0000,1
21,00169E,0000,0000CC80,00000320,00,19,00,80,00,0000,03F0,00,0,00,CC80,0000,1
21,00169E,0000,0000CC82,00000321,00,19,01,80,00,0000,03F0,00,0,00,CC82,0000,1
21,00169E,0000,0000CC84,00000322,00,19,02,80,00,0000,03F0,00,2,00,CC84,0000,1
21,00169E,0000,0000CC86,00000323,00,19,03,80,00,0000,03F0,00,2,00,CC86,0000,1
21,00169E,0000,0000CC88,00000324,00,19,04,80,00,0000,03F1,00,0,00,CC88,0000,1
21,00169E,0000,0000CC8A,00000325,00,19,05,80,00,0000,03F1,00,0,00,CC8A,0000,1
21,00169E,0000,0000CC8C,00000326,00,19,06,80,00,0000,03F1,00,2,00,CC8C,0000,1
21,00169E,0000,0000CC8E,00000327,00,19,07,80,00,0000,03F1,00,2,00,CC8E,0000,1
21,00169E,0000,0000CC90,00000328,00,19,08,80,00,0000,03F2,00,0,00,CC90,0000,1
21,00169E,0000,0000CC92,00000329,00,19,09,80,00,0000,03F2,00,0,00,CC92,0000,1
21,00169E,0000,0000CC94,0000032A,00,19,0A,80,00,0000,03F2,00,2,00,CC94,0000,1
21,00169E,0000,0000CC96,0000032B,00,19,0B,80,00,0000,03F2,00,2,00,CC96,0000,1
21,00169E,0000,0000CC98,0000032C,00,19,0C,80,00,0000,03F3,00,0,00,CC98,0000,1
21,00169E,0000,0000CC9A,0000032D,00,19,0D,80,00,0000,03F3,00,0,00,CC9A,0000,1
21,00169E,0000,0000CC9C,0000032E,00,19,0E,80,00,0000,03F3,00,2,00,CC9C,0000,1
21,00169E,0000,0000CC9E,0000032F,00,19,0F,80,00,0000,03F3,00,2,00,CC9E,0000,1
21,00169E,0000,0000CCA0,00000330,00,19,10,80,00,0000,03F4,00,0,00,CCA0,0000,1
21,00169E,0000,0000CCA2,00000331,00,19,11,80,00,0000,03F4,00,0,00,CCA2,0000,1
21,00169E,0000,0000CCA4,00000332,00,19,12,80,00,0000,03F4,00,2,00,CCA4,0000,1
21,00169E,0000,0000CCA6,00000333,00,19,13,80,00,0000,03F4,00,2,00,CCA6,0000,1
21,00169E,0000,0000CCA8,00000334,00,19,14,80,00,0000,03F5,00,0,00,CCA8,0000,1
21,00169E,0000,0000CCAA,00000335,00,19,15,80,00,0000,03F5,00,0,00,CCAA,0000,1
21,00169E,0000,0000CCAC,00000336,00,19,16,80,00,0000,03F5,00,2,00,CCAC,0000,1
21,00169E,0000,0000CCAE,00000337,00,19,17,80,00,0000,03F5,00,2,00,CCAE,0000,1
21,00169E,0000,0000CCB0,00000338,00,19,18,80,00,0000,03F6,00,0,00,CCB0,0000,1
21,00169E,0000,0000CCB2,00000339,00,19,19,80,00,0000,03F6,00,0,00,CCB2,0000,1
21,00169E,0000,0000CCB4,0000033A,00,19,1A,80,00,0000,03F6,00,2,00,CCB4,0000,1
21,00169E,0000,0000CCB6,0000033B,00,19,1B,80,00,0000,03F6,00,2,00,CCB6,0000,1
21,00169E,0000,0000CCB8,0000033C,00,19,1C,80,00,0000,03F7,00,0,00,CCB8,0000,1
21,00169E,0000,0000CCBA,0000033D,00,19,1D,80,00,0000,03F7,00,0,00,CCBA,0000,1
21,00169E,0000,0000CCBC,0000033E,00,19,1E,80,00,0000,03F7,00,2,00,CCBC,0000,1
21,00169E,0000,0000CCBE,0000033F,00,19,1F,80,00,0000,03F7,00,2,00,CCBE,0000,1
21,00169E,0000,0000CD00,00000340,00,1A,00,80,00,0000,03F0,00,4,00,CD00,0000,1
21,00169E,0000,0000CD02,00000341,00,1A,01,80,00,0000,03F0,00,4,00,CD02,0000,1
21,00169E,0000,0000CD04,00000342,00,1A,02,80,00,0000,03F0,00,6,00,CD04,0000,1
21,00169E,0000,0000CD06,00000343,00,1A,03,80,00,0000,03F0,00,6,00,CD06,0000,1
21,00169E,0000,0000CD08,00000344,00,1A,04,80,00,0000,03F1,00,4,00,CD08,0000,1
21,00169E,0000,0000CD0A,00000345,00,1A,05,80,00,0000,03F1,00,4,00,CD0A,0000,1
21,00169E,0000,0000CD0C,00000346,00,1A,06,80,00,0000,03F1,00,6,00,CD0C,0000,1
21,00169E,0000,0000CD0E,00000347,00,1A,07,80,00,0000,03F1,00,6,00,CD0E,0000,1
21,00169E,0000,0000CD10,00000348,00,1A,08,80,00,0000,03F2,00,4,00,CD10,0000,1
21,00169E,0000,0000CD12,00000349,00,1A,09,80,00,0000,03F2,00,4,00,CD12,0000,1
21,00169E,0000,0000CD14,0000034A,00,1A,0A,80,00,0000,03F2,00,6,00,CD14,0000,1
21,00169E,0000,0000CD16,0000034B,00,1A,0B,80,00,0000,03F2,00,6,00,CD16,0000,1
21,00169E,0000,0000CD18,0000034C,00,1A,0C,80,00,0000,03F3,00,4,00,CD18,0000,1
21,00169E,0000,0000CD1A,0000034D,00,1A,0D,80,00,0000,03F3,00,4,00,CD1A,0000,1
21,00169E,0000,0000CD1C,0000034E,00,1A,0E,80,00,0000,03F3,00,6,00,CD1C,0000,1
21,00169E,0000,0000CD1E,0000034F,00,1A,0F,80,00,0000,03F3,00,6,00,CD1E,0000,1
21,00169E,0000,0000CD20,00000350,00,1A,10,80,00,0000,03F4,00,4,00,CD20,0000,1
21,00169E,0000,0000CD22,00000351,00,1A,11,80,00,0000,03F4,00,4,00,CD22,0000,1
21,00169E,0000,0000CD24,00000352,00,1A,12,80,00,0000,03F4,00,6,00,CD24,0000,1
21,00169E,0000,0000CD26,00000353,00,1A,13,80,00,0000,03F4,00,6,00,CD26,0000,1
21,00169E,0000,0000CD28,00000354,00,1A,14,80,00,0000,03F5,00,4,00,CD28,0000,1
21,00169E,0000,0000CD2A,00000355,00,1A,15,80,00,0000,03F5,00,4,00,CD2A,0000,1
21,00169E,0000,0000CD2C,00000356,00,1A,16,80,00,0000,03F5,00,6,00,CD2C,0000,1
21,00169E,0000,0000CD2E,00000357,00,1A,17,80,00,0000,03F5,00,6,00,CD2E,0000,1
21,00169E,0000,0000CD30,00000358,00,1A,18,80,00,0000,03F6,00,4,00,CD30,0000,1
21,00169E,0000,0000CD32,00000359,00,1A,19,80,00,0000,03F6,00,4,00,CD32,0000,1
21,00169E,0000,0000CD34,0000035A,00,1A,1A,80,00,0000,03F6,00,6,00,CD34,0000,1
21,00169E,0000,0000CD36,0000035B,00,1A,1B,80,00,0000,03F6,00,6,00,CD36,0000,1
21,00169E,0000,0000CD38,0000035C,00,1A,1C,80,00,0000,03F7,00,4,00,CD38,0000,1
21,00169E,0000,0000CD3A,0000035D,00,1A,1D,80,00,0000,03F7,00,4,00,CD3A,0000,1
21,00169E,0000,0000CD3C,0000035E,00,1A,1E,80,00,0000,03F7,00,6,00,CD3C,0000,1
21,00169E,0000,0000CD3E,0000035F,00,1A,1F,80,00,0000,03F7,00,6,00,CD3E,0000,1
21,00169E,0000,0000CD80,00000360,00,1B,00,80,00,0000,03F0,00,4,00,CD80,0000,1
21,00169E,0000,0000CD82,00000361,00,1B,01,80,00,0000,03F0,00,4,00,CD82,0000,1
21,00169E,0000,0000CD84,00000362,00,1B,02,80,00,0000,03F0,00,6,00,CD84,0000,1
21,00169E,0000,0000CD86,00000363,00,1B,03,80,00,0000,03F0,00,6,00,CD86,0000,1
21,00169E,0000,0000CD88,00000364,00,1B,04,80,00,0000,03F1,00,4,00,CD88,0000,1
21,00169E,0000,0000CD8A,00000365,00,1B,05,80,00,0000,03F1,00,4,00,CD8A,0000,1
21,00169E,0000,0000CD8C,00000366,00,1B,06,80,00,0000,03F1,00,6,00,CD8C,0000,1
21,00169E,0000,0000CD8E,00000367,00,1B,07,80,00,0000,03F1,00,6,00,CD8E,0000,1
21,00169E,0000,0000CD90,00000368,00,1B,08,80,00,0000,03F2,00,4,00,CD90,0000,1
21,00169E,0000,0000CD92,00000369,00,1B,09,80,00,0000,03F2,00,4,00,CD92,0000,1
21,00169E,0000,0000CD94,0000036A,00,1B,0A,80,00,0000,03F2,00,6,00,CD94,0000,1
21,00169E,0000,0000CD96,0000036B,00,1B,0B,80,00,0000,03F2,00,6,00,CD96,0000,1
21,00169E,0000,0000CD98,0000036C,00,1B,0C,80,00,0000,03F3,00,4,00,CD98,0000,1
21,00169E,0000,0000CD9A,0000036D,00,1B,0D,80,00,0000,03F3,00,4,00,CD9A,0000,1
21,00169E,0000,0000CD9C,0000036E,00,1B,0E,80,00,0000,03F3,00,6,00,CD9C,0000,1
21,00169E,0000,0000CD9E,0000036F,00,1B,0F,80,00,0000,03F3,00,6,00,CD9E,0000,1
21,00169E,0000,0000CDA0,00000370,00,1B,10,80,00,0000,03F4,00,4,00,CDA0,0000,1
21,00169E,0000,0000CDA2,00000371,00,1B,11,80,00,0000,03F4,00,4,00,CDA2,0000,1
21,00169E,0000,0000CDA4,00000372,00,1B,12,80,00,0000,03F4,00,6,00,CDA4,0000,1
21,00169E,0000,0000CDA6,00000373,00,1B,13,80,00,0000,03F4,00,6,00,CDA6,0000,1
21,00169E,0000,0000CDA8,00000374,00,1B,14,80,00,0000,03F5,00,4,00,CDA8,0000,1
21,00169E,0000,0000CDAA,00000375,00,1B,15,80,00,0000,03F5,00,4,00,CDAA,0000,1
21,00169E,0000,0000CDAC,00000376,00,1B,16,80,00,0000,03F5,00,6,00,CDAC,0000,1
21,00169E,0000,0000CDAE,00000377,00,1B,17,80,00,0000,03F5,00,6,00,CDAE,0000,1
21,00169E,0000,0000CDB0,00000378,00,1B,18,80,00,0000,03F6,00,4,00,CDB0,0000,1
21,00169E,0000,0000CDB2,00000379,00,1B,19,80,00,0000,03F6,00,4,00,CDB2,0000,1
21,00169E,0000,0000CDB4,0000037A,00,1B,1A,80,00,0000,03F6,00,6,00,CDB4,0000,1
21,00169E,0000,0000CDB6,0000037B,00,1B,1B,80,00,0000,03F6,00,6,00,CDB6,0000,1
21,00169E,0000,0000CDB8,0000037C,00,1B,1C,80,00,0000,03F7,00,4,00,CDB8,0000,1
21,00169E,0000,0000CDBA,0000037D,00,1B,1D,80,00,0000,03F7,00,4,00,CDBA,0000,1
21,00169E,0000,0000CDBC,0000037E,00,1B,1E,80,00,0000,03F7,00,6,00,CDBC,0000,1
21,00169E,0000,0000CDBE,0000037F,00,1B,1F,80,00,0000,03F7,00,6,00,CDBE,0000,1
21,00169E,0000,0000CE00,00000380,00,1C,00,80,00,0000,03F8,00,0,00,CE00,0000,1
21,00169E,0000,0000CE02,00000381,00,1C,01,80,00,0000,03F8,00,0,00,CE02,0000,1
21,00169E,0000,0000CE04,00000382,00,1C,02,80,00,0000,03F8,00,2,00,CE04,0000,1
21,00169E,0000,0000CE06,00000383,00,1C,03,80,00,0000,03F8,00,2,00,CE06,0000,1
21,00169E,0000,0000CE08,00000384,00,1C,04,80,00,0000,03F9,00,0,00,CE08,0000,1
21,00169E,0000,0000CE0A,00000385,00,1C,05,80,00,0000,03F9,00,0,00,CE0A,0000,1
21,00169E,0000,0000CE0C,00000386,00,1C,06,80,00,0000,03F9,00,2,00,CE0C,0000,1
21,00169E,0000,0000CE0E,00000387,00,1C,07,80,00,0000,03F9,00,2,00,CE0E,0000,1
21,00169E,0000,0000CE10,00000388,00,1C,08,80,00,0000,03FA,00,0,00,CE10,0000,1
21,00169E,0000,0000CE12,00000389,00,1C,09,80,00,0000,03FA,00,0,00,CE12,0000,1
21,00169E,0000,0000CE14,0000038A,00,1C,0A,80,00,0000,03FA,00,2,00,CE14,0000,1
21,00169E,0000,0000CE16,0000038B,00,1C,0B,80,00,0000,03FA,00,2,00,CE16,0000,1
21,00169E,0000,0000CE18,0000038C,00,1C,0C,80,00,0000,03FB,00,0,00,CE18,0000,1
21,00169E,0000,0000CE1A,0000038D,00,1C,0D,80,00,0000,03FB,00,0,00,CE1A,0000,1
21,00169E,0000,0000CE1C,0000038E,00,1C,0E,80,00,0000,03FB,00,2,00,CE1C,0000,1
21,00169E,0000,0000CE1E,0000038F,00,1C,0F,80,00,0000,03FB,00,2,00,CE1E,0000,1
21,00169E,0000,0000CE20,00000390,00,1C,10,80,00,0000,03FC,00,0,00,CE20,0000,1
21,00169E,0000,0000CE22,00000391,00,1C,11,80,00,0000,03FC,00,0,00,CE22,0000,1
21,00169E,0000,0000CE24,00000392,00,1C,12,80,00,0000,03FC,00,2,00,CE24,0000,1
21,00169E,0000,0000CE26,00000393,00,1C,13,80,00,0000,03FC,00,2,00,CE26,0000,1
21,00169E,0000,0000CE28,00000394,00,1C,14,80,00,0000,03FD,00,0,00,CE28,0000,1
21,00169E,0000,0000CE2A,00000395,00,1C,15,80,00,0000,03FD,00,0,00,CE2A,0000,1
21,00169E,0000,0000CE2C,00000396,00,1C,16,80,00,0000,03FD,00,2,00,CE2C,0000,1
21,00169E,0000,0000CE2E,00000397,00,1C,17,80,00,0000,03FD,00,2,00,CE2E,0000,1
21,00169E,0000,0000CE30,00000398,00,1C,18,80,00,0000,03FE,00,0,00,CE30,0000,1
21,00169E,0000,0000CE32,00000399,00,1C,19,80,00,0000,03FE,00,0,00,CE32,0000,1
21,00169E,0000,0000CE34,0000039A,00,1C,1A,80,00,0000,03FE,00,2,00,CE34,0000,1
21,00169E,0000,0000CE36,0000039B,00,1C,1B,80,00,0000,03FE,00,2,00,CE36,0000,1
21,00169E,0000,0000CE38,0000039C,00,1C,1C,80,00,0000,03FF,00,0,00,CE38,0000,1
21,00169E,0000,0000CE3A,0000039D,00,1C,1D,80,00,0000,03FF,00,0,00,CE3A,0000,1
21,00169E,0000,0000CE3C,0000039E,00,1C,1E,80,00,0000,03FF,00,2,00,CE3C,0000,1
21,00169E,0000,0000CE3E,0000039F,00,1C,1F,80,00,0000,03FF,00,2,00,CE3E,0000,1
21,00169E,0000,0000CE80,000003A0,00,1D,00,80,00,0000,03F8,00,0,00,CE80,0000,1
21,00169E,0000,0000CE82,000003A1,00,1D,01,80,00,0000,03F8,00,0,00,CE82,0000,1
21,00169E,0000,0000CE84,000003A2,00,1D,02,80,00,0000,03F8,00,2,00,CE84,0000,1
21,00169E,0000,0000CE86,000003A3,00,1D,03,80,00,0000,03F8,00,2,00,CE86,0000,1
21,00169E,0000,0000CE88,000003A4,00,1D,04,80,00,0000,03F9,00,0,00,CE88,0000,1
21,00169E,0000,0000CE8A,000003A5,00,1D,05,80,00,0000,03F9,00,0,00,CE8A,0000,1
21,00169E,0000,0000CE8C,000003A6,00,1D,06,80,00,0000,03F9,00,2,00,CE8C,0000,1
21,00169E,0000,0000CE8E,000003A7,00,1D,07,80,00,0000,03F9,00,2,00,CE8E,0000,1
21,00169E,0000,0000CE90,000003A8,00,1D,08,80,00,0000,03FA,00,0,00,CE90,0000,1
21,00169E,0000,0000CE92,000003A9,00,1D,09,80,00,0000,03FA,00,0,00,CE92,0000,1
21,00169E,0000,0000CE94,000003AA,00,1D,0A,80,00,0000,03FA,00,2,00,CE94,0000,1
21,00169E,0000,0000CE96,000003AB,00,1D,0B,80,00,0000,03FA,00,2,00,CE96,0000,1
21,00169E,0000,0000CE98,000003AC,00,1D,0C,80,00,0000,03FB,00,0,00,CE98,0000,1
21,00169E,0000,0000CE9A,000003AD,00,1D,0D,80,00,0000,03FB,00,0,00,CE9A,0000,1
21,00169E,0000,0000CE9C,000003AE,00,1D,0E,80,00,0000,03FB,00,2,00,CE9C,0000,1
21,00169E,0000,0000CE9E,000003AF,00,1D,0F,80,00,0000,03FB,00,2,00,CE9E,0000,1
21,00169E,0000,0000CEA0,000003B0,00,1D,10,80,00,0000,03FC,00,0,00,CEA0,0000,1
22,00169E,0000,0000CEA2,000003B1,00,1D,11,80,00,0000,03FC,00,0,00,CEA2,0000,1
22,00169E,0000,0000CEA4,000003B2,00,1D,12,80,00,0000,03FC,00,2,00,CEA4,0000,1
22,00169E,0000,0000CEA6,000003B3,00,1D,13,80,00,0000,03FC,00,2,00,CEA6,0000,1
22,00169E,0000,0000CEA8,000003B4,00,1D,14,80,00,0000,03FD,00,0,00,CEA8,0000,1
22,00169E,0000,0000CEAA,000003B5,00,1D,15,80,00,0000,03FD,00,0,00,CEAA,0000,1
22,00169E,0000,0000CEAC,000003B6,00,1D,16,80,00,0000,03FD,00,2,00,CEAC,0000,1
22,00169E,0000,0000CEAE,000003B7,00,1D,17,80,00,0000,03FD,00,2,00,CEAE,0000,1
22,00169E,0000,0000CEB0,000003B8,00,1D,18,80,00,0000,03FE,00,0,00,CEB0,0000,1
22,00169E,0000,0000CEB2,000003B9,00,1D,19,80,00,0000,03FE,00,0,00,CEB2,0000,1
22,00169E,0000,0000CEB4,000003BA,00,1D,1A,80,00,0000,03FE,00,2,00,CEB4,0000,1
22,00169E,0000,0000CEB6,000003BB,00,1D,1B,80,00,0000,03FE,00,2,00,CEB6,0000,1
22,00169E,0000,0000CEB8,000003BC,00,1D,1C,80,00,0000,03FF,00,0,00,CEB8,0000,1
22,00169E,0000,0000CEBA,000003BD,00,1D,1D,80,00,0000,03FF,00,0,00,CEBA,0000,1
22,00169E,0000,0000CEBC,000003BE,00,1D,1E,80,00,0000,03FF,00,2,00,CEBC,0000,1
22,00169E,0000,0000CEBE,000003BF,00,1D,1F,80,00,0000,03FF,00,2,00,CEBE,0000,1
22,00114C,0400,0000C040,000003C0,00,1E,00,80,00,0000,03F8,00,4,00,CF00,0000,0
22,001154,0400,0000C040,000003C0,00,1E,00,80,00,0000,03F8,00,4,00,CF00,0000,0
22,00115C,0400,0000C040,000003C0,00,1E,00,80,00,0000,03F8,00,4,00,CF00,0000,0
22,001164,0400,0000C040,000003C0,00,1E,00,80,00,0000,03F8,00,4,00,CF00,0000,0
22,00116C,0400,0000C040,000003C0,00,1E,00,80,00,0000,03F8,00,4,00,CF00,0000,0
22,001174,0400,0000C040,000003C0,00,1E,00,80,00,0000,03F8,00,4,00,CF00,0000,0
22,00117C,0400,0000C040,000003C0,00,1E,00,80,00,0000,03F8,00,4,00,CF00,0000,0
22,001184,0400,0000C040,000003C0,00,1E,00,80,00,0000,03F8,00,4,00,CF00,0000,0
22,00114C,0400,0000C240,000003C0,00,1E,00,80,00,0000,03F8,00,4,00,CF00,0000,0
22,001154,0400,0000C240,000003C0,00,1E,00,80,00,0000,03F8,00,4,00,CF00,0000,0
22,00115C,0400,0000C240,000003C0,00,1E,00,80,00,0000,03F8,00,4,00,CF00,0000,0
22,001164,0400,0000C240,000003C0,00,1E,00,80,00,0000,03F8,00,4,00,CF00,0000,0
22,00116C,0400,0000C240,000003C0,00,1E,00,80,00,0000,03F8,00,4,00,CF00,0000,0
22,001174,0400,0000C240,000003C0,00,1E,00,80,00,0000,03F8,00,4,00,CF00,0000,0
22,00117C,0400,0000C240,000003C0,00,1E,00,80,00,0000,03F8,00,4,00,CF00,0000,0
22,001184,0400,0000C240,000003C0,00,1E,00,80,00,0000,03F8,00,4,00,CF00,0000,0
22,00114C,0400,0000C240,000003C0,00,1E,00,80,00,0000,03F8,00,4,00,CF00,0000,0
22,001154,0400,0000C240,000003C0,00,1E,00,80,00,0000,03F8,00,4,00,CF00,0000,0
22,00115C,0400,0000C240,000003C0,00,1E,00,80,00,0000,03F8,00,4,00,CF00,0000,0
22,001164,0400,0000C240,000003C0,00,1E,00,80,00,0000,03F8,00,4,00,CF00,0000,0
22,00116C,0400,0000C240,000003C0,00,1E,00,80,00,0000,03F8,00,4,00,CF00,0000,0
22,001174,0400,0000C240,000003C0,00,1E,00,80,00,0000,03F8,00,4,00,CF00,0000,0
22,00117C,0400,0000C240,000003C0,00,1E,00,80,00,0000,03F8,00,4,00,CF00,0000,0
22,001184,0400,0000C240,000003C0,00,1E,00,80,00,0000,03F8,00,4,00,CF00,0000,0
22,00114C,0400,0000C240,000003C0,00,1E,00,80,00,0000,03F8,00,4,00,CF00,0000,0
22,001154,0400,0000C240,000003C0,00,1E,00,80,00,0000,03F8,00,4,00,CF00,0000,0
22,00115C,0400,0000C240,000003C0,00,1E,00,80,00,0000,03F8,00,4,00,CF00,0000,0
22,001164,0400,0000C240,000003C0,00,1E,00,80,00,0000,03F8,00,4,00,CF00,0000,0
22,00116C,0400,0000C240,000003C0,00,1E,00,80,00,0000,03F8,00,4,00,CF00,0000,0
22,001174,0400,0000C240,000003C0,00,1E,00,80,00,0000,03F8,00,4,00,CF00,0000,0
22,00117C,0400,0000C240,000003C0,00,1E,00,80,00,0000,03F8,00,4,00,CF00,0000,0
22,001184,0400,0000C240,000003C0,00,1E,00,80,00,0000,03F8,00,4,00,CF00,0000,0
22,00114C,0400,0000C240,000003C0,00,1E,00,80,00,0000,03F8,00,4,00,CF00,0000,0
22,001154,0400,0000C240,000003C0,00,1E,00,80,00,0000,03F8,00,4,00,CF00,0000,0
22,00115C,0400,0000C240,000003C0,00,1E,00,80,00,0000,03F8,00,4,00,CF00,0000,0
22,001164,0400,0000C240,000003C0,00,1E,00,80,00,0000,03F8,00,4,00,CF00,0000,0
22,00116C,0400,0000C240,000003C0,00,1E,00,80,00,0000,03F8,00,4,00,CF00,0000,0
22,001174,0400,0000C240,000003C0,00,1E,00,80,00,0000,03F8,00,4,00,CF00,0000,0
22,00117C,0400,0000C240,000003C0,00,1E,00,80,00,0000,03F8,00,4,00,CF00,0000,0
22,001184,0400,0000C240,000003C0,00,1E,00,80,00,0000,03F8,00,4,00,CF00,0000,0
22,00114C,0400,0000C240,000003C0,00,1E,00,80,00,0000,03F8,00,4,00,CF00,0000,0
22,001154,0400,0000C240,000003C0,00,1E,00,80,00,0000,03F8,00,4,00,CF00,0000,0
22,00115C,0400,0000C240,000003C0,00,1E,00,80,00,0000,03F8,00,4,00,CF00,0000,0
22,001164,0400,0000C240,000003C0,00,1E,00,80,00,0000,03F8,00,4,00,CF00,0000,0
22,00116C,0400,0000C240,000003C0,00,1E,00,80,00,0000,03F8,00,4,00,CF00,0000,0
22,001174,0400,0000C240,000003C0,00,1E,00,80,00,0000,03F8,00,4,00,CF00,0000,0
22,00117C,0400,0000C240,000003C0,00,1E,00,80,00,0000,03F8,00,4,00,CF00,0000,0
22,001184,0400,0000C240,000003C0,00,1E,00,80,00,0000,03F8,00,4,00,CF00,0000,0
22,00114C,0400,0000C240,000003C0,00,1E,00,80,00,0000,03F8,00,4,00,CF00,0000,0
22,001154,0400,0000C240,000003C0,00,1E,00,80,00,0000,03F8,00,4,00,CF00,0000,0
22,00115C,0400,0000C240,000003C0,00,1E,00,80,00,0000,03F8,00,4,00,CF00,0000,0
22,001164,0400,0000C240,000003C0,00,1E,00,80,00,0000,03F8,00,4,00,CF00,0000,0
22,00116C,0400,0000C240,000003C0,00,1E,00,80,00,0000,03F8,00,4,00,CF00,0000,0
22,001174,0400,0000C240,000003C0,00,1E,00,80,00,0000,03F8,00,4,00,CF00,0000,0
22,00117C,0400,0000C240,000003C0,00,1E,00,80,00,0000,03F8,00,4,00,CF00,0000,0
22,001184,0400,0000C240,000003C0,00,1E,00,80,00,0000,03F8,00,4,00,CF00,0000,0
22,00114C,0400,0000C240,000003C0,00,1E,00,80,00,0000,03F8,00,4,00,CF00,0000,0
22,001154,0400,0000C240,000003C0,00,1E,00,80,00,0000,03F8,00,4,00,CF00,0000,0
22,00115C,0400,0000C240,000003C0,00,1E,00,80,00,0000,03F8,00,4,00,CF00,0000,0
22,001164,0400,0000C240,000003C0,00,1E,00,80,00,0000,03F8,00,4,00,CF00,0000,0
22,00116C,0400,0000C240,000003C0,00,1E,00,80,00,0000,03F8,00,4,00,CF00,0000,0
22,001174,0400,0000C240,000003C0,00,1E,00,80,00,0000,03F8,00,4,00,CF00,0000,0
22,00117C,0400,0000C240,000003C0,00,1E,00,80,00,0000,03F8,00,4,00,CF00,0000,0
22,001184,0400,0000C240,000003C0,00,1E,00,80,00,0000,03F8,00,4,00,CF00,0000,0
22,00114C,0400,0000C240,000003C0,00,1E,00,80,00,0000,03F8,00,4,00,CF00,0000,0
22,001154,0400,0000C240,000003C0,00,1E,00,80,00,0000,03F8,00,4,00,CF00,0000,0
22,00115C,0400,0000C240,000003C0,00,1E,00,80,00,0000,03F8,00,4,00,CF00,0000,0
22,001164,0400,0000C240,000003C0,00,1E,00,80,00,0000,03F8,00,4,00,CF00,0000,0
22,00116C,0400,0000C240,000003C0,00,1E,00,80,00,0000,03F8,00,4,00,CF00,0000,0
22,001174,0400,0000C240,000003C0,00,1E,00,80,00,0000,03F8,00,4,00,CF00,0000,0
22,00117C,0400,0000C240,000003C0,00,1E,00,80,00,0000,03F8,00,4,00,CF00,0000,0
22,001184,0400,0000C240,000003C0,00,1E,00,80,00,0000,03F8,00,4,00,CF00,0000,0
22,00114C,0400,0000C240,000003C0,00,1E,00,80,00,0000,03F8,00,4,00,CF00,0000,0
22,001154,0400,0000C240,000003C0,00,1E,00,80,00,0000,03F8,00,4,00,CF00,0000,0
22,00115C,0400,0000C240,000003C0,00,1E,00,80,00,0000,03F8,00,4,00,CF00,0000,0
22,001164,0400,0000C240,000003C0,00,1E,00,80,00,0000,03F8,00,4,00,CF00,0000,0
22,00116C,0400,0000C240,000003C0,00,1E,00,80,00,0000,03F8,00,4,00,CF00,0000,0
22,001174,0400,0000C240,000003C0,00,1E,00,80,00,0000,03F8,00,4,00,CF00,0000,0
22,00117C,0400,0000C240,000003C0,00,1E,00,80,00,0000,03F8,00,4,00,CF00,0000,0
22,001184,0400,0000C240,000003C0,00,1E,00,80,00,0000,03F8,00,4,00,CF00,0000,0
22,00114C,0400,0000C240,000003C0,00,1E,00,80,00,0000,03F8,00,4,00,CF00,0000,0
22,001154,0400,0000C240,000003C0,00,1E,00,80,00,0000,03F8,00,4,00,CF00,0000,0
22,00115C,0400,0000C240,000003C0,00,1E,00,80,00,0000,03F8,00,4,00,CF00,0000,0
22,001164,0400,0000C240,000003C0,00,1E,00,80,00,0000,03F8,00,4,00,CF00,0000,0
22,00116C,0400,0000C240,000003C0,00,1E,00,80,00,0000,03F8,00,4,00,CF00,0000,0
22,001174,0400,0000C240,000003C0,00,1E,00,80,00,0000,03F8,00,4,00,CF00,0000,0
22,00117C,0400,0000C240,000003C0,00,1E,00,80,00,0000,03F8,00,4,00,CF00,0000,0
22,001184,0400,0000C240,000003C0,00,1E,00,80,00,0000,03F8,00,4,00,CF00,0000,0
22,00114C,0400,0000C240,000003C0,00,1E,00,80,00,0000,03F8,00,4,00,CF00,0000,0
22,001154,0400,0000C240,000003C0,00,1E,00,80,00,0000,03F8,00,4,00,CF00,0000,0
22,00115C,0400,0000C240,000003C0,00,1E,00,80,00,0000,03F8,00,4,00,CF00,0000,0
22,001164,0400,0000C240,000003C0,00,1E,00,80,00,0000,03F8,00,4,00,CF00,0000,0
22,00116C,0400,0000C240,000003C0,00,1E,00,80,00,0000,03F8,00,4,00,CF00,0000,0
22,001174,0400,0000C240,000003C0,00,1E,00,80,00,0000,03F8,00,4,00,CF00,0000,0
22,00117C,0400,0000C240,000003C0,00,1E,00,80,00,0000,03F8,00,4,00,CF00,0000,0
22,001184,0400,0000C240,000003C0,00,1E,00,80,00,0000,03F8,00,4,00,CF00,0000,0
22,00114C,0400,0000C240,000003C0,00,1E,00,80,00,0000,03F8,00,4,00,CF00,0000,0
22,001154,0400,0000C240,000003C0,00,1E,00,80,00,0000,03F8,00,4,00,CF00,0000,0
22,00115C,0400,0000C240,000003C0,00,1E,00,80,00,0000,03F8,00,4,00,CF00,0000,0
22,001164,0400,0000C240,000003C0,00,1E,00,80,00,0000,03F8,00,4,00,CF00,0000,0
22,00116C,0400,0000C240,000003C0,00,1E,00,80,00,0000,03F8,00,4,00,CF00,0000,0
22,001174,0400,0000C240,000003C0,00,1E,00,80,00,0000,03F8,00,4,00,CF00,0000,0
22,00117C,0400,0000C240,000003C0,00,1E,00,80,00,0000,03F8,00,4,00,CF00,0000,0
22,001184,0400,0000C240,000003C0,00,1E,00,80,00,0000,03F8,00,4,00,CF00,0000,0
22,00114C,0400,0000C240,000003C0,00,1E,00,80,00,0000,03F8,00,4,00,CF00,0000,0
22,001154,0400,0000C240,000003C0,00,1E,00,80,00,0000,03F8,00,4,00,CF00,0000,0
22,00115C,0400,0000C240,000003C0,00,1E,00,80,00,0000,03F8,00,4,00,CF00,0000,0
22,001164,0400,0000C240,000003C0,00,1E,00,80,00,0000,03F8,00,4,00,CF00,0000,0
22,00116C,0400,0000C240,000003C0,00,1E,00,80,00,0000,03F8,00,4,00,CF00,0000,0
22,001174,0400,0000C240,000003C0,00,1E,00,80,00,0000,03F8,00,4,00,CF00,0000,0
22,00117C,0400,0000C240,000003C0,00,1E,00,80,00,0000,03F8,00,4,00,CF00,0000,0
22,001184,0400,0000C240,000003C0,00,1E,00,80,00,0000,03F8,00,4,00,CF00,0000,0
22,00114C,0400,0000C240,000003C0,00,1E,00,80,00,0000,03F8,00,4,00,CF00,0000,0
22,001154,0400,0000C240,000003C0,00,1E,00,80,00,0000,03F8,00,4,00,CF00,0000,0
22,00115C,0400,0000C240,000003C0,00,1E,00,80,00,0000,03F8,00,4,00,CF00,0000,0
22,001164,0400,0000C240,000003C0,00,1E,00,80,00,0000,03F8,00,4,00,CF00,0000,0
22,00116C,0400,0000C240,000003C0,00,1E,00,80,00,0000,03F8,00,4,00,CF00,0000,0
22,001174,0400,0000C240,000003C0,00,1E,00,80,00,0000,03F8,00,4,00,CF00,0000,0
22,00117C,0400,0000C240,000003C0,00,1E,00,80,00,0000,03F8,00,4,00,CF00,0000,0
22,001184,0400,0000C240,000003C0,00,1E,00,80,00,0000,03F8,00,4,00,CF00,0000,0
22,00114C,0400,0000C240,000003C0,00,1E,00,80,00,0000,03F8,00,4,00,CF00,0000,0
22,001154,0400,0000C240,000003C0,00,1E,00,80,00,0000,03F8,00,4,00,CF00,0000,0
22,00115C,0400,0000C240,000003C0,00,1E,00,80,00,0000,03F8,00,4,00,CF00,0000,0
22,001164,0400,0000C240,000003C0,00,1E,00,80,00,0000,03F8,00,4,00,CF00,0000,0
22,00116C,0400,0000C240,000003C0,00,1E,00,80,00,0000,03F8,00,4,00,CF00,0000,0
22,001174,0400,0000C240,000003C0,00,1E,00,80,00,0000,03F8,00,4,00,CF00,0000,0
22,00117C,0400,0000C240,000003C0,00,1E,00,80,00,0000,03F8,00,4,00,CF00,0000,0
22,001184,0400,0000C240,000003C0,00,1E,00,80,00,0000,03F8,00,4,00,CF00,0000,0
22,00114C,0400,0000C240,000003C0,00,1E,00,80,00,0000,03F8,00,4,00,CF00,0000,0
22,001154,0400,0000C240,000003C0,00,1E,00,80,00,0000,03F8,00,4,00,CF00,0000,0
22,00115C,0400,0000C240,000003C0,00,1E,00,80,00,0000,03F8,00,4,00,CF00,0000,0
22,001164,0400,0000C240,000003C0,00,1E,00,80,00,0000,03F8,00,4,00,CF00,0000,0
22,00116C,0400,0000C240,000003C0,00,1E,00,80,00,0000,03F8,00,4,00,CF00,0000,0
22,001174,0400,0000C240,000003C0,00,1E,00,80,00,0000,03F8,00,4,00,CF00,0000,0
22,00117C,0400,0000C240,000003C0,00,1E,00,80,00,0000,03F8,00,4,00,CF00,0000,0
22,001184,0400,0000C240,000003C0,00,1E,00,80,00,0000,03F8,00,4,00,CF00,0000,0
22,00114C,0400,0000C240,000003C0,00,1E,00,80,00,0000,03F8,00,4,00,CF00,0000,0
22,001154,0400,0000C240,000003C0,00,1E,00,80,00,0000,03F8,00,4,00,CF00,0000,0
22,00115C,0400,0000C240,000003C0,00,1E,00,80,00,0000,03F8,00,4,00,CF00,0000,0
22,001164,0400,0000C240,000003C0,00,1E,00,80,00,0000,03F8,00,4,00,CF00,0000,0
22,00116C,0400,0000C240,000003C0,00,1E,00,80,00,0000,03F8,00,4,00,CF00,0000,0
22,001174,0400,0000C240,000003C0,00,1E,00,80,00,0000,03F8,00,4,00,CF00,0000,0
22,00117C,0400,0000C240,000003C0,00,1E,00,80,00,0000,03F8,00,4,00,CF00,0000,0
22,001184,0400,0000C240,000003C0,00,1E,00,80,00,0000,03F8,00,4,00,CF00,0000,0
22,00114C,0400,0000C240,000003C0,00,1E,00,80,00,0000,03F8,00,4,00,CF00,0000,0
22,001154,0400,0000C240,000003C0,00,1E,00,80,00,0000,03F8,00,4,00,CF00,0000,0
22,00115C,0400,0000C240,000003C0,00,1E,00,80,00,0000,03F8,00,4,00,CF00,0000,0
22,001164,0400,0000C240,000003C0,00,1E,00,80,00,0000,03F8,00,4,00,CF00,0000,0
22,00116C,0400,0000C240,000003C0,00,1E,00,80,00,0000,03F8,00,4,00,CF00,0000,0
22,001174,0400,0000C240,000003C0,00,1E,00,80,00,0000,03F8,00,4,00,CF00,0000,0
22,00117C,0400,0000C240,000003C0,00,1E,00,80,00,0000,03F8,00,4,00,CF00,0000,0
22,001184,0400,0000C240,000003C0,00,1E,00,80,00,0000,03F8,00,4,00,CF00,0000,0
22,00114C,0400,0000C240,000003C0,00,1E,00,80,00,0000,03F8,00,4,00,CF00,0000,0
22,001154,0400,0000C240,000003C0,00,1E,00,80,00,0000,03F8,00,4,00,CF00,0000,0
22,00115C,0400,0000C240,000003C0,00,1E,00,80,00,0000,03F8,00,4,00,CF00,0000,0
22,001164,0400,0000C240,000003C0,00,1E,00,80,00,0000,03F8,00,4,00,CF00,0000,0
22,00116C,0400,0000C240,000003C0,00,1E,00,80,00,0000,03F8,00,4,00,CF00,0000,0
22,001174,0400,0000C240,000003C0,00,1E,00,80,00,0000,03F8,00,4,00,CF00,0000,0
22,00117C,0400,0000C240,000003C0,00,1E,00,80,00,0000,03F8,00,4,00,CF00,0000,0
22,001184,0400,0000C240,000003C0,00,1E,00,80,00,0000,03F8,00,4,00,CF00,0000,0
22,00114C,0400,0000C240,000003C0,00,1E,00,80,00,0000,03F8,00,4,00,CF00,0000,0
22,001154,0400,0000C240,000003C0,00,1E,00,80,00,0000,03F8,00,4,00,CF00,0000,0
22,00115C,0400,0000C240,000003C0,00,1E,00,80,00,0000,03F8,00,4,00,CF00,0000,0
22,001164,0400,0000C240,000003C0,00,1E,00,80,00,0000,03F8,00,4,00,CF00,0000,0
22,00116C,0400,0000C240,000003C0,00,1E,00,80,00,0000,03F8,00,4,00,CF00,0000,0
22,001174,0400,0000C240,000003C0,00,1E,00,80,00,0000,03F8,00,4,00,CF00,0000,0
22,00117C,0400,0000C240,000003C0,00,1E,00,80,00,0000,03F8,00,4,00,CF00,0000,0
22,001184,0400,0000C240,000003C0,00,1E,00,80,00,0000,03F8,00,4,00,CF00,0000,0
22,00114C,0400,0000C240,000003C0,00,1E,00,80,00,0000,03F8,00,4,00,CF00,0000,0
22,001154,0400,0000C240,000003C0,00,1E,00,80,00,0000,03F8,00,4,00,CF00,0000,0
22,00115C,0400,0000C240,000003C0,00,1E,00,80,00,0000,03F8,00,4,00,CF00,0000,0
22,001164,0400,0000C240,000003C0,00,1E,00,80,00,0000,03F8,00,4,00,CF00,0000,0
22,00116C,0400,0000C240,000003C0,00,1E,00,80,00,0000,03F8,00,4,00,CF00,0000,0
22,001174,0400,0000C240,000003C0,00,1E,00,80,00,0000,03F8,00,4,00,CF00,0000,0
22,00117C,0400,0000C240,000003C0,00,1E,00,80,00,0000,03F8,00,4,00,CF00,0000,0
22,001184,0400,0000C240,000003C0,00,1E,00,80,00,0000,03F8,00,4,00,CF00,0000,0
22,00114C,0400,0000C240,000003C0,00,1E,00,80,00,0000,03F8,00,4,00,CF00,0000,0
22,001154,0400,0000C240,000003C0,00,1E,00,80,00,0000,03F8,00,4,00,CF00,0000,0
22,00115C,0400,0000C240,000003C0,00,1E,00,80,00,0000,03F8,00,4,00,CF00,0000,0
22,001164,0400,0000C240,000003C0,00,1E,00,80,00,0000,03F8,00,4,00,CF00,0000,0
22,00116C,0400,0000C240,000003C0,00,1E,00,80,00,0000,03F8,00,4,00,CF00,0000,0
22,001174,0400,0000C240,000003C0,00,1E,00,80,00,0000,03F8,00,4,00,CF00,0000,0
22,00117C,0400,0000C240,000003C0,00,1E,00,80,00,0000,03F8,00,4,00,CF00,0000,0
22,001184,0400,0000C240,000003C0,00,1E,00,80,00,0000,03F8,00,4,00,CF00,0000,0
22,00114C,0400,0000C240,000003C0,00,1E,00,80,00,0000,03F8,00,4,00,CF00,0000,0
22,001154,0400,0000C240,000003C0,00,1E,00,80,00,0000,03F8,00,4,00,CF00,0000,0
22,00115C,0400,0000C240,000003C0,00,1E,00,80,00,0000,03F8,00,4,00,CF00,0000,0
22,001164,0400,0000C240,000003C0,00,1E,00,80,00,0000,03F8,00,4,00,CF00,0000,0
22,00116C,0400,0000C240,000003C0,00,1E,00,80,00,0000,03F8,00,4,00,CF00,0000,0
22,001174,0400,0000C240,000003C0,00,1E,00,80,00,0000,03F8,00,4,00,CF00,0000,0
22,00117C,0400,0000C240,000003C0,00,1E,00,80,00,0000,03F8,00,4,00,CF00,0000,0
22,001184,0400,0000C240,000003C0,00,1E,00,80,00,0000,03F8,00,4,00,CF00,0000,0
22,00114C,0400,0000C240,000003C0,00,1E,00,80,00,0000,03F8,00,4,00,CF00,0000,0
22,001154,0400,0000C240,000003C0,00,1E,00,80,00,0000,03F8,00,4,00,CF00,0000,0
22,00115C,0400,0000C240,000003C0,00,1E,00,80,00,0000,03F8,00,4,00,CF00,0000,0
22,001164,0400,0000C240,000003C0,00,1E,00,80,00,0000,03F8,00,4,00,CF00,0000,0
22,00116C,0400,0000C240,000003C0,00,1E,00,80,00,0000,03F8,00,4,00,CF00,0000,0
22,001174,0400,0000C240,000003C0,00,1E,00,80,00,0000,03F8,00,4,00,CF00,0000,0
22,00117C,0400,0000C240,000003C0,00,1E,00,80,00,0000,03F8,00,4,00,CF00,0000,0
22,001184,0400,0000C240,000003C0,00,1E,00,80,00,0000,03F8,00,4,00,CF00,0000,0
22,00114C,0400,0000C240,000003C0,00,1E,00,80,00,0000,03F8,00,4,00,CF00,0000,0
22,001154,0400,0000C240,000003C0,00,1E,00,80,00,0000,03F8,00,4,00,CF00,0000,0
22,00115C,0400,0000C240,000003C0,00,1E,00,80,00,0000,03F8,00,4,00,CF00,0000,0
22,001164,0400,0000C240,000003C0,00,1E,00,80,00,0000,03F8,00,4,00,CF00,0000,0
22,00116C,0400,0000C240,000003C0,00,1E,00,80,00,0000,03F8,00,4,00,CF00,0000,0
22,001174,0400,0000C240,000003C0,00,1E,00,80,00,0000,03F8,00,4,00,CF00,0000,0
22,00117C,0400,0000C240,000003C0,00,1E,00,80,00,0000,03F8,00,4,00,CF00,0000,0
22,001184,0400,0000C240,000003C0,00,1E,00,80,00,0000,03F8,00,4,00,CF00,0000,0
22,00114C,0400,0000C240,000003C0,00,1E,00,80,00,0000,03F8,00,4,00,CF00,0000,0
22,001154,0400,0000C240,000003C0,00,1E,00,80,00,0000,03F8,00,4,00,CF00,0000,0
22,00115C,0400,0000C240,000003C0,00,1E,00,80,00,0000,03F8,00,4,00,CF00,0000,0
22,001164,0400,0000C240,000003C0,00,1E,00,80,00,0000,03F8,00,4,00,CF00,0000,0
22,00116C,0400,0000C240,000003C0,00,1E,00,80,00,0000,03F8,00,4,00,CF00,0000,0
22,001174,0400,0000C240,000003C0,00,1E,00,80,00,0000,03F8,00,4,00,CF00,0000,0
22,00117C,0400,0000C240,000003C0,00,1E,00,80,00,0000,03F8,00,4,00,CF00,0000,0
22,001184,0400,0000C240,000003C0,00,1E,00,80,00,0000,03F8,00,4,00,CF00,0000,0
22,00114C,0400,0000C240,000003C0,00,1E,00,80,00,0000,03F8,00,4,00,CF00,0000,0
22,001154,0400,0000C240,000003C0,00,1E,00,80,00,0000,03F8,00,4,00,CF00,0000,0
22,00115C,0400,0000C240,000003C0,00,1E,00,80,00,0000,03F8,00,4,00,CF00,0000,0
22,001164,0400,0000C240,000003C0,00,1E,00,80,00,0000,03F8,00,4,00,CF00,0000,0
22,00116C,0400,0000C240,000003C0,00,1E,00,80,00,0000,03F8,00,4,00,CF00,0000,0
22,001174,0400,0000C240,000003C0,00,1E,00,80,00,0000,03F8,00,4,00,CF00,0000,0
22,00117C,0400,0000C240,000003C0,00,1E,00,80,00,0000,03F8,00,4,00,CF00,0000,0
22,001184,0400,0000C240,000003C0,00,1E,00,80,00,0000,03F8,00,4,00,CF00,0000,0
22,00114C,0400,0000C240,000003C0,00,1E,00,80,00,0000,03F8,00,4,00,CF00,0000,0
22,001154,0400,0000C240,000003C0,00,1E,00,80,00,0000,03F8,00,4,00,CF00,0000,0
22,00115C,0400,0000C240,000003C0,00,1E,00,80,00,0000,03F8,00,4,00,CF00,0000,0
22,001164,0400,0000C240,000003C0,00,1E,00,80,00,0000,03F8,00,4,00,CF00,0000,0
22,00116C,0400,0000C240,000003C0,00,1E,00,80,00,0000,03F8,00,4,00,CF00,0000,0
22,001174,0400,0000C240,000003C0,00,1E,00,80,00,0000,03F8,00,4,00,CF00,0000,0
22,00117C,0400,0000C240,000003C0,00,1E,00,80,00,0000,03F8,00,4,00,CF00,0000,0
22,001184,0400,0000C240,000003C0,00,1E,00,80,00,0000,03F8,00,4,00,CF00,0000,0
22,00114C,0400,0000C240,000003C0,00,1E,00,80,00,0000,03F8,00,4,00,CF00,0000,0
22,001154,0400,0000C240,000003C0,00,1E,00,80,00,0000,03F8,00,4,00,CF00,0000,0
22,00115C,0400,0000C240,000003C0,00,1E,00,80,00,0000,03F8,00,4,00,CF00,0000,0
22,001164,0400,0000C240,000003C0,00,1E,00,80,00,0000,03F8,00,4,00,CF00,0000,0
22,00116C,0400,0000C240,000003C0,00,1E,00,80,00,0000,03F8,00,4,00,CF00,0000,0
22,001174,0400,0000C240,000003C0,00,1E,00,80,00,0000,03F8,00,4,00,CF00,0000,0
22,00117C,0400,0000C240,000003C0,00,1E,00,80,00,0000,03F8,00,4,00,CF00,0000,0
22,001184,0400,0000C240,000003C0,00,1E,00,80,00,0000,03F8,00,4,00,CF00,0000,0
22,00114C,0400,0000C240,000003C0,00,1E,00,80,00,0000,03F8,00,4,00,CF00,0000,0
22,001154,0400,0000C240,000003C0,00,1E,00,80,00,0000,03F8,00,4,00,CF00,0000,0
22,00115C,0400,0000C240,000003C0,00,1E,00,80,00,0000,03F8,00,4,00,CF00,0000,0
22,001164,0400,0000C240,000003C0,00,1E,00,80,00,0000,03F8,00,4,00,CF00,0000,0
22,00116C,0400,0000C240,000003C0,00,1E,00,80,00,0000,03F8,00,4,00,CF00,0000,0
22,001174,0400,0000C240,000003C0,00,1E,00,80,00,0000,03F8,00,4,00,CF00,0000,0
22,00117C,0400,0000C240,000003C0,00,1E,00,80,00,0000,03F8,00,4,00,CF00,0000,0
22,001184,0400,0000C240,000003C0,00,1E,00,80,00,0000,03F8,00,4,00,CF00,0000,0
22,00114C,0400,0000C240,000003C0,00,1E,00,80,00,0000,03F8,00,4,00,CF00,0000,0
22,001154,0400,0000C240,000003C0,00,1E,00,80,00,0000,03F8,00,4,00,CF00,0000,0
22,00115C,0400,0000C240,000003C0,00,1E,00,80,00,0000,03F8,00,4,00,CF00,0000,0
22,001164,0400,0000C240,000003C0,00,1E,00,80,00,0000,03F8,00,4,00,CF00,0000,0
22,00116C,0400,0000C240,000003C0,00,1E,00,80,00,0000,03F8,00,4,00,CF00,0000,0
22,001174,0400,0000C240,000003C0,00,1E,00,80,00,0000,03F8,00,4,00,CF00,0000,0
22,00117C,0400,0000C240,000003C0,00,1E,00,80,00,0000,03F8,00,4,00,CF00,0000,0
22,001184,0400,0000C240,000003C0,00,1E,00,80,00,0000,03F8,00,4,00,CF00,0000,0
22,00169E,0024,0000C000,00020000,00,00,00,80,24,0024,03C0,00,0,00,C000,0024,1
22,00169E,0024,0000C002,00020001,00,00,01,80,24,0024,03C0,00,0,00,C002,0024,1
22,00169E,0024,0000C004,00020002,00,00,02,80,24,0024,03C0,00,2,00,C004,0024,1
22,00169E,0024,0000C006,00020003,00,00,03,80,24,0024,03C0,00,2,00,C006,0024,1
22,00169E,0024,0000C008,00020004,00,00,04,80,24,0024,03C1,00,0,00,C008,0024,1
22,00169E,0024,0000C00A,00020005,00,00,05,80,24,0024,03C1,00,0,00,C00A,0024,1
22,00169E,0024,0000C00C,00020006,00,00,06,80,24,0024,03C1,00,2,00,C00C,0024,1
22,00169E,0024,0000C00E,00020007,00,00,07,80,24,0024,03C1,00,2,00,C00E,0024,1
22,00169E,0024,0000C010,00020008,00,00,08,80,24,0024,03C2,00,0,00,C010,0024,1
22,00169E,0024,0000C012,00020009,00,00,09,80,24,0024,03C2,00,0,00,C012,0024,1
22,00169E,0024,0000C014,0002000A,00,00,0A,80,24,0024,03C2,00,2,00,C014,0024,1
22,00169E,0024,0000C016,0002000B,00,00,0B,80,24,0024,03C2,00,2,00,C016,0024,1
22,00169E,0024,0000C018,0002000C,00,00,0C,80,24,0024,03C3,00,0,00,C018,0024,1
22,00169E,0024,0000C01A,0002000D,00,00,0D,80,24,0024,03C3,00,0,00,C01A,0024,1
22,00169E,0024,0000C01C,0002000E,00,00,0E,80,24,0024,03C3,00,2,00,C01C,0024,1
22,00169E,0024,0000C01E,0002000F,00,00,0F,80,24,0024,03C3,00,2,00,C01E,0024,1
22,00169E,0024,0000C020,00020010,00,00,10,80,24,0024,03C4,00,0,00,C020,0024,1
22,00169E,0024,0000C022,00020011,00,00,11,80,24,0024,03C4,00,0,00,C022,0024,1
22,00169E,0024,0000C024,00020012,00,00,12,80,24,0024,03C4,00,2,00,C024,0024,1
22,00169E,0024,0000C026,00020013,00,00,13,80,24,0024,03C4,00,2,00,C026,0024,1
22,00169E,0024,0000C028,00020014,00,00,14,80,24,0024,03C5,00,0,00,C028,0024,1
22,00169E,0024,0000C02A,00020015,00,00,15,80,24,0024,03C5,00,0,00,C02A,0024,1
22,00169E,0024,0000C02C,00020016,00,00,16,80,24,0024,03C5,00,2,00,C02C,0024,1
22,00169E,0024,0000C02E,00020017,00,00,17,80,24,0024,03C5,00,2,00,C02E,0024,1
22,00169E,0024,0000C030,00020018,00,00,18,80,24,0024,03C6,00,0,00,C030,0024,1
22,00169E,0024,0000C032,00020019,00,00,19,80,24,0024,03C6,00,0,00,C032,0024,1
22,00169E,0024,0000C034,0002001A,00,00,1A,80,24,0024,03C6,00,2,00,C034,0024,1
22,00169E,0024,0000C036,0002001B,00,00,1B,80,24,0024,03C6,00,2,00,C036,0024,1
22,00169E,0024,0000C038,0002001C,00,00,1C,80,24,0024,03C7,00,0,00,C038,0024,1
22,00169E,0024,0000C03A,0002001D,00,00,1D,80,24,0024,03C7,00,0,00,C03A,0024,1
22,00169E,0024,0000C03C,0002001E,00,00,1E,80,24,0024,03C7,00,2,00,C03C,0024,1
22,00169E,0024,0000C03E,0002001F,00,00,1F,80,24,0024,03C7,00,2,00,C03E,0024,1
22,00169E,0024,0000C080,00020020,00,01,00,80,24,0024,03C0,00,0,00,C080,0024,1
22,00169E,0024,0000C082,00020021,00,01,01,80,24,0024,03C0,00,0,00,C082,0024,1
22,00169E,0024,0000C084,00020022,00,01,02,80,24,0024,03C0,00,2,00,C084,0024,1
22,00169E,0024,0000C086,00020023,00,01,03,80,24,0024,03C0,00,2,00,C086,0024,1
22,00169E,0024,0000C088,00020024,00,01,04,80,24,0024,03C1,00,0,00,C088,0024,1
22,00169E,0024,0000C08A,00020025,00,01,05,80,24,0024,03C1,00,0,00,C08A,0024,1
22,00169E,0024,0000C08C,00020026,00,01,06,80,24,0024,03C1,00,2,00,C08C,0024,1
22,00169E,0024,0000C08E,00020027,00,01,07,80,24,0024,03C1,00,2,00,C08E,0024,1
22,00169E,0024,0000C090,00020028,00,01,08,80,24,0024,03C2,00,0,00,C090,0024,1
22,00169E,0024,0000C092,00020029,00,01,09,80,24,0024,03C2,00,0,00,C092,0024,1
22,00169E,0024,0000C094,0002002A,00,01,0A,80,24,0024,03C2,00,2,00,C094,0024,1
22,00169E,0024,0000C096,0002002B,00,01,0B,80,24,0024,03C2,00,2,00,C096,0024,1
22,00169E,0024,0000C098,0002002C,00,01,0C,80,24,0024,03C3,00,0,00,C098,0024,1
23,00169E,0024,0000C09A,0002002D,00,01,0D,80,24,0024,03C3,00,0,00,C09A,0024,1
23,00169E,0024,0000C09C,0002002E,00,01,0E,80,24,0024,03C3,00,2,00,C09C,0024,1
23,00169E,0024,0000C09E,0002002F,00,01,0F,80,24,0024,03C3,00,2,00,C09E,0024,1
23,00169E,0024,0000C0A0,00020030,00,01,10,80,24,0024,03C4,00,0,00,C0A0,0024,1
23,00169E,0024,0000C0A2,00020031,00,01,11,80,24,0024,03C4,00,0,00,C0A2,0024,1
23,00169E,0024,0000C0A4,00020032,00,01,12,80,24,0024,03C4,00,2,00,C0A4,0024,1
23,00169E,0024,0000C0A6,00020033,00,01,13,80,24,0024,03C4,00,2,00,C0A6,0024,1
23,00169E,0024,0000C0A8,00020034,00,01,14,80,24,0024,03C5,00,0,00,C0A8,0024,1
23,00169E,0024,0000C0AA,00020035,00,01,15,80,24,0024,03C5,00,0,00,C0AA,0024,1
23,00169E,0024,0000C0AC,00020036,00,01,16,80,24,0024,03C5,00,2,00,C0AC,0024,1
23,00169E,0024,0000C0AE,00020037,00,01,17,80,24,0024,03C5,00,2,00,C0AE,0024,1
23,00169E,0024,0000C0B0,00020038,00,01,18,80,24,0024,03C6,00,0,00,C0B0,0024,1
23,00169E,0024,0000C0B2,00020039,00,01,19,80,24,0024,03C6,00,0,00,C0B2,0024,1
23,00169E,0024,0000C0B4,0002003A,00,01,1A,80,24,0024,03C6,00,2,00,C0B4,0024,1
23,00169E,0024,0000C0B6,0002003B,00,01,1B,80,24,0024,03C6,00,2,00,C0B6,0024,1
23,00169E,0024,0000C0B8,0002003C,00,01,1C,80,24,0024,03C7,00,0,00,C0B8,0024,1
23,00169E,0024,0000C0BA,0002003D,00,01,1D,80,24,0024,03C7,00,0,00,C0BA,0024,1
23,00169E,0024,0000C0BC,0002003E,00,01,1E,80,24,0024,03C7,00,2,00,C0BC,0024,1
23,00169E,0024,0000C0BE,0002003F,00,01,1F,80,24,0024,03C7,00,2,00,C0BE,0024,1
23,00169E,00E0,0000C100,00020040,00,02,00,80,E0,00E0,03C0,00,4,00,C100,00E0,1
23,00169E,00D5,0000C102,00020041,00,02,01,80,D5,00D5,03C0,00,4,00,C102,00D5,1
23,00169E,0024,0000C104,00020042,00,02,02,80,24,0024,03C0,00,6,00,C104,0024,1
23,00169E,0024,0000C106,00020043,00,02,03,80,24,0024,03C0,00,6,00,C106,0024,1
23,00169E,0024,0000C108,00020044,00,02,04,80,24,0024,03C1,00,4,00,C108,0024,1
23,00169E,0024,0000C10A,00020045,00,02,05,80,24,0024,03C1,00,4,00,C10A,0024,1
23,00169E,0024,0000C10C,00020046,00,02,06,80,24,0024,03C1,00,6,00,C10C,0024,1
23,00169E,0024,0000C10E,00020047,00,02,07,80,24,0024,03C1,00,6,00,C10E,0024,1
23,00169E,0024,0000C110,00020048,00,02,08,80,24,0024,03C2,00,4,00,C110,0024,1
23,00169E,0024,0000C112,00020049,00,02,09,80,24,0024,03C2,00,4,00,C112,0024,1
23,00169E,0024,0000C114,0002004A,00,02,0A,80,24,0024,03C2,00,6,00,C114,0024,1
23,00169E,0024,0000C116,0002004B,00,02,0B,80,24,0024,03C2,00,6,00,C116,0024,1
23,00169E,0024,0000C118,0002004C,00,02,0C,80,24,0024,03C3,00,4,00,C118,0024,1
23,00169E,0024,0000C11A,0002004D,00,02,0D,80,24,0024,03C3,00,4,00,C11A,0024,1
23,00169E,0024,0000C11C,0002004E,00,02,0E,80,24,0024,03C3,00,6,00,C11C,0024,1
23,00169E,0024,0000C11E,0002004F,00,02,0F,80,24,0024,03C3,00,6,00,C11E,0024,1
23,00169E,0024,0000C120,00020050,00,02,10,80,24,0024,03C4,00,4,00,C120,0024,1
23,00169E,0024,0000C122,00020051,00,02,11,80,24,0024,03C4,00,4,00,C122,0024,1
23,00169E,0024,0000C124,00020052,00,02,12,80,24,0024,03C4,00,6,00,C124,0024,1
23,00169E,0024,0000C126,00020053,00,02,13,80,24,0024,03C4,00,6,00,C126,0024,1
23,00169E,0024,0000C128,00020054,00,02,14,80,24,0024,03C5,00,4,00,C128,0024,1
23,00169E,0024,0000C12A,00020055,00,02,15,80,24,0024,03C5,00,4,00,C12A,0024,1
23,00169E,0024,0000C12C,00020056,00,02,16,80,24,0024,03C5,00,6,00,C12C,0024,1
23,00169E,0024,0000C12E,00020057,00,02,17,80,24,0024,03C5,00,6,00,C12E,0024,1
23,00169E,0024,0000C130,00020058,00,02,18,80,24,0024,03C6,00,4,00,C130,0024,1
23,00169E,0024,0000C132,00020059,00,02,19,80,24,0024,03C6,00,4,00,C132,0024,1
23,00169E,0024,0000C134,0002005A,00,02,1A,80,24,0024,03C6,00,6,00,C134,0024,1
23,00169E,0024,0000C136,0002005B,00,02,1B,80,24,0024,03C6,00,6,00,C136,0024,1
23,00169E,0024,0000C138,0002005C,00,02,1C,80,24,0024,03C7,00,4,00,C138,0024,1
23,00169E,0024,0000C13A,0002005D,00,02,1D,80,24,0024,03C7,00,4,00,C13A,0024,1
23,00169E,00D4,0000C13C,0002005E,00,02,1E,80,D4,00D4,03C7,00,6,00,C13C,00D4,1
23,00169E,00E0,0000C13E,0002005F,00,02,1F,80,E0,00E0,03C7,00,6,00,C13E,00E0,1
23,00169E,00DC,0000C180,00020060,00,03,00,80,DC,00DC,03C0,00,4,00,C180,00DC,1
23,00169E,00D7,0000C182,00020061,00,03,01,80,D7,00D7,03C0,00,4,00,C182,00D7,1
23,00169E,0024,0000C184,00020062,00,03,02,80,24,0024,03C0,00,6,00,C184,0024,1
23,00169E,0024,0000C186,00020063,00,03,03,80,24,0024,03C0,00,6,00,C186,0024,1
23,00169E,0024,0000C188,00020064,00,03,04,80,24,0024,03C1,00,4,00,C188,0024,1
23,00169E,0024,0000C18A,00020065,00,03,05,80,24,0024,03C1,00,4,00,C18A,0024,1
23,00169E,0024,0000C18C,00020066,00,03,06,80,24,0024,03C1,00,6,00,C18C,0024,1
23,00169E,0024,0000C18E,00020067,00,03,07,80,24,0024,03C1,00,6,00,C18E,0024,1
23,00169E,0024,0000C190,00020068,00,03,08,80,24,0024,03C2,00,4,00,C190,0024,1
23,00169E,0024,0000C192,00020069,00,03,09,80,24,0024,03C2,00,4,00,C192,0024,1
23,00169E,0024,0000C194,0002006A,00,03,0A,80,24,0024,03C2,00,6,00,C194,0024,1
23,00169E,0024,0000C196,0002006B,00,03,0B,80,24,0024,03C2,00,6,00,C196,0024,1
23,00169E,0024,0000C198,0002006C,00,03,0C,80,24,0024,03C3,00,4,00,C198,0024,1
23,00169E,0024,0000C19A,0002006D,00,03,0D,80,24,0024,03C3,00,4,00,C19A,0024,1
23,00169E,0024,0000C19C,0002006E,00,03,0E,80,24,0024,03C3,00,6,00,C19C,0024,1
23,00169E,0024,0000C19E,0002006F,00,03,0F,80,24,0024,03C3,00,6,00,C19E,0024,1
23,00169E,0024,0000C1A0,00020070,00,03,10,80,24,0024,03C4,00,4,00,C1A0,0024,1
23,00169E,0024,0000C1A2,00020071,00,03,11,80,24,0024,03C4,00,4,00,C1A2,0024,1
23,00169E,0024,0000C1A4,00020072,00,03,12,80,24,0024,03C4,00,6,00,C1A4,0024,1
23,00169E,0024,0000C1A6,00020073,00,03,13,80,24,0024,03C4,00,6,00,C1A6,0024,1
23,00169E,0024,0000C1A8,00020074,00,03,14,80,24,0024,03C5,00,4,00,C1A8,0024,1
23,00169E,0024,0000C1AA,00020075,00,03,15,80,24,0024,03C5,00,4,00,C1AA,0024,1
23,00169E,0024,0000C1AC,00020076,00,03,16,80,24,0024,03C5,00,6,00,C1AC,0024,1
23,00169E,0024,0000C1AE,00020077,00,03,17,80,24,0024,03C5,00,6,00,C1AE,0024,1
23,00169E,0024,0000C1B0,00020078,00,03,18,80,24,0024,03C6,00,4,00,C1B0,0024,1
23,00169E,0024,0000C1B2,00020079,00,03,19,80,24,0024,03C6,00,4,00,C1B2,0024,1
23,00169E,0024,0000C1B4,0002007A,00,03,1A,80,24,0024,03C6,00,6,00,C1B4,0024,1
23,00169E,0024,0000C1B6,0002007B,00,03,1B,80,24,0024,03C6,00,6,00,C1B6,0024,1
23,00169E,0024,0000C1B8,0002007C,00,03,1C,80,24,0024,03C7,00,4,00,C1B8,0024,1
23,00169E,0024,0000C1BA,0002007D,00,03,1D,80,24,0024,03C7,00,4,00,C1BA,0024,1
23,00169E,00D6,0000C1BC,0002007E,00,03,1E,80,D6,00D6,03C7,00,6,00,C1BC,00D6,1
23,00169E,00DD,0000C1BE,0002007F,00,03,1F,80,DD,00DD,03C7,00,6,00,C1BE,00DD,1
23,00169E,00DC,0000C200,00020080,00,04,00,80,DC,00DC,03C8,00,0,00,C200,00DC,1
24,00169E,00EE,0000C202,00020081,00,04,01,80,EE,00EE,03C8,00,0,00,C202,00EE,1
24,00169E,0024,0000C204,00020082,00,04,02,80,24,0024,03C8,00,2,00,C204,0024,1
24,00169E,0024,0000C206,00020083,00,04,03,80,24,0024,03C8,00,2,00,C206,0024,1
24,00169E,0024,0000C208,00020084,00,04,04,80,24,0024,03C9,00,0,00,C208,0024,1
24,00169E,0024,0000C20A,00020085,00,04,05,80,24,0024,03C9,00,0,00,C20A,0024,1
24,00169E,0024,0000C20C,00020086,00,04,06,80,24,0024,03C9,00,2,00,C20C,0024,1
24,00169E,0024,0000C20E,00020087,00,04,07,80,24,0024,03C9,00,2,00,C20E,0024,1
24,00169E,0024,0000C210,00020088,00,04,08,80,24,0024,03CA,00,0,00,C210,0024,1
24,00169E,0024,0000C212,00020089,00,04,09,80,24,0024,03CA,00,0,00,C212,0024,1
24,00169E,0024,0000C214,0002008A,00,04,0A,80,24,0024,03CA,00,2,00,C214,0024,1
24,00169E,0024,0000C216,0002008B,00,04,0B,80,24,0024,03CA,00,2,00,C216,0024,1
24,00169E,0024,0000C218,0002008C,00,04,0C,80,24,0024,03CB,00,0,00,C218,0024,1
24,00169E,0024,0000C21A,0002008D,00,04,0D,80,24,0024,03CB,00,0,00,C21A,0024,1
24,00169E,0024,0000C21C,0002008E,00,04,0E,80,24,0024,03CB,00,2,00,C21C,0024,1
24,00169E,0024,0000C21E,0002008F,00,04,0F,80,24,0024,03CB,00,2,00,C21E,0024,1
24,00169E,0024,0000C220,00020090,00,04,10,80,24,0024,03CC,00,0,00,C220,0024,1
24,00169E,0024,0000C222,00020091,00,04,11,80,24,0024,03CC,00,0,00,C222,0024,1
24,00169E,0024,0000C224,00020092,00,04,12,80,24,0024,03CC,00,2,00,C224,0024,1
24,00169E,0024,0000C226,00020093,00,04,13,80,24,0024,03CC,00,2,00,C226,0024,1
24,00169E,0024,0000C228,00020094,00,04,14,80,24,0024,03CD,00,0,00,C228,0024,1
24,00169E,0024,0000C22A,00020095,00,04,15,80,24,0024,03CD,00,0,00,C22A,0024,1
24,00169E,0024,0000C22C,00020096,00,04,16,80,24,0024,03CD,00,2,00,C22C,0024,1
24,00169E,0024,0000C22E,00020097,00,04,17,80,24,0024,03CD,00,2,00,C22E,0024,1
24,00169E,0024,0000C230,00020098,00,04,18,80,24,0024,03CE,00,0,00,C230,0024,1
24,00169E,0024,0000C232,00020099,00,04,19,80,24,0024,03CE,00,0,00,C232,0024,1
24,00169E,0024,0000C234,0002009A,00,04,1A,80,24,0024,03CE,00,2,00,C234,0024,1
24,00169E,0024,0000C236,0002009B,00,04,1B,80,24,0024,03CE,00,2,00,C236,0024,1
24,00169E,0024,0000C238,0002009C,00,04,1C,80,24,0024,03CF,00,0,00,C238,0024,1
24,00169E,0024,0000C23A,0002009D,00,04,1D,80,24,0024,03CF,00,0,00,C23A,0024,1
24,00169E,00D6,0000C23C,0002009E,00,04,1E,80,D6,00D6,03CF,00,2,00,C23C,00D6,1
24,00169E,00DB,0000C23E,0002009F,00,04,1F,80,DB,00DB,03CF,00,2,00,C23E,00DB,1
24,00169E,00DE,0000C280,000200A0,00,05,00,80,DE,00DE,03C8,00,0,00,C280,00DE,1
24,00169E,00D7,0000C282,000200A1,00,05,01,80,D7,00D7,03C8,00,0,00,C282,00D7,1
24,00169E,0024,0000C284,000200A2,00,05,02,80,24,0024,03C8,00,2,00,C284,0024,1
24,00169E,0024,0000C286,000200A3,00,05,03,80,24,0024,03C8,00,2,00,C286,0024,1
24,00169E,0024,0000C288,000200A4,00,05,04,80,24,0024,03C9,00,0,00,C288,0024,1
24,00169E,00E6,0000C28A,000200A5,00,05,05,80,E6,00E6,03C9,00,0,00,C28A,00E6,1
24,00169E,00E4,0000C28C,000200A6,00,05,06,80,E4,00E4,03C9,00,2,00,C28C,00E4,1
24,00169E,00E5,0000C28E,000200A7,00,05,07,80,E5,00E5,03C9,00,2,00,C28E,00E5,1
24,00169E,00E4,0000C290,000200A8,00,05,08,80,E4,00E4,03CA,00,0,00,C290,00E4,1
24,00169E,00E5,0000C292,000200A9,00,05,09,80,E5,00E5,03CA,00,0,00,C292,00E5,1
24,00169E,00E4,0000C294,000200AA,00,05,0A,80,E4,00E4,03CA,00,2,00,C294,00E4,1
24,00169E,00E5,0000C296,000200AB,00,05,0B,80,E5,00E5,03CA,00,2,00,C296,00E5,1
24,00169E,00E4,0000C298,000200AC,00,05,0C,80,E4,00E4,03CB,00,0,00,C298,00E4,1
24,00169E,00E5,0000C29A,000200AD,00,05,0D,80,E5,00E5,03CB,00,0,00,C29A,00E5,1
24,00169E,00E4,0000C29C,000200AE,00,05,0E,80,E4,00E4,03CB,00,2,00,C29C,00E4,1
24,00169E,00E5,0000C29E,000200AF,00,05,0F,80,E5,00E5,03CB,00,2,00,C29E,00E5,1
24,00169E,00E4,0000C2A0,000200B0,00,05,10,80,E4,00E4,03CC,00,0,00,C2A0,00E4,1
24,00169E,00E5,0000C2A2,000200B1,00,05,11,80,E5,00E5,03CC,00,0,00,C2A2,00E5,1
24,00169E,00E4,0000C2A4,000200B2,00,05,12,80,E4,00E4,03CC,00,2,00,C2A4,00E4,1
24,00169E,00E5,0000C2A6,000200B3,00,05,13,80,E5,00E5,03CC,00,2,00,C2A6,00E5,1
24,00169E,00E4,0000C2A8,000200B4,00,05,14,80,E4,00E4,03CD,00,0,00,C2A8,00E4,1
24,00169E,00E5,0000C2AA,000200B5,00,05,15,80,E5,00E5,03CD,00,0,00,C2AA,00E5,1
24,00169E,00E4,0000C2AC,000200B6,00,05,16,80,E4,00E4,03CD,00,2,00,C2AC,00E4,1
24,00169E,00E5,0000C2AE,000200B7,00,05,17,80,E5,00E5,03CD,00,2,00,C2AE,00E5,1
24,00169E,00E4,0000C2B0,000200B8,00,05,18,80,E4,00E4,03CE,00,0,00,C2B0,00E4,1
24,00169E,00E5,0000C2B2,000200B9,00,05,19,80,E5,00E5,03CE,00,0,00,C2B2,00E5,1
24,00169E,00E6,0000C2B4,000200BA,00,05,1A,80,E6,00E6,03CE,00,2,00,C2B4,00E6,1
24,00169E,0024,0000C2B6,000200BB,00,05,1B,80,24,0024,03CE,00,2,00,C2B6,0024,1
24,00169E,0024,0000C2B8,000200BC,00,05,1C,80,24,0024,03CF,00,0,00,C2B8,0024,1
24,00169E,0024,0000C2BA,000200BD,00,05,1D,80,24,0024,03CF,00,0,00,C2BA,0024,1
24,00169E,00D6,0000C2BC,000200BE,00,05,1E,80,D6,00D6,03CF,00,2,00,C2BC,00D6,1
24,00169E,00DB,0000C2BE,000200BF,00,05,1F,80,DB,00DB,03CF,00,2,00,C2BE,00DB,1
24,00169E,00DC,0000C300,000200C0,00,06,00,80,DC,00DC,03C8,00,4,00,C300,00DC,1
24,00169E,00D7,0000C302,000200C1,00,06,01,80,D7,00D7,03C8,00,4,00,C302,00D7,1
24,00169E,0024,0000C304,000200C2,00,06,02,80,24,0024,03C8,00,6,00,C304,0024,1
24,00169E,0024,0000C306,000200C3,00,06,03,80,24,0024,03C8,00,6,00,C306,0024,1
24,00169E,0024,0000C308,000200C4,00,06,04,80,24,0024,03C9,00,4,00,C308,0024,1
24,00169E,00E2,0000C30A,000200C5,00,06,05,80,E2,00E2,03C9,00,4,00,C30A,00E2,1
24,00169E,0024,0000C30C,000200C6,00,06,06,80,24,0024,03C9,00,6,00,C30C,0024,1
24,00169E,0024,0000C30E,000200C7,00,06,07,80,24,0024,03C9,00,6,00,C30E,0024,1
24,00169E,0024,0000C310,000200C8,00,06,08,80,24,0024,03CA,00,4,00,C310,0024,1
24,00169E,0024,0000C312,000200C9,00,06,09,80,24,0024,03CA,00,4,00,C312,0024,1
24,00169E,0024,0000C314,000200CA,00,06,0A,80,24,0024,03CA,00,6,00,C314,0024,1
24,00169E,0024,0000C316,000200CB,00,06,0B,80,24,0024,03CA,00,6,00,C316,0024,1
24,00169E,0024,0000C318,000200CC,00,06,0C,80,24,0024,03CB,00,4,00,C318,0024,1
24,00169E,0024,0000C31A,000200CD,00,06,0D,80,24,0024,03CB,00,4,00,C31A,0024,1
24,00169E,0024,0000C31C,000200CE,00,06,0E,80,24,0024,03CB,00,6,00,C31C,0024,1
24,00169E,0024,0000C31E,000200CF,00,06,0F,80,24,0024,03CB,00,6,00,C31E,0024,1
24,00169E,0024,0000C320,000200D0,00,06,10,80,24,0024,03CC,00,4,00,C320,0024,1
24,00169E,0024,0000C322,000200D1,00,06,11,80,24,0024,03CC,00,4,00,C322,0024,1
24,00169E,0024,0000C324,000200D2,00,06,12,80,24,0024,03CC,00,6,00,C324,0024,1
24,00169E,0024,0000C326,000200D3,00,06,13,80,24,0024,03CC,00,6,00,C326,0024,1
24,00169E,0024,0000C328,000200D4,00,06,14,80,24,0024,03CD,00,4,00,C328,0024,1
24,00169E,0024,0000C32A,000200D5,00,06,15,80,24,0024,03CD,00,4,00,C32A,0024,1
25,00169E,0024,0000C32C,000200D6,00,06,16,80,24,0024,03CD,00,6,00,C32C,0024,1
25,00169E,0024,0000C32E,000200D7,00,06,17,80,24,0024,03CD,00,6,00,C32E,0024,1
25,00169E,0024,0000C330,000200D8,00,06,18,80,24,0024,03CE,00,4,00,C330,0024,1
25,00169E,0024,0000C332,000200D9,00,06,19,80,24,0024,03CE,00,4,00,C332,0024,1
25,00169E,00E3,0000C334,000200DA,00,06,1A,80,E3,00E3,03CE,00,6,00,C334,00E3,1
25,00169E,0024,0000C336,000200DB,00,06,1B,80,24,0024,03CE,00,6,00,C336,0024,1
25,00169E,0024,0000C338,000200DC,00,06,1C,80,24,0024,03CF,00,4,00,C338,0024,1
25,00169E,0024,0000C33A,000200DD,00,06,1D,80,24,0024,03CF,00,4,00,C33A,0024,1
25,00169E,00D6,0000C33C,000200DE,00,06,1E,80,D6,00D6,03CF,00,6,00,C33C,00D6,1
25,00169E,00DF,0000C33E,000200DF,00,06,1F,80,DF,00DF,03CF,00,6,00,C33E,00DF,1
25,00169E,00DE,0000C380,000200E0,00,07,00,80,DE,00DE,03C8,00,4,00,C380,00DE,1
25,00169E,00EE,0000C382,000200E1,00,07,01,80,EE,00EE,03C8,00,4,00,C382,00EE,1
25,00169E,0024,0000C384,000200E2,00,07,02,80,24,0024,03C8,00,6,00,C384,0024,1
25,00169E,0024,0000C386,000200E3,00,07,03,80,24,0024,03C8,00,6,00,C386,0024,1
25,00169E,0024,0000C388,000200E4,00,07,04,80,24,0024,03C9,00,4,00,C388,0024,1
25,00169E,00E3,0000C38A,000200E5,00,07,05,80,E3,00E3,03C9,00,4,00,C38A,00E3,1
25,00169E,0024,0000C38C,000200E6,00,07,06,80,24,0024,03C9,00,6,00,C38C,0024,1
25,00169E,0024,0000C38E,000200E7,00,07,07,80,24,0024,03C9,00,6,00,C38E,0024,1
25,00169E,0071,0000C390,000200E8,00,07,08,80,71,0071,03CA,00,4,00,C390,0071,1
25,00169E,0072,0000C392,000200E9,00,07,09,80,72,0072,03CA,00,4,00,C392,0072,1
25,00169E,0073,0000C394,000200EA,00,07,0A,80,73,0073,03CA,00,6,00,C394,0073,1
25,00169E,0074,0000C396,000200EB,00,07,0B,80,74,0074,03CA,00,6,00,C396,0074,1
25,00169E,0075,0000C398,000200EC,00,07,0C,80,75,0075,03CB,00,4,00,C398,0075,1
25,00169E,0076,0000C39A,000200ED,00,07,0D,80,76,0076,03CB,00,4,00,C39A,0076,1
25,00169E,0077,0000C39C,000200EE,00,07,0E,80,77,0077,03CB,00,6,00,C39C,0077,1
25,00169E,0078,0000C39E,000200EF,00,07,0F,80,78,0078,03CB,00,6,00,C39E,0078,1
25,00169E,0079,0000C3A0,000200F0,00,07,10,80,79,0079,03CC,00,4,00,C3A0,0079,1
25,00169E,0079,0000C3A2,000200F1,00,07,11,80,79,0079,03CC,00,4,00,C3A2,0079,1
25,00169E,0079,0000C3A4,000200F2,00,07,12,80,79,0079,03CC,00,6,00,C3A4,0079,1
25,00169E,007A,0000C3A6,000200F3,00,07,13,80,7A,007A,03CC,00,6,00,C3A6,007A,1
25,00169E,007B,0000C3A8,000200F4,00,07,14,80,7B,007B,03CD,00,4,00,C3A8,007B,1
25,00169E,0024,0000C3AA,000200F5,00,07,15,80,24,0024,03CD,00,4,00,C3AA,0024,1
25,00169E,0024,0000C3AC,000200F6,00,07,16,80,24,0024,03CD,00,6,00,C3AC,0024,1
25,00169E,0024,0000C3AE,000200F7,00,07,17,80,24,0024,03CD,00,6,00,C3AE,0024,1
25,00169E,0024,0000C3B0,000200F8,00,07,18,80,24,0024,03CE,00,4,00,C3B0,0024,1
25,00169E,0024,0000C3B2,000200F9,00,07,19,80,24,0024,03CE,00,4,00,C3B2,0024,1
25,00169E,00E2,0000C3B4,000200FA,00,07,1A,80,E2,00E2,03CE,00,6,00,C3B4,00E2,1
25,00169E,0024,0000C3B6,000200FB,00,07,1B,80,24,0024,03CE,00,6,00,C3B6,0024,1
25,00169E,0024,0000C3B8,000200FC,00,07,1C,80,24,0024,03CF,00,4,00,C3B8,0024,1
25,00169E,0024,0000C3BA,000200FD,00,07,1D,80,24,0024,03CF,00,4,00,C3BA,0024,1
25,00169E,00D6,0000C3BC,000200FE,00,07,1E,80,D6,00D6,03CF,00,6,00,C3BC,00D6,1
25,00169E,00DB,0000C3BE,000200FF,00,07,1F,80,DB,00DB,03CF,00,6,00,C3BE,00DB,1
25,00169E,00DE,0000C400,00020100,00,08,00,80,DE,00DE,03D0,00,0,00,C400,00DE,1
25,00169E,00D8,0000C402,00020101,00,08,01,80,D8,00D8,03D0,00,0,00,C402,00D8,1
25,00169E,00EF,0000C404,00020102,00,08,02,80,EF,00EF,03D0,00,2,00,C404,00EF,1
25,00169E,0024,0000C406,00020103,00,08,03,80,24,0024,03D0,00,2,00,C406,0024,1
25,00169E,0024,0000C408,00020104,00,08,04,80,24,0024,03D1,00,0,00,C408,0024,1
25,00169E,00E2,0000C40A,00020105,00,08,05,80,E2,00E2,03D1,00,0,00,C40A,00E2,1
25,00169E,0024,0000C40C,00020106,00,08,06,80,24,0024,03D1,00,2,00,C40C,0024,1
25,00169E,007C,0000C40E,00020107,00,08,07,80,7C,007C,03D1,00,2,00,C40E,007C,1
25,00169E,007D,0000C410,00020108,00,08,08,80,7D,007D,03D2,00,0,00,C410,007D,1
25,00169E,007E,0000C412,00020109,00,08,09,80,7E,007E,03D2,00,0,00,C412,007E,1
25,00169E,007F,0000C414,0002010A,00,08,0A,80,7F,007F,03D2,00,2,00,C414,007F,1
25,00169E,0080,0000C416,0002010B,00,08,0B,80,80,0080,03D2,00,2,00,C416,0080,1
25,00169E,0081,0000C418,0002010C,00,08,0C,80,81,0081,03D3,00,0,00,C418,0081,1
25,00169E,0082,0000C41A,0002010D,00,08,0D,80,82,0082,03D3,00,0,00,C41A,0082,1
25,00169E,0083,0000C41C,0002010E,00,08,0E,80,83,0083,03D3,00,2,00,C41C,0083,1
25,00169E,0084,0000C41E,0002010F,00,08,0F,80,84,0084,03D3,00,2,00,C41E,0084,1
25,00169E,0085,0000C420,00020110,00,08,10,80,85,0085,03D4,00,0,00,C420,0085,1
25,00169E,0086,0000C422,00020111,00,08,11,80,86,0086,03D4,00,0,00,C422,0086,1
25,00169E,0087,0000C424,00020112,00,08,12,80,87,0087,03D4,00,2,00,C424,0087,1
25,00169E,0088,0000C426,00020113,00,08,13,80,88,0088,03D4,00,2,00,C426,0088,1
25,00169E,0089,0000C428,00020114,00,08,14,80,89,0089,03D5,00,0,00,C428,0089,1
25,00169E,008A,0000C42A,00020115,00,08,15,80,8A,008A,03D5,00,0,00,C42A,008A,1
25,00169E,008B,0000C42C,00020116,00,08,16,80,8B,008B,03D5,00,2,00,C42C,008B,1
25,00169E,0024,0000C42E,00020117,00,08,17,80,24,0024,03D5,00,2,00,C42E,0024,1
25,00169E,0024,0000C430,00020118,00,08,18,80,24,0024,03D6,00,0,00,C430,0024,1
25,00169E,0024,0000C432,00020119,00,08,19,80,24,0024,03D6,00,0,00,C432,0024,1
25,00169E,00E3,0000C434,0002011A,00,08,1A,80,E3,00E3,03D6,00,2,00,C434,00E3,1
25,00169E,0024,0000C436,0002011B,00,08,1B,80,24,0024,03D6,00,2,00,C436,0024,1
25,00169E,0024,0000C438,0002011C,00,08,1C,80,24,0024,03D7,00,0,00,C438,0024,1
25,00169E,0024,0000C43A,0002011D,00,08,1D,80,24,0024,03D7,00,0,00,C43A,0024,1
25,00169E,00D6,0000C43C,0002011E,00,08,1E,80,D6,00D6,03D7,00,2,00,C43C,00D6,1
25,00169E,00DF,0000C43E,0002011F,00,08,1F,80,DF,00DF,03D7,00,2,00,C43E,00DF,1
25,00169E,00DC,0000C480,00020120,00,09,00,80,DC,00DC,03D0,00,0,00,C480,00DC,1
25,00169E,00DA,0000C482,00020121,00,09,01,80,DA,00DA,03D0,00,0,00,C482,00DA,1
25,00169E,00D7,0000C484,00020122,00,09,02,80,D7,00D7,03D0,00,2,00,C484,00D7,1
25,00169E,0024,0000C486,00020123,00,09,03,80,24,0024,03D0,00,2,00,C486,0024,1
25,00169E,0024,0000C488,00020124,00,09,04,80,24,0024,03D1,00,0,00,C488,0024,1
25,00169E,00E3,0000C48A,00020125,00,09,05,80,E3,00E3,03D1,00,0,00,C48A,00E3,1
25,00169E,0024,0000C48C,00020126,00,09,06,80,24,0024,03D1,00,2,00,C48C,0024,1
25,00169E,008C,0000C48E,00020127,00,09,07,80,8C,008C,03D1,00,2,00,C48E,008C,1
25,00169E,008D,0000C490,00020128,00,09,08,80,8D,008D,03D2,00,0,00,C490,008D,1
25,00169E,008E,0000C492,00020129,00,09,09,80,8E,008E,03D2,00,0,00,C492,008E,1
26,00169E,008F,0000C494,0002012A,00,09,0A,80,8F,008F,03D2,00,2,00,C494,008F,1
26,00169E,0090,0000C496,0002012B,00,09,0B,80,90,0090,03D2,00,2,00,C496,0090,1
26,00169E,0091,0000C498,0002012C,00,09,0C,80,91,0091,03D3,00,0,00,C498,0091,1
26,00169E,0092,0000C49A,0002012D,00,09,0D,80,92,0092,03D3,00,0,00,C49A,0092,1
26,00169E,0093,0000C49C,0002012E,00,09,0E,80,93,0093,03D3,00,2,00,C49C,0093,1
26,00169E,0094,0000C49E,0002012F,00,09,0F,80,94,0094,03D3,00,2,00,C49E,0094,1
26,00169E,0095,0000C4A0,00020130,00,09,10,80,95,0095,03D4,00,0,00,C4A0,0095,1
26,00169E,0096,0000C4A2,00020131,00,09,11,80,96,0096,03D4,00,0,00,C4A2,0096,1
26,00169E,0097,0000C4A4,00020132,00,09,12,80,97,0097,03D4,00,2,00,C4A4,0097,1
26,00169E,0098,0000C4A6,00020133,00,09,13,80,98,0098,03D4,00,2,00,C4A6,0098,1
26,00169E,0099,0000C4A8,00020134,00,09,14,80,99,0099,03D5,00,0,00,C4A8,0099,1
26,00169E,009A,0000C4AA,00020135,00,09,15,80,9A,009A,03D5,00,0,00,C4AA,009A,1
26,00169E,009B,0000C4AC,00020136,00,09,16,80,9B,009B,03D5,00,2,00,C4AC,009B,1
26,00169E,009C,0000C4AE,00020137,00,09,17,80,9C,009C,03D5,00,2,00,C4AE,009C,1
26,00169E,0024,0000C4B0,00020138,00,09,18,80,24,0024,03D6,00,0,00,C4B0,0024,1
26,00169E,0024,0000C4B2,00020139,00,09,19,80,24,0024,03D6,00,0,00,C4B2,0024,1
26,00169E,00E2,0000C4B4,0002013A,00,09,1A,80,E2,00E2,03D6,00,2,00,C4B4,00E2,1
26,00169E,0024,0000C4B6,0002013B,00,09,1B,80,24,0024,03D6,00,2,00,C4B6,0024,1
26,00169E,0024,0000C4B8,0002013C,00,09,1C,80,24,0024,03D7,00,0,00,C4B8,0024,1
26,00169E,00D4,0000C4BA,0002013D,00,09,1D,80,D4,00D4,03D7,00,0,00,C4BA,00D4,1
26,00169E,00D9,0000C4BC,0002013E,00,09,1E,80,D9,00D9,03D7,00,2,00,C4BC,00D9,1
26,00169E,00DB,0000C4BE,0002013F,00,09,1F,80,DB,00DB,03D7,00,2,00,C4BE,00DB,1
26,00169E,00DC,0000C500,00020140,00,0A,00,80,DC,00DC,03D0,00,4,00,C500,00DC,1
26,00169E,00D9,0000C502,00020141,00,0A,01,80,D9,00D9,03D0,00,4,00,C502,00D9,1
26,00169E,00EE,0000C504,00020142,00,0A,02,80,EE,00EE,03D0,00,6,00,C504,00EE,1
26,00169E,0024,0000C506,00020143,00,0A,03,80,24,0024,03D0,00,6,00,C506,0024,1
26,00169E,0024,0000C508,00020144,00,0A,04,80,24,0024,03D1,00,4,00,C508,0024,1
26,00169E,00E2,0000C50A,00020145,00,0A,05,80,E2,00E2,03D1,00,4,00,C50A,00E2,1
26,00169E,0024,0000C50C,00020146,00,0A,06,80,24,0024,03D1,00,6,00,C50C,0024,1
26,00169E,009D,0000C50E,00020147,00,0A,07,80,9D,009D,03D1,00,6,00,C50E,009D,1
26,00169E,009E,0000C510,00020148,00,0A,08,80,9E,009E,03D2,00,4,00,C510,009E,1
26,00169E,009F,0000C512,00020149,00,0A,09,80,9F,009F,03D2,00,4,00,C512,009F,1
26,00169E,00A0,0000C514,0002014A,00,0A,0A,80,A0,00A0,03D2,00,6,00,C514,00A0,1
26,00169E,00A1,0000C516,0002014B,00,0A,0B,80,A1,00A1,03D2,00,6,00,C516,00A1,1
26,00169E,00A2,0000C518,0002014C,00,0A,0C,80,A2,00A2,03D3,00,4,00,C518,00A2,1
26,00169E,00A3,0000C51A,0002014D,00,0A,0D,80,A3,00A3,03D3,00,4,00,C51A,00A3,1
26,00169E,00A4,0000C51C,0002014E,00,0A,0E,80,A4,00A4,03D3,00,6,00,C51C,00A4,1
26,00169E,00A5,0000C51E,0002014F,00,0A,0F,80,A5,00A5,03D3,00,6,00,C51E,00A5,1
26,00169E,00A6,0000C520,00020150,00,0A,10,80,A6,00A6,03D4,00,4,00,C520,00A6,1
26,00169E,00A7,0000C522,00020151,00,0A,11,80,A7,00A7,03D4,00,4,00,C522,00A7,1
26,00169E,00A8,0000C524,00020152,00,0A,12,80,A8,00A8,03D4,00,6,00,C524,00A8,1
26,00169E,00A9,0000C526,00020153,00,0A,13,80,A9,00A9,03D4,00,6,00,C526,00A9,1
26,00169E,00AA,0000C528,00020154,00,0A,14,80,AA,00AA,03D5,00,4,00,C528,00AA,1
26,00169E,00AB,0000C52A,00020155,00,0A,15,80,AB,00AB,03D5,00,4,00,C52A,00AB,1
26,00169E,00AC,0000C52C,00020156,00,0A,16,80,AC,00AC,03D5,00,6,00,C52C,00AC,1
26,00169E,00AD,0000C52E,00020157,00,0A,17,80,AD,00AD,03D5,00,6,00,C52E,00AD,1
26,00169E,00AE,0000C530,00020158,00,0A,18,80,AE,00AE,03D6,00,4,00,C530,00AE,1
26,00169E,0024,0000C532,00020159,00,0A,19,80,24,0024,03D6,00,4,00,C532,0024,1
26,00169E,00E3,0000C534,0002015A,00,0A,1A,80,E3,00E3,03D6,00,6,00,C534,00E3,1
26,00169E,0024,0000C536,0002015B,00,0A,1B,80,24,0024,03D6,00,6,00,C536,0024,1
26,00169E,0024,0000C538,0002015C,00,0A,1C,80,24,0024,03D7,00,4,00,C538,0024,1
26,00169E,00D6,0000C53A,0002015D,00,0A,1D,80,D6,00D6,03D7,00,4,00,C53A,00D6,1
26,00169E,00DB,0000C53C,0002015E,00,0A,1E,80,DB,00DB,03D7,00,6,00,C53C,00DB,1
26,00169E,00DF,0000C53E,0002015F,00,0A,1F,80,DF,00DF,03D7,00,6,00,C53E,00DF,1
26,00169E,00DE,0000C580,00020160,00,0B,00,80,DE,00DE,03D0,00,4,00,C580,00DE,1
26,00169E,00DB,0000C582,00020161,00,0B,01,80,DB,00DB,03D0,00,4,00,C582,00DB,1
26,00169E,00D7,0000C584,00020162,00,0B,02,80,D7,00D7,03D0,00,6,00,C584,00D7,1
26,00169E,0024,0000C586,00020163,00,0B,03,80,24,0024,03D0,00,6,00,C586,0024,1
26,00169E,0024,0000C588,00020164,00,0B,04,80,24,0024,03D1,00,4,00,C588,0024,1
26,00169E,00E3,0000C58A,00020165,00,0B,05,80,E3,00E3,03D1,00,4,00,C58A,00E3,1
26,00169E,0070,0000C58C,00020166,00,0B,06,80,70,0070,03D1,00,6,00,C58C,0070,1
26,00169E,00AF,0000C58E,00020167,00,0B,07,80,AF,00AF,03D1,00,6,00,C58E,00AF,1
26,00169E,00B0,0000C590,00020168,00,0B,08,80,B0,00B0,03D2,00,4,00,C590,00B0,1
26,00169E,00B1,0000C592,00020169,00,0B,09,80,B1,00B1,03D2,00,4,00,C592,00B1,1
26,00169E,00B2,0000C594,0002016A,00,0B,0A,80,B2,00B2,03D2,00,6,00,C594,00B2,1
26,00169E,00B3,0000C596,0002016B,00,0B,0B,80,B3,00B3,03D2,00,6,00,C596,00B3,1
26,00169E,00B4,0000C598,0002016C,00,0B,0C,80,B4,00B4,03D3,00,4,00,C598,00B4,1
26,00169E,00B5,0000C59A,0002016D,00,0B,0D,80,B5,00B5,03D3,00,4,00,C59A,00B5,1
26,00169E,00B6,0000C59C,0002016E,00,0B,0E,80,B6,00B6,03D3,00,6,00,C59C,00B6,1
26,00169E,00B7,0000C59E,0002016F,00,0B,0F,80,B7,00B7,03D3,00,6,00,C59E,00B7,1
26,00169E,00B8,0000C5A0,00020170,00,0B,10,80,B8,00B8,03D4,00,4,00,C5A0,00B8,1
26,00169E,00B9,0000C5A2,00020171,00,0B,11,80,B9,00B9,03D4,00,4,00,C5A2,00B9,1
26,00169E,00BA,0000C5A4,00020172,00,0B,12,80,BA,00BA,03D4,00,6,00,C5A4,00BA,1
26,00169E,00BB,0000C5A6,00020173,00,0B,13,80,BB,00BB,03D4,00,6,00,C5A6,00BB,1
26,00169E,00BC,0000C5A8,00020174,00,0B,14,80,BC,00BC,03D5,00,4,00,C5A8,00BC,1
26,00169E,00BD,0000C5AA,00020175,00,0B,15,80,BD,00BD,03D5,00,4,00,C5AA,00BD,1
26,00169E,00BE,0000C5AC,00020176,00,0B,16,80,BE,00BE,03D5,00,6,00,C5AC,00BE,1
26,00169E,00BF,0000C5AE,00020177,00,0B,17,80,BF,00BF,03D5,00,6,00,C5AE,00BF,1
26,00169E,00C0,0000C5B0,00020178,00,0B,18,80,C0,00C0,03D6,00,4,00,C5B0,00C0,1
26,00169E,0024,0000C5B2,00020179,00,0B,19,80,24,0024,03D6,00,4,00,C5B2,0024,1
26,00169E,00E2,0000C5B4,0002017A,00,0B,1A,80,E2,00E2,03D6,00,6,00,C5B4,00E2,1
26,00169E,0024,0000C5B6,0002017B,00,0B,1B,80,24,0024,03D6,00,6,00,C5B6,0024,1
26,00169E,0024,0000C5B8,0002017C,00,0B,1C,80,24,0024,03D7,00,4,00,C5B8,0024,1
26,00169E,00D6,0000C5BA,0002017D,00,0B,1D,80,D6,00D6,03D7,00,4,00,C5BA,00D6,1
26,00169E,00DB,0000C5BC,0002017E,00,0B,1E,80,DB,00DB,03D7,00,6,00,C5BC,00DB,1
27,00169E,00DB,0000C5BE,0002017F,00,0B,1F,80,DB,00DB,03D7,00,6,00,C5BE,00DB,1
27,00169E,00DC,0000C600,00020180,00,0C,00,80,DC,00DC,03D8,00,0,00,C600,00DC,1
27,00169E,00DD,0000C602,00020181,00,0C,01,80,DD,00DD,03D8,00,0,00,C602,00DD,1
27,00169E,00D7,0000C604,00020182,00,0C,02,80,D7,00D7,03D8,00,2,00,C604,00D7,1
27,00169E,0024,0000C606,00020183,00,0C,03,80,24,0024,03D8,00,2,00,C606,0024,1
27,00169E,0024,0000C608,00020184,00,0C,04,80,24,0024,03D9,00,0,00,C608,0024,1
27,00169E,00E2,0000C60A,00020185,00,0C,05,80,E2,00E2,03D9,00,0,00,C60A,00E2,1
27,00169E,0024,0000C60C,00020186,00,0C,06,80,24,0024,03D9,00,2,00,C60C,0024,1
27,00169E,0024,0000C60E,00020187,00,0C,07,80,24,0024,03D9,00,2,00,C60E,0024,1
27,00169E,0024,0000C610,00020188,00,0C,08,80,24,0024,03DA,00,0,00,C610,0024,1
27,00169E,0024,0000C612,00020189,00,0C,09,80,24,0024,03DA,00,0,00,C612,0024,1
27,00169E,0024,0000C614,0002018A,00,0C,0A,80,24,0024,03DA,00,2,00,C614,0024,1
27,00169E,0024,0000C616,0002018B,00,0C,0B,80,24,0024,03DA,00,2,00,C616,0024,1
27,00169E,0024,0000C618,0002018C,00,0C,0C,80,24,0024,03DB,00,0,00,C618,0024,1
27,00169E,00C1,0000C61A,0002018D,00,0C,0D,80,C1,00C1,03DB,00,0,00,C61A,00C1,1
27,00169E,00C2,0000C61C,0002018E,00,0C,0E,80,C2,00C2,03DB,00,2,00,C61C,00C2,1
27,00169E,00C3,0000C61E,0002018F,00,0C,0F,80,C3,00C3,03DB,00,2,00,C61E,00C3,1
27,00169E,00C4,0000C620,00020190,00,0C,10,80,C4,00C4,03DC,00,0,00,C620,00C4,1
27,00169E,00C5,0000C622,00020191,00,0C,11,80,C5,00C5,03DC,00,0,00,C622,00C5,1
27,00169E,0024,0000C624,00020192,00,0C,12,80,24,0024,03DC,00,2,00,C624,0024,1
27,00169E,0024,0000C626,00020193,00,0C,13,80,24,0024,03DC,00,2,00,C626,0024,1
27,00169E,0024,0000C628,00020194,00,0C,14,80,24,0024,03DD,00,0,00,C628,0024,1
27,00169E,0024,0000C62A,00020195,00,0C,15,80,24,0024,03DD,00,0,00,C62A,0024,1
27,00169E,0024,0000C62C,00020196,00,0C,16,80,24,0024,03DD,00,2,00,C62C,0024,1
27,00169E,0024,0000C62E,00020197,00,0C,17,80,24,0024,03DD,00,2,00,C62E,0024,1
27,00169E,0024,0000C630,00020198,00,0C,18,80,24,0024,03DE,00,0,00,C630,0024,1
27,00169E,0024,0000C632,00020199,00,0C,19,80,24,0024,03DE,00,0,00,C632,0024,1
27,00169E,00E3,0000C634,0002019A,00,0C,1A,80,E3,00E3,03DE,00,2,00,C634,00E3,1
27,00169E,0024,0000C636,0002019B,00,0C,1B,80,24,0024,03DE,00,2,00,C636,0024,1
27,00169E,0024,0000C638,0002019C,00,0C,1C,80,24,0024,03DF,00,0,00,C638,0024,1
27,00169E,00D6,0000C63A,0002019D,00,0C,1D,80,D6,00D6,03DF,00,0,00,C63A,00D6,1
27,00169E,00DB,0000C63C,0002019E,00,0C,1E,80,DB,00DB,03DF,00,2,00,C63C,00DB,1
27,00169E,00DF,0000C63E,0002019F,00,0C,1F,80,DF,00DF,03DF,00,2,00,C63E,00DF,1
27,00169E,00DE,0000C680,000201A0,00,0D,00,80,DE,00DE,03D8,00,0,00,C680,00DE,1
27,00169E,00DB,0000C682,000201A1,00,0D,01,80,DB,00DB,03D8,00,0,00,C682,00DB,1
27,00169E,00EE,0000C684,000201A2,00,0D,02,80,EE,00EE,03D8,00,2,00,C684,00EE,1
27,00169E,0024,0000C686,000201A3,00,0D,03,80,24,0024,03D8,00,2,00,C686,0024,1
27,00169E,0024,0000C688,000201A4,00,0D,04,80,24,0024,03D9,00,0,00,C688,0024,1
27,00169E,00E3,0000C68A,000201A5,00,0D,05,80,E3,00E3,03D9,00,0,00,C68A,00E3,1
27,00169E,0024,0000C68C,000201A6,00,0D,06,80,24,0024,03D9,00,2,00,C68C,0024,1
27,00169E,00C6,0000C68E,000201A7,00,0D,07,80,C6,00C6,03D9,00,2,00,C68E,00C6,1
27,00169E,00C7,0000C690,000201A8,00,0D,08,80,C7,00C7,03DA,00,0,00,C690,00C7,1
27,00169E,00C8,0000C692,000201A9,00,0D,09,80,C8,00C8,03DA,00,0,00,C692,00C8,1
27,00169E,00C8,0000C694,000201AA,00,0D,0A,80,C8,00C8,03DA,00,2,00,C694,00C8,1
27,00169E,00C8,0000C696,000201AB,00,0D,0B,80,C8,00C8,03DA,00,2,00,C696,00C8,1
27,00169E,0024,0000C698,000201AC,00,0D,0C,80,24,0024,03DB,00,0,00,C698,0024,1
27,00169E,00C9,0000C69A,000201AD,00,0D,0D,80,C9,00C9,03DB,00,0,00,C69A,00C9,1
27,00169E,00CA,0000C69C,000201AE,00,0D,0E,80,CA,00CA,03DB,00,2,00,C69C,00CA,1
27,00169E,00CB,0000C69E,000201AF,00,0D,0F,80,CB,00CB,03DB,00,2,00,C69E,00CB,1
27,00169E,00CC,0000C6A0,000201B0,00,0D,10,80,CC,00CC,03DC,00,0,00,C6A0,00CC,1
27,00169E,00CD,0000C6A2,000201B1,00,0D,11,80,CD,00CD,03DC,00,0,00,C6A2,00CD,1
27,00169E,00C8,0000C6A4,000201B2,00,0D,12,80,C8,00C8,03DC,00,2,00,C6A4,00C8,1
27,00169E,00C8,0000C6A6,000201B3,00,0D,13,80,C8,00C8,03DC,00,2,00,C6A6,00C8,1
27,00169E,00C8,0000C6A8,000201B4,00,0D,14,80,C8,00C8,03DD,00,0,00,C6A8,00C8,1
27,00169E,00C8,0000C6AA,000201B5,00,0D,15,80,C8,00C8,03DD,00,0,00,C6AA,00C8,1
27,00169E,00E8,0000C6AC,000201B6,00,0D,16,80,E8,00E8,03DD,00,2,00,C6AC,00E8,1
27,00169E,00E9,0000C6AE,000201B7,00,0D,17,80,E9,00E9,03DD,00,2,00,C6AE,00E9,1
27,00169E,00D3,0000C6B0,000201B8,00,0D,18,80,D3,00D3,03DE,00,0,00,C6B0,00D3,1
27,00169E,0024,0000C6B2,000201B9,00,0D,19,80,24,0024,03DE,00,0,00,C6B2,0024,1
27,00169E,00E2,0000C6B4,000201BA,00,0D,1A,80,E2,00E2,03DE,00,2,00,C6B4,00E2,1
27,00169E,0024,0000C6B6,000201BB,00,0D,1B,80,24,0024,03DE,00,2,00,C6B6,0024,1
27,00169E,0024,0000C6B8,000201BC,00,0D,1C,80,24,0024,03DF,00,0,00,C6B8,0024,1
27,00169E,00D6,0000C6BA,000201BD,00,0D,1D,80,D6,00D6,03DF,00,0,00,C6BA,00D6,1
27,00169E,00DB,0000C6BC,000201BE,00,0D,1E,80,DB,00DB,03DF,00,2,00,C6BC,00DB,1
27,00169E,00DB,0000C6BE,000201BF,00,0D,1F,80,DB,00DB,03DF,00,2,00,C6BE,00DB,1
27,00169E,00DC,0000C700,000201C0,00,0E,00,80,DC,00DC,03D8,00,4,00,C700,00DC,1
27,00169E,00DB,0000C702,000201C1,00,0E,01,80,DB,00DB,03D8,00,4,00,C702,00DB,1
27,00169E,00D7,0000C704,000201C2,00,0E,02,80,D7,00D7,03D8,00,6,00,C704,00D7,1
27,00169E,0024,0000C706,000201C3,00,0E,03,80,24,0024,03D8,00,6,00,C706,0024,1
27,00169E,0024,0000C708,000201C4,00,0E,04,80,24,0024,03D9,00,4,00,C708,0024,1
27,00169E,00E2,0000C70A,000201C5,00,0E,05,80,E2,00E2,03D9,00,4,00,C70A,00E2,1
27,00169E,0024,0000C70C,000201C6,00,0E,06,80,24,0024,03D9,00,6,00,C70C,0024,1
27,00169E,0024,0000C70E,000201C7,00,0E,07,80,24,0024,03D9,00,6,00,C70E,0024,1
27,00169E,0024,0000C710,000201C8,00,0E,08,80,24,0024,03DA,00,4,00,C710,0024,1
27,00169E,0024,0000C712,000201C9,00,0E,09,80,24,0024,03DA,00,4,00,C712,0024,1
27,00169E,0024,0000C714,000201CA,00,0E,0A,80,24,0024,03DA,00,6,00,C714,0024,1
27,00169E,0024,0000C716,000201CB,00,0E,0B,80,24,0024,03DA,00,6,00,C716,0024,1
27,00169E,0024,0000C718,000201CC,00,0E,0C,80,24,0024,03DB,00,4,00,C718,0024,1
27,00169E,0024,0000C71A,000201CD,00,0E,0D,80,24,0024,03DB,00,4,00,C71A,0024,1
27,00169E,0024,0000C71C,000201CE,00,0E,0E,80,24,0024,03DB,00,6,00,C71C,0024,1
27,00169E,00CE,0000C71E,000201CF,00,0E,0F,80,CE,00CE,03DB,00,6,00,C71E,00CE,1
27,00169E,00CF,0000C720,000201D0,00,0E,10,80,CF,00CF,03DC,00,4,00,C720,00CF,1
27,00169E,0024,0000C722,000201D1,00,0E,11,80,24,0024,03DC,00,4,00,C722,0024,1
27,00169E,0024,0000C724,000201D2,00,0E,12,80,24,0024,03DC,00,6,00,C724,0024,1
28,00169E,0024,0000C726,000201D3,00,0E,13,80,24,0024,03DC,00,6,00,C726,0024,1
28,00169E,0024,0000C728,000201D4,00,0E,14,80,24,0024,03DD,00,4,00,C728,0024,1
28,00169E,0024,0000C72A,000201D5,00,0E,15,80,24,0024,03DD,00,4,00,C72A,0024,1
28,00169E,00EA,0000C72C,000201D6,00,0E,16,80,EA,00EA,03DD,00,6,00,C72C,00EA,1
28,00169E,00EB,0000C72E,000201D7,00,0E,17,80,EB,00EB,03DD,00,6,00,C72E,00EB,1
28,00169E,00EC,0000C730,000201D8,00,0E,18,80,EC,00EC,03DE,00,4,00,C730,00EC,1
28,00169E,0024,0000C732,000201D9,00,0E,19,80,24,0024,03DE,00,4,00,C732,0024,1
28,00169E,00E3,0000C734,000201DA,00,0E,1A,80,E3,00E3,03DE,00,6,00,C734,00E3,1
28,00169E,0024,0000C736,000201DB,00,0E,1B,80,24,0024,03DE,00,6,00,C736,0024,1
28,00169E,0024,0000C738,000201DC,00,0E,1C,80,24,0024,03DF,00,4,00,C738,0024,1
28,00169E,00D6,0000C73A,000201DD,00,0E,1D,80,D6,00D6,03DF,00,4,00,C73A,00D6,1
28,00169E,00DB,0000C73C,000201DE,00,0E,1E,80,DB,00DB,03DF,00,6,00,C73C,00DB,1
28,00169E,00DF,0000C73E,000201DF,00,0E,1F,80,DF,00DF,03DF,00,6,00,C73E,00DF,1
28,00169E,00DC,0000C780,000201E0,00,0F,00,80,DC,00DC,03D8,00,4,00,C780,00DC,1
28,00169E,00DB,0000C782,000201E1,00,0F,01,80,DB,00DB,03D8,00,4,00,C782,00DB,1
28,00169E,00D7,0000C784,000201E2,00,0F,02,80,D7,00D7,03D8,00,6,00,C784,00D7,1
28,00169E,0024,0000C786,000201E3,00,0F,03,80,24,0024,03D8,00,6,00,C786,0024,1
28,00169E,0024,0000C788,000201E4,00,0F,04,80,24,0024,03D9,00,4,00,C788,0024,1
28,00169E,00E3,0000C78A,000201E5,00,0F,05,80,E3,00E3,03D9,00,4,00,C78A,00E3,1
28,00169E,0024,0000C78C,000201E6,00,0F,06,80,24,0024,03D9,00,6,00,C78C,0024,1
28,00169E,0024,0000C78E,000201E7,00,0F,07,80,24,0024,03D9,00,6,00,C78E,0024,1
28,00169E,0024,0000C790,000201E8,00,0F,08,80,24,0024,03DA,00,4,00,C790,0024,1
28,00169E,0024,0000C792,000201E9,00,0F,09,80,24,0024,03DA,00,4,00,C792,0024,1
28,00169E,0024,0000C794,000201EA,00,0F,0A,80,24,0024,03DA,00,6,00,C794,0024,1
28,00169E,0024,0000C796,000201EB,00,0F,0B,80,24,0024,03DA,00,6,00,C796,0024,1
28,00169E,0024,0000C798,000201EC,00,0F,0C,80,24,0024,03DB,00,4,00,C798,0024,1
28,00169E,0024,0000C79A,000201ED,00,0F,0D,80,24,0024,03DB,00,4,00,C79A,0024,1
28,00169E,0024,0000C79C,000201EE,00,0F,0E,80,24,0024,03DB,00,6,00,C79C,0024,1
28,00169E,00D1,0000C79E,000201EF,00,0F,0F,80,D1,00D1,03DB,00,6,00,C79E,00D1,1
28,00169E,00D2,0000C7A0,000201F0,00,0F,10,80,D2,00D2,03DC,00,4,00,C7A0,00D2,1
28,00169E,0024,0000C7A2,000201F1,00,0F,11,80,24,0024,03DC,00,4,00,C7A2,0024,1
28,00169E,0024,0000C7A4,000201F2,00,0F,12,80,24,0024,03DC,00,6,00,C7A4,0024,1
28,00169E,0024,0000C7A6,000201F3,00,0F,13,80,24,0024,03DC,00,6,00,C7A6,0024,1
28,00169E,0024,0000C7A8,000201F4,00,0F,14,80,24,0024,03DD,00,4,00,C7A8,0024,1
28,00169E,0024,0000C7AA,000201F5,00,0F,15,80,24,0024,03DD,00,4,00,C7AA,0024,1
28,00169E,0024,0000C7AC,000201F6,00,0F,16,80,24,0024,03DD,00,6,00,C7AC,0024,1
28,00169E,0024,0000C7AE,000201F7,00,0F,17,80,24,0024,03DD,00,6,00,C7AE,0024,1
28,00169E,0024,0000C7B0,000201F8,00,0F,18,80,24,0024,03DE,00,4,00,C7B0,0024,1
28,00169E,0024,0000C7B2,000201F9,00,0F,19,80,24,0024,03DE,00,4,00,C7B2,0024,1
28,00169E,00E2,0000C7B4,000201FA,00,0F,1A,80,E2,00E2,03DE,00,6,00,C7B4,00E2,1
28,00169E,0024,0000C7B6,000201FB,00,0F,1B,80,24,0024,03DE,00,6,00,C7B6,0024,1
28,00169E,0024,0000C7B8,000201FC,00,0F,1C,80,24,0024,03DF,00,4,00,C7B8,0024,1
28,00169E,00D6,0000C7BA,000201FD,00,0F,1D,80,D6,00D6,03DF,00,4,00,C7BA,00D6,1
28,00169E,00DB,0000C7BC,000201FE,00,0F,1E,80,DB,00DB,03DF,00,6,00,C7BC,00DB,1
28,00169E,00DB,0000C7BE,000201FF,00,0F,1F,80,DB,00DB,03DF,00,6,00,C7BE,00DB,1
28,00169E,00DC,0000C800,00020200,00,10,00,80,DC,00DC,03E0,00,0,00,C800,00DC,1
28,00169E,00D8,0000C802,00020201,00,10,01,80,D8,00D8,03E0,00,0,00,C802,00D8,1
28,00169E,00E1,0000C804,00020202,00,10,02,80,E1,00E1,03E0,00,2,00,C804,00E1,1
28,00169E,00D5,0000C806,00020203,00,10,03,80,D5,00D5,03E0,00,2,00,C806,00D5,1
28,00169E,0024,0000C808,00020204,00,10,04,80,24,0024,03E1,00,0,00,C808,0024,1
28,00169E,00E6,0000C80A,00020205,00,10,05,80,E6,00E6,03E1,00,0,00,C80A,00E6,1
28,00169E,00E4,0000C80C,00020206,00,10,06,80,E4,00E4,03E1,00,2,00,C80C,00E4,1
28,00169E,00E5,0000C80E,00020207,00,10,07,80,E5,00E5,03E1,00,2,00,C80E,00E5,1
28,00169E,00E4,0000C810,00020208,00,10,08,80,E4,00E4,03E2,00,0,00,C810,00E4,1
28,00169E,00E5,0000C812,00020209,00,10,09,80,E5,00E5,03E2,00,0,00,C812,00E5,1
28,00169E,00E4,0000C814,0002020A,00,10,0A,80,E4,00E4,03E2,00,2,00,C814,00E4,1
28,00169E,00E5,0000C816,0002020B,00,10,0B,80,E5,00E5,03E2,00,2,00,C816,00E5,1
28,00169E,00E4,0000C818,0002020C,00,10,0C,80,E4,00E4,03E3,00,0,00,C818,00E4,1
28,00169E,00E5,0000C81A,0002020D,00,10,0D,80,E5,00E5,03E3,00,0,00,C81A,00E5,1
28,00169E,00E4,0000C81C,0002020E,00,10,0E,80,E4,00E4,03E3,00,2,00,C81C,00E4,1
28,00169E,00E5,0000C81E,0002020F,00,10,0F,80,E5,00E5,03E3,00,2,00,C81E,00E5,1
28,00169E,00E4,0000C820,00020210,00,10,10,80,E4,00E4,03E4,00,0,00,C820,00E4,1
28,00169E,00E5,0000C822,00020211,00,10,11,80,E5,00E5,03E4,00,0,00,C822,00E5,1
28,00169E,00E4,0000C824,00020212,00,10,12,80,E4,00E4,03E4,00,2,00,C824,00E4,1
28,00169E,00E5,0000C826,00020213,00,10,13,80,E5,00E5,03E4,00,2,00,C826,00E5,1
28,00169E,00E4,0000C828,00020214,00,10,14,80,E4,00E4,03E5,00,0,00,C828,00E4,1
28,00169E,00E5,0000C82A,00020215,00,10,15,80,E5,00E5,03E5,00,0,00,C82A,00E5,1
28,00169E,00E4,0000C82C,00020216,00,10,16,80,E4,00E4,03E5,00,2,00,C82C,00E4,1
28,00169E,00E5,0000C82E,00020217,00,10,17,80,E5,00E5,03E5,00,2,00,C82E,00E5,1
28,00169E,00E4,0000C830,00020218,00,10,18,80,E4,00E4,03E6,00,0,00,C830,00E4,1
28,00169E,00E5,0000C832,00020219,00,10,19,80,E5,00E5,03E6,00,0,00,C832,00E5,1
28,00169E,00E6,0000C834,0002021A,00,10,1A,80,E6,00E6,03E6,00,2,00,C834,00E6,1
28,00169E,0024,0000C836,0002021B,00,10,1B,80,24,0024,03E6,00,2,00,C836,0024,1
28,00169E,00D4,0000C838,0002021C,00,10,1C,80,D4,00D4,03E7,00,0,00,C838,00D4,1
28,00169E,00E1,0000C83A,0002021D,00,10,1D,80,E1,00E1,03E7,00,0,00,C83A,00E1,1
28,00169E,00D9,0000C83C,0002021E,00,10,1E,80,D9,00D9,03E7,00,2,00,C83C,00D9,1
28,00169E,00DD,0000C83E,0002021F,00,10,1F,80,DD,00DD,03E7,00,2,00,C83E,00DD,1
28,00169E,00DC,0000C880,00020220,00,11,00,80,DC,00DC,03E0,00,0,00,C880,00DC,1
28,00169E,00DA,0000C882,00020221,00,11,01,80,DA,00DA,03E0,00,0,00,C882,00DA,1
28,00169E,00DC,0000C884,00020222,00,11,02,80,DC,00DC,03E0,00,2,00,C884,00DC,1
28,00169E,00D7,0000C886,00020223,00,11,03,80,D7,00D7,03E0,00,2,00,C886,00D7,1
28,00169E,0024,0000C888,00020224,00,11,04,80,24,0024,03E1,00,0,00,C888,0024,1
28,00169E,0024,0000C88A,00020225,00,11,05,80,24,0024,03E1,00,0,00,C88A,0024,1
28,00169E,0024,0000C88C,00020226,00,11,06,80,24,0024,03E1,00,2,00,C88C,0024,1
29,00169E,0024,0000C88E,00020227,00,11,07,80,24,0024,03E1,00,2,00,C88E,0024,1
29,00169E,0024,0000C890,00020228,00,11,08,80,24,0024,03E2,00,0,00,C890,0024,1
29,00169E,0024,0000C892,00020229,00,11,09,80,24,0024,03E2,00,0,00,C892,0024,1
29,00169E,0024,0000C894,0002022A,00,11,0A,80,24,0024,03E2,00,2,00,C894,0024,1
29,00169E,0024,0000C896,0002022B,00,11,0B,80,24,0024,03E2,00,2,00,C896,0024,1
29,00169E,0024,0000C898,0002022C,00,11,0C,80,24,0024,03E3,00,0,00,C898,0024,1
29,00169E,00F0,0000C89A,0002022D,00,11,0D,80,F0,00F0,03E3,00,0,00,C89A,00F0,1
29,00169E,0001,0000C89C,0002022E,00,11,0E,80,01,0001,03E3,00,2,00,C89C,0001,1
29,00169E,0009,0000C89E,0002022F,00,11,0F,80,09,0009,03E3,00,2,00,C89E,0009,1
29,00169E,0008,0000C8A0,00020230,00,11,10,80,08,0008,03E4,00,0,00,C8A0,0008,1
29,00169E,0006,0000C8A2,00020231,00,11,11,80,06,0006,03E4,00,0,00,C8A2,0006,1
29,00169E,0024,0000C8A4,00020232,00,11,12,80,24,0024,03E4,00,2,00,C8A4,0024,1
29,00169E,0017,0000C8A6,00020233,00,11,13,80,17,0017,03E4,00,2,00,C8A6,0017,1
29,00169E,0012,0000C8A8,00020234,00,11,14,80,12,0012,03E5,00,0,00,C8A8,0012,1
29,00169E,0017,0000C8AA,00020235,00,11,15,80,17,0017,03E5,00,0,00,C8AA,0017,1
29,00169E,001D,0000C8AC,00020236,00,11,16,80,1D,001D,03E5,00,2,00,C8AC,001D,1
29,00169E,000E,0000C8AE,00020237,00,11,17,80,0E,000E,03E5,00,2,00,C8AE,000E,1
29,00169E,0017,0000C8B0,00020238,00,11,18,80,17,0017,03E6,00,0,00,C8B0,0017,1
29,00169E,000D,0000C8B2,00020239,00,11,19,80,0D,000D,03E6,00,0,00,C8B2,000D,1
29,00169E,0018,0000C8B4,0002023A,00,11,1A,80,18,0018,03E6,00,2,00,C8B4,0018,1
29,00169E,0024,0000C8B6,0002023B,00,11,1B,80,24,0024,03E6,00,2,00,C8B6,0024,1
29,00169E,00D6,0000C8B8,0002023C,00,11,1C,80,D6,00D6,03E7,00,0,00,C8B8,00D6,1
29,00169E,00DC,0000C8BA,0002023D,00,11,1D,80,DC,00DC,03E7,00,0,00,C8BA,00DC,1
29,00169E,00DB,0000C8BC,0002023E,00,11,1E,80,DB,00DB,03E7,00,2,00,C8BC,00DB,1
29,00169E,00DF,0000C8BE,0002023F,00,11,1F,80,DF,00DF,03E7,00,2,00,C8BE,00DF,1
29,00169E,00DC,0000C900,00020240,00,12,00,80,DC,00DC,03E0,00,4,00,C900,00DC,1
29,00169E,00DA,0000C902,00020241,00,12,01,80,DA,00DA,03E0,00,4,00,C902,00DA,1
29,00169E,00DC,0000C904,00020242,00,12,02,80,DC,00DC,03E0,00,6,00,C904,00DC,1
29,00169E,00EE,0000C906,00020243,00,12,03,80,EE,00EE,03E0,00,6,00,C906,00EE,1
29,00169E,0024,0000C908,00020244,00,12,04,80,24,0024,03E1,00,4,00,C908,0024,1
29,00169E,0024,0000C90A,00020245,00,12,05,80,24,0024,03E1,00,4,00,C90A,0024,1
29,00169E,0024,0000C90C,00020246,00,12,06,80,24,0024,03E1,00,6,00,C90C,0024,1
29,00169E,0024,0000C90E,00020247,00,12,07,80,24,0024,03E1,00,6,00,C90E,0024,1
29,00169E,0024,0000C910,00020248,00,12,08,80,24,0024,03E2,00,4,00,C910,0024,1
29,00169E,0024,0000C912,00020249,00,12,09,80,24,0024,03E2,00,4,00,C912,0024,1
29,00169E,0024,0000C914,0002024A,00,12,0A,80,24,0024,03E2,00,6,00,C914,0024,1
29,00169E,0024,0000C916,0002024B,00,12,0B,80,24,0024,03E2,00,6,00,C916,0024,1
29,00169E,0024,0000C918,0002024C,00,12,0C,80,24,0024,03E3,00,4,00,C918,0024,1
29,00169E,0024,0000C91A,0002024D,00,12,0D,80,24,0024,03E3,00,4,00,C91A,0024,1
29,00169E,0024,0000C91C,0002024E,00,12,0E,80,24,0024,03E3,00,6,00,C91C,0024,1
29,00169E,0024,0000C91E,0002024F,00,12,0F,80,24,0024,03E3,00,6,00,C91E,0024,1
29,00169E,0024,0000C920,00020250,00,12,10,80,24,0024,03E4,00,4,00,C920,0024,1
29,00169E,0024,0000C922,00020251,00,12,11,80,24,0024,03E4,00,4,00,C922,0024,1
29,00169E,0024,0000C924,00020252,00,12,12,80,24,0024,03E4,00,6,00,C924,0024,1
29,00169E,0024,0000C926,00020253,00,12,13,80,24,0024,03E4,00,6,00,C926,0024,1
29,00169E,0024,0000C928,00020254,00,12,14,80,24,0024,03E5,00,4,00,C928,0024,1
29,00169E,0024,0000C92A,00020255,00,12,15,80,24,0024,03E5,00,4,00,C92A,0024,1
29,00169E,0024,0000C92C,00020256,00,12,16,80,24,0024,03E5,00,6,00,C92C,0024,1
29,00169E,0024,0000C92E,00020257,00,12,17,80,24,0024,03E5,00,6,00,C92E,0024,1
29,00169E,0024,0000C930,00020258,00,12,18,80,24,0024,03E6,00,4,00,C930,0024,1
29,00169E,0024,0000C932,00020259,00,12,19,80,24,0024,03E6,00,4,00,C932,0024,1
29,00169E,0024,0000C934,0002025A,00,12,1A,80,24,0024,03E6,00,6,00,C934,0024,1
29,00169E,0024,0000C936,0002025B,00,12,1B,80,24,0024,03E6,00,6,00,C936,0024,1
29,00169E,00D6,0000C938,0002025C,00,12,1C,80,D6,00D6,03E7,00,4,00,C938,00D6,1
29,00169E,00DE,0000C93A,0002025D,00,12,1D,80,DE,00DE,03E7,00,4,00,C93A,00DE,1
29,00169E,00ED,0000C93C,0002025E,00,12,1E,80,ED,00ED,03E7,00,6,00,C93C,00ED,1
29,00169E,00DD,0000C93E,0002025F,00,12,1F,80,DD,00DD,03E7,00,6,00,C93E,00DD,1
29,00169E,00DC,0000C980,00020260,00,13,00,80,DC,00DC,03E0,00,4,00,C980,00DC,1
29,00169E,00DA,0000C982,00020261,00,13,01,80,DA,00DA,03E0,00,4,00,C982,00DA,1
29,00169E,00DE,0000C984,00020262,00,13,02,80,DE,00DE,03E0,00,6,00,C984,00DE,1
29,00169E,00D7,0000C986,00020263,00,13,03,80,D7,00D7,03E0,00,6,00,C986,00D7,1
29,00169E,0024,0000C988,00020264,00,13,04,80,24,0024,03E1,00,4,00,C988,0024,1
29,00169E,0024,0000C98A,00020265,00,13,05,80,24,0024,03E1,00,4,00,C98A,0024,1
29,00169E,0024,0000C98C,00020266,00,13,06,80,24,0024,03E1,00,6,00,C98C,0024,1
29,00169E,0024,0000C98E,00020267,00,13,07,80,24,0024,03E1,00,6,00,C98E,0024,1
29,00169E,0024,0000C990,00020268,00,13,08,80,24,0024,03E2,00,4,00,C990,0024,1
29,00169E,0024,0000C992,00020269,00,13,09,80,24,0024,03E2,00,4,00,C992,0024,1
29,00169E,0024,0000C994,0002026A,00,13,0A,80,24,0024,03E2,00,6,00,C994,0024,1
29,00169E,0024,0000C996,0002026B,00,13,0B,80,24,0024,03E2,00,6,00,C996,0024,1
29,00169E,0024,0000C998,0002026C,00,13,0C,80,24,0024,03E3,00,4,00,C998,0024,1
29,00169E,0024,0000C99A,0002026D,00,13,0D,80,24,0024,03E3,00,4,00,C99A,0024,1
29,00169E,0024,0000C99C,0002026E,00,13,0E,80,24,0024,03E3,00,6,00,C99C,0024,1
29,00169E,0024,0000C99E,0002026F,00,13,0F,80,24,0024,03E3,00,6,00,C99E,0024,1
29,00169E,0024,0000C9A0,00020270,00,13,10,80,24,0024,03E4,00,4,00,C9A0,0024,1
29,00169E,0024,0000C9A2,00020271,00,13,11,80,24,0024,03E4,00,4,00,C9A2,0024,1
29,00169E,0024,0000C9A4,00020272,00,13,12,80,24,0024,03E4,00,6,00,C9A4,0024,1
29,00169E,0024,0000C9A6,00020273,00,13,13,80,24,0024,03E4,00,6,00,C9A6,0024,1
29,00169E,0024,0000C9A8,00020274,00,13,14,80,24,0024,03E5,00,4,00,C9A8,0024,1
29,00169E,0024,0000C9AA,00020275,00,13,15,80,24,0024,03E5,00,4,00,C9AA,0024,1
29,00169E,0024,0000C9AC,00020276,00,13,16,80,24,0024,03E5,00,6,00,C9AC,0024,1
29,00169E,0024,0000C9AE,00020277,00,13,17,80,24,0024,03E5,00,6,00,C9AE,0024,1
29,00169E,0024,0000C9B0,00020278,00,13,18,80,24,0024,03E6,00,4,00,C9B0,0024,1
29,00169E,0024,0000C9B2,00020279,00,13,19,80,24,0024,03E6,00,4,00,C9B2,0024,1
29,00169E,0024,0000C9B4,0002027A,00,13,1A,80,24,0024,03E6,00,6,00,C9B4,0024,1
29,00169E,0024,0000C9B6,0002027B,00,13,1B,80,24,0024,03E6,00,6,00,C9B6,0024,1
30,00169E,00D6,0000C9B8,0002027C,00,13,1C,80,D6,00D6,03E7,00,4,00,C9B8,00D6,1
30,00169E,00DE,0000C9BA,0002027D,00,13,1D,80,DE,00DE,03E7,00,4,00,C9BA,00DE,1
30,00169E,00DB,0000C9BC,0002027E,00,13,1E,80,DB,00DB,03E7,00,6,00,C9BC,00DB,1
30,00169E,00DD,0000C9BE,0002027F,00,13,1F,80,DD,00DD,03E7,00,6,00,C9BE,00DD,1
30,00169E,00E1,0000CA00,00020280,00,14,00,80,E1,00E1,03E8,00,0,00,CA00,00E1,1
30,00169E,00D9,0000CA02,00020281,00,14,01,80,D9,00D9,03E8,00,0,00,CA02,00D9,1
30,00169E,00DC,0000CA04,00020282,00,14,02,80,DC,00DC,03E8,00,2,00,CA04,00DC,1
30,00169E,00ED,0000CA06,00020283,00,14,03,80,ED,00ED,03E8,00,2,00,CA06,00ED,1
30,00169E,00E0,0000CA08,00020284,00,14,04,80,E0,00E0,03E9,00,0,00,CA08,00E0,1
30,00169E,00EF,0000CA0A,00020285,00,14,05,80,EF,00EF,03E9,00,0,00,CA0A,00EF,1
30,00169E,0024,0000CA0C,00020286,00,14,06,80,24,0024,03E9,00,2,00,CA0C,0024,1
30,00169E,0024,0000CA0E,00020287,00,14,07,80,24,0024,03E9,00,2,00,CA0E,0024,1
30,00169E,0019,0000CA10,00020288,00,14,08,80,19,0019,03EA,00,0,00,CA10,0019,1
30,00169E,001E,0000CA12,00020289,00,14,09,80,1E,001E,03EA,00,0,00,CA12,001E,1
30,00169E,001C,0000CA14,0002028A,00,14,0A,80,1C,001C,03EA,00,2,00,CA14,001C,1
30,00169E,0011,0000CA16,0002028B,00,14,0B,80,11,0011,03EA,00,2,00,CA16,0011,1
30,00169E,0024,0000CA18,0002028C,00,14,0C,80,24,0024,03EB,00,0,00,CA18,0024,1
30,00169E,001C,0000CA1A,0002028D,00,14,0D,80,1C,001C,03EB,00,0,00,CA1A,001C,1
30,00169E,001D,0000CA1C,0002028E,00,14,0E,80,1D,001D,03EB,00,2,00,CA1C,001D,1
30,00169E,000A,0000CA1E,0002028F,00,14,0F,80,0A,000A,03EB,00,2,00,CA1E,000A,1
30,00169E,001B,0000CA20,00020290,00,14,10,80,1B,001B,03EC,00,0,00,CA20,001B,1
30,00169E,001D,0000CA22,00020291,00,14,11,80,1D,001D,03EC,00,0,00,CA22,001D,1
30,00169E,0024,0000CA24,00020292,00,14,12,80,24,0024,03EC,00,2,00,CA24,0024,1
30,00169E,000B,0000CA26,00020293,00,14,13,80,0B,000B,03EC,00,2,00,CA26,000B,1
30,00169E,001E,0000CA28,00020294,00,14,14,80,1E,001E,03ED,00,0,00,CA28,001E,1
30,00169E,001D,0000CA2A,00020295,00,14,15,80,1D,001D,03ED,00,0,00,CA2A,001D,1
30,00169E,001D,0000CA2C,00020296,00,14,16,80,1D,001D,03ED,00,2,00,CA2C,001D,1
30,00169E,0018,0000CA2E,00020297,00,14,17,80,18,0018,03ED,00,2,00,CA2E,0018,1
30,00169E,0017,0000CA30,00020298,00,14,18,80,17,0017,03EE,00,0,00,CA30,0017,1
30,00169E,0024,0000CA32,00020299,00,14,19,80,24,0024,03EE,00,0,00,CA32,0024,1
30,00169E,0024,0000CA34,0002029A,00,14,1A,80,24,0024,03EE,00,2,00,CA34,0024,1
30,00169E,0024,0000CA36,0002029B,00,14,1B,80,24,0024,03EE,00,2,00,CA36,0024,1
30,00169E,00D6,0000CA38,0002029C,00,14,1C,80,D6,00D6,03EF,00,0,00,CA38,00D6,1
30,00169E,00D8,0000CA3A,0002029D,00,14,1D,80,D8,00D8,03EF,00,0,00,CA3A,00D8,1
30,00169E,00E1,0000CA3C,0002029E,00,14,1E,80,E1,00E1,03EF,00,2,00,CA3C,00E1,1
30,00169E,00D9,0000CA3E,0002029F,00,14,1F,80,D9,00D9,03EF,00,2,00,CA3E,00D9,1
30,00169E,00DD,0000CA80,000202A0,00,15,00,80,DD,00DD,03E8,00,0,00,CA80,00DD,1
30,00169E,00ED,0000CA82,000202A1,00,15,01,80,ED,00ED,03E8,00,0,00,CA82,00ED,1
30,00169E,00DE,0000CA84,000202A2,00,15,02,80,DE,00DE,03E8,00,2,00,CA84,00DE,1
30,00169E,00D8,0000CA86,000202A3,00,15,03,80,D8,00D8,03E8,00,2,00,CA86,00D8,1
30,00169E,00E1,0000CA88,000202A4,00,15,04,80,E1,00E1,03E9,00,0,00,CA88,00E1,1
30,00169E,00E1,0000CA8A,000202A5,00,15,05,80,E1,00E1,03E9,00,0,00,CA8A,00E1,1
30,00169E,00D5,0000CA8C,000202A6,00,15,06,80,D5,00D5,03E9,00,2,00,CA8C,00D5,1
30,00169E,0024,0000CA8E,000202A7,00,15,07,80,24,0024,03E9,00,2,00,CA8E,0024,1
30,00169E,0024,0000CA90,000202A8,00,15,08,80,24,0024,03EA,00,0,00,CA90,0024,1
30,00169E,0024,0000CA92,000202A9,00,15,09,80,24,0024,03EA,00,0,00,CA92,0024,1
30,00169E,0024,0000CA94,000202AA,00,15,0A,80,24,0024,03EA,00,2,00,CA94,0024,1
30,00169E,0024,0000CA96,000202AB,00,15,0B,80,24,0024,03EA,00,2,00,CA96,0024,1
30,00169E,0024,0000CA98,000202AC,00,15,0C,80,24,0024,03EB,00,0,00,CA98,0024,1
30,00169E,0024,0000CA9A,000202AD,00,15,0D,80,24,0024,03EB,00,0,00,CA9A,0024,1
30,00169E,0024,0000CA9C,000202AE,00,15,0E,80,24,0024,03EB,00,2,00,CA9C,0024,1
30,00169E,0024,0000CA9E,000202AF,00,15,0F,80,24,0024,03EB,00,2,00,CA9E,0024,1
30,00169E,0024,0000CAA0,000202B0,00,15,10,80,24,0024,03EC,00,0,00,CAA0,0024,1
30,00169E,0024,0000CAA2,000202B1,00,15,11,80,24,0024,03EC,00,0,00,CAA2,0024,1
30,00169E,0024,0000CAA4,000202B2,00,15,12,80,24,0024,03EC,00,2,00,CAA4,0024,1
30,00169E,0024,0000CAA6,000202B3,00,15,13,80,24,0024,03EC,00,2,00,CAA6,0024,1
30,00169E,0024,0000CAA8,000202B4,00,15,14,80,24,0024,03ED,00,0,00,CAA8,0024,1
30,00169E,0024,0000CAAA,000202B5,00,15,15,80,24,0024,03ED,00,0,00,CAAA,0024,1
30,00169E,0024,0000CAAC,000202B6,00,15,16,80,24,0024,03ED,00,2,00,CAAC,0024,1
30,00169E,0024,0000CAAE,000202B7,00,15,17,80,24,0024,03ED,00,2,00,CAAE,0024,1
30,00169E,0024,0000CAB0,000202B8,00,15,18,80,24,0024,03EE,00,0,00,CAB0,0024,1
30,00169E,0024,0000CAB2,000202B9,00,15,19,80,24,0024,03EE,00,0,00,CAB2,0024,1
30,00169E,0024,0000CAB4,000202BA,00,15,1A,80,24,0024,03EE,00,2,00,CAB4,0024,1
30,00169E,0024,0000CAB6,000202BB,00,15,1B,80,24,0024,03EE,00,2,00,CAB6,0024,1
30,00169E,00D6,0000CAB8,000202BC,00,15,1C,80,D6,00D6,03EF,00,0,00,CAB8,00D6,1
30,00169E,00DA,0000CABA,000202BD,00,15,1D,80,DA,00DA,03EF,00,0,00,CABA,00DA,1
30,00169E,00DD,0000CABC,000202BE,00,15,1E,80,DD,00DD,03EF,00,2,00,CABC,00DD,1
30,00169E,00ED,0000CABE,000202BF,00,15,1F,80,ED,00ED,03EF,00,2,00,CABE,00ED,1
30,00169E,00DD,0000CB00,000202C0,00,16,00,80,DD,00DD,03E8,00,4,00,CB00,00DD,1
30,00169E,00DB,0000CB02,000202C1,00,16,01,80,DB,00DB,03E8,00,4,00,CB02,00DB,1
30,00169E,00DE,0000CB04,000202C2,00,16,02,80,DE,00DE,03E8,00,6,00,CB04,00DE,1
30,00169E,00DA,0000CB06,000202C3,00,16,03,80,DA,00DA,03E8,00,6,00,CB06,00DA,1
30,00169E,00DC,0000CB08,000202C4,00,16,04,80,DC,00DC,03E9,00,4,00,CB08,00DC,1
30,00169E,00DD,0000CB0A,000202C5,00,16,05,80,DD,00DD,03E9,00,4,00,CB0A,00DD,1
30,00169E,00D8,0000CB0C,000202C6,00,16,06,80,D8,00D8,03E9,00,6,00,CB0C,00D8,1
30,00169E,00E0,0000CB0E,000202C7,00,16,07,80,E0,00E0,03E9,00,6,00,CB0E,00E0,1
30,00169E,00E0,0000CB10,000202C8,00,16,08,80,E0,00E0,03EA,00,4,00,CB10,00E0,1
30,00169E,00EF,0000CB12,000202C9,00,16,09,80,EF,00EF,03EA,00,4,00,CB12,00EF,1
30,00169E,0024,0000CB14,000202CA,00,16,0A,80,24,0024,03EA,00,6,00,CB14,0024,1
30,00169E,0024,0000CB16,000202CB,00,16,0B,80,24,0024,03EA,00,6,00,CB16,0024,1
30,00169E,0024,0000CB18,000202CC,00,16,0C,80,24,0024,03EB,00,4,00,CB18,0024,1
30,00169E,0024,0000CB1A,000202CD,00,16,0D,80,24,0024,03EB,00,4,00,CB1A,0024,1
30,00169E,00D4,0000CB1C,000202CE,00,16,0E,80,D4,00D4,03EB,00,6,00,CB1C,00D4,1
30,00169E,00E0,0000CB1E,000202CF,00,16,0F,80,E0,00E0,03EB,00,6,00,CB1E,00E0,1
31,00169E,00E0,0000CB20,000202D0,00,16,10,80,E0,00E0,03EC,00,4,00,CB20,00E0,1
31,00169E,00D5,0000CB22,000202D1,00,16,11,80,D5,00D5,03EC,00,4,00,CB22,00D5,1
31,00169E,0024,0000CB24,000202D2,00,16,12,80,24,0024,03EC,00,6,00,CB24,0024,1
31,00169E,0024,0000CB26,000202D3,00,16,13,80,24,0024,03EC,00,6,00,CB26,0024,1
31,00169E,0024,0000CB28,000202D4,00,16,14,80,24,0024,03ED,00,4,00,CB28,0024,1
31,00169E,0024,0000CB2A,000202D5,00,16,15,80,24,0024,03ED,00,4,00,CB2A,0024,1
31,00169E,0024,0000CB2C,000202D6,00,16,16,80,24,0024,03ED,00,6,00,CB2C,0024,1
31,00169E,0024,0000CB2E,000202D7,00,16,17,80,24,0024,03ED,00,6,00,CB2E,0024,1
31,00169E,0024,0000CB30,000202D8,00,16,18,80,24,0024,03EE,00,4,00,CB30,0024,1
31,00169E,0024,0000CB32,000202D9,00,16,19,80,24,0024,03EE,00,4,00,CB32,0024,1
31,00169E,00D4,0000CB34,000202DA,00,16,1A,80,D4,00D4,03EE,00,6,00,CB34,00D4,1
31,00169E,00EF,0000CB36,000202DB,00,16,1B,80,EF,00EF,03EE,00,6,00,CB36,00EF,1
31,00169E,00DA,0000CB38,000202DC,00,16,1C,80,DA,00DA,03EF,00,4,00,CB38,00DA,1
31,00169E,00DA,0000CB3A,000202DD,00,16,1D,80,DA,00DA,03EF,00,4,00,CB3A,00DA,1
31,00169E,00DF,0000CB3C,000202DE,00,16,1E,80,DF,00DF,03EF,00,6,00,CB3C,00DF,1
31,00169E,00DB,0000CB3E,000202DF,00,16,1F,80,DB,00DB,03EF,00,6,00,CB3E,00DB,1
31,00169E,00DF,0000CB80,000202E0,00,17,00,80,DF,00DF,03E8,00,4,00,CB80,00DF,1
31,00169E,00DB,0000CB82,000202E1,00,17,01,80,DB,00DB,03E8,00,4,00,CB82,00DB,1
31,00169E,00DC,0000CB84,000202E2,00,17,02,80,DC,00DC,03E8,00,6,00,CB84,00DC,1
31,00169E,00DA,0000CB86,000202E3,00,17,03,80,DA,00DA,03E8,00,6,00,CB86,00DA,1
31,00169E,00DE,0000CB88,000202E4,00,17,04,80,DE,00DE,03E9,00,4,00,CB88,00DE,1
31,00169E,00DF,0000CB8A,000202E5,00,17,05,80,DF,00DF,03E9,00,4,00,CB8A,00DF,1
31,00169E,00DA,0000CB8C,000202E6,00,17,06,80,DA,00DA,03E9,00,6,00,CB8C,00DA,1
31,00169E,00DC,0000CB8E,000202E7,00,17,07,80,DC,00DC,03E9,00,6,00,CB8E,00DC,1
31,00169E,00DD,0000CB90,000202E8,00,17,08,80,DD,00DD,03EA,00,4,00,CB90,00DD,1
31,00169E,00DB,0000CB92,000202E9,00,17,09,80,DB,00DB,03EA,00,4,00,CB92,00DB,1
31,00169E,0026,0000CB94,000202EA,00,17,0A,80,26,0026,03EA,00,6,00,CB94,0026,1
31,00169E,0026,0000CB96,000202EB,00,17,0B,80,26,0026,03EA,00,6,00,CB96,0026,1
31,00169E,0026,0000CB98,000202EC,00,17,0C,80,26,0026,03EB,00,4,00,CB98,0026,1
31,00169E,0026,0000CB9A,000202ED,00,17,0D,80,26,0026,03EB,00,4,00,CB9A,0026,1
31,00169E,00DA,0000CB9C,000202EE,00,17,0E,80,DA,00DA,03EB,00,6,00,CB9C,00DA,1
31,00169E,00DC,0000CB9E,000202EF,00,17,0F,80,DC,00DC,03EB,00,6,00,CB9E,00DC,1
31,00169E,00DD,0000CBA0,000202F0,00,17,10,80,DD,00DD,03EC,00,4,00,CBA0,00DD,1
31,00169E,00ED,0000CBA2,000202F1,00,17,11,80,ED,00ED,03EC,00,4,00,CBA2,00ED,1
31,00169E,00E0,0000CBA4,000202F2,00,17,12,80,E0,00E0,03EC,00,6,00,CBA4,00E0,1
31,00169E,00E0,0000CBA6,000202F3,00,17,13,80,E0,00E0,03EC,00,6,00,CBA6,00E0,1
31,00169E,00EF,0000CBA8,000202F4,00,17,14,80,EF,00EF,03ED,00,4,00,CBA8,00EF,1
31,00169E,0024,0000CBAA,000202F5,00,17,15,80,24,0024,03ED,00,4,00,CBAA,0024,1
31,00169E,00D4,0000CBAC,000202F6,00,17,16,80,D4,00D4,03ED,00,6,00,CBAC,00D4,1
31,00169E,00E0,0000CBAE,000202F7,00,17,17,80,E0,00E0,03ED,00,6,00,CBAE,00E0,1
31,00169E,00E0,0000CBB0,000202F8,00,17,18,80,E0,00E0,03EE,00,4,00,CBB0,00E0,1
31,00169E,00E0,0000CBB2,000202F9,00,17,19,80,E0,00E0,03EE,00,4,00,CBB2,00E0,1
31,00169E,00D9,0000CBB4,000202FA,00,17,1A,80,D9,00D9,03EE,00,6,00,CBB4,00D9,1
31,00169E,00DB,0000CBB6,000202FB,00,17,1B,80,DB,00DB,03EE,00,6,00,CBB6,00DB,1
31,00169E,00DA,0000CBB8,000202FC,00,17,1C,80,DA,00DA,03EF,00,4,00,CBB8,00DA,1
31,00169E,00DA,0000CBBA,000202FD,00,17,1D,80,DA,00DA,03EF,00,4,00,CBBA,00DA,1
31,00169E,00DF,0000CBBC,000202FE,00,17,1E,80,DF,00DF,03EF,00,6,00,CBBC,00DF,1
31,00169E,00DB,0000CBBE,000202FF,00,17,1F,80,DB,00DB,03EF,00,6,00,CBBE,00DB,1
31,00169E,00ED,0000CC00,00020300,00,18,00,80,ED,00ED,03F0,00,0,00,CC00,00ED,1
31,00169E,00D8,0000CC02,00020301,00,18,01,80,D8,00D8,03F0,00,0,00,CC02,00D8,1
31,00169E,00E1,0000CC04,00020302,00,18,02,80,E1,00E1,03F0,00,2,00,CC04,00E1,1
31,00169E,00D9,0000CC06,00020303,00,18,03,80,D9,00D9,03F0,00,2,00,CC06,00D9,1
31,00169E,00DE,0000CC08,00020304,00,18,04,80,DE,00DE,03F1,00,0,00,CC08,00DE,1
31,00169E,00D8,0000CC0A,00020305,00,18,05,80,D8,00D8,03F1,00,0,00,CC0A,00D8,1
31,00169E,00E1,0000CC0C,00020306,00,18,06,80,E1,00E1,03F1,00,2,00,CC0C,00E1,1
31,00169E,00D9,0000CC0E,00020307,00,18,07,80,D9,00D9,03F1,00,2,00,CC0E,00D9,1
31,00169E,00DF,0000CC10,00020308,00,18,08,80,DF,00DF,03F2,00,0,00,CC10,00DF,1
31,00169E,00DB,0000CC12,00020309,00,18,09,80,DB,00DB,03F2,00,0,00,CC12,00DB,1
31,00169E,0026,0000CC14,0002030A,00,18,0A,80,26,0026,03F2,00,2,00,CC14,0026,1
31,00169E,0026,0000CC16,0002030B,00,18,0B,80,26,0026,03F2,00,2,00,CC16,0026,1
31,00169E,0026,0000CC18,0002030C,00,18,0C,80,26,0026,03F3,00,0,00,CC18,0026,1
31,00169E,0026,0000CC1A,0002030D,00,18,0D,80,26,0026,03F3,00,0,00,CC1A,0026,1
31,00169E,00DA,0000CC1C,0002030E,00,18,0E,80,DA,00DA,03F3,00,2,00,CC1C,00DA,1
31,00169E,00DC,0000CC1E,0002030F,00,18,0F,80,DC,00DC,03F3,00,2,00,CC1E,00DC,1
31,00169E,00D8,0000CC20,00020310,00,18,10,80,D8,00D8,03F4,00,0,00,CC20,00D8,1
31,00169E,00E1,0000CC22,00020311,00,18,11,80,E1,00E1,03F4,00,0,00,CC22,00E1,1
31,00169E,00D9,0000CC24,00020312,00,18,12,80,D9,00D9,03F4,00,2,00,CC24,00D9,1
31,00169E,00DC,0000CC26,00020313,00,18,13,80,DC,00DC,03F4,00,2,00,CC26,00DC,1
31,00169E,00D8,0000CC28,00020314,00,18,14,80,D8,00D8,03F5,00,0,00,CC28,00D8,1
31,00169E,00E0,0000CC2A,00020315,00,18,15,80,E0,00E0,03F5,00,0,00,CC2A,00E0,1
31,00169E,00D9,0000CC2C,00020316,00,18,16,80,D9,00D9,03F5,00,2,00,CC2C,00D9,1
31,00169E,00DC,0000CC2E,00020317,00,18,17,80,DC,00DC,03F5,00,2,00,CC2E,00DC,1
31,00169E,00DD,0000CC30,00020318,00,18,18,80,DD,00DD,03F6,00,0,00,CC30,00DD,1
31,00169E,00DD,0000CC32,00020319,00,18,19,80,DD,00DD,03F6,00,0,00,CC32,00DD,1
31,00169E,00D8,0000CC34,0002031A,00,18,1A,80,D8,00D8,03F6,00,2,00,CC34,00D8,1
31,00169E,00E1,0000CC36,0002031B,00,18,1B,80,E1,00E1,03F6,00,2,00,CC36,00E1,1
31,00169E,00E1,0000CC38,0002031C,00,18,1C,80,E1,00E1,03F7,00,0,00,CC38,00E1,1
31,00169E,00D9,0000CC3A,0002031D,00,18,1D,80,D9,00D9,03F7,00,0,00,CC3A,00D9,1
31,00169E,00DD,0000CC3C,0002031E,00,18,1E,80,DD,00DD,03F7,00,2,00,CC3C,00DD,1
31,00169E,00ED,0000CC3E,0002031F,00,18,1F,80,ED,00ED,03F7,00,2,00,CC3E,00ED,1
31,00169E,00ED,0000CC80,00020320,00,19,00,80,ED,00ED,03F0,00,0,00,CC80,00ED,1
31,00169E,00DA,0000CC82,00020321,00,19,01,80,DA,00DA,03F0,00,0,00,CC82,00DA,1
31,00169E,00DD,0000CC84,00020322,00,19,02,80,DD,00DD,03F0,00,2,00,CC84,00DD,1
31,00169E,00ED,0000CC86,00020323,00,19,03,80,ED,00ED,03F0,00,2,00,CC86,00ED,1
32,00169E,00DE,0000CC88,00020324,00,19,04,80,DE,00DE,03F1,00,0,00,CC88,00DE,1
32,00169E,00DA,0000CC8A,00020325,00,19,05,80,DA,00DA,03F1,00,0,00,CC8A,00DA,1
32,00169E,00DC,0000CC8C,00020326,00,19,06,80,DC,00DC,03F1,00,2,00,CC8C,00DC,1
32,00169E,00DB,0000CC8E,00020327,00,19,07,80,DB,00DB,03F1,00,2,00,CC8E,00DB,1
32,00169E,00DD,0000CC90,00020328,00,19,08,80,DD,00DD,03F2,00,0,00,CC90,00DD,1
32,00169E,00DB,0000CC92,00020329,00,19,09,80,DB,00DB,03F2,00,0,00,CC92,00DB,1
32,00169E,0026,0000CC94,0002032A,00,19,0A,80,26,0026,03F2,00,2,00,CC94,0026,1
32,00169E,0026,0000CC96,0002032B,00,19,0B,80,26,0026,03F2,00,2,00,CC96,0026,1
32,00169E,0026,0000CC98,0002032C,00,19,0C,80,26,0026,03F3,00,0,00,CC98,0026,1
32,00169E,0026,0000CC9A,0002032D,00,19,0D,80,26,0026,03F3,00,0,00,CC9A,0026,1
32,00169E,00DA,0000CC9C,0002032E,00,19,0E,80,DA,00DA,03F3,00,2,00,CC9C,00DA,1
32,00169E,00DE,0000CC9E,0002032F,00,19,0F,80,DE,00DE,03F3,00,2,00,CC9E,00DE,1
32,00169E,00DA,0000CCA0,00020330,00,19,10,80,DA,00DA,03F4,00,0,00,CCA0,00DA,1
32,00169E,00DC,0000CCA2,00020331,00,19,11,80,DC,00DC,03F4,00,0,00,CCA2,00DC,1
32,00169E,00DB,0000CCA4,00020332,00,19,12,80,DB,00DB,03F4,00,2,00,CCA4,00DB,1
32,00169E,00DE,0000CCA6,00020333,00,19,13,80,DE,00DE,03F4,00,2,00,CCA6,00DE,1
32,00169E,00DA,0000CCA8,00020334,00,19,14,80,DA,00DA,03F5,00,0,00,CCA8,00DA,1
32,00169E,00DD,0000CCAA,00020335,00,19,15,80,DD,00DD,03F5,00,0,00,CCAA,00DD,1
32,00169E,00ED,0000CCAC,00020336,00,19,16,80,ED,00ED,03F5,00,2,00,CCAC,00ED,1
32,00169E,00DC,0000CCAE,00020337,00,19,17,80,DC,00DC,03F5,00,2,00,CCAE,00DC,1
32,00169E,00DC,0000CCB0,00020338,00,19,18,80,DC,00DC,03F6,00,0,00,CCB0,00DC,1
32,00169E,00DD,0000CCB2,00020339,00,19,19,80,DD,00DD,03F6,00,0,00,CCB2,00DD,1
32,00169E,00DA,0000CCB4,0002033A,00,19,1A,80,DA,00DA,03F6,00,2,00,CCB4,00DA,1
32,00169E,00DC,0000CCB6,0002033B,00,19,1B,80,DC,00DC,03F6,00,2,00,CCB6,00DC,1
32,00169E,00DC,0000CCB8,0002033C,00,19,1C,80,DC,00DC,03F7,00,0,00,CCB8,00DC,1
32,00169E,00DB,0000CCBA,0002033D,00,19,1D,80,DB,00DB,03F7,00,0,00,CCBA,00DB,1
32,00169E,00DD,0000CCBC,0002033E,00,19,1E,80,DD,00DD,03F7,00,2,00,CCBC,00DD,1
32,00169E,00ED,0000CCBE,0002033F,00,19,1F,80,ED,00ED,03F7,00,2,00,CCBE,00ED,1
32,00169E,00ED,0000CD00,00020340,00,1A,00,80,ED,00ED,03F0,00,4,00,CD00,00ED,1
32,00169E,00DA,0000CD02,00020341,00,1A,01,80,DA,00DA,03F0,00,4,00,CD02,00DA,1
32,00169E,00DD,0000CD04,00020342,00,1A,02,80,DD,00DD,03F0,00,6,00,CD04,00DD,1
32,00169E,00D8,0000CD06,00020343,00,1A,03,80,D8,00D8,03F0,00,6,00,CD06,00D8,1
32,00169E,00E1,0000CD08,00020344,00,1A,04,80,E1,00E1,03F1,00,4,00,CD08,00E1,1
32,00169E,00DA,0000CD0A,00020345,00,1A,05,80,DA,00DA,03F1,00,4,00,CD0A,00DA,1
32,00169E,00DC,0000CD0C,00020346,00,1A,06,80,DC,00DC,03F1,00,6,00,CD0C,00DC,1
32,00169E,00DB,0000CD0E,00020347,00,1A,07,80,DB,00DB,03F1,00,6,00,CD0E,00DB,1
32,00169E,00DF,0000CD10,00020348,00,1A,08,80,DF,00DF,03F2,00,4,00,CD10,00DF,1
32,00169E,00DB,0000CD12,00020349,00,1A,09,80,DB,00DB,03F2,00,4,00,CD12,00DB,1
32,00169E,0026,0000CD14,0002034A,00,1A,0A,80,26,0026,03F2,00,6,00,CD14,0026,1
32,00169E,0026,0000CD16,0002034B,00,1A,0B,80,26,0026,03F2,00,6,00,CD16,0026,1
32,00169E,0026,0000CD18,0002034C,00,1A,0C,80,26,0026,03F3,00,4,00,CD18,0026,1
32,00169E,0026,0000CD1A,0002034D,00,1A,0D,80,26,0026,03F3,00,4,00,CD1A,0026,1
32,00169E,00DA,0000CD1C,0002034E,00,1A,0E,80,DA,00DA,03F3,00,6,00,CD1C,00DA,1
32,00169E,00D8,0000CD1E,0002034F,00,1A,0F,80,D8,00D8,03F3,00,6,00,CD1E,00D8,1
32,00169E,00D9,0000CD20,00020350,00,1A,10,80,D9,00D9,03F4,00,4,00,CD20,00D9,1
32,00169E,00DC,0000CD22,00020351,00,1A,11,80,DC,00DC,03F4,00,4,00,CD22,00DC,1
32,00169E,00DB,0000CD24,00020352,00,1A,12,80,DB,00DB,03F4,00,6,00,CD24,00DB,1
32,00169E,00DC,0000CD26,00020353,00,1A,13,80,DC,00DC,03F4,00,6,00,CD26,00DC,1
32,00169E,00DA,0000CD28,00020354,00,1A,14,80,DA,00DA,03F5,00,4,00,CD28,00DA,1
32,00169E,00D8,0000CD2A,00020355,00,1A,15,80,D8,00D8,03F5,00,4,00,CD2A,00D8,1
32,00169E,00E1,0000CD2C,00020356,00,1A,16,80,E1,00E1,03F5,00,6,00,CD2C,00E1,1
32,00169E,00D9,0000CD2E,00020357,00,1A,17,80,D9,00D9,03F5,00,6,00,CD2E,00D9,1
32,00169E,00DE,0000CD30,00020358,00,1A,18,80,DE,00DE,03F6,00,4,00,CD30,00DE,1
32,00169E,00DF,0000CD32,00020359,00,1A,19,80,DF,00DF,03F6,00,4,00,CD32,00DF,1
32,00169E,00DA,0000CD34,0002035A,00,1A,1A,80,DA,00DA,03F6,00,6,00,CD34,00DA,1
32,00169E,00D8,0000CD36,0002035B,00,1A,1B,80,D8,00D8,03F6,00,6,00,CD36,00D8,1
32,00169E,00E1,0000CD38,0002035C,00,1A,1C,80,E1,00E1,03F7,00,4,00,CD38,00E1,1
32,00169E,00E1,0000CD3A,0002035D,00,1A,1D,80,E1,00E1,03F7,00,4,00,CD3A,00E1,1
32,00169E,00D9,0000CD3C,0002035E,00,1A,1E,80,D9,00D9,03F7,00,6,00,CD3C,00D9,1
32,00169E,00E1,0000CD3E,0002035F,00,1A,1F,80,E1,00E1,03F7,00,6,00,CD3E,00E1,1
32,00169E,00ED,0000CD80,00020360,00,1B,00,80,ED,00ED,03F0,00,4,00,CD80,00ED,1
32,00169E,00D9,0000CD82,00020361,00,1B,01,80,D9,00D9,03F0,00,4,00,CD82,00D9,1
32,00169E,00DF,0000CD84,00020362,00,1B,02,80,DF,00DF,03F0,00,6,00,CD84,00DF,1
32,00169E,00DA,0000CD86,00020363,00,1B,03,80,DA,00DA,03F0,00,6,00,CD86,00DA,1
32,00169E,00DC,0000CD88,00020364,00,1B,04,80,DC,00DC,03F1,00,4,00,CD88,00DC,1
32,00169E,00DA,0000CD8A,00020365,00,1B,05,80,DA,00DA,03F1,00,4,00,CD8A,00DA,1
32,00169E,00DE,0000CD8C,00020366,00,1B,06,80,DE,00DE,03F1,00,6,00,CD8C,00DE,1
32,00169E,00DB,0000CD8E,00020367,00,1B,07,80,DB,00DB,03F1,00,6,00,CD8E,00DB,1
32,00169E,00DD,0000CD90,00020368,00,1B,08,80,DD,00DD,03F2,00,4,00,CD90,00DD,1
32,00169E,00DB,0000CD92,00020369,00,1B,09,80,DB,00DB,03F2,00,4,00,CD92,00DB,1
32,00169E,0026,0000CD94,0002036A,00,1B,0A,80,26,0026,03F2,00,6,00,CD94,0026,1
32,00169E,0026,0000CD96,0002036B,00,1B,0B,80,26,0026,03F2,00,6,00,CD96,0026,1
32,00169E,0026,0000CD98,0002036C,00,1B,0C,80,26,0026,03F3,00,4,00,CD98,0026,1
32,00169E,0026,0000CD9A,0002036D,00,1B,0D,80,26,0026,03F3,00,4,00,CD9A,0026,1
32,00169E,00DA,0000CD9C,0002036E,00,1B,0E,80,DA,00DA,03F3,00,6,00,CD9C,00DA,1
32,00169E,00DA,0000CD9E,0002036F,00,1B,0F,80,DA,00DA,03F3,00,6,00,CD9E,00DA,1
32,00169E,00ED,0000CDA0,00020370,00,1B,10,80,ED,00ED,03F4,00,4,00,CDA0,00ED,1
32,00169E,00DE,0000CDA2,00020371,00,1B,11,80,DE,00DE,03F4,00,4,00,CDA2,00DE,1
32,00169E,00D8,0000CDA4,00020372,00,1B,12,80,D8,00D8,03F4,00,6,00,CDA4,00D8,1
32,00169E,00E1,0000CDA6,00020373,00,1B,13,80,E1,00E1,03F4,00,6,00,CDA6,00E1,1
32,00169E,00E1,0000CDA8,00020374,00,1B,14,80,E1,00E1,03F5,00,4,00,CDA8,00E1,1
32,00169E,00D9,0000CDAA,00020375,00,1B,15,80,D9,00D9,03F5,00,4,00,CDAA,00D9,1
32,00169E,00DC,0000CDAC,00020376,00,1B,16,80,DC,00DC,03F5,00,6,00,CDAC,00DC,1
32,00169E,00DB,0000CDAE,00020377,00,1B,17,80,DB,00DB,03F5,00,6,00,CDAE,00DB,1
32,00169E,00DE,0000CDB0,00020378,00,1B,18,80,DE,00DE,03F6,00,4,00,CDB0,00DE,1
33,00169E,00D8,0000CDB2,00020379,00,1B,19,80,D8,00D8,03F6,00,4,00,CDB2,00D8,1
33,00169E,00E1,0000CDB4,0002037A,00,1B,1A,80,E1,00E1,03F6,00,6,00,CDB4,00E1,1
33,00169E,00D9,0000CDB6,0002037B,00,1B,1B,80,D9,00D9,03F6,00,6,00,CDB6,00D9,1
33,00169E,00DD,0000CDB8,0002037C,00,1B,1C,80,DD,00DD,03F7,00,4,00,CDB8,00DD,1
33,00169E,00DD,0000CDBA,0002037D,00,1B,1D,80,DD,00DD,03F7,00,4,00,CDBA,00DD,1
33,00169E,00DB,0000CDBC,0002037E,00,1B,1E,80,DB,00DB,03F7,00,6,00,CDBC,00DB,1
33,00169E,00DC,0000CDBE,0002037F,00,1B,1F,80,DC,00DC,03F7,00,6,00,CDBE,00DC,1
33,00169E,00DF,0000CE00,00020380,00,1C,00,80,DF,00DF,03F8,00,0,00,CE00,00DF,1
33,00169E,00DB,0000CE02,00020381,00,1C,01,80,DB,00DB,03F8,00,0,00,CE02,00DB,1
33,00169E,00DF,0000CE04,00020382,00,1C,02,80,DF,00DF,03F8,00,2,00,CE04,00DF,1
33,00169E,00DA,0000CE06,00020383,00,1C,03,80,DA,00DA,03F8,00,2,00,CE06,00DA,1
33,00169E,00DC,0000CE08,00020384,00,1C,04,80,DC,00DC,03F9,00,0,00,CE08,00DC,1
33,00169E,00DB,0000CE0A,00020385,00,1C,05,80,DB,00DB,03F9,00,0,00,CE0A,00DB,1
33,00169E,00DE,0000CE0C,00020386,00,1C,06,80,DE,00DE,03F9,00,2,00,CE0C,00DE,1
33,00169E,00DB,0000CE0E,00020387,00,1C,07,80,DB,00DB,03F9,00,2,00,CE0E,00DB,1
33,00169E,00DD,0000CE10,00020388,00,1C,08,80,DD,00DD,03FA,00,0,00,CE10,00DD,1
33,00169E,00DB,0000CE12,00020389,00,1C,09,80,DB,00DB,03FA,00,0,00,CE12,00DB,1
33,00169E,0026,0000CE14,0002038A,00,1C,0A,80,26,0026,03FA,00,2,00,CE14,0026,1
33,00169E,0026,0000CE16,0002038B,00,1C,0B,80,26,0026,03FA,00,2,00,CE16,0026,1
33,00169E,0026,0000CE18,0002038C,00,1C,0C,80,26,0026,03FB,00,0,00,CE18,0026,1
33,00169E,0026,0000CE1A,0002038D,00,1C,0D,80,26,0026,03FB,00,0,00,CE1A,0026,1
33,00169E,00DA,0000CE1C,0002038E,00,1C,0E,80,DA,00DA,03FB,00,2,00,CE1C,00DA,1
33,00169E,00DA,0000CE1E,0002038F,00,1C,0F,80,DA,00DA,03FB,00,2,00,CE1E,00DA,1
33,00169E,00DB,0000CE20,00020390,00,1C,10,80,DB,00DB,03FC,00,0,00,CE20,00DB,1
33,00169E,00DD,0000CE22,00020391,00,1C,11,80,DD,00DD,03FC,00,0,00,CE22,00DD,1
33,00169E,00DA,0000CE24,00020392,00,1C,12,80,DA,00DA,03FC,00,2,00,CE24,00DA,1
33,00169E,00DE,0000CE26,00020393,00,1C,13,80,DE,00DE,03FC,00,2,00,CE26,00DE,1
33,00169E,00D8,0000CE28,00020394,00,1C,14,80,D8,00D8,03FD,00,0,00,CE28,00D8,1
33,00169E,00E1,0000CE2A,00020395,00,1C,15,80,E1,00E1,03FD,00,0,00,CE2A,00E1,1
33,00169E,00D9,0000CE2C,00020396,00,1C,16,80,D9,00D9,03FD,00,2,00,CE2C,00D9,1
33,00169E,00DB,0000CE2E,00020397,00,1C,17,80,DB,00DB,03FD,00,2,00,CE2E,00DB,1
33,00169E,00DE,0000CE30,00020398,00,1C,18,80,DE,00DE,03FE,00,0,00,CE30,00DE,1
33,00169E,00DA,0000CE32,00020399,00,1C,19,80,DA,00DA,03FE,00,0,00,CE32,00DA,1
33,00169E,00DD,0000CE34,0002039A,00,1C,1A,80,DD,00DD,03FE,00,2,00,CE34,00DD,1
33,00169E,00DB,0000CE36,0002039B,00,1C,1B,80,DB,00DB,03FE,00,2,00,CE36,00DB,1
33,00169E,00DE,0000CE38,0002039C,00,1C,1C,80,DE,00DE,03FF,00,0,00,CE38,00DE,1
33,00169E,00DF,0000CE3A,0002039D,00,1C,1D,80,DF,00DF,03FF,00,0,00,CE3A,00DF,1
33,00169E,00D8,0000CE3C,0002039E,00,1C,1E,80,D8,00D8,03FF,00,2,00,CE3C,00D8,1
33,00169E,00E1,0000CE3E,0002039F,00,1C,1F,80,E1,00E1,03FF,00,2,00,CE3E,00E1,1
33,00169E,00DF,0000CE80,000203A0,00,1D,00,80,DF,00DF,03F8,00,0,00,CE80,00DF,1
33,00169E,00DB,0000CE82,000203A1,00,1D,01,80,DB,00DB,03F8,00,0,00,CE82,00DB,1
33,00169E,00DF,0000CE84,000203A2,00,1D,02,80,DF,00DF,03F8,00,2,00,CE84,00DF,1
33,00169E,00DA,0000CE86,000203A3,00,1D,03,80,DA,00DA,03F8,00,2,00,CE86,00DA,1
33,00169E,00DC,0000CE88,000203A4,00,1D,04,80,DC,00DC,03F9,00,0,00,CE88,00DC,1
33,00169E,00DB,0000CE8A,000203A5,00,1D,05,80,DB,00DB,03F9,00,0,00,CE8A,00DB,1
33,00169E,00DE,0000CE8C,000203A6,00,1D,06,80,DE,00DE,03F9,00,2,00,CE8C,00DE,1
33,00169E,00DB,0000CE8E,000203A7,00,1D,07,80,DB,00DB,03F9,00,2,00,CE8E,00DB,1
33,00169E,00DD,0000CE90,000203A8,00,1D,08,80,DD,00DD,03FA,00,0,00,CE90,00DD,1
33,00169E,00DB,0000CE92,000203A9,00,1D,09,80,DB,00DB,03FA,00,0,00,CE92,00DB,1
33,00169E,0026,0000CE94,000203AA,00,1D,0A,80,26,0026,03FA,00,2,00,CE94,0026,1
33,00169E,0026,0000CE96,000203AB,00,1D,0B,80,26,0026,03FA,00,2,00,CE96,0026,1
33,00169E,0026,0000CE98,000203AC,00,1D,0C,80,26,0026,03FB,00,0,00,CE98,0026,1
33,00169E,0026,0000CE9A,000203AD,00,1D,0D,80,26,0026,03FB,00,0,00,CE9A,0026,1
33,00169E,00DA,0000CE9C,000203AE,00,1D,0E,80,DA,00DA,03FB,00,2,00,CE9C,00DA,1
33,00169E,00DA,0000CE9E,000203AF,00,1D,0F,80,DA,00DA,03FB,00,2,00,CE9E,00DA,1
33,00169E,00DB,0000CEA0,000203B0,00,1D,10,80,DB,00DB,03FC,00,0,00,CEA0,00DB,1
33,00169E,00DD,0000CEA2,000203B1,00,1D,11,80,DD,00DD,03FC,00,0,00,CEA2,00DD,1
33,00169E,00DA,0000CEA4,000203B2,00,1D,12,80,DA,00DA,03FC,00,2,00,CEA4,00DA,1
33,00169E,00DE,0000CEA6,000203B3,00,1D,13,80,DE,00DE,03FC,00,2,00,CEA6,00DE,1
33,00169E,00DA,0000CEA8,000203B4,00,1D,14,80,DA,00DA,03FD,00,0,00,CEA8,00DA,1
33,00169E,00DD,0000CEAA,000203B5,00,1D,15,80,DD,00DD,03FD,00,0,00,CEAA,00DD,1
33,00169E,00DB,0000CEAC,000203B6,00,1D,16,80,DB,00DB,03FD,00,2,00,CEAC,00DB,1
33,00169E,00DB,0000CEAE,000203B7,00,1D,17,80,DB,00DB,03FD,00,2,00,CEAE,00DB,1
33,00169E,00DE,0000CEB0,000203B8,00,1D,18,80,DE,00DE,03FE,00,0,00,CEB0,00DE,1
33,00169E,00DA,0000CEB2,000203B9,00,1D,19,80,DA,00DA,03FE,00,0,00,CEB2,00DA,1
33,00169E,00DD,0000CEB4,000203BA,00,1D,1A,80,DD,00DD,03FE,00,2,00,CEB4,00DD,1
33,00169E,00DB,0000CEB6,000203BB,00,1D,1B,80,DB,00DB,03FE,00,2,00,CEB6,00DB,1
33,00169E,00DE,0000CEB8,000203BC,00,1D,1C,80,DE,00DE,03FF,00,0,00,CEB8,00DE,1
33,00169E,00DF,0000CEBA,000203BD,00,1D,1D,80,DF,00DF,03FF,00,0,00,CEBA,00DF,1
33,00169E,00DC,0000CEBC,000203BE,00,1D,1E,80,DC,00DC,03FF,00,2,00,CEBC,00DC,1
33,00169E,00DF,0000CEBE,000203BF,00,1D,1F,80,DF,00DF,03FF,00,2,00,CEBE,00DF,1
33,00169E,2024,0000C000,00020000,00,00,00,80,24,0024,03C0,05,0,01,C000,2024,1
33,00169E,2024,0000C002,00020001,00,00,01,80,24,0024,03C0,05,0,01,C002,2024,1
33,00169E,2024,0000C004,00020002,00,00,02,80,24,0024,03C0,05,2,01,C004,2024,1
33,00169E,2024,0000C006,00020003,00,00,03,80,24,0024,03C0,05,2,01,C006,2024,1
33,00169E,2024,0000C080,00020020,00,01,00,80,24,0024,03C0,05,0,01,C080,2024,1
33,00169E,2024,0000C082,00020021,00,01,01,80,24,0024,03C0,05,0,01,C082,2024,1
33,00169E,2024,0000C084,00020022,00,01,02,80,24,0024,03C0,05,2,01,C084,2024,1
33,00169E,2024,0000C086,00020023,00,01,03,80,24,0024,03C0,05,2,01,C086,2024,1
33,00169E,00E0,0000C100,00020040,00,02,00,80,E0,00E0,03C0,05,4,00,C100,00E0,1
33,00169E,00D5,0000C102,00020041,00,02,01,80,D5,00D5,03C0,05,4,00,C102,00D5,1
33,00169E,0024,0000C104,00020042,00,02,02,80,24,0024,03C0,05,6,00,C104,0024,1
33,00169E,0024,0000C106,00020043,00,02,03,80,24,0024,03C0,05,6,00,C106,0024,1
33,00169E,00DC,0000C180,00020060,00,03,00,80,DC,00DC,03C0,05,4,00,C180,00DC,1
33,00169E,00D7,0000C182,00020061,00,03,01,80,D7,00D7,03C0,05,4,00,C182,00D7,1
33,00169E,0024,0000C184,00020062,00,03,02,80,24,0024,03C0,05,6,00,C184,0024,1
33,00169E,0024,0000C186,00020063,00,03,03,80,24,0024,03C0,05,6,00,C186,0024,1
33,00169E,2024,0000C008,00020004,00,00,04,80,24,0024,03C1,05,0,01,C008,2024,1
33,00169E,2024,0000C00A,00020005,00,00,05,80,24,0024,03C1,05,0,01,C00A,2024,1
33,00169E,2024,0000C00C,00020006,00,00,06,80,24,0024,03C1,05,2,01,C00C,2024,1
33,00169E,2024,0000C00E,00020007,00,00,07,80,24,0024,03C1,05,2,01,C00E,2024,1
33,00169E,2024,0000C088,00020024,00,01,04,80,24,0024,03C1,05,0,01,C088,2024,1
33,00169E,2024,0000C08A,00020025,00,01,05,80,24,0024,03C1,05,0,01,C08A,2024,1
34,00169E,2024,0000C08C,00020026,00,01,06,80,24,0024,03C1,05,2,01,C08C,2024,1
34,00169E,2024,0000C08E,00020027,00,01,07,80,24,0024,03C1,05,2,01,C08E,2024,1
34,00169E,0024,0000C108,00020044,00,02,04,80,24,0024,03C1,05,4,00,C108,0024,1
34,00169E,0024,0000C10A,00020045,00,02,05,80,24,0024,03C1,05,4,00,C10A,0024,1
34,00169E,0024,0000C10C,00020046,00,02,06,80,24,0024,03C1,05,6,00,C10C,0024,1
34,00169E,0024,0000C10E,00020047,00,02,07,80,24,0024,03C1,05,6,00,C10E,0024,1
34,00169E,0024,0000C188,00020064,00,03,04,80,24,0024,03C1,05,4,00,C188,0024,1
34,00169E,0024,0000C18A,00020065,00,03,05,80,24,0024,03C1,05,4,00,C18A,0024,1
34,00169E,0024,0000C18C,00020066,00,03,06,80,24,0024,03C1,05,6,00,C18C,0024,1
34,00169E,0024,0000C18E,00020067,00,03,07,80,24,0024,03C1,05,6,00,C18E,0024,1
34,00169E,2024,0000C010,00020008,00,00,08,80,24,0024,03C2,05,0,01,C010,2024,1
34,00169E,2024,0000C012,00020009,00,00,09,80,24,0024,03C2,05,0,01,C012,2024,1
34,00169E,2024,0000C014,0002000A,00,00,0A,80,24,0024,03C2,05,2,01,C014,2024,1
34,00169E,2024,0000C016,0002000B,00,00,0B,80,24,0024,03C2,05,2,01,C016,2024,1
34,00169E,2024,0000C090,00020028,00,01,08,80,24,0024,03C2,05,0,01,C090,2024,1
34,00169E,2024,0000C092,00020029,00,01,09,80,24,0024,03C2,05,0,01,C092,2024,1
34,00169E,2024,0000C094,0002002A,00,01,0A,80,24,0024,03C2,05,2,01,C094,2024,1
34,00169E,2024,0000C096,0002002B,00,01,0B,80,24,0024,03C2,05,2,01,C096,2024,1
34,00169E,0024,0000C110,00020048,00,02,08,80,24,0024,03C2,05,4,00,C110,0024,1
34,00169E,0024,0000C112,00020049,00,02,09,80,24,0024,03C2,05,4,00,C112,0024,1
34,00169E,0024,0000C114,0002004A,00,02,0A,80,24,0024,03C2,05,6,00,C114,0024,1
34,00169E,0024,0000C116,0002004B,00,02,0B,80,24,0024,03C2,05,6,00,C116,0024,1
34,00169E,0024,0000C190,00020068,00,03,08,80,24,0024,03C2,05,4,00,C190,0024,1
34,00169E,0024,0000C192,00020069,00,03,09,80,24,0024,03C2,05,4,00,C192,0024,1
34,00169E,0024,0000C194,0002006A,00,03,0A,80,24,0024,03C2,05,6,00,C194,0024,1
34,00169E,0024,0000C196,0002006B,00,03,0B,80,24,0024,03C2,05,6,00,C196,0024,1
34,00169E,2024,0000C018,0002000C,00,00,0C,80,24,0024,03C3,05,0,01,C018,2024,1
34,00169E,2024,0000C01A,0002000D,00,00,0D,80,24,0024,03C3,05,0,01,C01A,2024,1
34,00169E,2024,0000C01C,0002000E,00,00,0E,80,24,0024,03C3,05,2,01,C01C,2024,1
34,00169E,2024,0000C01E,0002000F,00,00,0F,80,24,0024,03C3,05,2,01,C01E,2024,1
34,00169E,2024,0000C098,0002002C,00,01,0C,80,24,0024,03C3,05,0,01,C098,2024,1
34,00169E,2024,0000C09A,0002002D,00,01,0D,80,24,0024,03C3,05,0,01,C09A,2024,1
34,00169E,2024,0000C09C,0002002E,00,01,0E,80,24,0024,03C3,05,2,01,C09C,2024,1
34,00169E,2024,0000C09E,0002002F,00,01,0F,80,24,0024,03C3,05,2,01,C09E,2024,1
34,00169E,0024,0000C118,0002004C,00,02,0C,80,24,0024,03C3,05,4,00,C118,0024,1
34,00169E,0024,0000C11A,0002004D,00,02,0D,80,24,0024,03C3,05,4,00,C11A,0024,1
34,00169E,0024,0000C11C,0002004E,00,02,0E,80,24,0024,03C3,05,6,00,C11C,0024,1
34,00169E,0024,0000C11E,0002004F,00,02,0F,80,24,0024,03C3,05,6,00,C11E,0024,1
34,00169E,0024,0000C198,0002006C,00,03,0C,80,24,0024,03C3,05,4,00,C198,0024,1
34,00169E,0024,0000C19A,0002006D,00,03,0D,80,24,0024,03C3,05,4,00,C19A,0024,1
34,00169E,0024,0000C19C,0002006E,00,03,0E,80,24,0024,03C3,05,6,00,C19C,0024,1
34,00169E,0024,0000C19E,0002006F,00,03,0F,80,24,0024,03C3,05,6,00,C19E,0024,1
34,00169E,2024,0000C020,00020010,00,00,10,80,24,0024,03C4,05,0,01,C020,2024,1
34,00169E,2024,0000C022,00020011,00,00,11,80,24,0024,03C4,05,0,01,C022,2024,1
34,00169E,2024,0000C024,00020012,00,00,12,80,24,0024,03C4,05,2,01,C024,2024,1
34,00169E,2024,0000C026,00020013,00,00,13,80,24,0024,03C4,05,2,01,C026,2024,1
34,00169E,2024,0000C0A0,00020030,00,01,10,80,24,0024,03C4,05,0,01,C0A0,2024,1
34,00169E,2024,0000C0A2,00020031,00,01,11,80,24,0024,03C4,05,0,01,C0A2,2024,1
34,00169E,2024,0000C0A4,00020032,00,01,12,80,24,0024,03C4,05,2,01,C0A4,2024,1
34,00169E,2024,0000C0A6,00020033,00,01,13,80,24,0024,03C4,05,2,01,C0A6,2024,1
34,00169E,0024,0000C120,00020050,00,02,10,80,24,0024,03C4,05,4,00,C120,0024,1
34,00169E,0024,0000C122,00020051,00,02,11,80,24,0024,03C4,05,4,00,C122,0024,1
34,00169E,0024,0000C124,00020052,00,02,12,80,24,0024,03C4,05,6,00,C124,0024,1
34,00169E,0024,0000C126,00020053,00,02,13,80,24,0024,03C4,05,6,00,C126,0024,1
34,00169E,0024,0000C1A0,00020070,00,03,10,80,24,0024,03C4,05,4,00,C1A0,0024,1
34,00169E,0024,0000C1A2,00020071,00,03,11,80,24,0024,03C4,05,4,00,C1A2,0024,1
34,00169E,0024,0000C1A4,00020072,00,03,12,80,24,0024,03C4,05,6,00,C1A4,0024,1
34,00169E,0024,0000C1A6,00020073,00,03,13,80,24,0024,03C4,05,6,00,C1A6,0024,1
34,00169E,2024,0000C028,00020014,00,00,14,80,24,0024,03C5,05,0,01,C028,2024,1
34,00169E,2024,0000C02A,00020015,00,00,15,80,24,0024,03C5,05,0,01,C02A,2024,1
34,00169E,2024,0000C02C,00020016,00,00,16,80,24,0024,03C5,05,2,01,C02C,2024,1
34,00169E,2024,0000C02E,00020017,00,00,17,80,24,0024,03C5,05,2,01,C02E,2024,1
34,00169E,2024,0000C0A8,00020034,00,01,14,80,24,0024,03C5,05,0,01,C0A8,2024,1
34,00169E,2024,0000C0AA,00020035,00,01,15,80,24,0024,03C5,05,0,01,C0AA,2024,1
34,00169E,2024,0000C0AC,00020036,00,01,16,80,24,0024,03C5,05,2,01,C0AC,2024,1
34,00169E,2024,0000C0AE,00020037,00,01,17,80,24,0024,03C5,05,2,01,C0AE,2024,1
34,00169E,0024,0000C128,00020054,00,02,14,80,24,0024,03C5,05,4,00,C128,0024,1
34,00169E,0024,0000C12A,00020055,00,02,15,80,24,0024,03C5,05,4,00,C12A,0024,1
34,00169E,0024,0000C12C,00020056,00,02,16,80,24,0024,03C5,05,6,00,C12C,0024,1
34,00169E,0024,0000C12E,00020057,00,02,17,80,24,0024,03C5,05,6,00,C12E,0024,1
34,00169E,0024,0000C1A8,00020074,00,03,14,80,24,0024,03C5,05,4,00,C1A8,0024,1
34,00169E,0024,0000C1AA,00020075,00,03,15,80,24,0024,03C5,05,4,00,C1AA,0024,1
34,00169E,0024,0000C1AC,00020076,00,03,16,80,24,0024,03C5,05,6,00,C1AC,0024,1
34,00169E,0024,0000C1AE,00020077,00,03,17,80,24,0024,03C5,05,6,00,C1AE,0024,1
34,00169E,2024,0000C030,00020018,00,00,18,80,24,0024,03C6,05,0,01,C030,2024,1
34,00169E,2024,0000C032,00020019,00,00,19,80,24,0024,03C6,05,0,01,C032,2024,1
34,00169E,2024,0000C034,0002001A,00,00,1A,80,24,0024,03C6,05,2,01,C034,2024,1
34,00169E,2024,0000C036,0002001B,00,00,1B,80,24,0024,03C6,05,2,01,C036,2024,1
34,00169E,2024,0000C0B0,00020038,00,01,18,80,24,0024,03C6,05,0,01,C0B0,2024,1
34,00169E,2024,0000C0B2,00020039,00,01,19,80,24,0024,03C6,05,0,01,C0B2,2024,1
34,00169E,2024,0000C0B4,0002003A,00,01,1A,80,24,0024,03C6,05,2,01,C0B4,2024,1
34,00169E,2024,0000C0B6,0002003B,00,01,1B,80,24,0024,03C6,05,2,01,C0B6,2024,1
34,00169E,0024,0000C130,00020058,00,02,18,80,24,0024,03C6,05,4,00,C130,0024,1
34,00169E,0024,0000C132,00020059,00,02,19,80,24,0024,03C6,05,4,00,C132,0024,1
34,00169E,0024,0000C134,0002005A,00,02,1A,80,24,0024,03C6,05,6,00,C134,0024,1
34,00169E,0024,0000C136,0002005B,00,02,1B,80,24,0024,03C6,05,6,00,C136,0024,1
34,00169E,0024,0000C1B0,00020078,00,03,18,80,24,0024,03C6,05,4,00,C1B0,0024,1
34,00169E,0024,0000C1B2,00020079,00,03,19,80,24,0024,03C6,05,4,00,C1B2,0024,1
34,00169E,0024,0000C1B4,0002007A,00,03,1A,80,24,0024,03C6,05,6,00,C1B4,0024,1
34,00169E,0024,0000C1B6,0002007B,00,03,1B,80,24,0024,03C6,05,6,00,C1B6,0024,1
34,00169E,2024,0000C038,0002001C,00,00,1C,80,24,0024,03C7,05,0,01,C038,2024,1
34,00169E,2024,0000C03A,0002001D,00,00,1D,80,24,0024,03C7,05,0,01,C03A,2024,1
34,00169E,2024,0000C03C,0002001E,00,00,1E,80,24,0024,03C7,05,2,01,C03C,2024,1
34,00169E,2024,0000C03E,0002001F,00,00,1F,80,24,0024,03C7,05,2,01,C03E,2024,1
34,00169E,2024,0000C0B8,0002003C,00,01,1C,80,24,0024,03C7,05,0,01,C0B8,2024,1
34,00169E,2024,0000C0BA,0002003D,00,01,1D,80,24,0024,03C7,05,0,01,C0BA,2024,1
34,00169E,2024,0000C0BC,0002003E,00,01,1E,80,24,0024,03C7,05,2,01,C0BC,2024,1
34,00169E,2024,0000C0BE,0002003F,00,01,1F,80,24,0024,03C7,05,2,01,C0BE,2024,1
34,00169E,0024,0000C138,0002005C,00,02,1C,80,24,0024,03C7,05,4,00,C138,0024,1
34,00169E,0024,0000C13A,0002005D,00,02,1D,80,24,0024,03C7,05,4,00,C13A,0024,1
34,00169E,00D4,0000C13C,0002005E,00,02,1E,80,D4,00D4,03C7,05,6,00,C13C,00D4,1
34,00169E,00E0,0000C13E,0002005F,00,02,1F,80,E0,00E0,03C7,05,6,00,C13E,00E0,1
34,00169E,0024,0000C1B8,0002007C,00,03,1C,80,24,0024,03C7,05,4,00,C1B8,0024,1
34,00169E,0024,0000C1BA,0002007D,00,03,1D,80,24,0024,03C7,05,4,00,C1BA,0024,1
34,00169E,00D6,0000C1BC,0002007E,00,03,1E,80,D6,00D6,03C7,05,6,00,C1BC,00D6,1
34,00169E,00DD,0000C1BE,0002007F,00,03,1F,80,DD,00DD,03C7,05,6,00,C1BE,00DD,1
34,00169E,00DC,0000C200,00020080,00,04,00,80,DC,00DC,03C8,08,0,00,C200,00DC,1
34,00169E,00EE,0000C202,00020081,00,04,01,80,EE,00EE,03C8,08,0,00,C202,00EE,1
34,00169E,4024,0000C204,00020082,00,04,02,80,24,0024,03C8,08,2,02,C204,4024,1
34,00169E,4024,0000C206,00020083,00,04,03,80,24,0024,03C8,08,2,02,C206,4024,1
34,00169E,00DE,0000C280,000200A0,00,05,00,80,DE,00DE,03C8,08,0,00,C280,00DE,1
34,00169E,00D7,0000C282,000200A1,00,05,01,80,D7,00D7,03C8,08,0,00,C282,00D7,1
34,00169E,4024,0000C284,000200A2,00,05,02,80,24,0024,03C8,08,2,02,C284,4024,1
34,00169E,4024,0000C286,000200A3,00,05,03,80,24,0024,03C8,08,2,02,C286,4024,1
34,00169E,00DC,0000C300,000200C0,00,06,00,80,DC,00DC,03C8,08,4,00,C300,00DC,1
34,00169E,00D7,0000C302,000200C1,00,06,01,80,D7,00D7,03C8,08,4,00,C302,00D7,1
34,00169E,0024,0000C304,000200C2,00,06,02,80,24,0024,03C8,08,6,00,C304,0024,1
34,00169E,0024,0000C306,000200C3,00,06,03,80,24,0024,03C8,08,6,00,C306,0024,1
34,00169E,00DE,0000C380,000200E0,00,07,00,80,DE,00DE,03C8,08,4,00,C380,00DE,1
34,00169E,00EE,0000C382,000200E1,00,07,01,80,EE,00EE,03C8,08,4,00,C382,00EE,1
34,00169E,0024,0000C384,000200E2,00,07,02,80,24,0024,03C8,08,6,00,C384,0024,1
34,00169E,0024,0000C386,000200E3,00,07,03,80,24,0024,03C8,08,6,00,C386,0024,1
34,00169E,4024,0000C208,00020084,00,04,04,80,24,0024,03C9,6A,0,02,C208,4024,1
34,00169E,4024,0000C20A,00020085,00,04,05,80,24,0024,03C9,6A,0,02,C20A,4024,1
34,00169E,4024,0000C20C,00020086,00,04,06,80,24,0024,03C9,6A,2,02,C20C,4024,1
34,00169E,4024,0000C20E,00020087,00,04,07,80,24,0024,03C9,6A,2,02,C20E,4024,1
34,00169E,4024,0000C288,000200A4,00,05,04,80,24,0024,03C9,6A,0,02,C288,4024,1
34,00169E,40E6,0000C28A,000200A5,00,05,05,80,E6,00E6,03C9,6A,0,02,C28A,40E6,1
34,00169E,40E4,0000C28C,000200A6,00,05,06,80,E4,00E4,03C9,6A,2,02,C28C,40E4,1
34,00169E,40E5,0000C28E,000200A7,00,05,07,80,E5,00E5,03C9,6A,2,02,C28E,40E5,1
34,00169E,4024,0000C308,000200C4,00,06,04,80,24,0024,03C9,6A,4,02,C308,4024,1
34,00169E,40E2,0000C30A,000200C5,00,06,05,80,E2,00E2,03C9,6A,4,02,C30A,40E2,1
34,00169E,2024,0000C30C,000200C6,00,06,06,80,24,0024,03C9,6A,6,01,C30C,2024,1
34,00169E,2024,0000C30E,000200C7,00,06,07,80,24,0024,03C9,6A,6,01,C30E,2024,1
34,00169E,4024,0000C388,000200E4,00,07,04,80,24,0024,03C9,6A,4,02,C388,4024,1
34,00169E,40E3,0000C38A,000200E5,00,07,05,80,E3,00E3,03C9,6A,4,02,C38A,40E3,1
34,00169E,2024,0000C38C,000200E6,00,07,06,80,24,0024,03C9,6A,6,01,C38C,2024,1
34,00169E,2024,0000C38E,000200E7,00,07,07,80,24,0024,03C9,6A,6,01,C38E,2024,1
34,00169E,4024,0000C210,00020088,00,04,08,80,24,0024,03CA,5A,0,02,C210,4024,1
34,00169E,4024,0000C212,00020089,00,04,09,80,24,0024,03CA,5A,0,02,C212,4024,1
34,00169E,4024,0000C214,0002008A,00,04,0A,80,24,0024,03CA,5A,2,02,C214,4024,1
34,00169E,4024,0000C216,0002008B,00,04,0B,80,24,0024,03CA,5A,2,02,C216,4024,1
34,00169E,40E4,0000C290,000200A8,00,05,08,80,E4,00E4,03CA,5A,0,02,C290,40E4,1
34,00169E,40E5,0000C292,000200A9,00,05,09,80,E5,00E5,03CA,5A,0,02,C292,40E5,1
35,00169E,40E4,0000C294,000200AA,00,05,0A,80,E4,00E4,03CA,5A,2,02,C294,40E4,1
35,00169E,40E5,0000C296,000200AB,00,05,0B,80,E5,00E5,03CA,5A,2,02,C296,40E5,1
35,00169E,2024,0000C310,000200C8,00,06,08,80,24,0024,03CA,5A,4,01,C310,2024,1
35,00169E,2024,0000C312,000200C9,00,06,09,80,24,0024,03CA,5A,4,01,C312,2024,1
35,00169E,2024,0000C314,000200CA,00,06,0A,80,24,0024,03CA,5A,6,01,C314,2024,1
35,00169E,2024,0000C316,000200CB,00,06,0B,80,24,0024,03CA,5A,6,01,C316,2024,1
35,00169E,2071,0000C390,000200E8,00,07,08,80,71,0071,03CA,5A,4,01,C390,2071,1
35,00169E,2072,0000C392,000200E9,00,07,09,80,72,0072,03CA,5A,4,01,C392,2072,1
35,00169E,2073,0000C394,000200EA,00,07,0A,80,73,0073,03CA,5A,6,01,C394,2073,1
35,00169E,2074,0000C396,000200EB,00,07,0B,80,74,0074,03CA,5A,6,01,C396,2074,1
35,00169E,4024,0000C218,0002008C,00,04,0C,80,24,0024,03CB,5A,0,02,C218,4024,1
35,00169E,4024,0000C21A,0002008D,00,04,0D,80,24,0024,03CB,5A,0,02,C21A,4024,1
35,00169E,4024,0000C21C,0002008E,00,04,0E,80,24,0024,03CB,5A,2,02,C21C,4024,1
35,00169E,4024,0000C21E,0002008F,00,04,0F,80,24,0024,03CB,5A,2,02,C21E,4024,1
35,00169E,40E4,0000C298,000200AC,00,05,0C,80,E4,00E4,03CB,5A,0,02,C298,40E4,1
35,00169E,40E5,0000C29A,000200AD,00,05,0D,80,E5,00E5,03CB,5A,0,02,C29A,40E5,1
35,00169E,40E4,0000C29C,000200AE,00,05,0E,80,E4,00E4,03CB,5A,2,02,C29C,40E4,1
35,00169E,40E5,0000C29E,000200AF,00,05,0F,80,E5,00E5,03CB,5A,2,02,C29E,40E5,1
35,00169E,2024,0000C318,000200CC,00,06,0C,80,24,0024,03CB,5A,4,01,C318,2024,1
35,00169E,2024,0000C31A,000200CD,00,06,0D,80,24,0024,03CB,5A,4,01,C31A,2024,1
35,00169E,2024,0000C31C,000200CE,00,06,0E,80,24,0024,03CB,5A,6,01,C31C,2024,1
35,00169E,2024,0000C31E,000200CF,00,06,0F,80,24,0024,03CB,5A,6,01,C31E,2024,1
35,00169E,2075,0000C398,000200EC,00,07,0C,80,75,0075,03CB,5A,4,01,C398,2075,1
35,00169E,2076,0000C39A,000200ED,00,07,0D,80,76,0076,03CB,5A,4,01,C39A,2076,1
35,00169E,2077,0000C39C,000200EE,00,07,0E,80,77,0077,03CB,5A,6,01,C39C,2077,1
35,00169E,2078,0000C39E,000200EF,00,07,0F,80,78,0078,03CB,5A,6,01,C39E,2078,1
35,00169E,4024,0000C220,00020090,00,04,10,80,24,0024,03CC,5A,0,02,C220,4024,1
35,00169E,4024,0000C222,00020091,00,04,11,80,24,0024,03CC,5A,0,02,C222,4024,1
35,00169E,4024,0000C224,00020092,00,04,12,80,24,0024,03CC,5A,2,02,C224,4024,1
35,00169E,4024,0000C226,00020093,00,04,13,80,24,0024,03CC,5A,2,02,C226,4024,1
35,00169E,40E4,0000C2A0,000200B0,00,05,10,80,E4,00E4,03CC,5A,0,02,C2A0,40E4,1
35,00169E,40E5,0000C2A2,000200B1,00,05,11,80,E5,00E5,03CC,5A,0,02,C2A2,40E5,1
35,00169E,40E4,0000C2A4,000200B2,00,05,12,80,E4,00E4,03CC,5A,2,02,C2A4,40E4,1
35,00169E,40E5,0000C2A6,000200B3,00,05,13,80,E5,00E5,03CC,5A,2,02,C2A6,40E5,1
35,00169E,2024,0000C320,000200D0,00,06,10,80,24,0024,03CC,5A,4,01,C320,2024,1
35,00169E,2024,0000C322,000200D1,00,06,11,80,24,0024,03CC,5A,4,01,C322,2024,1
35,00169E,2024,0000C324,000200D2,00,06,12,80,24,0024,03CC,5A,6,01,C324,2024,1
35,00169E,2024,0000C326,000200D3,00,06,13,80,24,0024,03CC,5A,6,01,C326,2024,1
35,00169E,2079,0000C3A0,000200F0,00,07,10,80,79,0079,03CC,5A,4,01,C3A0,2079,1
35,00169E,2079,0000C3A2,000200F1,00,07,11,80,79,0079,03CC,5A,4,01,C3A2,2079,1
35,00169E,2079,0000C3A4,000200F2,00,07,12,80,79,0079,03CC,5A,6,01,C3A4,2079,1
35,00169E,207A,0000C3A6,000200F3,00,07,13,80,7A,007A,03CC,5A,6,01,C3A6,207A,1
35,00169E,4024,0000C228,00020094,00,04,14,80,24,0024,03CD,5A,0,02,C228,4024,1
35,00169E,4024,0000C22A,00020095,00,04,15,80,24,0024,03CD,5A,0,02,C22A,4024,1
35,00169E,4024,0000C22C,00020096,00,04,16,80,24,0024,03CD,5A,2,02,C22C,4024,1
35,00169E,4024,0000C22E,00020097,00,04,17,80,24,0024,03CD,5A,2,02,C22E,4024,1
35,00169E,40E4,0000C2A8,000200B4,00,05,14,80,E4,00E4,03CD,5A,0,02,C2A8,40E4,1
35,00169E,40E5,0000C2AA,000200B5,00,05,15,80,E5,00E5,03CD,5A,0,02,C2AA,40E5,1
35,00169E,40E4,0000C2AC,000200B6,00,05,16,80,E4,00E4,03CD,5A,2,02,C2AC,40E4,1
35,00169E,40E5,0000C2AE,000200B7,00,05,17,80,E5,00E5,03CD,5A,2,02,C2AE,40E5,1
35,00169E,2024,0000C328,000200D4,00,06,14,80,24,0024,03CD,5A,4,01,C328,2024,1
35,00169E,2024,0000C32A,000200D5,00,06,15,80,24,0024,03CD,5A,4,01,C32A,2024,1
35,00169E,2024,0000C32C,000200D6,00,06,16,80,24,0024,03CD,5A,6,01,C32C,2024,1
35,00169E,2024,0000C32E,000200D7,00,06,17,80,24,0024,03CD,5A,6,01,C32E,2024,1
35,00169E,207B,0000C3A8,000200F4,00,07,14,80,7B,007B,03CD,5A,4,01,C3A8,207B,1
35,00169E,2024,0000C3AA,000200F5,00,07,15,80,24,0024,03CD,5A,4,01,C3AA,2024,1
35,00169E,2024,0000C3AC,000200F6,00,07,16,80,24,0024,03CD,5A,6,01,C3AC,2024,1
35,00169E,2024,0000C3AE,000200F7,00,07,17,80,24,0024,03CD,5A,6,01,C3AE,2024,1
35,00169E,4024,0000C230,00020098,00,04,18,80,24,0024,03CE,9A,0,02,C230,4024,1
35,00169E,4024,0000C232,00020099,00,04,19,80,24,0024,03CE,9A,0,02,C232,4024,1
35,00169E,4024,0000C234,0002009A,00,04,1A,80,24,0024,03CE,9A,2,02,C234,4024,1
35,00169E,4024,0000C236,0002009B,00,04,1B,80,24,0024,03CE,9A,2,02,C236,4024,1
35,00169E,40E4,0000C2B0,000200B8,00,05,18,80,E4,00E4,03CE,9A,0,02,C2B0,40E4,1
35,00169E,40E5,0000C2B2,000200B9,00,05,19,80,E5,00E5,03CE,9A,0,02,C2B2,40E5,1
35,00169E,40E6,0000C2B4,000200BA,00,05,1A,80,E6,00E6,03CE,9A,2,02,C2B4,40E6,1
35,00169E,4024,0000C2B6,000200BB,00,05,1B,80,24,0024,03CE,9A,2,02,C2B6,4024,1
35,00169E,2024,0000C330,000200D8,00,06,18,80,24,0024,03CE,9A,4,01,C330,2024,1
35,00169E,2024,0000C332,000200D9,00,06,19,80,24,0024,03CE,9A,4,01,C332,2024,1
35,00169E,40E3,0000C334,000200DA,00,06,1A,80,E3,00E3,03CE,9A,6,02,C334,40E3,1
35,00169E,4024,0000C336,000200DB,00,06,1B,80,24,0024,03CE,9A,6,02,C336,4024,1
35,00169E,2024,0000C3B0,000200F8,00,07,18,80,24,0024,03CE,9A,4,01,C3B0,2024,1
35,00169E,2024,0000C3B2,000200F9,00,07,19,80,24,0024,03CE,9A,4,01,C3B2,2024,1
35,00169E,40E2,0000C3B4,000200FA,00,07,1A,80,E2,00E2,03CE,9A,6,02,C3B4,40E2,1
35,00169E,4024,0000C3B6,000200FB,00,07,1B,80,24,0024,03CE,9A,6,02,C3B6,4024,1
35,00169E,4024,0000C238,0002009C,00,04,1C,80,24,0024,03CF,22,0,02,C238,4024,1
35,00169E,4024,0000C23A,0002009D,00,04,1D,80,24,0024,03CF,22,0,02,C23A,4024,1
35,00169E,00D6,0000C23C,0002009E,00,04,1E,80,D6,00D6,03CF,22,2,00,C23C,00D6,1
35,00169E,00DB,0000C23E,0002009F,00,04,1F,80,DB,00DB,03CF,22,2,00,C23E,00DB,1
35,00169E,4024,0000C2B8,000200BC,00,05,1C,80,24,0024,03CF,22,0,02,C2B8,4024,1
35,00169E,4024,0000C2BA,000200BD,00,05,1D,80,24,0024,03CF,22,0,02,C2BA,4024,1
35,00169E,00D6,0000C2BC,000200BE,00,05,1E,80,D6,00D6,03CF,22,2,00,C2BC,00D6,1
35,00169E,00DB,0000C2BE,000200BF,00,05,1F,80,DB,00DB,03CF,22,2,00,C2BE,00DB,1
35,00169E,4024,0000C338,000200DC,00,06,1C,80,24,0024,03CF,22,4,02,C338,4024,1
35,00169E,4024,0000C33A,000200DD,00,06,1D,80,24,0024,03CF,22,4,02,C33A,4024,1
35,00169E,00D6,0000C33C,000200DE,00,06,1E,80,D6,00D6,03CF,22,6,00,C33C,00D6,1
35,00169E,00DF,0000C33E,000200DF,00,06,1F,80,DF,00DF,03CF,22,6,00,C33E,00DF,1
35,00169E,4024,0000C3B8,000200FC,00,07,1C,80,24,0024,03CF,22,4,02,C3B8,4024,1
35,00169E,4024,0000C3BA,000200FD,00,07,1D,80,24,0024,03CF,22,4,02,C3BA,4024,1
35,00169E,00D6,0000C3BC,000200FE,00,07,1E,80,D6,00D6,03CF,22,6,00,C3BC,00D6,1
35,00169E,00DB,0000C3BE,000200FF,00,07,1F,80,DB,00DB,03CF,22,6,00,C3BE,00DB,1
35,00169E,4024,0000C408,00020104,00,08,04,80,24,0024,03D1,66,0,02,C408,4024,1
35,00169E,40E2,0000C40A,00020105,00,08,05,80,E2,00E2,03D1,66,0,02,C40A,40E2,1
35,00169E,2024,0000C40C,00020106,00,08,06,80,24,0024,03D1,66,2,01,C40C,2024,1
35,00169E,207C,0000C40E,00020107,00,08,07,80,7C,007C,03D1,66,2,01,C40E,207C,1
35,00169E,4024,0000C488,00020124,00,09,04,80,24,0024,03D1,66,0,02,C488,4024,1
35,00169E,40E3,0000C48A,00020125,00,09,05,80,E3,00E3,03D1,66,0,02,C48A,40E3,1
35,00169E,2024,0000C48C,00020126,00,09,06,80,24,0024,03D1,66,2,01,C48C,2024,1
35,00169E,208C,0000C48E,00020127,00,09,07,80,8C,008C,03D1,66,2,01,C48E,208C,1
35,00169E,4024,0000C508,00020144,00,0A,04,80,24,0024,03D1,66,4,02,C508,4024,1
35,00169E,40E2,0000C50A,00020145,00,0A,05,80,E2,00E2,03D1,66,4,02,C50A,40E2,1
35,00169E,2024,0000C50C,00020146,00,0A,06,80,24,0024,03D1,66,6,01,C50C,2024,1
35,00169E,209D,0000C50E,00020147,00,0A,07,80,9D,009D,03D1,66,6,01,C50E,209D,1
35,00169E,4024,0000C588,00020164,00,0B,04,80,24,0024,03D1,66,4,02,C588,4024,1
35,00169E,40E3,0000C58A,00020165,00,0B,05,80,E3,00E3,03D1,66,4,02,C58A,40E3,1
35,00169E,2070,0000C58C,00020166,00,0B,06,80,70,0070,03D1,66,6,01,C58C,2070,1
35,00169E,20AF,0000C58E,00020167,00,0B,07,80,AF,00AF,03D1,66,6,01,C58E,20AF,1
35,00169E,207D,0000C410,00020108,00,08,08,80,7D,007D,03D2,55,0,01,C410,207D,1
35,00169E,207E,0000C412,00020109,00,08,09,80,7E,007E,03D2,55,0,01,C412,207E,1
35,00169E,207F,0000C414,0002010A,00,08,0A,80,7F,007F,03D2,55,2,01,C414,207F,1
35,00169E,2080,0000C416,0002010B,00,08,0B,80,80,0080,03D2,55,2,01,C416,2080,1
35,00169E,208D,0000C490,00020128,00,09,08,80,8D,008D,03D2,55,0,01,C490,208D,1
35,00169E,208E,0000C492,00020129,00,09,09,80,8E,008E,03D2,55,0,01,C492,208E,1
35,00169E,208F,0000C494,0002012A,00,09,0A,80,8F,008F,03D2,55,2,01,C494,208F,1
35,00169E,2090,0000C496,0002012B,00,09,0B,80,90,0090,03D2,55,2,01,C496,2090,1
35,00169E,209E,0000C510,00020148,00,0A,08,80,9E,009E,03D2,55,4,01,C510,209E,1
35,00169E,209F,0000C512,00020149,00,0A,09,80,9F,009F,03D2,55,4,01,C512,209F,1
35,00169E,20A0,0000C514,0002014A,00,0A,0A,80,A0,00A0,03D2,55,6,01,C514,20A0,1
35,00169E,20A1,0000C516,0002014B,00,0A,0B,80,A1,00A1,03D2,55,6,01,C516,20A1,1
35,00169E,20B0,0000C590,00020168,00,0B,08,80,B0,00B0,03D2,55,4,01,C590,20B0,1
35,00169E,20B1,0000C592,00020169,00,0B,09,80,B1,00B1,03D2,55,4,01,C592,20B1,1
35,00169E,20B2,0000C594,0002016A,00,0B,0A,80,B2,00B2,03D2,55,6,01,C594,20B2,1
35,00169E,20B3,0000C596,0002016B,00,0B,0B,80,B3,00B3,03D2,55,6,01,C596,20B3,1
35,00169E,2081,0000C418,0002010C,00,08,0C,80,81,0081,03D3,55,0,01,C418,2081,1
35,00169E,2082,0000C41A,0002010D,00,08,0D,80,82,0082,03D3,55,0,01,C41A,2082,1
35,00169E,2083,0000C41C,0002010E,00,08,0E,80,83,0083,03D3,55,2,01,C41C,2083,1
35,00169E,2084,0000C41E,0002010F,00,08,0F,80,84,0084,03D3,55,2,01,C41E,2084,1
35,00169E,2091,0000C498,0002012C,00,09,0C,80,91,0091,03D3,55,0,01,C498,2091,1
35,00169E,2092,0000C49A,0002012D,00,09,0D,80,92,0092,03D3,55,0,01,C49A,2092,1
35,00169E,2093,0000C49C,0002012E,00,09,0E,80,93,0093,03D3,55,2,01,C49C,2093,1
35,00169E,2094,0000C49E,0002012F,00,09,0F,80,94,0094,03D3,55,2,01,C49E,2094,1
35,00169E,20A2,0000C518,0002014C,00,0A,0C,80,A2,00A2,03D3,55,4,01,C518,20A2,1
35,00169E,20A3,0000C51A,0002014D,00,0A,0D,80,A3,00A3,03D3,55,4,01,C51A,20A3,1
35,00169E,20A4,0000C51C,0002014E,00,0A,0E,80,A4,00A4,03D3,55,6,01,C51C,20A4,1
35,00169E,20A5,0000C51E,0002014F,00,0A,0F,80,A5,00A5,03D3,55,6,01,C51E,20A5,1
35,00169E,20B4,0000C598,0002016C,00,0B,0C,80,B4,00B4,03D3,55,4,01,C598,20B4,1
35,00169E,20B5,0000C59A,0002016D,00,0B,0D,80,B5,00B5,03D3,55,4,01,C59A,20B5,1
35,00169E,20B6,0000C59C,0002016E,00,0B,0E,80,B6,00B6,03D3,55,6,01,C59C,20B6,1
35,00169E,20B7,0000C59E,0002016F,00,0B,0F,80,B7,00B7,03D3,55,6,01,C59E,20B7,1
35,00169E,2085,0000C420,00020110,00,08,10,80,85,0085,03D4,55,0,01,C420,2085,1
35,00169E,2086,0000C422,00020111,00,08,11,80,86,0086,03D4,55,0,01,C422,2086,1
35,00169E,2087,0000C424,00020112,00,08,12,80,87,0087,03D4,55,2,01,C424,2087,1
35,00169E,2088,0000C426,00020113,00,08,13,80,88,0088,03D4,55,2,01,C426,2088,1
35,00169E,2095,0000C4A0,00020130,00,09,10,80,95,0095,03D4,55,0,01,C4A0,2095,1
36,00169E,2096,0000C4A2,00020131,00,09,11,80,96,0096,03D4,55,0,01,C4A2,2096,1
36,00169E,2097,0000C4A4,00020132,00,09,12,80,97,0097,03D4,55,2,01,C4A4,2097,1
36,00169E,2098,0000C4A6,00020133,00,09,13,80,98,0098,03D4,55,2,01,C4A6,2098,1
36,00169E,20A6,0000C520,00020150,00,0A,10,80,A6,00A6,03D4,55,4,01,C520,20A6,1
36,00169E,20A7,0000C522,00020151,00,0A,11,80,A7,00A7,03D4,55,4,01,C522,20A7,1
36,00169E,20A8,0000C524,00020152,00,0A,12,80,A8,00A8,03D4,55,6,01,C524,20A8,1
36,00169E,20A9,0000C526,00020153,00,0A,13,80,A9,00A9,03D4,55,6,01,C526,20A9,1
36,00169E,20B8,0000C5A0,00020170,00,0B,10,80,B8,00B8,03D4,55,4,01,C5A0,20B8,1
36,00169E,20B9,0000C5A2,00020171,00,0B,11,80,B9,00B9,03D4,55,4,01,C5A2,20B9,1
36,00169E,20BA,0000C5A4,00020172,00,0B,12,80,BA,00BA,03D4,55,6,01,C5A4,20BA,1
36,00169E,20BB,0000C5A6,00020173,00,0B,13,80,BB,00BB,03D4,55,6,01,C5A6,20BB,1
36,00169E,2089,0000C428,00020114,00,08,14,80,89,0089,03D5,55,0,01,C428,2089,1
36,00169E,208A,0000C42A,00020115,00,08,15,80,8A,008A,03D5,55,0,01,C42A,208A,1
36,00169E,208B,0000C42C,00020116,00,08,16,80,8B,008B,03D5,55,2,01,C42C,208B,1
36,00169E,2024,0000C42E,00020117,00,08,17,80,24,0024,03D5,55,2,01,C42E,2024,1
36,00169E,2099,0000C4A8,00020134,00,09,14,80,99,0099,03D5,55,0,01,C4A8,2099,1
36,00169E,209A,0000C4AA,00020135,00,09,15,80,9A,009A,03D5,55,0,01,C4AA,209A,1
36,00169E,209B,0000C4AC,00020136,00,09,16,80,9B,009B,03D5,55,2,01,C4AC,209B,1
36,00169E,209C,0000C4AE,00020137,00,09,17,80,9C,009C,03D5,55,2,01,C4AE,209C,1
36,00169E,20AA,0000C528,00020154,00,0A,14,80,AA,00AA,03D5,55,4,01,C528,20AA,1
36,00169E,20AB,0000C52A,00020155,00,0A,15,80,AB,00AB,03D5,55,4,01,C52A,20AB,1
36,00169E,20AC,0000C52C,00020156,00,0A,16,80,AC,00AC,03D5,55,6,01,C52C,20AC,1
36,00169E,20AD,0000C52E,00020157,00,0A,17,80,AD,00AD,03D5,55,6,01,C52E,20AD,1
36,00169E,20BC,0000C5A8,00020174,00,0B,14,80,BC,00BC,03D5,55,4,01,C5A8,20BC,1
36,00169E,20BD,0000C5AA,00020175,00,0B,15,80,BD,00BD,03D5,55,4,01,C5AA,20BD,1
36,00169E,20BE,0000C5AC,00020176,00,0B,16,80,BE,00BE,03D5,55,6,01,C5AC,20BE,1
36,00169E,20BF,0000C5AE,00020177,00,0B,17,80,BF,00BF,03D5,55,6,01,C5AE,20BF,1
36,00169E,2024,0000C430,00020118,00,08,18,80,24,0024,03D6,99,0,01,C430,2024,1
36,00169E,2024,0000C432,00020119,00,08,19,80,24,0024,03D6,99,0,01,C432,2024,1
36,00169E,40E3,0000C434,0002011A,00,08,1A,80,E3,00E3,03D6,99,2,02,C434,40E3,1
36,00169E,4024,0000C436,0002011B,00,08,1B,80,24,0024,03D6,99,2,02,C436,4024,1
36,00169E,2024,0000C4B0,00020138,00,09,18,80,24,0024,03D6,99,0,01,C4B0,2024,1
36,00169E,2024,0000C4B2,00020139,00,09,19,80,24,0024,03D6,99,0,01,C4B2,2024,1
36,00169E,40E2,0000C4B4,0002013A,00,09,1A,80,E2,00E2,03D6,99,2,02,C4B4,40E2,1
36,00169E,4024,0000C4B6,0002013B,00,09,1B,80,24,0024,03D6,99,2,02,C4B6,4024,1
36,00169E,20AE,0000C530,00020158,00,0A,18,80,AE,00AE,03D6,99,4,01,C530,20AE,1
36,00169E,2024,0000C532,00020159,00,0A,19,80,24,0024,03D6,99,4,01,C532,2024,1
36,00169E,40E3,0000C534,0002015A,00,0A,1A,80,E3,00E3,03D6,99,6,02,C534,40E3,1
36,00169E,4024,0000C536,0002015B,00,0A,1B,80,24,0024,03D6,99,6,02,C536,4024,1
36,00169E,20C0,0000C5B0,00020178,00,0B,18,80,C0,00C0,03D6,99,4,01,C5B0,20C0,1
36,00169E,2024,0000C5B2,00020179,00,0B,19,80,24,0024,03D6,99,4,01,C5B2,2024,1
36,00169E,40E2,0000C5B4,0002017A,00,0B,1A,80,E2,00E2,03D6,99,6,02,C5B4,40E2,1
36,00169E,4024,0000C5B6,0002017B,00,0B,1B,80,24,0024,03D6,99,6,02,C5B6,4024,1
36,00169E,4024,0000C608,00020184,00,0C,04,80,24,0024,03D9,6E,0,02,C608,4024,1
36,00169E,40E2,0000C60A,00020185,00,0C,05,80,E2,00E2,03D9,6E,0,02,C60A,40E2,1
36,00169E,6024,0000C60C,00020186,00,0C,06,80,24,0024,03D9,6E,2,03,C60C,6024,1
36,00169E,6024,0000C60E,00020187,00,0C,07,80,24,0024,03D9,6E,2,03,C60E,6024,1
36,00169E,4024,0000C688,000201A4,00,0D,04,80,24,0024,03D9,6E,0,02,C688,4024,1
36,00169E,40E3,0000C68A,000201A5,00,0D,05,80,E3,00E3,03D9,6E,0,02,C68A,40E3,1
36,00169E,6024,0000C68C,000201A6,00,0D,06,80,24,0024,03D9,6E,2,03,C68C,6024,1
36,00169E,60C6,0000C68E,000201A7,00,0D,07,80,C6,00C6,03D9,6E,2,03,C68E,60C6,1
36,00169E,4024,0000C708,000201C4,00,0E,04,80,24,0024,03D9,6E,4,02,C708,4024,1
36,00169E,40E2,0000C70A,000201C5,00,0E,05,80,E2,00E2,03D9,6E,4,02,C70A,40E2,1
36,00169E,2024,0000C70C,000201C6,00,0E,06,80,24,0024,03D9,6E,6,01,C70C,2024,1
36,00169E,2024,0000C70E,000201C7,00,0E,07,80,24,0024,03D9,6E,6,01,C70E,2024,1
36,00169E,4024,0000C788,000201E4,00,0F,04,80,24,0024,03D9,6E,4,02,C788,4024,1
36,00169E,40E3,0000C78A,000201E5,00,0F,05,80,E3,00E3,03D9,6E,4,02,C78A,40E3,1
36,00169E,2024,0000C78C,000201E6,00,0F,06,80,24,0024,03D9,6E,6,01,C78C,2024,1
36,00169E,2024,0000C78E,000201E7,00,0F,07,80,24,0024,03D9,6E,6,01,C78E,2024,1
36,00169E,6024,0000C610,00020188,00,0C,08,80,24,0024,03DA,5F,0,03,C610,6024,1
36,00169E,6024,0000C612,00020189,00,0C,09,80,24,0024,03DA,5F,0,03,C612,6024,1
36,00169E,6024,0000C614,0002018A,00,0C,0A,80,24,0024,03DA,5F,2,03,C614,6024,1
36,00169E,6024,0000C616,0002018B,00,0C,0B,80,24,0024,03DA,5F,2,03,C616,6024,1
36,00169E,60C7,0000C690,000201A8,00,0D,08,80,C7,00C7,03DA,5F,0,03,C690,60C7,1
36,00169E,60C8,0000C692,000201A9,00,0D,09,80,C8,00C8,03DA,5F,0,03,C692,60C8,1
36,00169E,60C8,0000C694,000201AA,00,0D,0A,80,C8,00C8,03DA,5F,2,03,C694,60C8,1
36,00169E,60C8,0000C696,000201AB,00,0D,0B,80,C8,00C8,03DA,5F,2,03,C696,60C8,1
36,00169E,2024,0000C710,000201C8,00,0E,08,80,24,0024,03DA,5F,4,01,C710,2024,1
36,00169E,2024,0000C712,000201C9,00,0E,09,80,24,0024,03DA,5F,4,01,C712,2024,1
36,00169E,2024,0000C714,000201CA,00,0E,0A,80,24,0024,03DA,5F,6,01,C714,2024,1
36,00169E,2024,0000C716,000201CB,00,0E,0B,80,24,0024,03DA,5F,6,01,C716,2024,1
36,00169E,2024,0000C790,000201E8,00,0F,08,80,24,0024,03DA,5F,4,01,C790,2024,1
36,00169E,2024,0000C792,000201E9,00,0F,09,80,24,0024,03DA,5F,4,01,C792,2024,1
36,00169E,2024,0000C794,000201EA,00,0F,0A,80,24,0024,03DA,5F,6,01,C794,2024,1
36,00169E,2024,0000C796,000201EB,00,0F,0B,80,24,0024,03DA,5F,6,01,C796,2024,1
36,00169E,2024,0000C618,0002018C,00,0C,0C,80,24,0024,03DB,55,0,01,C618,2024,1
36,00169E,20C1,0000C61A,0002018D,00,0C,0D,80,C1,00C1,03DB,55,0,01,C61A,20C1,1
36,00169E,20C2,0000C61C,0002018E,00,0C,0E,80,C2,00C2,03DB,55,2,01,C61C,20C2,1
36,00169E,20C3,0000C61E,0002018F,00,0C,0F,80,C3,00C3,03DB,55,2,01,C61E,20C3,1
36,00169E,2024,0000C698,000201AC,00,0D,0C,80,24,0024,03DB,55,0,01,C698,2024,1
36,00169E,20C9,0000C69A,000201AD,00,0D,0D,80,C9,00C9,03DB,55,0,01,C69A,20C9,1
36,00169E,20CA,0000C69C,000201AE,00,0D,0E,80,CA,00CA,03DB,55,2,01,C69C,20CA,1
36,00169E,20CB,0000C69E,000201AF,00,0D,0F,80,CB,00CB,03DB,55,2,01,C69E,20CB,1
36,00169E,2024,0000C718,000201CC,00,0E,0C,80,24,0024,03DB,55,4,01,C718,2024,1
36,00169E,2024,0000C71A,000201CD,00,0E,0D,80,24,0024,03DB,55,4,01,C71A,2024,1
36,00169E,2024,0000C71C,000201CE,00,0E,0E,80,24,0024,03DB,55,6,01,C71C,2024,1
36,00169E,20CE,0000C71E,000201CF,00,0E,0F,80,CE,00CE,03DB,55,6,01,C71E,20CE,1
36,00169E,2024,0000C798,000201EC,00,0F,0C,80,24,0024,03DB,55,4,01,C798,2024,1
36,00169E,2024,0000C79A,000201ED,00,0F,0D,80,24,0024,03DB,55,4,01,C79A,2024,1
36,00169E,2024,0000C79C,000201EE,00,0F,0E,80,24,0024,03DB,55,6,01,C79C,2024,1
36,00169E,20D1,0000C79E,000201EF,00,0F,0F,80,D1,00D1,03DB,55,6,01,C79E,20D1,1
36,00169E,20C4,0000C620,00020190,00,0C,10,80,C4,00C4,03DC,5D,0,01,C620,20C4,1
36,00169E,20C5,0000C622,00020191,00,0C,11,80,C5,00C5,03DC,5D,0,01,C622,20C5,1
36,00169E,6024,0000C624,00020192,00,0C,12,80,24,0024,03DC,5D,2,03,C624,6024,1
36,00169E,6024,0000C626,00020193,00,0C,13,80,24,0024,03DC,5D,2,03,C626,6024,1
36,00169E,20CC,0000C6A0,000201B0,00,0D,10,80,CC,00CC,03DC,5D,0,01,C6A0,20CC,1
36,00169E,20CD,0000C6A2,000201B1,00,0D,11,80,CD,00CD,03DC,5D,0,01,C6A2,20CD,1
36,00169E,60C8,0000C6A4,000201B2,00,0D,12,80,C8,00C8,03DC,5D,2,03,C6A4,60C8,1
36,00169E,60C8,0000C6A6,000201B3,00,0D,13,80,C8,00C8,03DC,5D,2,03,C6A6,60C8,1
36,00169E,20CF,0000C720,000201D0,00,0E,10,80,CF,00CF,03DC,5D,4,01,C720,20CF,1
36,00169E,2024,0000C722,000201D1,00,0E,11,80,24,0024,03DC,5D,4,01,C722,2024,1
36,00169E,2024,0000C724,000201D2,00,0E,12,80,24,0024,03DC,5D,6,01,C724,2024,1
36,00169E,2024,0000C726,000201D3,00,0E,13,80,24,0024,03DC,5D,6,01,C726,2024,1
36,00169E,20D2,0000C7A0,000201F0,00,0F,10,80,D2,00D2,03DC,5D,4,01,C7A0,20D2,1
36,00169E,2024,0000C7A2,000201F1,00,0F,11,80,24,0024,03DC,5D,4,01,C7A2,2024,1
36,00169E,2024,0000C7A4,000201F2,00,0F,12,80,24,0024,03DC,5D,6,01,C7A4,2024,1
36,00169E,2024,0000C7A6,000201F3,00,0F,13,80,24,0024,03DC,5D,6,01,C7A6,2024,1
36,00169E,6024,0000C628,00020194,00,0C,14,80,24,0024,03DD,DF,0,03,C628,6024,1
36,00169E,6024,0000C62A,00020195,00,0C,15,80,24,0024,03DD,DF,0,03,C62A,6024,1
36,00169E,6024,0000C62C,00020196,00,0C,16,80,24,0024,03DD,DF,2,03,C62C,6024,1
36,00169E,6024,0000C62E,00020197,00,0C,17,80,24,0024,03DD,DF,2,03,C62E,6024,1
36,00169E,60C8,0000C6A8,000201B4,00,0D,14,80,C8,00C8,03DD,DF,0,03,C6A8,60C8,1
36,00169E,60C8,0000C6AA,000201B5,00,0D,15,80,C8,00C8,03DD,DF,0,03,C6AA,60C8,1
36,00169E,60E8,0000C6AC,000201B6,00,0D,16,80,E8,00E8,03DD,DF,2,03,C6AC,60E8,1
36,00169E,60E9,0000C6AE,000201B7,00,0D,17,80,E9,00E9,03DD,DF,2,03,C6AE,60E9,1
36,00169E,2024,0000C728,000201D4,00,0E,14,80,24,0024,03DD,DF,4,01,C728,2024,1
36,00169E,2024,0000C72A,000201D5,00,0E,15,80,24,0024,03DD,DF,4,01,C72A,2024,1
36,00169E,60EA,0000C72C,000201D6,00,0E,16,80,EA,00EA,03DD,DF,6,03,C72C,60EA,1
36,00169E,60EB,0000C72E,000201D7,00,0E,17,80,EB,00EB,03DD,DF,6,03,C72E,60EB,1
36,00169E,2024,0000C7A8,000201F4,00,0F,14,80,24,0024,03DD,DF,4,01,C7A8,2024,1
36,00169E,2024,0000C7AA,000201F5,00,0F,15,80,24,0024,03DD,DF,4,01,C7AA,2024,1
36,00169E,6024,0000C7AC,000201F6,00,0F,16,80,24,0024,03DD,DF,6,03,C7AC,6024,1
36,00169E,6024,0000C7AE,000201F7,00,0F,17,80,24,0024,03DD,DF,6,03,C7AE,6024,1
36,00169E,6024,0000C630,00020198,00,0C,18,80,24,0024,03DE,BB,0,03,C630,6024,1
36,00169E,6024,0000C632,00020199,00,0C,19,80,24,0024,03DE,BB,0,03,C632,6024,1
36,00169E,40E3,0000C634,0002019A,00,0C,1A,80,E3,00E3,03DE,BB,2,02,C634,40E3,1
36,00169E,4024,0000C636,0002019B,00,0C,1B,80,24,0024,03DE,BB,2,02,C636,4024,1
36,00169E,60D3,0000C6B0,000201B8,00,0D,18,80,D3,00D3,03DE,BB,0,03,C6B0,60D3,1
36,00169E,6024,0000C6B2,000201B9,00,0D,19,80,24,0024,03DE,BB,0,03,C6B2,6024,1
36,00169E,40E2,0000C6B4,000201BA,00,0D,1A,80,E2,00E2,03DE,BB,2,02,C6B4,40E2,1
36,00169E,4024,0000C6B6,000201BB,00,0D,1B,80,24,0024,03DE,BB,2,02,C6B6,4024,1
36,00169E,60EC,0000C730,000201D8,00,0E,18,80,EC,00EC,03DE,BB,4,03,C730,60EC,1
36,00169E,6024,0000C732,000201D9,00,0E,19,80,24,0024,03DE,BB,4,03,C732,6024,1
36,00169E,40E3,0000C734,000201DA,00,0E,1A,80,E3,00E3,03DE,BB,6,02,C734,40E3,1
36,00169E,4024,0000C736,000201DB,00,0E,1B,80,24,0024,03DE,BB,6,02,C736,4024,1
36,00169E,6024,0000C7B0,000201F8,00,0F,18,80,24,0024,03DE,BB,4,03,C7B0,6024,1
36,00169E,6024,0000C7B2,000201F9,00,0F,19,80,24,0024,03DE,BB,4,03,C7B2,6024,1
36,00169E,40E2,0000C7B4,000201FA,00,0F,1A,80,E2,00E2,03DE,BB,6,02,C7B4,40E2,1
36,00169E,4024,0000C7B6,000201FB,00,0F,1B,80,24,0024,03DE,BB,6,02,C7B6,4024,1
37,00169E,4024,0000C808,00020204,00,10,04,80,24,0024,03E1,0A,0,02,C808,4024,1
37,00169E,40E6,0000C80A,00020205,00,10,05,80,E6,00E6,03E1,0A,0,02,C80A,40E6,1
37,00169E,40E4,0000C80C,00020206,00,10,06,80,E4,00E4,03E1,0A,2,02,C80C,40E4,1
37,00169E,40E5,0000C80E,00020207,00,10,07,80,E5,00E5,03E1,0A,2,02,C80E,40E5,1
37,00169E,4024,0000C888,00020224,00,11,04,80,24,0024,03E1,0A,0,02,C888,4024,1
37,00169E,4024,0000C88A,00020225,00,11,05,80,24,0024,03E1,0A,0,02,C88A,4024,1
37,00169E,4024,0000C88C,00020226,00,11,06,80,24,0024,03E1,0A,2,02,C88C,4024,1
37,00169E,4024,0000C88E,00020227,00,11,07,80,24,0024,03E1,0A,2,02,C88E,4024,1
37,00169E,0024,0000C908,00020244,00,12,04,80,24,0024,03E1,0A,4,00,C908,0024,1
37,00169E,0024,0000C90A,00020245,00,12,05,80,24,0024,03E1,0A,4,00,C90A,0024,1
37,00169E,0024,0000C90C,00020246,00,12,06,80,24,0024,03E1,0A,6,00,C90C,0024,1
37,00169E,0024,0000C90E,00020247,00,12,07,80,24,0024,03E1,0A,6,00,C90E,0024,1
37,00169E,0024,0000C988,00020264,00,13,04,80,24,0024,03E1,0A,4,00,C988,0024,1
37,00169E,0024,0000C98A,00020265,00,13,05,80,24,0024,03E1,0A,4,00,C98A,0024,1
37,00169E,0024,0000C98C,00020266,00,13,06,80,24,0024,03E1,0A,6,00,C98C,0024,1
37,00169E,0024,0000C98E,00020267,00,13,07,80,24,0024,03E1,0A,6,00,C98E,0024,1
37,00169E,40E4,0000C810,00020208,00,10,08,80,E4,00E4,03E2,0A,0,02,C810,40E4,1
37,00169E,40E5,0000C812,00020209,00,10,09,80,E5,00E5,03E2,0A,0,02,C812,40E5,1
37,00169E,40E4,0000C814,0002020A,00,10,0A,80,E4,00E4,03E2,0A,2,02,C814,40E4,1
37,00169E,40E5,0000C816,0002020B,00,10,0B,80,E5,00E5,03E2,0A,2,02,C816,40E5,1
37,00169E,4024,0000C890,00020228,00,11,08,80,24,0024,03E2,0A,0,02,C890,4024,1
37,00169E,4024,0000C892,00020229,00,11,09,80,24,0024,03E2,0A,0,02,C892,4024,1
37,00169E,4024,0000C894,0002022A,00,11,0A,80,24,0024,03E2,0A,2,02,C894,4024,1
37,00169E,4024,0000C896,0002022B,00,11,0B,80,24,0024,03E2,0A,2,02,C896,4024,1
37,00169E,0024,0000C910,00020248,00,12,08,80,24,0024,03E2,0A,4,00,C910,0024,1
37,00169E,0024,0000C912,00020249,00,12,09,80,24,0024,03E2,0A,4,00,C912,0024,1
37,00169E,0024,0000C914,0002024A,00,12,0A,80,24,0024,03E2,0A,6,00,C914,0024,1
37,00169E,0024,0000C916,0002024B,00,12,0B,80,24,0024,03E2,0A,6,00,C916,0024,1
37,00169E,0024,0000C990,00020268,00,13,08,80,24,0024,03E2,0A,4,00,C990,0024,1
37,00169E,0024,0000C992,00020269,00,13,09,80,24,0024,03E2,0A,4,00,C992,0024,1
37,00169E,0024,0000C994,0002026A,00,13,0A,80,24,0024,03E2,0A,6,00,C994,0024,1
37,00169E,0024,0000C996,0002026B,00,13,0B,80,24,0024,03E2,0A,6,00,C996,0024,1
37,00169E,40E4,0000C818,0002020C,00,10,0C,80,E4,00E4,03E3,0A,0,02,C818,40E4,1
37,00169E,40E5,0000C81A,0002020D,00,10,0D,80,E5,00E5,03E3,0A,0,02,C81A,40E5,1
37,00169E,40E4,0000C81C,0002020E,00,10,0E,80,E4,00E4,03E3,0A,2,02,C81C,40E4,1
37,00169E,40E5,0000C81E,0002020F,00,10,0F,80,E5,00E5,03E3,0A,2,02,C81E,40E5,1
37,00169E,4024,0000C898,0002022C,00,11,0C,80,24,0024,03E3,0A,0,02,C898,4024,1
37,00169E,40F0,0000C89A,0002022D,00,11,0D,80,F0,00F0,03E3,0A,0,02,C89A,40F0,1
37,00169E,4001,0000C89C,0002022E,00,11,0E,80,01,0001,03E3,0A,2,02,C89C,4001,1
37,00169E,4009,0000C89E,0002022F,00,11,0F,80,09,0009,03E3,0A,2,02,C89E,4009,1
37,00169E,0024,0000C918,0002024C,00,12,0C,80,24,0024,03E3,0A,4,00,C918,0024,1
37,00169E,0024,0000C91A,0002024D,00,12,0D,80,24,0024,03E3,0A,4,00,C91A,0024,1
37,00169E,0024,0000C91C,0002024E,00,12,0E,80,24,0024,03E3,0A,6,00,C91C,0024,1
37,00169E,0024,0000C91E,0002024F,00,12,0F,80,24,0024,03E3,0A,6,00,C91E,0024,1
37,00169E,0024,0000C998,0002026C,00,13,0C,80,24,0024,03E3,0A,4,00,C998,0024,1
37,00169E,0024,0000C99A,0002026D,00,13,0D,80,24,0024,03E3,0A,4,00,C99A,0024,1
37,00169E,0024,0000C99C,0002026E,00,13,0E,80,24,0024,03E3,0A,6,00,C99C,0024,1
37,00169E,0024,0000C99E,0002026F,00,13,0F,80,24,0024,03E3,0A,6,00,C99E,0024,1
37,00169E,40E4,0000C820,00020210,00,10,10,80,E4,00E4,03E4,0A,0,02,C820,40E4,1
37,00169E,40E5,0000C822,00020211,00,10,11,80,E5,00E5,03E4,0A,0,02,C822,40E5,1
37,00169E,40E4,0000C824,00020212,00,10,12,80,E4,00E4,03E4,0A,2,02,C824,40E4,1
37,00169E,40E5,0000C826,00020213,00,10,13,80,E5,00E5,03E4,0A,2,02,C826,40E5,1
37,00169E,4008,0000C8A0,00020230,00,11,10,80,08,0008,03E4,0A,0,02,C8A0,4008,1
37,00169E,4006,0000C8A2,00020231,00,11,11,80,06,0006,03E4,0A,0,02,C8A2,4006,1
37,00169E,4024,0000C8A4,00020232,00,11,12,80,24,0024,03E4,0A,2,02,C8A4,4024,1
37,00169E,4017,0000C8A6,00020233,00,11,13,80,17,0017,03E4,0A,2,02,C8A6,4017,1
37,00169E,0024,0000C920,00020250,00,12,10,80,24,0024,03E4,0A,4,00,C920,0024,1
37,00169E,0024,0000C922,00020251,00,12,11,80,24,0024,03E4,0A,4,00,C922,0024,1
37,00169E,0024,0000C924,00020252,00,12,12,80,24,0024,03E4,0A,6,00,C924,0024,1
37,00169E,0024,0000C926,00020253,00,12,13,80,24,0024,03E4,0A,6,00,C926,0024,1
37,00169E,0024,0000C9A0,00020270,00,13,10,80,24,0024,03E4,0A,4,00,C9A0,0024,1
37,00169E,0024,0000C9A2,00020271,00,13,11,80,24,0024,03E4,0A,4,00,C9A2,0024,1
37,00169E,0024,0000C9A4,00020272,00,13,12,80,24,0024,03E4,0A,6,00,C9A4,0024,1
37,00169E,0024,0000C9A6,00020273,00,13,13,80,24,0024,03E4,0A,6,00,C9A6,0024,1
37,00169E,40E4,0000C828,00020214,00,10,14,80,E4,00E4,03E5,0A,0,02,C828,40E4,1
37,00169E,40E5,0000C82A,00020215,00,10,15,80,E5,00E5,03E5,0A,0,02,C82A,40E5,1
37,00169E,40E4,0000C82C,00020216,00,10,16,80,E4,00E4,03E5,0A,2,02,C82C,40E4,1
37,00169E,40E5,0000C82E,00020217,00,10,17,80,E5,00E5,03E5,0A,2,02,C82E,40E5,1
37,00169E,4012,0000C8A8,00020234,00,11,14,80,12,0012,03E5,0A,0,02,C8A8,4012,1
37,00169E,4017,0000C8AA,00020235,00,11,15,80,17,0017,03E5,0A,0,02,C8AA,4017,1
37,00169E,401D,0000C8AC,00020236,00,11,16,80,1D,001D,03E5,0A,2,02,C8AC,401D,1
37,00169E,400E,0000C8AE,00020237,00,11,17,80,0E,000E,03E5,0A,2,02,C8AE,400E,1
37,00169E,0024,0000C928,00020254,00,12,14,80,24,0024,03E5,0A,4,00,C928,0024,1
37,00169E,0024,0000C92A,00020255,00,12,15,80,24,0024,03E5,0A,4,00,C92A,0024,1
37,00169E,0024,0000C92C,00020256,00,12,16,80,24,0024,03E5,0A,6,00,C92C,0024,1
37,00169E,0024,0000C92E,00020257,00,12,17,80,24,0024,03E5,0A,6,00,C92E,0024,1
37,00169E,0024,0000C9A8,00020274,00,13,14,80,24,0024,03E5,0A,4,00,C9A8,0024,1
37,00169E,0024,0000C9AA,00020275,00,13,15,80,24,0024,03E5,0A,4,00,C9AA,0024,1
37,00169E,0024,0000C9AC,00020276,00,13,16,80,24,0024,03E5,0A,6,00,C9AC,0024,1
37,00169E,0024,0000C9AE,00020277,00,13,17,80,24,0024,03E5,0A,6,00,C9AE,0024,1
37,00169E,40E4,0000C830,00020218,00,10,18,80,E4,00E4,03E6,0A,0,02,C830,40E4,1
37,00169E,40E5,0000C832,00020219,00,10,19,80,E5,00E5,03E6,0A,0,02,C832,40E5,1
37,00169E,40E6,0000C834,0002021A,00,10,1A,80,E6,00E6,03E6,0A,2,02,C834,40E6,1
37,00169E,4024,0000C836,0002021B,00,10,1B,80,24,0024,03E6,0A,2,02,C836,4024,1
37,00169E,4017,0000C8B0,00020238,00,11,18,80,17,0017,03E6,0A,0,02,C8B0,4017,1
37,00169E,400D,0000C8B2,00020239,00,11,19,80,0D,000D,03E6,0A,0,02,C8B2,400D,1
37,00169E,4018,0000C8B4,0002023A,00,11,1A,80,18,0018,03E6,0A,2,02,C8B4,4018,1
37,00169E,4024,0000C8B6,0002023B,00,11,1B,80,24,0024,03E6,0A,2,02,C8B6,4024,1
37,00169E,0024,0000C930,00020258,00,12,18,80,24,0024,03E6,0A,4,00,C930,0024,1
37,00169E,0024,0000C932,00020259,00,12,19,80,24,0024,03E6,0A,4,00,C932,0024,1
37,00169E,0024,0000C934,0002025A,00,12,1A,80,24,0024,03E6,0A,6,00,C934,0024,1
37,00169E,0024,0000C936,0002025B,00,12,1B,80,24,0024,03E6,0A,6,00,C936,0024,1
37,00169E,0024,0000C9B0,00020278,00,13,18,80,24,0024,03E6,0A,4,00,C9B0,0024,1
37,00169E,0024,0000C9B2,00020279,00,13,19,80,24,0024,03E6,0A,4,00,C9B2,0024,1
37,00169E,0024,0000C9B4,0002027A,00,13,1A,80,24,0024,03E6,0A,6,00,C9B4,0024,1
37,00169E,0024,0000C9B6,0002027B,00,13,1B,80,24,0024,03E6,0A,6,00,C9B6,0024,1
37,00169E,0019,0000CA10,00020288,00,14,08,80,19,0019,03EA,C0,0,00,CA10,0019,1
37,00169E,001E,0000CA12,00020289,00,14,09,80,1E,001E,03EA,C0,0,00,CA12,001E,1
37,00169E,001C,0000CA14,0002028A,00,14,0A,80,1C,001C,03EA,C0,2,00,CA14,001C,1
37,00169E,0011,0000CA16,0002028B,00,14,0B,80,11,0011,03EA,C0,2,00,CA16,0011,1
37,00169E,0024,0000CA90,000202A8,00,15,08,80,24,0024,03EA,C0,0,00,CA90,0024,1
37,00169E,0024,0000CA92,000202A9,00,15,09,80,24,0024,03EA,C0,0,00,CA92,0024,1
37,00169E,0024,0000CA94,000202AA,00,15,0A,80,24,0024,03EA,C0,2,00,CA94,0024,1
37,00169E,0024,0000CA96,000202AB,00,15,0B,80,24,0024,03EA,C0,2,00,CA96,0024,1
37,00169E,00E0,0000CB10,000202C8,00,16,08,80,E0,00E0,03EA,C0,4,00,CB10,00E0,1
37,00169E,00EF,0000CB12,000202C9,00,16,09,80,EF,00EF,03EA,C0,4,00,CB12,00EF,1
37,00169E,6024,0000CB14,000202CA,00,16,0A,80,24,0024,03EA,C0,6,03,CB14,6024,1
37,00169E,6024,0000CB16,000202CB,00,16,0B,80,24,0024,03EA,C0,6,03,CB16,6024,1
37,00169E,00DD,0000CB90,000202E8,00,17,08,80,DD,00DD,03EA,C0,4,00,CB90,00DD,1
37,00169E,00DB,0000CB92,000202E9,00,17,09,80,DB,00DB,03EA,C0,4,00,CB92,00DB,1
37,00169E,6026,0000CB94,000202EA,00,17,0A,80,26,0026,03EA,C0,6,03,CB94,6026,1
37,00169E,6026,0000CB96,000202EB,00,17,0B,80,26,0026,03EA,C0,6,03,CB96,6026,1
37,00169E,0024,0000CA18,0002028C,00,14,0C,80,24,0024,03EB,30,0,00,CA18,0024,1
37,00169E,001C,0000CA1A,0002028D,00,14,0D,80,1C,001C,03EB,30,0,00,CA1A,001C,1
37,00169E,001D,0000CA1C,0002028E,00,14,0E,80,1D,001D,03EB,30,2,00,CA1C,001D,1
37,00169E,000A,0000CA1E,0002028F,00,14,0F,80,0A,000A,03EB,30,2,00,CA1E,000A,1
37,00169E,0024,0000CA98,000202AC,00,15,0C,80,24,0024,03EB,30,0,00,CA98,0024,1
37,00169E,0024,0000CA9A,000202AD,00,15,0D,80,24,0024,03EB,30,0,00,CA9A,0024,1
37,00169E,0024,0000CA9C,000202AE,00,15,0E,80,24,0024,03EB,30,2,00,CA9C,0024,1
37,00169E,0024,0000CA9E,000202AF,00,15,0F,80,24,0024,03EB,30,2,00,CA9E,0024,1
37,00169E,6024,0000CB18,000202CC,00,16,0C,80,24,0024,03EB,30,4,03,CB18,6024,1
37,00169E,6024,0000CB1A,000202CD,00,16,0D,80,24,0024,03EB,30,4,03,CB1A,6024,1
37,00169E,00D4,0000CB1C,000202CE,00,16,0E,80,D4,00D4,03EB,30,6,00,CB1C,00D4,1
37,00169E,00E0,0000CB1E,000202CF,00,16,0F,80,E0,00E0,03EB,30,6,00,CB1E,00E0,1
37,00169E,6026,0000CB98,000202EC,00,17,0C,80,26,0026,03EB,30,4,03,CB98,6026,1
37,00169E,6026,0000CB9A,000202ED,00,17,0D,80,26,0026,03EB,30,4,03,CB9A,6026,1
37,00169E,00DA,0000CB9C,000202EE,00,17,0E,80,DA,00DA,03EB,30,6,00,CB9C,00DA,1
37,00169E,00DC,0000CB9E,000202EF,00,17,0F,80,DC,00DC,03EB,30,6,00,CB9E,00DC,1
37,00169E,00DF,0000CC10,00020308,00,18,08,80,DF,00DF,03F2,CC,0,00,CC10,00DF,1
37,00169E,00DB,0000CC12,00020309,00,18,09,80,DB,00DB,03F2,CC,0,00,CC12,00DB,1
37,00169E,6026,0000CC14,0002030A,00,18,0A,80,26,0026,03F2,CC,2,03,CC14,6026,1
37,00169E,6026,0000CC16,0002030B,00,18,0B,80,26,0026,03F2,CC,2,03,CC16,6026,1
37,00169E,00DD,0000CC90,00020328,00,19,08,80,DD,00DD,03F2,CC,0,00,CC90,00DD,1
37,00169E,00DB,0000CC92,00020329,00,19,09,80,DB,00DB,03F2,CC,0,00,CC92,00DB,1
37,00169E,6026,0000CC94,0002032A,00,19,0A,80,26,0026,03F2,CC,2,03,CC94,6026,1
37,00169E,6026,0000CC96,0002032B,00,19,0B,80,26,0026,03F2,CC,2,03,CC96,6026,1
37,00169E,00DF,0000CD10,00020348,00,1A,08,80,DF,00DF,03F2,CC,4,00,CD10,00DF,1
38,00169E,00DB,0000CD12,00020349,00,1A,09,80,DB,00DB,03F2,CC,4,00,CD12,00DB,1
38,00169E,6026,0000CD14,0002034A,00,1A,0A,80,26,0026,03F2,CC,6,03,CD14,6026,1
38,00169E,6026,0000CD16,0002034B,00,1A,0B,80,26,0026,03F2,CC,6,03,CD16,6026,1
38,00169E,00DD,0000CD90,00020368,00,1B,08,80,DD,00DD,03F2,CC,4,00,CD90,00DD,1
38,00169E,00DB,0000CD92,00020369,00,1B,09,80,DB,00DB,03F2,CC,4,00,CD92,00DB,1
38,00169E,6026,0000CD94,0002036A,00,1B,0A,80,26,0026,03F2,CC,6,03,CD94,6026,1
38,00169E,6026,0000CD96,0002036B,00,1B,0B,80,26,0026,03F2,CC,6,03,CD96,6026,1
38,00169E,6026,0000CC18,0002030C,00,18,0C,80,26,0026,03F3,33,0,03,CC18,6026,1
38,00169E,6026,0000CC1A,0002030D,00,18,0D,80,26,0026,03F3,33,0,03,CC1A,6026,1
38,00169E,00DA,0000CC1C,0002030E,00,18,0E,80,DA,00DA,03F3,33,2,00,CC1C,00DA,1
38,00169E,00DC,0000CC1E,0002030F,00,18,0F,80,DC,00DC,03F3,33,2,00,CC1E,00DC,1
38,00169E,6026,0000CC98,0002032C,00,19,0C,80,26,0026,03F3,33,0,03,CC98,6026,1
38,00169E,6026,0000CC9A,0002032D,00,19,0D,80,26,0026,03F3,33,0,03,CC9A,6026,1
38,00169E,00DA,0000CC9C,0002032E,00,19,0E,80,DA,00DA,03F3,33,2,00,CC9C,00DA,1
38,00169E,00DE,0000CC9E,0002032F,00,19,0F,80,DE,00DE,03F3,33,2,00,CC9E,00DE,1
38,00169E,6026,0000CD18,0002034C,00,1A,0C,80,26,0026,03F3,33,4,03,CD18,6026,1
38,00169E,6026,0000CD1A,0002034D,00,1A,0D,80,26,0026,03F3,33,4,03,CD1A,6026,1
38,00169E,00DA,0000CD1C,0002034E,00,1A,0E,80,DA,00DA,03F3,33,6,00,CD1C,00DA,1
38,00169E,00D8,0000CD1E,0002034F,00,1A,0F,80,D8,00D8,03F3,33,6,00,CD1E,00D8,1
38,00169E,6026,0000CD98,0002036C,00,1B,0C,80,26,0026,03F3,33,4,03,CD98,6026,1
38,00169E,6026,0000CD9A,0002036D,00,1B,0D,80,26,0026,03F3,33,4,03,CD9A,6026,1
38,00169E,00DA,0000CD9C,0002036E,00,1B,0E,80,DA,00DA,03F3,33,6,00,CD9C,00DA,1
38,00169E,00DA,0000CD9E,0002036F,00,1B,0F,80,DA,00DA,03F3,33,6,00,CD9E,00DA,1
38,00169E,00DC,0000CE08,00020384,00,1C,04,80,DC,00DC,03F9,20,0,00,CE08,00DC,1
38,00169E,00DB,0000CE0A,00020385,00,1C,05,80,DB,00DB,03F9,20,0,00,CE0A,00DB,1
38,00169E,00DE,0000CE0C,00020386,00,1C,06,80,DE,00DE,03F9,20,2,00,CE0C,00DE,1
38,00169E,00DB,0000CE0E,00020387,00,1C,07,80,DB,00DB,03F9,20,2,00,CE0E,00DB,1
38,00169E,00DC,0000CE88,000203A4,00,1D,04,80,DC,00DC,03F9,20,0,00,CE88,00DC,1
38,00169E,00DB,0000CE8A,000203A5,00,1D,05,80,DB,00DB,03F9,20,0,00,CE8A,00DB,1
38,00169E,00DE,0000CE8C,000203A6,00,1D,06,80,DE,00DE,03F9,20,2,00,CE8C,00DE,1
38,00169E,00DB,0000CE8E,000203A7,00,1D,07,80,DB,00DB,03F9,20,2,00,CE8E,00DB,1
38,00169E,4005,0000CF08,000203C4,00,1E,04,80,05,0005,03F9,20,4,02,CF08,4005,1
38,00169E,4005,0000CF0A,000203C5,00,1E,05,80,05,0005,03F9,20,4,02,CF0A,4005,1
38,00169E,0005,0000CF0C,000203C6,00,1E,06,80,05,0005,03F9,20,6,00,CF0C,0005,1
38,00169E,0005,0000CF0E,000203C7,00,1E,07,80,05,0005,03F9,20,6,00,CF0E,0005,1
38,00169E,400A,0000CF88,000203E4,00,1F,04,80,0A,000A,03F9,20,4,02,CF88,400A,1
38,00169E,400A,0000CF8A,000203E5,00,1F,05,80,0A,000A,03F9,20,4,02,CF8A,400A,1
38,00169E,000A,0000CF8C,000203E6,00,1F,06,80,0A,000A,03F9,20,6,00,CF8C,000A,1
38,00169E,0000,0000CF8E,000203E7,00,1F,07,80,00,0000,03F9,20,6,00,CF8E,0000,1
38,00169E,00DD,0000CE10,00020388,00,1C,08,80,DD,00DD,03FA,FC,0,00,CE10,00DD,1
38,00169E,00DB,0000CE12,00020389,00,1C,09,80,DB,00DB,03FA,FC,0,00,CE12,00DB,1
38,00169E,6026,0000CE14,0002038A,00,1C,0A,80,26,0026,03FA,FC,2,03,CE14,6026,1
38,00169E,6026,0000CE16,0002038B,00,1C,0B,80,26,0026,03FA,FC,2,03,CE16,6026,1
38,00169E,00DD,0000CE90,000203A8,00,1D,08,80,DD,00DD,03FA,FC,0,00,CE90,00DD,1
38,00169E,00DB,0000CE92,000203A9,00,1D,09,80,DB,00DB,03FA,FC,0,00,CE92,00DB,1
38,00169E,6026,0000CE94,000203AA,00,1D,0A,80,26,0026,03FA,FC,2,03,CE94,6026,1
38,00169E,6026,0000CE96,000203AB,00,1D,0B,80,26,0026,03FA,FC,2,03,CE96,6026,1
38,00169E,6008,0000CF10,000203C8,00,1E,08,80,08,0008,03FA,FC,4,03,CF10,6008,1
38,00169E,606A,0000CF12,000203C9,00,1E,09,80,6A,006A,03FA,FC,4,03,CF12,606A,1
38,00169E,605A,0000CF14,000203CA,00,1E,0A,80,5A,005A,03FA,FC,6,03,CF14,605A,1
38,00169E,605A,0000CF16,000203CB,00,1E,0B,80,5A,005A,03FA,FC,6,03,CF16,605A,1
38,00169E,6000,0000CF90,000203E8,00,1F,08,80,00,0000,03FA,FC,4,03,CF90,6000,1
38,00169E,6000,0000CF92,000203E9,00,1F,09,80,00,0000,03FA,FC,4,03,CF92,6000,1
38,00169E,60C0,0000CF94,000203EA,00,1F,0A,80,C0,00C0,03FA,FC,6,03,CF94,60C0,1
38,00169E,6030,0000CF96,000203EB,00,1F,0B,80,30,0030,03FA,FC,6,03,CF96,6030,1
38,00169E,6026,0000CE18,0002038C,00,1C,0C,80,26,0026,03FB,F3,0,03,CE18,6026,1
38,00169E,6026,0000CE1A,0002038D,00,1C,0D,80,26,0026,03FB,F3,0,03,CE1A,6026,1
38,00169E,00DA,0000CE1C,0002038E,00,1C,0E,80,DA,00DA,03FB,F3,2,00,CE1C,00DA,1
38,00169E,00DA,0000CE1E,0002038F,00,1C,0F,80,DA,00DA,03FB,F3,2,00,CE1E,00DA,1
38,00169E,6026,0000CE98,000203AC,00,1D,0C,80,26,0026,03FB,F3,0,03,CE98,6026,1
38,00169E,6026,0000CE9A,000203AD,00,1D,0D,80,26,0026,03FB,F3,0,03,CE9A,6026,1
38,00169E,00DA,0000CE9C,000203AE,00,1D,0E,80,DA,00DA,03FB,F3,2,00,CE9C,00DA,1
38,00169E,00DA,0000CE9E,000203AF,00,1D,0F,80,DA,00DA,03FB,F3,2,00,CE9E,00DA,1
38,00169E,605A,0000CF18,000203CC,00,1E,0C,80,5A,005A,03FB,F3,4,03,CF18,605A,1
38,00169E,605A,0000CF1A,000203CD,00,1E,0D,80,5A,005A,03FB,F3,4,03,CF1A,605A,1
38,00169E,609A,0000CF1C,000203CE,00,1E,0E,80,9A,009A,03FB,F3,6,03,CF1C,609A,1
38,00169E,6022,0000CF1E,000203CF,00,1E,0F,80,22,0022,03FB,F3,6,03,CF1E,6022,1
38,00169E,6000,0000CF98,000203EC,00,1F,0C,80,00,0000,03FB,F3,4,03,CF98,6000,1
38,00169E,6000,0000CF9A,000203ED,00,1F,0D,80,00,0000,03FB,F3,4,03,CF9A,6000,1
38,00169E,6000,0000CF9C,000203EE,00,1F,0E,80,00,0000,03FB,F3,6,03,CF9C,6000,1
38,00169E,6000,0000CF9E,000203EF,00,1F,0F,80,00,0000,03FB,F3,6,03,CF9E,6000,1
38,00169E,00DE,0000CE30,00020398,00,1C,18,80,DE,00DE,03FE,F0,0,00,CE30,00DE,1
38,00169E,00DA,0000CE32,00020399,00,1C,19,80,DA,00DA,03FE,F0,0,00,CE32,00DA,1
38,00169E,00DD,0000CE34,0002039A,00,1C,1A,80,DD,00DD,03FE,F0,2,00,CE34,00DD,1
38,00169E,00DB,0000CE36,0002039B,00,1C,1B,80,DB,00DB,03FE,F0,2,00,CE36,00DB,1
38,00169E,00DE,0000CEB0,000203B8,00,1D,18,80,DE,00DE,03FE,F0,0,00,CEB0,00DE,1
38,00169E,00DA,0000CEB2,000203B9,00,1D,19,80,DA,00DA,03FE,F0,0,00,CEB2,00DA,1
38,00169E,00DD,0000CEB4,000203BA,00,1D,1A,80,DD,00DD,03FE,F0,2,00,CEB4,00DD,1
38,00169E,00DB,0000CEB6,000203BB,00,1D,1B,80,DB,00DB,03FE,F0,2,00,CEB6,00DB,1
38,00169E,6000,0000CF30,000203D8,00,1E,18,80,00,0000,03FE,F0,4,03,CF30,6000,1
38,00169E,606E,0000CF32,000203D9,00,1E,19,80,6E,006E,03FE,F0,4,03,CF32,606E,1
38,00169E,605F,0000CF34,000203DA,00,1E,1A,80,5F,005F,03FE,F0,6,03,CF34,605F,1
38,00169E,6055,0000CF36,000203DB,00,1E,1B,80,55,0055,03FE,F0,6,03,CF36,6055,1
38,00169E,6000,0000CFB0,000203F8,00,1F,18,80,00,0000,03FE,F0,4,03,CFB0,6000,1
38,00169E,6020,0000CFB2,000203F9,00,1F,19,80,20,0020,03FE,F0,4,03,CFB2,6020,1
38,00169E,60FC,0000CFB4,000203FA,00,1F,1A,80,FC,00FC,03FE,F0,6,03,CFB4,60FC,1
38,00169E,60F3,0000CFB6,000203FB,00,1F,1B,80,F3,00F3,03FE,F0,6,03,CFB6,60F3,1
38,00169E,00DE,0000CE38,0002039C,00,1C,1C,80,DE,00DE,03FF,F0,0,00,CE38,00DE,1
38,00169E,00DF,0000CE3A,0002039D,00,1C,1D,80,DF,00DF,03FF,F0,0,00,CE3A,00DF,1
38,00169E,00D8,0000CE3C,0002039E,00,1C,1E,80,D8,00D8,03FF,F0,2,00,CE3C,00D8,1
38,00169E,00E1,0000CE3E,0002039F,00,1C,1F,80,E1,00E1,03FF,F0,2,00,CE3E,00E1,1
38,00169E,00DE,0000CEB8,000203BC,00,1D,1C,80,DE,00DE,03FF,F0,0,00,CEB8,00DE,1
38,00169E,00DF,0000CEBA,000203BD,00,1D,1D,80,DF,00DF,03FF,F0,0,00,CEBA,00DF,1
38,00169E,00DC,0000CEBC,000203BE,00,1D,1E,80,DC,00DC,03FF,F0,2,00,CEBC,00DC,1
38,00169E,00DF,0000CEBE,000203BF,00,1D,1F,80,DF,00DF,03FF,F0,2,00,CEBE,00DF,1
38,00169E,605D,0000CF38,000203DC,00,1E,1C,80,5D,005D,03FF,F0,4,03,CF38,605D,1
38,00169E,60DF,0000CF3A,000203DD,00,1E,1D,80,DF,00DF,03FF,F0,4,03,CF3A,60DF,1
38,00169E,60BB,0000CF3C,000203DE,00,1E,1E,80,BB,00BB,03FF,F0,6,03,CF3C,60BB,1
38,00169E,6000,0000CF3E,000203DF,00,1E,1F,80,00,0000,03FF,F0,6,03,CF3E,6000,1
38,00169E,6000,0000CFB8,000203FC,00,1F,1C,80,00,0000,03FF,F0,4,03,CFB8,6000,1
38,00169E,6000,0000CFBA,000203FD,00,1F,1D,80,00,0000,03FF,F0,4,03,CFBA,6000,1
38,00169E,60F0,0000CFBC,000203FE,00,1F,1E,80,F0,00F0,03FF,F0,6,03,CFBC,60F0,1
38,00169E,60F0,0000CFBE,000203FF,00,1F,1F,80,F0,00F0,03FF,F0,6,03,CFBE,60F0,1
99,00169E,2024,0000C000,00000000,00,00,00,80,24,0024,03C0,05,0,01,C000,2024,1
99,00169E,2024,0000C002,00000001,00,00,01,80,24,0024,03C0,05,0,01,C002,2024,1
99,00169E,2024,0000C004,00000002,00,00,02,80,24,0024,03C0,05,2,01,C004,2024,1
99,00169E,2024,0000C006,00000003,00,00,03,80,24,0024,03C0,05,2,01,C006,2024,1
99,00169E,2024,0000C008,00000004,00,00,04,80,24,0024,03C1,05,0,01,C008,2024,1
99,00169E,2024,0000C00A,00000005,00,00,05,80,24,0024,03C1,05,0,01,C00A,2024,1
99,00169E,2024,0000C00C,00000006,00,00,06,80,24,0024,03C1,05,2,01,C00C,2024,1
99,00169E,2024,0000C00E,00000007,00,00,07,80,24,0024,03C1,05,2,01,C00E,2024,1
99,00169E,2024,0000C010,00000008,00,00,08,80,24,0024,03C2,05,0,01,C010,2024,1
99,00169E,2024,0000C012,00000009,00,00,09,80,24,0024,03C2,05,0,01,C012,2024,1
99,00169E,2024,0000C014,0000000A,00,00,0A,80,24,0024,03C2,05,2,01,C014,2024,1
99,00169E,2024,0000C016,0000000B,00,00,0B,80,24,0024,03C2,05,2,01,C016,2024,1
99,00169E,2024,0000C018,0000000C,00,00,0C,80,24,0024,03C3,05,0,01,C018,2024,1
99,00169E,2024,0000C01A,0000000D,00,00,0D,80,24,0024,03C3,05,0,01,C01A,2024,1
99,00169E,2024,0000C01C,0000000E,00,00,0E,80,24,0024,03C3,05,2,01,C01C,2024,1
99,00169E,2024,0000C01E,0000000F,00,00,0F,80,24,0024,03C3,05,2,01,C01E,2024,1
99,00169E,2024,0000C020,00000010,00,00,10,80,24,0024,03C4,05,0,01,C020,2024,1
99,00169E,2024,0000C022,00000011,00,00,11,80,24,0024,03C4,05,0,01,C022,2024,1
99,00169E,2024,0000C024,00000012,00,00,12,80,24,0024,03C4,05,2,01,C024,2024,1
99,00169E,2024,0000C026,00000013,00,00,13,80,24,0024,03C4,05,2,01,C026,2024,1
99,00169E,2024,0000C028,00000014,00,00,14,80,24,0024,03C5,05,0,01,C028,2024,1
99,00169E,2024,0000C02A,00000015,00,00,15,80,24,0024,03C5,05,0,01,C02A,2024,1
99,00169E,2024,0000C02C,00000016,00,00,16,80,24,0024,03C5,05,2,01,C02C,2024,1
99,00169E,2024,0000C02E,00000017,00,00,17,80,24,0024,03C5,05,2,01,C02E,2024,1
99,00169E,2024,0000C030,00000018,00,00,18,80,24,0024,03C6,05,0,01,C030,2024,1
99,00169E,2024,0000C032,00000019,00,00,19,80,24,0024,03C6,05,0,01,C032,2024,1
99,00169E,2024,0000C034,0000001A,00,00,1A,80,24,0024,03C6,05,2,01,C034,2024,1
99,00169E,2024,0000C036,0000001B,00,00,1B,80,24,0024,03C6,05,2,01,C036,2024,1
99,00169E,2024,0000C038,0000001C,00,00,1C,80,24,0024,03C7,05,0,01,C038,2024,1
99,00169E,2024,0000C03A,0000001D,00,00,1D,80,24,0024,03C7,05,0,01,C03A,2024,1
99,00169E,2024,0000C03C,0000001E,00,00,1E,80,24,0024,03C7,05,2,01,C03C,2024,1
99,00169E,2000,0000C03E,0000001F,00,00,1F,80,00,0000,03C7,05,2,01,C03E,2000,1
99,00169E,2000,0000C080,00000020,00,01,00,80,00,0000,03C0,05,0,01,C080,2000,1
99,00169E,2000,0000C082,00000021,00,01,01,80,00,0000,03C0,05,0,01,C082,2000,1
99,00169E,2000,0000C084,00000022,00,01,02,80,00,0000,03C0,05,2,01,C084,2000,1
99,00169E,2000,0000C086,00000023,00,01,03,80,00,0000,03C0,05,2,01,C086,2000,1
99,00169E,2000,0000C088,00000024,00,01,04,80,00,0000,03C1,05,0,01,C088,2000,1
99,00169E,2000,0000C08A,00000025,00,01,05,80,00,0000,03C1,05,0,01,C08A,2000,1
99,00169E,2000,0000C08C,00000026,00,01,06,80,00,0000,03C1,05,2,01,C08C,2000,1
99,00169E,2000,0000C08E,00000027,00,01,07,80,00,0000,03C1,05,2,01,C08E,2000,1
99,00169E,2000,0000C090,00000028,00,01,08,80,00,0000,03C2,05,0,01,C090,2000,1
99,00169E,2000,0000C092,00000029,00,01,09,80,00,0000,03C2,05,0,01,C092,2000,1
99,00169E,2000,0000C094,0000002A,00,01,0A,80,00,0000,03C2,05,2,01,C094,2000,1
99,00169E,2000,0000C096,0000002B,00,01,0B,80,00,0000,03C2,05,2,01,C096,2000,1
99,00169E,2000,0000C098,0000002C,00,01,0C,80,00,0000,03C3,05,0,01,C098,2000,1
99,00169E,2000,0000C09A,0000002D,00,01,0D,80,00,0000,03C3,05,0,01,C09A,2000,1
99,00169E,2000,0000C09C,0000002E,00,01,0E,80,00,0000,03C3,05,2,01,C09C,2000,1
99,00169E,2000,0000C09E,0000002F,00,01,0F,80,00,0000,03C3,05,2,01,C09E,2000,1
99,00169E,2000,0000C0A0,00000030,00,01,10,80,00,0000,03C4,05,0,01,C0A0,2000,1
99,00169E,2000,0000C0A2,00000031,00,01,11,80,00,0000,03C4,05,0,01,C0A2,2000,1
99,00169E,2000,0000C0A4,00000032,00,01,12,80,00,0000,03C4,05,2,01,C0A4,2000,1
99,00169E,2000,0000C0A6,00000033,00,01,13,80,00,0000,03C4,05,2,01,C0A6,2000,1
99,00169E,2000,0000C0A8,00000034,00,01,14,80,00,0000,03C5,05,0,01,C0A8,2000,1
99,00169E,2000,0000C0AA,00000035,00,01,15,80,00,0000,03C5,05,0,01,C0AA,2000,1
99,00169E,2000,0000C0AC,00000036,00,01,16,80,00,0000,03C5,05,2,01,C0AC,2000,1
99,00169E,2000,0000C0AE,00000037,00,01,17,80,00,0000,03C5,05,2,01,C0AE,2000,1
99,00169E,2000,0000C0B0,00000038,00,01,18,80,00,0000,03C6,05,0,01,C0B0,2000,1
99,00169E,2000,0000C0B2,00000039,00,01,19,80,00,0000,03C6,05,0,01,C0B2,2000,1
99,00169E,2000,0000C0B4,0000003A,00,01,1A,80,00,0000,03C6,05,2,01,C0B4,2000,1
99,00169E,2000,0000C0B6,0000003B,00,01,1B,80,00,0000,03C6,05,2,01,C0B6,2000,1
99,00169E,2000,0000C0B8,0000003C,00,01,1C,80,00,0000,03C7,05,0,01,C0B8,2000,1
99,00169E,2000,0000C0BA,0000003D,00,01,1D,80,00,0000,03C7,05,0,01,C0BA,2000,1
99,00169E,2000,0000C0BC,0000003E,00,01,1E,80,00,0000,03C7,05,2,01,C0BC,2000,1
99,00169E,2000,0000C0BE,0000003F,00,01,1F,80,00,0000,03C7,05,2,01,C0BE,2000,1
99,00169E,0000,0000C100,00000040,00,02,00,80,00,0000,03C0,05,4,00,C100,0000,1
99,00169E,0000,0000C102,00000041,00,02,01,80,00,0000,03C0,05,4,00,C102,0000,1
99,00169E,0000,0000C104,00000042,00,02,02,80,00,0000,03C0,05,6,00,C104,0000,1
99,00169E,0000,0000C106,00000043,00,02,03,80,00,0000,03C0,05,6,00,C106,0000,1
99,00169E,0000,0000C108,00000044,00,02,04,80,00,0000,03C1,05,4,00,C108,0000,1
99,00169E,0000,0000C10A,00000045,00,02,05,80,00,0000,03C1,05,4,00,C10A,0000,1
99,00169E,0000,0000C10C,00000046,00,02,06,80,00,0000,03C1,05,6,00,C10C,0000,1
99,00169E,0000,0000C10E,00000047,00,02,07,80,00,0000,03C1,05,6,00,C10E,0000,1
99,00169E,0000,0000C110,00000048,00,02,08,80,00,0000,03C2,05,4,00,C110,0000,1
99,00169E,0000,0000C112,00000049,00,02,09,80,00,0000,03C2,05,4,00,C112,0000,1
99,00169E,0000,0000C114,0000004A,00,02,0A,80,00,0000,03C2,05,6,00,C114,0000,1
99,00169E,0000,0000C116,0000004B,00,02,0B,80,00,0000,03C2,05,6,00,C116,0000,1
99,00169E,0000,0000C118,0000004C,00,02,0C,80,00,0000,03C3,05,4,00,C118,0000,1
99,00169E,0000,0000C11A,0000004D,00,02,0D,80,00,0000,03C3,05,4,00,C11A,0000,1
99,00169E,0000,0000C11C,0000004E,00,02,0E,80,00,0000,03C3,05,6,00,C11C,0000,1
99,00169E,0000,0000C11E,0000004F,00,02,0F,80,00,0000,03C3,05,6,00,C11E,0000,1
99,00169E,0000,0000C120,00000050,00,02,10,80,00,0000,03C4,05,4,00,C120,0000,1
99,00169E,0000,0000C122,00000051,00,02,11,80,00,0000,03C4,05,4,00,C122,0000,1
99,00169E,0000,0000C124,00000052,00,02,12,80,00,0000,03C4,05,6,00,C124,0000,1
99,00169E,0000,0000C126,00000053,00,02,13,80,00,0000,03C4,05,6,00,C126,0000,1
99,00169E,0000,0000C128,00000054,00,02,14,80,00,0000,03C5,05,4,00,C128,0000,1
99,00169E,0000,0000C12A,00000055,00,02,15,80,00,0000,03C5,05,4,00,C12A,0000,1
99,00169E,0000,0000C12C,00000056,00,02,16,80,00,0000,03C5,05,6,00,C12C,0000,1
99,00169E,0000,0000C12E,00000057,00,02,17,80,00,0000,03C5,05,6,00,C12E,0000,1
99,00169E,0000,0000C130,00000058,00,02,18,80,00,0000,03C6,05,4,00,C130,0000,1
99,00169E,0000,0000C132,00000059,00,02,19,80,00,0000,03C6,05,4,00,C132,0000,1
99,00169E,0000,0000C134,0000005A,00,02,1A,80,00,0000,03C6,05,6,00,C134,0000,1
99,00169E,0000,0000C136,0000005B,00,02,1B,80,00,0000,03C6,05,6,00,C136,0000,1
99,00169E,0000,0000C138,0000005C,00,02,1C,80,00,0000,03C7,05,4,00,C138,0000,1
99,00169E,0000,0000C13A,0000005D,00,02,1D,80,00,0000,03C7,05,4,00,C13A,0000,1
99,00169E,0000,0000C13C,0000005E,00,02,1E,80,00,0000,03C7,05,6,00,C13C,0000,1
99,00169E,0000,0000C13E,0000005F,00,02,1F,80,00,0000,03C7,05,6,00,C13E,0000,1
99,00169E,0000,0000C180,00000060,00,03,00,80,00,0000,03C0,05,4,00,C180,0000,1
99,00169E,0000,0000C182,00000061,00,03,01,80,00,0000,03C0,05,4,00,C182,0000,1
99,00169E,0000,0000C184,00000062,00,03,02,80,00,0000,03C0,05,6,00,C184,0000,1
99,00169E,0000,0000C186,00000063,00,03,03,80,00,0000,03C0,05,6,00,C186,0000,1
99,00169E,0000,0000C188,00000064,00,03,04,80,00,0000,03C1,05,4,00,C188,0000,1
99,00169E,0000,0000C18A,00000065,00,03,05,80,00,0000,03C1,05,4,00,C18A,0000,1
99,00169E,0000,0000C18C,00000066,00,03,06,80,00,0000,03C1,05,6,00,C18C,0000,1
99,00169E,0000,0000C18E,00000067,00,03,07,80,00,0000,03C1,05,6,00,C18E,0000,1
99,00169E,0000,0000C190,00000068,00,03,08,80,00,0000,03C2,05,4,00,C190,0000,1
99,00169E,0000,0000C192,00000069,00,03,09,80,00,0000,03C2,05,4,00,C192,0000,1
99,00169E,0000,0000C194,0000006A,00,03,0A,80,00,0000,03C2,05,6,00,C194,0000,1
99,00169E,0000,0000C196,0000006B,00,03,0B,80,00,0000,03C2,05,6,00,C196,0000,1
99,00169E,0000,0000C198,0000006C,00,03,0C,80,00,0000,03C3,05,4,00,C198,0000,1
99,00169E,0000,0000C19A,0000006D,00,03,0D,80,00,0000,03C3,05,4,00,C19A,0000,1
99,00169E,0000,0000C19C,0000006E,00,03,0E,80,00,0000,03C3,05,6,00,C19C,0000,1
99,00169E,0000,0000C19E,0000006F,00,03,0F,80,00,0000,03C3,05,6,00,C19E,0000,1
99,00169E,0000,0000C1A0,00000070,00,03,10,80,00,0000,03C4,05,4,00,C1A0,0000,1
99,00169E,0000,0000C1A2,00000071,00,03,11,80,00,0000,03C4,05,4,00,C1A2,0000,1
99,00169E,0000,0000C1A4,00000072,00,03,12,80,00,0000,03C4,05,6,00,C1A4,0000,1
99,00169E,0000,0000C1A6,00000073,00,03,13,80,00,0000,03C4,05,6,00,C1A6,0000,1
99,00169E,0000,0000C1A8,00000074,00,03,14,80,00,0000,03C5,05,4,00,C1A8,0000,1
99,00169E,0000,0000C1AA,00000075,00,03,15,80,00,0000,03C5,05,4,00,C1AA,0000,1
99,00169E,0000,0000C1AC,00000076,00,03,16,80,00,0000,03C5,05,6,00,C1AC,0000,1
99,00169E,0000,0000C1AE,00000077,00,03,17,80,00,0000,03C5,05,6,00,C1AE,0000,1
99,00169E,0000,0000C1B0,00000078,00,03,18,80,00,0000,03C6,05,4,00,C1B0,0000,1
99,00169E,0000,0000C1B2,00000079,00,03,19,80,00,0000,03C6,05,4,00,C1B2,0000,1
99,00169E,0000,0000C1B4,0000007A,00,03,1A,80,00,0000,03C6,05,6,00,C1B4,0000,1
99,00169E,0000,0000C1B6,0000007B,00,03,1B,80,00,0000,03C6,05,6,00,C1B6,0000,1
99,00169E,0000,0000C1B8,0000007C,00,03,1C,80,00,0000,03C7,05,4,00,C1B8,0000,1
99,00169E,0000,0000C1BA,0000007D,00,03,1D,80,00,0000,03C7,05,4,00,C1BA,0000,1
99,00169E,0000,0000C1BC,0000007E,00,03,1E,80,00,0000,03C7,05,6,00,C1BC,0000,1
99,00169E,0000,0000C1BE,0000007F,00,03,1F,80,00,0000,03C7,05,6,00,C1BE,0000,1
99,00169E,0000,0000C200,00000080,00,04,00,80,00,0000,03C8,08,0,00,C200,0000,1
99,00169E,0000,0000C202,00000081,00,04,01,80,00,0000,03C8,08,0,00,C202,0000,1
99,00169E,4000,0000C204,00000082,00,04,02,80,00,0000,03C8,08,2,02,C204,4000,1
99,00169E,4000,0000C206,00000083,00,04,03,80,00,0000,03C8,08,2,02,C206,4000,1
99,00169E,4000,0000C208,00000084,00,04,04,80,00,0000,03C9,6A,0,02,C208,4000,1
99,00169E,4000,0000C20A,00000085,00,04,05,80,00,0000,03C9,6A,0,02,C20A,4000,1
99,00169E,4000,0000C20C,00000086,00,04,06,80,00,0000,03C9,6A,2,02,C20C,4000,1
99,00169E,4000,0000C20E,00000087,00,04,07,80,00,0000,03C9,6A,2,02,C20E,4000,1
99,00169E,4000,0000C210,00000088,00,04,08,80,00,0000,03CA,5A,0,02,C210,4000,1
99,00169E,4000,0000C212,00000089,00,04,09,80,00,0000,03CA,5A,0,02,C212,4000,1
99,00169E,4000,0000C214,0000008A,00,04,0A,80,00,0000,03CA,5A,2,02,C214,4000,1
99,00169E,4000,0000C216,0000008B,00,04,0B,80,00,0000,03CA,5A,2,02,C216,4000,1
99,00169E,4000,0000C218,0000008C,00,04,0C,80,00,0000,03CB,5A,0,02,C218,4000,1
99,00169E,4000,0000C21A,0000008D,00,04,0D,80,00,0000,03CB,5A,0,02,C21A,4000,1
99,00169E,4000,0000C21C,0000008E,00,04,0E,80,00,0000,03CB,5A,2,02,C21C,4000,1
99,00169E,4000,0000C21E,0000008F,00,04,0F,80,00,0000,03CB,5A,2,02,C21E,4000,1
99,00169E,4000,0000C220,00000090,00,04,10,80,00,0000,03CC,5A,0,02,C220,4000,1
99,00169E,4000,0000C222,00000091,00,04,11,80,00,0000,03CC,5A,0,02,C222,4000,1
99,00169E,4000,0000C224,00000092,00,04,12,80,00,0000,03CC,5A,2,02,C224,4000,1
99,00169E,4000,0000C226,00000093,00,04,13,80,00,0000,03CC,5A,2,02,C226,4000,1
99,00169E,4000,0000C228,00000094,00,04,14,80,00,0000,03CD,5A,0,02,C228,4000,1
99,00169E,4000,0000C22A,00000095,00,04,15,80,00,0000,03CD,5A,0,02,C22A,4000,1
100,00169E,4000,0000C22C,00000096,00,04,16,80,00,0000,03CD,5A,2,02,C22C,4000,1
100,00169E,4000,0000C22E,00000097,00,04,17,80,00,0000,03CD,5A,2,02,C22E,4000,1
100,00169E,4000,0000C230,00000098,00,04,18,80,00,0000,03CE,9A,0,02,C230,4000,1
100,00169E,4000,0000C232,00000099,00,04,19,80,00,0000,03CE,9A,0,02,C232,4000,1
100,00169E,4000,0000C234,0000009A,00,04,1A,80,00,0000,03CE,9A,2,02,C234,4000,1
100,00169E,4000,0000C236,0000009B,00,04,1B,80,00,0000,03CE,9A,2,02,C236,4000,1
100,00169E,4000,0000C238,0000009C,00,04,1C,80,00,0000,03CF,22,0,02,C238,4000,1
100,00169E,4000,0000C23A,0000009D,00,04,1D,80,00,0000,03CF,22,0,02,C23A,4000,1
100,00169E,0000,0000C23C,0000009E,00,04,1E,80,00,0000,03CF,22,2,00,C23C,0000,1
100,00169E,0000,0000C23E,0000009F,00,04,1F,80,00,0000,03CF,22,2,00,C23E,0000,1
100,00169E,0000,0000C280,000000A0,00,05,00,80,00,0000,03C8,08,0,00,C280,0000,1
100,00169E,0000,0000C282,000000A1,00,05,01,80,00,0000,03C8,08,0,00,C282,0000,1
100,00169E,4000,0000C284,000000A2,00,05,02,80,00,0000,03C8,08,2,02,C284,4000,1
100,00169E,4000,0000C286,000000A3,00,05,03,80,00,0000,03C8,08,2,02,C286,4000,1
100,00169E,4000,0000C288,000000A4,00,05,04,80,00,0000,03C9,6A,0,02,C288,4000,1
100,00169E,4000,0000C28A,000000A5,00,05,05,80,00,0000,03C9,6A,0,02,C28A,4000,1
100,00169E,4000,0000C28C,000000A6,00,05,06,80,00,0000,03C9,6A,2,02,C28C,4000,1
100,00169E,4000,0000C28E,000000A7,00,05,07,80,00,0000,03C9,6A,2,02,C28E,4000,1
100,00169E,4000,0000C290,000000A8,00,05,08,80,00,0000,03CA,5A,0,02,C290,4000,1
100,00169E,4000,0000C292,000000A9,00,05,09,80,00,0000,03CA,5A,0,02,C292,4000,1
100,00169E,4000,0000C294,000000AA,00,05,0A,80,00,0000,03CA,5A,2,02,C294,4000,1
100,00169E,4000,0000C296,000000AB,00,05,0B,80,00,0000,03CA,5A,2,02,C296,4000,1
100,00169E,4000,0000C298,000000AC,00,05,0C,80,00,0000,03CB,5A,0,02,C298,4000,1
100,00169E,4000,0000C29A,000000AD,00,05,0D,80,00,0000,03CB,5A,0,02,C29A,4000,1
100,00169E,4000,0000C29C,000000AE,00,05,0E,80,00,0000,03CB,5A,2,02,C29C,4000,1
100,00169E,4000,0000C29E,000000AF,00,05,0F,80,00,0000,03CB,5A,2,02,C29E,4000,1
100,00169E,4000,0000C2A0,000000B0,00,05,10,80,00,0000,03CC,5A,0,02,C2A0,4000,1
100,00169E,4000,0000C2A2,000000B1,00,05,11,80,00,0000,03CC,5A,0,02,C2A2,4000,1
100,00169E,4000,0000C2A4,000000B2,00,05,12,80,00,0000,03CC,5A,2,02,C2A4,4000,1
100,00169E,4000,0000C2A6,000000B3,00,05,13,80,00,0000,03CC,5A,2,02,C2A6,4000,1
100,00169E,4000,0000C2A8,000000B4,00,05,14,80,00,0000,03CD,5A,0,02,C2A8,4000,1
100,00169E,4000,0000C2AA,000000B5,00,05,15,80,00,0000,03CD,5A,0,02,C2AA,4000,1
100,00169E,4000,0000C2AC,000000B6,00,05,16,80,00,0000,03CD,5A,2,02,C2AC,4000,1
100,00169E,4000,0000C2AE,000000B7,00,05,17,80,00,0000,03CD,5A,2,02,C2AE,4000,1
100,00169E,4000,0000C2B0,000000B8,00,05,18,80,00,0000,03CE,9A,0,02,C2B0,4000,1
100,00169E,4000,0000C2B2,000000B9,00,05,19,80,00,0000,03CE,9A,0,02,C2B2,4000,1
100,00169E,4000,0000C2B4,000000BA,00,05,1A,80,00,0000,03CE,9A,2,02,C2B4,4000,1
100,00169E,4000,0000C2B6,000000BB,00,05,1B,80,00,0000,03CE,9A,2,02,C2B6,4000,1
100,00169E,4000,0000C2B8,000000BC,00,05,1C,80,00,0000,03CF,22,0,02,C2B8,4000,1
100,00169E,4000,0000C2BA,000000BD,00,05,1D,80,00,0000,03CF,22,0,02,C2BA,4000,1
100,00169E,0000,0000C2BC,000000BE,00,05,1E,80,00,0000,03CF,22,2,00,C2BC,0000,1
100,00169E,0000,0000C2BE,000000BF,00,05,1F,80,00,0000,03CF,22,2,00,C2BE,0000,1
100,00169E,0000,0000C300,000000C0,00,06,00,80,00,0000,03C8,08,4,00,C300,0000,1
100,00169E,0000,0000C302,000000C1,00,06,01,80,00,0000,03C8,08,4,00,C302,0000,1
100,00169E,0000,0000C304,000000C2,00,06,02,80,00,0000,03C8,08,6,00,C304,0000,1
100,00169E,0000,0000C306,000000C3,00,06,03,80,00,0000,03C8,08,6,00,C306,0000,1
100,00169E,4000,0000C308,000000C4,00,06,04,80,00,0000,03C9,6A,4,02,C308,4000,1
100,00169E,4000,0000C30A,000000C5,00,06,05,80,00,0000,03C9,6A,4,02,C30A,4000,1
100,00169E,2000,0000C30C,000000C6,00,06,06,80,00,0000,03C9,6A,6,01,C30C,2000,1
100,00169E,2000,0000C30E,000000C7,00,06,07,80,00,0000,03C9,6A,6,01,C30E,2000,1
100,00169E,2000,0000C310,000000C8,00,06,08,80,00,0000,03CA,5A,4,01,C310,2000,1
100,00169E,2000,0000C312,000000C9,00,06,09,80,00,0000,03CA,5A,4,01,C312,2000,1
100,00169E,2000,0000C314,000000CA,00,06,0A,80,00,0000,03CA,5A,6,01,C314,2000,1
100,00169E,2000,0000C316,000000CB,00,06,0B,80,00,0000,03CA,5A,6,01,C316,2000,1
100,00169E,2000,0000C318,000000CC,00,06,0C,80,00,0000,03CB,5A,4,01,C318,2000,1
100,00169E,2000,0000C31A,000000CD,00,06,0D,80,00,0000,03CB,5A,4,01,C31A,2000,1
100,00169E,2000,0000C31C,000000CE,00,06,0E,80,00,0000,03CB,5A,6,01,C31C,2000,1
100,00169E,2000,0000C31E,000000CF,00,06,0F,80,00,0000,03CB,5A,6,01,C31E,2000,1
100,00169E,2000,0000C320,000000D0,00,06,10,80,00,0000,03CC,5A,4,01,C320,2000,1
100,00169E,2000,0000C322,000000D1,00,06,11,80,00,0000,03CC,5A,4,01,C322,2000,1
100,00169E,2000,0000C324,000000D2,00,06,12,80,00,0000,03CC,5A,6,01,C324,2000,1
100,00169E,2000,0000C326,000000D3,00,06,13,80,00,0000,03CC,5A,6,01,C326,2000,1
100,00169E,2000,0000C328,000000D4,00,06,14,80,00,0000,03CD,5A,4,01,C328,2000,1
100,00169E,2000,0000C32A,000000D5,00,06,15,80,00,0000,03CD,5A,4,01,C32A,2000,1
100,00169E,2000,0000C32C,000000D6,00,06,16,80,00,0000,03CD,5A,6,01,C32C,2000,1
100,00169E,2000,0000C32E,000000D7,00,06,17,80,00,0000,03CD,5A,6,01,C32E,2000,1
100,00169E,2000,0000C330,000000D8,00,06,18,80,00,0000,03CE,9A,4,01,C330,2000,1
100,00169E,2000,0000C332,000000D9,00,06,19,80,00,0000,03CE,9A,4,01,C332,2000,1
100,00169E,4000,0000C334,000000DA,00,06,1A,80,00,0000,03CE,9A,6,02,C334,4000,1
100,00169E,4000,0000C336,000000DB,00,06,1B,80,00,0000,03CE,9A,6,02,C336,4000,1
100,00169E,4000,0000C338,000000DC,00,06,1C,80,00,0000,03CF,22,4,02,C338,4000,1
100,00169E,4000,0000C33A,000000DD,00,06,1D,80,00,0000,03CF,22,4,02,C33A,4000,1
100,00169E,0000,0000C33C,000000DE,00,06,1E,80,00,0000,03CF,22,6,00,C33C,0000,1
100,00169E,0000,0000C33E,000000DF,00,06,1F,80,00,0000,03CF,22,6,00,C33E,0000,1
100,00169E,0000,0000C380,000000E0,00,07,00,80,00,0000,03C8,08,4,00,C380,0000,1
100,00169E,0000,0000C382,000000E1,00,07,01,80,00,0000,03C8,08,4,00,C382,0000,1
100,00169E,0000,0000C384,000000E2,00,07,02,80,00,0000,03C8,08,6,00,C384,0000,1
100,00169E,0000,0000C386,000000E3,00,07,03,80,00,0000,03C8,08,6,00,C386,0000,1
100,00169E,4000,0000C388,000000E4,00,07,04,80,00,0000,03C9,6A,4,02,C388,4000,1
100,00169E,4000,0000C38A,000000E5,00,07,05,80,00,0000,03C9,6A,4,02,C38A,4000,1
100,00169E,2000,0000C38C,000000E6,00,07,06,80,00,0000,03C9,6A,6,01,C38C,2000,1
100,00169E,2000,0000C38E,000000E7,00,07,07,80,00,0000,03C9,6A,6,01,C38E,2000,1
100,00169E,2000,0000C390,000000E8,00,07,08,80,00,0000,03CA,5A,4,01,C390,2000,1
100,00169E,2000,0000C392,000000E9,00,07,09,80,00,0000,03CA,5A,4,01,C392,2000,1
100,00169E,2000,0000C394,000000EA,00,07,0A,80,00,0000,03CA,5A,6,01,C394,2000,1
100,00169E,2000,0000C396,000000EB,00,07,0B,80,00,0000,03CA,5A,6,01,C396,2000,1
100,00169E,2000,0000C398,000000EC,00,07,0C,80,00,0000,03CB,5A,4,01,C398,2000,1
100,00169E,2000,0000C39A,000000ED,00,07,0D,80,00,0000,03CB,5A,4,01,C39A,2000,1
100,00169E,2000,0000C39C,000000EE,00,07,0E,80,00,0000,03CB,5A,6,01,C39C,2000,1
100,00169E,2000,0000C39E,000000EF,00,07,0F,80,00,0000,03CB,5A,6,01,C39E,2000,1
100,00169E,2000,0000C3A0,000000F0,00,07,10,80,00,0000,03CC,5A,4,01,C3A0,2000,1
100,00169E,2000,0000C3A2,000000F1,00,07,11,80,00,0000,03CC,5A,4,01,C3A2,2000,1
100,00169E,2000,0000C3A4,000000F2,00,07,12,80,00,0000,03CC,5A,6,01,C3A4,2000,1
100,00169E,2000,0000C3A6,000000F3,00,07,13,80,00,0000,03CC,5A,6,01,C3A6,2000,1
100,00169E,2000,0000C3A8,000000F4,00,07,14,80,00,0000,03CD,5A,4,01,C3A8,2000,1
100,00169E,2000,0000C3AA,000000F5,00,07,15,80,00,0000,03CD,5A,4,01,C3AA,2000,1
100,00169E,2000,0000C3AC,000000F6,00,07,16,80,00,0000,03CD,5A,6,01,C3AC,2000,1
100,00169E,2000,0000C3AE,000000F7,00,07,17,80,00,0000,03CD,5A,6,01,C3AE,2000,1
100,00169E,2000,0000C3B0,000000F8,00,07,18,80,00,0000,03CE,9A,4,01,C3B0,2000,1
100,00169E,2000,0000C3B2,000000F9,00,07,19,80,00,0000,03CE,9A,4,01,C3B2,2000,1
100,00169E,4000,0000C3B4,000000FA,00,07,1A,80,00,0000,03CE,9A,6,02,C3B4,4000,1
100,00169E,4000,0000C3B6,000000FB,00,07,1B,80,00,0000,03CE,9A,6,02,C3B6,4000,1
100,00169E,4000,0000C3B8,000000FC,00,07,1C,80,00,0000,03CF,22,4,02,C3B8,4000,1
100,00169E,4000,0000C3BA,000000FD,00,07,1D,80,00,0000,03CF,22,4,02,C3BA,4000,1
100,00169E,0000,0000C3BC,000000FE,00,07,1E,80,00,0000,03CF,22,6,00,C3BC,0000,1
100,00169E,00DB,0000C3BE,000000FF,00,07,1F,80,DB,00DB,03CF,22,6,00,C3BE,00DB,1
100,00169E,00DE,0000C400,00000100,00,08,00,80,DE,00DE,03D0,00,0,00,C400,00DE,1
100,00169E,00D8,0000C402,00000101,00,08,01,80,D8,00D8,03D0,00,0,00,C402,00D8,1
100,00169E,00EF,0000C404,00000102,00,08,02,80,EF,00EF,03D0,00,2,00,C404,00EF,1
100,00169E,0024,0000C406,00000103,00,08,03,80,24,0024,03D0,00,2,00,C406,0024,1
100,00169E,4024,0000C408,00000104,00,08,04,80,24,0024,03D1,66,0,02,C408,4024,1
100,00169E,40E2,0000C40A,00000105,00,08,05,80,E2,00E2,03D1,66,0,02,C40A,40E2,1
100,00169E,2024,0000C40C,00000106,00,08,06,80,24,0024,03D1,66,2,01,C40C,2024,1
100,00169E,207C,0000C40E,00000107,00,08,07,80,7C,007C,03D1,66,2,01,C40E,207C,1
100,00169E,207D,0000C410,00000108,00,08,08,80,7D,007D,03D2,55,0,01,C410,207D,1
100,00169E,207E,0000C412,00000109,00,08,09,80,7E,007E,03D2,55,0,01,C412,207E,1
100,00169E,207F,0000C414,0000010A,00,08,0A,80,7F,007F,03D2,55,2,01,C414,207F,1
100,00169E,2080,0000C416,0000010B,00,08,0B,80,80,0080,03D2,55,2,01,C416,2080,1
100,00169E,2081,0000C418,0000010C,00,08,0C,80,81,0081,03D3,55,0,01,C418,2081,1
100,00169E,2082,0000C41A,0000010D,00,08,0D,80,82,0082,03D3,55,0,01,C41A,2082,1
100,00169E,2083,0000C41C,0000010E,00,08,0E,80,83,0083,03D3,55,2,01,C41C,2083,1
100,00169E,2084,0000C41E,0000010F,00,08,0F,80,84,0084,03D3,55,2,01,C41E,2084,1
100,00169E,2085,0000C420,00000110,00,08,10,80,85,0085,03D4,55,0,01,C420,2085,1
100,00169E,2086,0000C422,00000111,00,08,11,80,86,0086,03D4,55,0,01,C422,2086,1
100,00169E,2087,0000C424,00000112,00,08,12,80,87,0087,03D4,55,2,01,C424,2087,1
100,00169E,2088,0000C426,00000113,00,08,13,80,88,0088,03D4,55,2,01,C426,2088,1
100,00169E,2089,0000C428,00000114,00,08,14,80,89,0089,03D5,55,0,01,C428,2089,1
100,00169E,208A,0000C42A,00000115,00,08,15,80,8A,008A,03D5,55,0,01,C42A,208A,1
100,00169E,208B,0000C42C,00000116,00,08,16,80,8B,008B,03D5,55,2,01,C42C,208B,1
100,00169E,2024,0000C42E,00000117,00,08,17,80,24,0024,03D5,55,2,01,C42E,2024,1
100,00169E,2024,0000C430,00000118,00,08,18,80,24,0024,03D6,99,0,01,C430,2024,1
100,00169E,2024,0000C432,00000119,00,08,19,80,24,0024,03D6,99,0,01,C432,2024,1
100,00169E,40E3,0000C434,0000011A,00,08,1A,80,E3,00E3,03D6,99,2,02,C434,40E3,1
100,00169E,4024,0000C436,0000011B,00,08,1B,80,24,0024,03D6,99,2,02,C436,4024,1
100,00169E,0024,0000C438,0000011C,00,08,1C,80,24,0024,03D7,00,0,00,C438,0024,1
100,00169E,0024,0000C43A,0000011D,00,08,1D,80,24,0024,03D7,00,0,00,C43A,0024,1
100,00169E,00D6,0000C43C,0000011E,00,08,1E,80,D6,00D6,03D7,00,2,00,C43C,00D6,1
100,00169E,00DF,0000C43E,0000011F,00,08,1F,80,DF,00DF,03D7,00,2,00,C43E,00DF,1
100,00169E,00DC,0000C480,00000120,00,09,00,80,DC,00DC,03D0,00,0,00,C480,00DC,1
100,00169E,00DA,0000C482,00000121,00,09,01,80,DA,00DA,03D0,00,0,00,C482,00DA,1
100,00169E,00D7,0000C484,00000122,00,09,02,80,D7,00D7,03D0,00,2,00,C484,00D7,1
100,00169E,0024,0000C486,00000123,00,09,03,80,24,0024,03D0,00,2,00,C486,0024,1
100,00169E,4024,0000C488,00000124,00,09,04,80,24,0024,03D1,66,0,02,C488,4024,1
100,00169E,40E3,0000C48A,00000125,00,09,05,80,E3,00E3,03D1,66,0,02,C48A,40E3,1
100,00169E,2024,0000C48C,00000126,00,09,06,80,24,0024,03D1,66,2,01,C48C,2024,1
100,00169E,208C,0000C48E,00000127,00,09,07,80,8C,008C,03D1,66,2,01,C48E,208C,1
100,00169E,208D,0000C490,00000128,00,09,08,80,8D,008D,03D2,55,0,01,C490,208D,1
100,00169E,208E,0000C492,00000129,00,09,09,80,8E,008E,03D2,55,0,01,C492,208E,1
100,00169E,208F,0000C494,0000012A,00,09,0A,80,8F,008F,03D2,55,2,01,C494,208F,1
100,00169E,2090,0000C496,0000012B,00,09,0B,80,90,0090,03D2,55,2,01,C496,2090,1
100,00169E,2091,0000C498,0000012C,00,09,0C,80,91,0091,03D3,55,0,01,C498,2091,1
100,00169E,2092,0000C49A,0000012D,00,09,0D,80,92,0092,03D3,55,0,01,C49A,2092,1
100,00169E,2093,0000C49C,0000012E,00,09,0E,80,93,0093,03D3,55,2,01,C49C,2093,1
100,00169E,2094,0000C49E,0000012F,00,09,0F,80,94,0094,03D3,55,2,01,C49E,2094,1
100,00169E,2095,0000C4A0,00000130,00,09,10,80,95,0095,03D4,55,0,01,C4A0,2095,1
100,00169E,2096,0000C4A2,00000131,00,09,11,80,96,0096,03D4,55,0,01,C4A2,2096,1
100,00169E,2097,0000C4A4,00000132,00,09,12,80,97,0097,03D4,55,2,01,C4A4,2097,1
100,00169E,2098,0000C4A6,00000133,00,09,13,80,98,0098,03D4,55,2,01,C4A6,2098,1
100,00169E,2099,0000C4A8,00000134,00,09,14,80,99,0099,03D5,55,0,01,C4A8,2099,1
100,00169E,209A,0000C4AA,00000135,00,09,15,80,9A,009A,03D5,55,0,01,C4AA,209A,1
100,00169E,209B,0000C4AC,00000136,00,09,16,80,9B,009B,03D5,55,2,01,C4AC,209B,1
100,00169E,209C,0000C4AE,00000137,00,09,17,80,9C,009C,03D5,55,2,01,C4AE,209C,1
100,00169E,2024,0000C4B0,00000138,00,09,18,80,24,0024,03D6,99,0,01,C4B0,2024,1
100,00169E,2024,0000C4B2,00000139,00,09,19,80,24,0024,03D6,99,0,01,C4B2,2024,1
100,00169E,40E2,0000C4B4,0000013A,00,09,1A,80,E2,00E2,03D6,99,2,02,C4B4,40E2,1
100,00169E,4024,0000C4B6,0000013B,00,09,1B,80,24,0024,03D6,99,2,02,C4B6,4024,1
100,00169E,0024,0000C4B8,0000013C,00,09,1C,80,24,0024,03D7,00,0,00,C4B8,0024,1
100,00169E,00D4,0000C4BA,0000013D,00,09,1D,80,D4,00D4,03D7,00,0,00,C4BA,00D4,1
100,00169E,00D9,0000C4BC,0000013E,00,09,1E,80,D9,00D9,03D7,00,2,00,C4BC,00D9,1
100,00169E,00DB,0000C4BE,0000013F,00,09,1F,80,DB,00DB,03D7,00,2,00,C4BE,00DB,1
100,00169E,00DC,0000C500,00000140,00,0A,00,80,DC,00DC,03D0,00,4,00,C500,00DC,1
100,00169E,00D9,0000C502,00000141,00,0A,01,80,D9,00D9,03D0,00,4,00,C502,00D9,1
100,00169E,00EE,0000C504,00000142,00,0A,02,80,EE,00EE,03D0,00,6,00,C504,00EE,1
100,00169E,0024,0000C506,00000143,00,0A,03,80,24,0024,03D0,00,6,00,C506,0024,1
100,00169E,4024,0000C508,00000144,00,0A,04,80,24,0024,03D1,66,4,02,C508,4024,1
100,00169E,40E2,0000C50A,00000145,00,0A,05,80,E2,00E2,03D1,66,4,02,C50A,40E2,1
100,00169E,2024,0000C50C,00000146,00,0A,06,80,24,0024,03D1,66,6,01,C50C,2024,1
100,00169E,209D,0000C50E,00000147,00,0A,07,80,9D,009D,03D1,66,6,01,C50E,209D,1
100,00169E,209E,0000C510,00000148,00,0A,08,80,9E,009E,03D2,55,4,01,C510,209E,1
100,00169E,209F,0000C512,00000149,00,0A,09,80,9F,009F,03D2,55,4,01,C512,209F,1
100,00169E,20A0,0000C514,0000014A,00,0A,0A,80,A0,00A0,03D2,55,6,01,C514,20A0,1
100,00169E,20A1,0000C516,0000014B,00,0A,0B,80,A1,00A1,03D2,55,6,01,C516,20A1,1
100,00169E,20A2,0000C518,0000014C,00,0A,0C,80,A2,00A2,03D3,55,4,01,C518,20A2,1
100,00169E,20A3,0000C51A,0000014D,00,0A,0D,80,A3,00A3,03D3,55,4,01,C51A,20A3,1
100,00169E,20A4,0000C51C,0000014E,00,0A,0E,80,A4,00A4,03D3,55,6,01,C51C,20A4,1
100,00169E,20A5,0000C51E,0000014F,00,0A,0F,80,A5,00A5,03D3,55,6,01,C51E,20A5,1
100,00169E,20A6,0000C520,00000150,00,0A,10,80,A6,00A6,03D4,55,4,01,C520,20A6,1
100,00169E,20A7,0000C522,00000151,00,0A,11,80,A7,00A7,03D4,55,4,01,C522,20A7,1
100,00169E,20A8,0000C524,00000152,00,0A,12,80,A8,00A8,03D4,55,6,01,C524,20A8,1
100,00169E,20A9,0000C526,00000153,00,0A,13,80,A9,00A9,03D4,55,6,01,C526,20A9,1
100,00169E,20AA,0000C528,00000154,00,0A,14,80,AA,00AA,03D5,55,4,01,C528,20AA,1
100,00169E,20AB,0000C52A,00000155,00,0A,15,80,AB,00AB,03D5,55,4,01,C52A,20AB,1
101,00169E,20AC,0000C52C,00000156,00,0A,16,80,AC,00AC,03D5,55,6,01,C52C,20AC,1
101,00169E,20AD,0000C52E,00000157,00,0A,17,80,AD,00AD,03D5,55,6,01,C52E,20AD,1
101,00169E,20AE,0000C530,00000158,00,0A,18,80,AE,00AE,03D6,99,4,01,C530,20AE,1
101,00169E,2024,0000C532,00000159,00,0A,19,80,24,0024,03D6,99,4,01,C532,2024,1
101,00169E,40E3,0000C534,0000015A,00,0A,1A,80,E3,00E3,03D6,99,6,02,C534,40E3,1
101,00169E,4024,0000C536,0000015B,00,0A,1B,80,24,0024,03D6,99,6,02,C536,4024,1
101,00169E,0024,0000C538,0000015C,00,0A,1C,80,24,0024,03D7,00,4,00,C538,0024,1
101,00169E,00D6,0000C53A,0000015D,00,0A,1D,80,D6,00D6,03D7,00,4,00,C53A,00D6,1
101,00169E,00DB,0000C53C,0000015E,00,0A,1E,80,DB,00DB,03D7,00,6,00,C53C,00DB,1
101,00169E,00DF,0000C53E,0000015F,00,0A,1F,80,DF,00DF,03D7,00,6,00,C53E,00DF,1
101,00169E,00DE,0000C580,00000160,00,0B,00,80,DE,00DE,03D0,00,4,00,C580,00DE,1
101,00169E,00DB,0000C582,00000161,00,0B,01,80,DB,00DB,03D0,00,4,00,C582,00DB,1
101,00169E,00D7,0000C584,00000162,00,0B,02,80,D7,00D7,03D0,00,6,00,C584,00D7,1
101,00169E,0024,0000C586,00000163,00,0B,03,80,24,0024,03D0,00,6,00,C586,0024,1
101,00169E,4024,0000C588,00000164,00,0B,04,80,24,0024,03D1,66,4,02,C588,4024,1
101,00169E,40E3,0000C58A,00000165,00,0B,05,80,E3,00E3,03D1,66,4,02,C58A,40E3,1
101,00169E,2070,0000C58C,00000166,00,0B,06,80,70,0070,03D1,66,6,01,C58C,2070,1
101,00169E,20AF,0000C58E,00000167,00,0B,07,80,AF,00AF,03D1,66,6,01,C58E,20AF,1
101,00169E,20B0,0000C590,00000168,00,0B,08,80,B0,00B0,03D2,55,4,01,C590,20B0,1
101,00169E,20B1,0000C592,00000169,00,0B,09,80,B1,00B1,03D2,55,4,01,C592,20B1,1
101,00169E,20B2,0000C594,0000016A,00,0B,0A,80,B2,00B2,03D2,55,6,01,C594,20B2,1
101,00169E,20B3,0000C596,0000016B,00,0B,0B,80,B3,00B3,03D2,55,6,01,C596,20B3,1
101,00169E,20B4,0000C598,0000016C,00,0B,0C,80,B4,00B4,03D3,55,4,01,C598,20B4,1
101,00169E,20B5,0000C59A,0000016D,00,0B,0D,80,B5,00B5,03D3,55,4,01,C59A,20B5,1
101,00169E,20B6,0000C59C,0000016E,00,0B,0E,80,B6,00B6,03D3,55,6,01,C59C,20B6,1
101,00169E,20B7,0000C59E,0000016F,00,0B,0F,80,B7,00B7,03D3,55,6,01,C59E,20B7,1
101,00169E,20B8,0000C5A0,00000170,00,0B,10,80,B8,00B8,03D4,55,4,01,C5A0,20B8,1
101,00169E,20B9,0000C5A2,00000171,00,0B,11,80,B9,00B9,03D4,55,4,01,C5A2,20B9,1
101,00169E,20BA,0000C5A4,00000172,00,0B,12,80,BA,00BA,03D4,55,6,01,C5A4,20BA,1
101,00169E,20BB,0000C5A6,00000173,00,0B,13,80,BB,00BB,03D4,55,6,01,C5A6,20BB,1
101,00169E,20BC,0000C5A8,00000174,00,0B,14,80,BC,00BC,03D5,55,4,01,C5A8,20BC,1
101,00169E,20BD,0000C5AA,00000175,00,0B,15,80,BD,00BD,03D5,55,4,01,C5AA,20BD,1
101,00169E,20BE,0000C5AC,00000176,00,0B,16,80,BE,00BE,03D5,55,6,01,C5AC,20BE,1
101,00169E,20BF,0000C5AE,00000177,00,0B,17,80,BF,00BF,03D5,55,6,01,C5AE,20BF,1
101,00169E,20C0,0000C5B0,00000178,00,0B,18,80,C0,00C0,03D6,99,4,01,C5B0,20C0,1
101,00169E,2024,0000C5B2,00000179,00,0B,19,80,24,0024,03D6,99,4,01,C5B2,2024,1
101,00169E,40E2,0000C5B4,0000017A,00,0B,1A,80,E2,00E2,03D6,99,6,02,C5B4,40E2,1
101,00169E,4024,0000C5B6,0000017B,00,0B,1B,80,24,0024,03D6,99,6,02,C5B6,4024,1
101,00169E,0024,0000C5B8,0000017C,00,0B,1C,80,24,0024,03D7,00,4,00,C5B8,0024,1
101,00169E,00D6,0000C5BA,0000017D,00,0B,1D,80,D6,00D6,03D7,00,4,00,C5BA,00D6,1
101,00169E,00DB,0000C5BC,0000017E,00,0B,1E,80,DB,00DB,03D7,00,6,00,C5BC,00DB,1
101,00169E,00DB,0000C5BE,0000017F,00,0B,1F,80,DB,00DB,03D7,00,6,00,C5BE,00DB,1
101,00169E,00DC,0000C600,00000180,00,0C,00,80,DC,00DC,03D8,00,0,00,C600,00DC,1
101,00169E,00DD,0000C602,00000181,00,0C,01,80,DD,00DD,03D8,00,0,00,C602,00DD,1
101,00169E,00D7,0000C604,00000182,00,0C,02,80,D7,00D7,03D8,00,2,00,C604,00D7,1
101,00169E,0024,0000C606,00000183,00,0C,03,80,24,0024,03D8,00,2,00,C606,0024,1
101,00169E,4024,0000C608,00000184,00,0C,04,80,24,0024,03D9,6E,0,02,C608,4024,1
101,00169E,40E2,0000C60A,00000185,00,0C,05,80,E2,00E2,03D9,6E,0,02,C60A,40E2,1
101,00169E,6024,0000C60C,00000186,00,0C,06,80,24,0024,03D9,6E,2,03,C60C,6024,1
101,00169E,6024,0000C60E,00000187,00,0C,07,80,24,0024,03D9,6E,2,03,C60E,6024,1
101,00169E,6024,0000C610,00000188,00,0C,08,80,24,0024,03DA,5F,0,03,C610,6024,1
101,00169E,6024,0000C612,00000189,00,0C,09,80,24,0024,03DA,5F,0,03,C612,6024,1
101,00169E,6024,0000C614,0000018A,00,0C,0A,80,24,0024,03DA,5F,2,03,C614,6024,1
101,00169E,6024,0000C616,0000018B,00,0C,0B,80,24,0024,03DA,5F,2,03,C616,6024,1
101,00169E,2024,0000C618,0000018C,00,0C,0C,80,24,0024,03DB,55,0,01,C618,2024,1
101,00169E,20C1,0000C61A,0000018D,00,0C,0D,80,C1,00C1,03DB,55,0,01,C61A,20C1,1
101,00169E,20C2,0000C61C,0000018E,00,0C,0E,80,C2,00C2,03DB,55,2,01,C61C,20C2,1
101,00169E,20C3,0000C61E,0000018F,00,0C,0F,80,C3,00C3,03DB,55,2,01,C61E,20C3,1
101,00169E,20C4,0000C620,00000190,00,0C,10,80,C4,00C4,03DC,5D,0,01,C620,20C4,1
101,00169E,20C5,0000C622,00000191,00,0C,11,80,C5,00C5,03DC,5D,0,01,C622,20C5,1
101,00169E,6024,0000C624,00000192,00,0C,12,80,24,0024,03DC,5D,2,03,C624,6024,1
101,00169E,6024,0000C626,00000193,00,0C,13,80,24,0024,03DC,5D,2,03,C626,6024,1
101,00169E,6024,0000C628,00000194,00,0C,14,80,24,0024,03DD,DF,0,03,C628,6024,1
101,00169E,6024,0000C62A,00000195,00,0C,15,80,24,0024,03DD,DF,0,03,C62A,6024,1
101,00169E,6024,0000C62C,00000196,00,0C,16,80,24,0024,03DD,DF,2,03,C62C,6024,1
101,00169E,6024,0000C62E,00000197,00,0C,17,80,24,0024,03DD,DF,2,03,C62E,6024,1
101,00169E,6024,0000C630,00000198,00,0C,18,80,24,0024,03DE,BB,0,03,C630,6024,1
101,00169E,6024,0000C632,00000199,00,0C,19,80,24,0024,03DE,BB,0,03,C632,6024,1
101,00169E,40E3,0000C634,0000019A,00,0C,1A,80,E3,00E3,03DE,BB,2,02,C634,40E3,1
101,00169E,4024,0000C636,0000019B,00,0C,1B,80,24,0024,03DE,BB,2,02,C636,4024,1
101,00169E,0024,0000C638,0000019C,00,0C,1C,80,24,0024,03DF,00,0,00,C638,0024,1
101,00169E,00D6,0000C63A,0000019D,00,0C,1D,80,D6,00D6,03DF,00,0,00,C63A,00D6,1
101,00169E,00DB,0000C63C,0000019E,00,0C,1E,80,DB,00DB,03DF,00,2,00,C63C,00DB,1
101,00169E,00DF,0000C63E,0000019F,00,0C,1F,80,DF,00DF,03DF,00,2,00,C63E,00DF,1
101,00169E,00DE,0000C680,000001A0,00,0D,00,80,DE,00DE,03D8,00,0,00,C680,00DE,1
101,00169E,00DB,0000C682,000001A1,00,0D,01,80,DB,00DB,03D8,00,0,00,C682,00DB,1
101,00169E,00EE,0000C684,000001A2,00,0D,02,80,EE,00EE,03D8,00,2,00,C684,00EE,1
101,00169E,0024,0000C686,000001A3,00,0D,03,80,24,0024,03D8,00,2,00,C686,0024,1
101,00169E,4024,0000C688,000001A4,00,0D,04,80,24,0024,03D9,6E,0,02,C688,4024,1
101,00169E,40E3,0000C68A,000001A5,00,0D,05,80,E3,00E3,03D9,6E,0,02,C68A,40E3,1
101,00169E,6024,0000C68C,000001A6,00,0D,06,80,24,0024,03D9,6E,2,03,C68C,6024,1
101,00169E,60C6,0000C68E,000001A7,00,0D,07,80,C6,00C6,03D9,6E,2,03,C68E,60C6,1
101,00169E,60C7,0000C690,000001A8,00,0D,08,80,C7,00C7,03DA,5F,0,03,C690,60C7,1
101,00169E,60C8,0000C692,000001A9,00,0D,09,80,C8,00C8,03DA,5F,0,03,C692,60C8,1
101,00169E,60C8,0000C694,000001AA,00,0D,0A,80,C8,00C8,03DA,5F,2,03,C694,60C8,1
101,00169E,60C8,0000C696,000001AB,00,0D,0B,80,C8,00C8,03DA,5F,2,03,C696,60C8,1
101,00169E,2024,0000C698,000001AC,00,0D,0C,80,24,0024,03DB,55,0,01,C698,2024,1
101,00169E,20C9,0000C69A,000001AD,00,0D,0D,80,C9,00C9,03DB,55,0,01,C69A,20C9,1
101,00169E,20CA,0000C69C,000001AE,00,0D,0E,80,CA,00CA,03DB,55,2,01,C69C,20CA,1
101,00169E,20CB,0000C69E,000001AF,00,0D,0F,80,CB,00CB,03DB,55,2,01,C69E,20CB,1
101,00169E,20CC,0000C6A0,000001B0,00,0D,10,80,CC,00CC,03DC,5D,0,01,C6A0,20CC,1
101,00169E,20CD,0000C6A2,000001B1,00,0D,11,80,CD,00CD,03DC,5D,0,01,C6A2,20CD,1
101,00169E,60C8,0000C6A4,000001B2,00,0D,12,80,C8,00C8,03DC,5D,2,03,C6A4,60C8,1
101,00169E,60C8,0000C6A6,000001B3,00,0D,13,80,C8,00C8,03DC,5D,2,03,C6A6,60C8,1
101,00169E,60C8,0000C6A8,000001B4,00,0D,14,80,C8,00C8,03DD,DF,0,03,C6A8,60C8,1
101,00169E,60C8,0000C6AA,000001B5,00,0D,15,80,C8,00C8,03DD,DF,0,03,C6AA,60C8,1
101,00169E,60E8,0000C6AC,000001B6,00,0D,16,80,E8,00E8,03DD,DF,2,03,C6AC,60E8,1
101,00169E,60E9,0000C6AE,000001B7,00,0D,17,80,E9,00E9,03DD,DF,2,03,C6AE,60E9,1
101,00169E,60D3,0000C6B0,000001B8,00,0D,18,80,D3,00D3,03DE,BB,0,03,C6B0,60D3,1
101,00169E,6024,0000C6B2,000001B9,00,0D,19,80,24,0024,03DE,BB,0,03,C6B2,6024,1
101,00169E,40E2,0000C6B4,000001BA,00,0D,1A,80,E2,00E2,03DE,BB,2,02,C6B4,40E2,1
101,00169E,4024,0000C6B6,000001BB,00,0D,1B,80,24,0024,03DE,BB,2,02,C6B6,4024,1
101,00169E,0024,0000C6B8,000001BC,00,0D,1C,80,24,0024,03DF,00,0,00,C6B8,0024,1
101,00169E,00D6,0000C6BA,000001BD,00,0D,1D,80,D6,00D6,03DF,00,0,00,C6BA,00D6,1
101,00169E,00DB,0000C6BC,000001BE,00,0D,1E,80,DB,00DB,03DF,00,2,00,C6BC,00DB,1
101,00169E,00DB,0000C6BE,000001BF,00,0D,1F,80,DB,00DB,03DF,00,2,00,C6BE,00DB,1
101,00169E,00DC,0000C700,000001C0,00,0E,00,80,DC,00DC,03D8,00,4,00,C700,00DC,1
101,00169E,00DB,0000C702,000001C1,00,0E,01,80,DB,00DB,03D8,00,4,00,C702,00DB,1
101,00169E,00D7,0000C704,000001C2,00,0E,02,80,D7,00D7,03D8,00,6,00,C704,00D7,1
101,00169E,0024,0000C706,000001C3,00,0E,03,80,24,0024,03D8,00,6,00,C706,0024,1
101,00169E,4024,0000C708,000001C4,00,0E,04,80,24,0024,03D9,6E,4,02,C708,4024,1
101,00169E,40E2,0000C70A,000001C5,00,0E,05,80,E2,00E2,03D9,6E,4,02,C70A,40E2,1
101,00169E,2024,0000C70C,000001C6,00,0E,06,80,24,0024,03D9,6E,6,01,C70C,2024,1
101,00169E,2024,0000C70E,000001C7,00,0E,07,80,24,0024,03D9,6E,6,01,C70E,2024,1
101,00169E,2024,0000C710,000001C8,00,0E,08,80,24,0024,03DA,5F,4,01,C710,2024,1
101,00169E,2024,0000C712,000001C9,00,0E,09,80,24,0024,03DA,5F,4,01,C712,2024,1
101,00169E,2024,0000C714,000001CA,00,0E,0A,80,24,0024,03DA,5F,6,01,C714,2024,1
101,00169E,2024,0000C716,000001CB,00,0E,0B,80,24,0024,03DA,5F,6,01,C716,2024,1
101,00169E,2024,0000C718,000001CC,00,0E,0C,80,24,0024,03DB,55,4,01,C718,2024,1
101,00169E,2024,0000C71A,000001CD,00,0E,0D,80,24,0024,03DB,55,4,01,C71A,2024,1
101,00169E,2024,0000C71C,000001CE,00,0E,0E,80,24,0024,03DB,55,6,01,C71C,2024,1
101,00169E,20CE,0000C71E,000001CF,00,0E,0F,80,CE,00CE,03DB,55,6,01,C71E,20CE,1
101,00169E,20CF,0000C720,000001D0,00,0E,10,80,CF,00CF,03DC,5D,4,01,C720,20CF,1
101,00169E,2024,0000C722,000001D1,00,0E,11,80,24,0024,03DC,5D,4,01,C722,2024,1
101,00169E,2024,0000C724,000001D2,00,0E,12,80,24,0024,03DC,5D,6,01,C724,2024,1
101,00169E,2024,0000C726,000001D3,00,0E,13,80,24,0024,03DC,5D,6,01,C726,2024,1
101,00169E,2024,0000C728,000001D4,00,0E,14,80,24,0024,03DD,DF,4,01,C728,2024,1
101,00169E,2024,0000C72A,000001D5,00,0E,15,80,24,0024,03DD,DF,4,01,C72A,2024,1
101,00169E,60EA,0000C72C,000001D6,00,0E,16,80,EA,00EA,03DD,DF,6,03,C72C,60EA,1
101,00169E,60EB,0000C72E,000001D7,00,0E,17,80,EB,00EB,03DD,DF,6,03,C72E,60EB,1
101,00169E,60EC,0000C730,000001D8,00,0E,18,80,EC,00EC,03DE,BB,4,03,C730,60EC,1
101,00169E,6024,0000C732,000001D9,00,0E,19,80,24,0024,03DE,BB,4,03,C732,6024,1
101,00169E,40E3,0000C734,000001DA,00,0E,1A,80,E3,00E3,03DE,BB,6,02,C734,40E3,1
101,00169E,4024,0000C736,000001DB,00,0E,1B,80,24,0024,03DE,BB,6,02,C736,4024,1
101,00169E,0024,0000C738,000001DC,00,0E,1C,80,24,0024,03DF,00,4,00,C738,0024,1
101,00169E,00D6,0000C73A,000001DD,00,0E,1D,80,D6,00D6,03DF,00,4,00,C73A,00D6,1
101,00169E,00DB,0000C73C,000001DE,00,0E,1E,80,DB,00DB,03DF,00,6,00,C73C,00DB,1
101,00169E,00DF,0000C73E,000001DF,00,0E,1F,80,DF,00DF,03DF,00,6,00,C73E,00DF,1
101,00169E,00DC,0000C780,000001E0,00,0F,00,80,DC,00DC,03D8,00,4,00,C780,00DC,1
101,00169E,00DB,0000C782,000001E1,00,0F,01,80,DB,00DB,03D8,00,4,00,C782,00DB,1
101,00169E,00D7,0000C784,000001E2,00,0F,02,80,D7,00D7,03D8,00,6,00,C784,00D7,1
101,00169E,0024,0000C786,000001E3,00,0F,03,80,24,0024,03D8,00,6,00,C786,0024,1
101,00169E,4024,0000C788,000001E4,00,0F,04,80,24,0024,03D9,6E,4,02,C788,4024,1
101,00169E,40E3,0000C78A,000001E5,00,0F,05,80,E3,00E3,03D9,6E,4,02,C78A,40E3,1
101,00169E,2024,0000C78C,000001E6,00,0F,06,80,24,0024,03D9,6E,6,01,C78C,2024,1
101,00169E,2024,0000C78E,000001E7,00,0F,07,80,24,0024,03D9,6E,6,01,C78E,2024,1
101,00169E,2024,0000C790,000001E8,00,0F,08,80,24,0024,03DA,5F,4,01,C790,2024,1
101,00169E,2024,0000C792,000001E9,00,0F,09,80,24,0024,03DA,5F,4,01,C792,2024,1
101,00169E,2024,0000C794,000001EA,00,0F,0A,80,24,0024,03DA,5F,6,01,C794,2024,1
101,00169E,2024,0000C796,000001EB,00,0F,0B,80,24,0024,03DA,5F,6,01,C796,2024,1
101,00169E,2024,0000C798,000001EC,00,0F,0C,80,24,0024,03DB,55,4,01,C798,2024,1
101,00169E,2024,0000C79A,000001ED,00,0F,0D,80,24,0024,03DB,55,4,01,C79A,2024,1
101,00169E,2024,0000C79C,000001EE,00,0F,0E,80,24,0024,03DB,55,6,01,C79C,2024,1
101,00169E,20D1,0000C79E,000001EF,00,0F,0F,80,D1,00D1,03DB,55,6,01,C79E,20D1,1
101,00169E,20D2,0000C7A0,000001F0,00,0F,10,80,D2,00D2,03DC,5D,4,01,C7A0,20D2,1
101,00169E,2024,0000C7A2,000001F1,00,0F,11,80,24,0024,03DC,5D,4,01,C7A2,2024,1
101,00169E,2024,0000C7A4,000001F2,00,0F,12,80,24,0024,03DC,5D,6,01,C7A4,2024,1
101,00169E,2024,0000C7A6,000001F3,00,0F,13,80,24,0024,03DC,5D,6,01,C7A6,2024,1
101,00169E,2024,0000C7A8,000001F4,00,0F,14,80,24,0024,03DD,DF,4,01,C7A8,2024,1
101,00169E,2024,0000C7AA,000001F5,00,0F,15,80,24,0024,03DD,DF,4,01,C7AA,2024,1
101,00169E,6024,0000C7AC,000001F6,00,0F,16,80,24,0024,03DD,DF,6,03,C7AC,6024,1
101,00169E,6024,0000C7AE,000001F7,00,0F,17,80,24,0024,03DD,DF,6,03,C7AE,6024,1
101,00169E,6024,0000C7B0,000001F8,00,0F,18,80,24,0024,03DE,BB,4,03,C7B0,6024,1
101,00169E,6024,0000C7B2,000001F9,00,0F,19,80,24,0024,03DE,BB,4,03,C7B2,6024,1
101,00169E,40E2,0000C7B4,000001FA,00,0F,1A,80,E2,00E2,03DE,BB,6,02,C7B4,40E2,1
101,00169E,4024,0000C7B6,000001FB,00,0F,1B,80,24,0024,03DE,BB,6,02,C7B6,4024,1
101,00169E,0024,0000C7B8,000001FC,00,0F,1C,80,24,0024,03DF,00,4,00,C7B8,0024,1
101,00169E,00D6,0000C7BA,000001FD,00,0F,1D,80,D6,00D6,03DF,00,4,00,C7BA,00D6,1
101,00169E,00DB,0000C7BC,000001FE,00,0F,1E,80,DB,00DB,03DF,00,6,00,C7BC,00DB,1
101,00169E,00DB,0000C7BE,000001FF,00,0F,1F,80,DB,00DB,03DF,00,6,00,C7BE,00DB,1
101,00169E,00DC,0000C800,00000200,00,10,00,80,DC,00DC,03E0,00,0,00,C800,00DC,1
101,00169E,00D8,0000C802,00000201,00,10,01,80,D8,00D8,03E0,00,0,00,C802,00D8,1
101,00169E,00E1,0000C804,00000202,00,10,02,80,E1,00E1,03E0,00,2,00,C804,00E1,1
101,00169E,00D5,0000C806,00000203,00,10,03,80,D5,00D5,03E0,00,2,00,C806,00D5,1
101,00169E,4024,0000C808,00000204,00,10,04,80,24,0024,03E1,0A,0,02,C808,4024,1
101,00169E,40E6,0000C80A,00000205,00,10,05,80,E6,00E6,03E1,0A,0,02,C80A,40E6,1
101,00169E,40E4,0000C80C,00000206,00,10,06,80,E4,00E4,03E1,0A,2,02,C80C,40E4,1
101,00169E,40E5,0000C80E,00000207,00,10,07,80,E5,00E5,03E1,0A,2,02,C80E,40E5,1
101,00169E,40E4,0000C810,00000208,00,10,08,80,E4,00E4,03E2,0A,0,02,C810,40E4,1
101,00169E,40E5,0000C812,00000209,00,10,09,80,E5,00E5,03E2,0A,0,02,C812,40E5,1
101,00169E,40E4,0000C814,0000020A,00,10,0A,80,E4,00E4,03E2,0A,2,02,C814,40E4,1
101,00169E,40E5,0000C816,0000020B,00,10,0B,80,E5,00E5,03E2,0A,2,02,C816,40E5,1
101,00169E,40E4,0000C818,0000020C,00,10,0C,80,E4,00E4,03E3,0A,0,02,C818,40E4,1
101,00169E,40E5,0000C81A,0000020D,00,10,0D,80,E5,00E5,03E3,0A,0,02,C81A,40E5,1
101,00169E,40E4,0000C81C,0000020E,00,10,0E,80,E4,00E4,03E3,0A,2,02,C81C,40E4,1
101,00169E,40E5,0000C81E,0000020F,00,10,0F,80,E5,00E5,03E3,0A,2,02,C81E,40E5,1
102,00169E,40E4,0000C820,00000210,00,10,10,80,E4,00E4,03E4,0A,0,02,C820,40E4,1
102,00169E,40E5,0000C822,00000211,00,10,11,80,E5,00E5,03E4,0A,0,02,C822,40E5,1
102,00169E,40E4,0000C824,00000212,00,10,12,80,E4,00E4,03E4,0A,2,02,C824,40E4,1
102,00169E,40E5,0000C826,00000213,00,10,13,80,E5,00E5,03E4,0A,2,02,C826,40E5,1
102,00169E,40E4,0000C828,00000214,00,10,14,80,E4,00E4,03E5,0A,0,02,C828,40E4,1
102,00169E,40E5,0000C82A,00000215,00,10,15,80,E5,00E5,03E5,0A,0,02,C82A,40E5,1
102,00169E,40E4,0000C82C,00000216,00,10,16,80,E4,00E4,03E5,0A,2,02,C82C,40E4,1
102,00169E,40E5,0000C82E,00000217,00,10,17,80,E5,00E5,03E5,0A,2,02,C82E,40E5,1
102,00169E,40E4,0000C830,00000218,00,10,18,80,E4,00E4,03E6,0A,0,02,C830,40E4,1
102,00169E,40E5,0000C832,00000219,00,10,19,80,E5,00E5,03E6,0A,0,02,C832,40E5,1
102,00169E,40E6,0000C834,0000021A,00,10,1A,80,E6,00E6,03E6,0A,2,02,C834,40E6,1
102,00169E,4024,0000C836,0000021B,00,10,1B,80,24,0024,03E6,0A,2,02,C836,4024,1
102,00169E,00D4,0000C838,0000021C,00,10,1C,80,D4,00D4,03E7,00,0,00,C838,00D4,1
102,00169E,00E1,0000C83A,0000021D,00,10,1D,80,E1,00E1,03E7,00,0,00,C83A,00E1,1
102,00169E,00D9,0000C83C,0000021E,00,10,1E,80,D9,00D9,03E7,00,2,00,C83C,00D9,1
102,00169E,00DD,0000C83E,0000021F,00,10,1F,80,DD,00DD,03E7,00,2,00,C83E,00DD,1
102,00169E,00DC,0000C880,00000220,00,11,00,80,DC,00DC,03E0,00,0,00,C880,00DC,1
102,00169E,00DA,0000C882,00000221,00,11,01,80,DA,00DA,03E0,00,0,00,C882,00DA,1
102,00169E,00DC,0000C884,00000222,00,11,02,80,DC,00DC,03E0,00,2,00,C884,00DC,1
102,00169E,00D7,0000C886,00000223,00,11,03,80,D7,00D7,03E0,00,2,00,C886,00D7,1
102,00169E,4024,0000C888,00000224,00,11,04,80,24,0024,03E1,0A,0,02,C888,4024,1
102,00169E,4024,0000C88A,00000225,00,11,05,80,24,0024,03E1,0A,0,02,C88A,4024,1
102,00169E,4024,0000C88C,00000226,00,11,06,80,24,0024,03E1,0A,2,02,C88C,4024,1
102,00169E,4024,0000C88E,00000227,00,11,07,80,24,0024,03E1,0A,2,02,C88E,4024,1
102,00169E,4024,0000C890,00000228,00,11,08,80,24,0024,03E2,0A,0,02,C890,4024,1
102,00169E,4024,0000C892,00000229,00,11,09,80,24,0024,03E2,0A,0,02,C892,4024,1
102,00169E,4024,0000C894,0000022A,00,11,0A,80,24,0024,03E2,0A,2,02,C894,4024,1
102,00169E,4024,0000C896,0000022B,00,11,0B,80,24,0024,03E2,0A,2,02,C896,4024,1
102,00169E,4024,0000C898,0000022C,00,11,0C,80,24,0024,03E3,0A,0,02,C898,4024,1
102,00169E,40F0,0000C89A,0000022D,00,11,0D,80,F0,00F0,03E3,0A,0,02,C89A,40F0,1
102,00169E,4001,0000C89C,0000022E,00,11,0E,80,01,0001,03E3,0A,2,02,C89C,4001,1
102,00169E,4009,0000C89E,0000022F,00,11,0F,80,09,0009,03E3,0A,2,02,C89E,4009,1
102,00169E,4008,0000C8A0,00000230,00,11,10,80,08,0008,03E4,0A,0,02,C8A0,4008,1
102,00169E,4006,0000C8A2,00000231,00,11,11,80,06,0006,03E4,0A,0,02,C8A2,4006,1
102,00169E,4024,0000C8A4,00000232,00,11,12,80,24,0024,03E4,0A,2,02,C8A4,4024,1
102,00169E,4017,0000C8A6,00000233,00,11,13,80,17,0017,03E4,0A,2,02,C8A6,4017,1
102,00169E,4012,0000C8A8,00000234,00,11,14,80,12,0012,03E5,0A,0,02,C8A8,4012,1
102,00169E,4017,0000C8AA,00000235,00,11,15,80,17,0017,03E5,0A,0,02,C8AA,4017,1
102,00169E,401D,0000C8AC,00000236,00,11,16,80,1D,001D,03E5,0A,2,02,C8AC,401D,1
102,00169E,400E,0000C8AE,00000237,00,11,17,80,0E,000E,03E5,0A,2,02,C8AE,400E,1
102,00169E,4017,0000C8B0,00000238,00,11,18,80,17,0017,03E6,0A,0,02,C8B0,4017,1
102,00169E,400D,0000C8B2,00000239,00,11,19,80,0D,000D,03E6,0A,0,02,C8B2,400D,1
102,00169E,4018,0000C8B4,0000023A,00,11,1A,80,18,0018,03E6,0A,2,02,C8B4,4018,1
102,00169E,4024,0000C8B6,0000023B,00,11,1B,80,24,0024,03E6,0A,2,02,C8B6,4024,1
102,00169E,00D6,0000C8B8,0000023C,00,11,1C,80,D6,00D6,03E7,00,0,00,C8B8,00D6,1
102,00169E,00DC,0000C8BA,0000023D,00,11,1D,80,DC,00DC,03E7,00,0,00,C8BA,00DC,1
102,00169E,00DB,0000C8BC,0000023E,00,11,1E,80,DB,00DB,03E7,00,2,00,C8BC,00DB,1
102,00169E,00DF,0000C8BE,0000023F,00,11,1F,80,DF,00DF,03E7,00,2,00,C8BE,00DF,1
102,00169E,00DC,0000C900,00000240,00,12,00,80,DC,00DC,03E0,00,4,00,C900,00DC,1
102,00169E,00DA,0000C902,00000241,00,12,01,80,DA,00DA,03E0,00,4,00,C902,00DA,1
102,00169E,00DC,0000C904,00000242,00,12,02,80,DC,00DC,03E0,00,6,00,C904,00DC,1
102,00169E,00EE,0000C906,00000243,00,12,03,80,EE,00EE,03E0,00,6,00,C906,00EE,1
102,00169E,0024,0000C908,00000244,00,12,04,80,24,0024,03E1,0A,4,00,C908,0024,1
102,00169E,0024,0000C90A,00000245,00,12,05,80,24,0024,03E1,0A,4,00,C90A,0024,1
102,00169E,0024,0000C90C,00000246,00,12,06,80,24,0024,03E1,0A,6,00,C90C,0024,1
102,00169E,0024,0000C90E,00000247,00,12,07,80,24,0024,03E1,0A,6,00,C90E,0024,1
102,00169E,0024,0000C910,00000248,00,12,08,80,24,0024,03E2,0A,4,00,C910,0024,1
102,00169E,0024,0000C912,00000249,00,12,09,80,24,0024,03E2,0A,4,00,C912,0024,1
102,00169E,0024,0000C914,0000024A,00,12,0A,80,24,0024,03E2,0A,6,00,C914,0024,1
102,00169E,0024,0000C916,0000024B,00,12,0B,80,24,0024,03E2,0A,6,00,C916,0024,1
102,00169E,0024,0000C918,0000024C,00,12,0C,80,24,0024,03E3,0A,4,00,C918,0024,1
102,00169E,0024,0000C91A,0000024D,00,12,0D,80,24,0024,03E3,0A,4,00,C91A,0024,1
102,00169E,0024,0000C91C,0000024E,00,12,0E,80,24,0024,03E3,0A,6,00,C91C,0024,1
102,00169E,0024,0000C91E,0000024F,00,12,0F,80,24,0024,03E3,0A,6,00,C91E,0024,1
102,00169E,0024,0000C920,00000250,00,12,10,80,24,0024,03E4,0A,4,00,C920,0024,1
102,00169E,0024,0000C922,00000251,00,12,11,80,24,0024,03E4,0A,4,00,C922,0024,1
102,00169E,0024,0000C924,00000252,00,12,12,80,24,0024,03E4,0A,6,00,C924,0024,1
102,00169E,0024,0000C926,00000253,00,12,13,80,24,0024,03E4,0A,6,00,C926,0024,1
102,00169E,0024,0000C928,00000254,00,12,14,80,24,0024,03E5,0A,4,00,C928,0024,1
102,00169E,0024,0000C92A,00000255,00,12,15,80,24,0024,03E5,0A,4,00,C92A,0024,1
102,00169E,0024,0000C92C,00000256,00,12,16,80,24,0024,03E5,0A,6,00,C92C,0024,1
102,00169E,0024,0000C92E,00000257,00,12,17,80,24,0024,03E5,0A,6,00,C92E,0024,1
102,00169E,0024,0000C930,00000258,00,12,18,80,24,0024,03E6,0A,4,00,C930,0024,1
102,00169E,0024,0000C932,00000259,00,12,19,80,24,0024,03E6,0A,4,00,C932,0024,1
102,00169E,0024,0000C934,0000025A,00,12,1A,80,24,0024,03E6,0A,6,00,C934,0024,1
102,00169E,0024,0000C936,0000025B,00,12,1B,80,24,0024,03E6,0A,6,00,C936,0024,1
102,00169E,00D6,0000C938,0000025C,00,12,1C,80,D6,00D6,03E7,00,4,00,C938,00D6,1
102,00169E,00DE,0000C93A,0000025D,00,12,1D,80,DE,00DE,03E7,00,4,00,C93A,00DE,1
102,00169E,00ED,0000C93C,0000025E,00,12,1E,80,ED,00ED,03E7,00,6,00,C93C,00ED,1
102,00169E,00DD,0000C93E,0000025F,00,12,1F,80,DD,00DD,03E7,00,6,00,C93E,00DD,1
102,00169E,00DC,0000C980,00000260,00,13,00,80,DC,00DC,03E0,00,4,00,C980,00DC,1
102,00169E,00DA,0000C982,00000261,00,13,01,80,DA,00DA,03E0,00,4,00,C982,00DA,1
102,00169E,00DE,0000C984,00000262,00,13,02,80,DE,00DE,03E0,00,6,00,C984,00DE,1
102,00169E,00D7,0000C986,00000263,00,13,03,80,D7,00D7,03E0,00,6,00,C986,00D7,1
102,00169E,0024,0000C988,00000264,00,13,04,80,24,0024,03E1,0A,4,00,C988,0024,1
102,00169E,0024,0000C98A,00000265,00,13,05,80,24,0024,03E1,0A,4,00,C98A,0024,1
102,00169E,0024,0000C98C,00000266,00,13,06,80,24,0024,03E1,0A,6,00,C98C,0024,1
102,00169E,0024,0000C98E,00000267,00,13,07,80,24,0024,03E1,0A,6,00,C98E,0024,1
102,00169E,0024,0000C990,00000268,00,13,08,80,24,0024,03E2,0A,4,00,C990,0024,1
102,00169E,0024,0000C992,00000269,00,13,09,80,24,0024,03E2,0A,4,00,C992,0024,1
102,00169E,0024,0000C994,0000026A,00,13,0A,80,24,0024,03E2,0A,6,00,C994,0024,1
102,00169E,0024,0000C996,0000026B,00,13,0B,80,24,0024,03E2,0A,6,00,C996,0024,1
102,00169E,0024,0000C998,0000026C,00,13,0C,80,24,0024,03E3,0A,4,00,C998,0024,1
102,00169E,0024,0000C99A,0000026D,00,13,0D,80,24,0024,03E3,0A,4,00,C99A,0024,1
102,00169E,0024,0000C99C,0000026E,00,13,0E,80,24,0024,03E3,0A,6,00,C99C,0024,1
102,00169E,0024,0000C99E,0000026F,00,13,0F,80,24,0024,03E3,0A,6,00,C99E,0024,1
102,00169E,0024,0000C9A0,00000270,00,13,10,80,24,0024,03E4,0A,4,00,C9A0,0024,1
102,00169E,0024,0000C9A2,00000271,00,13,11,80,24,0024,03E4,0A,4,00,C9A2,0024,1
102,00169E,0024,0000C9A4,00000272,00,13,12,80,24,0024,03E4,0A,6,00,C9A4,0024,1
102,00169E,0024,0000C9A6,00000273,00,13,13,80,24,0024,03E4,0A,6,00,C9A6,0024,1
102,00169E,0024,0000C9A8,00000274,00,13,14,80,24,0024,03E5,0A,4,00,C9A8,0024,1
102,00169E,0024,0000C9AA,00000275,00,13,15,80,24,0024,03E5,0A,4,00,C9AA,0024,1
102,00169E,0024,0000C9AC,00000276,00,13,16,80,24,0024,03E5,0A,6,00,C9AC,0024,1
102,00169E,0024,0000C9AE,00000277,00,13,17,80,24,0024,03E5,0A,6,00,C9AE,0024,1
102,00169E,0024,0000C9B0,00000278,00,13,18,80,24,0024,03E6,0A,4,00,C9B0,0024,1
102,00169E,0024,0000C9B2,00000279,00,13,19,80,24,0024,03E6,0A,4,00,C9B2,0024,1
102,00169E,0024,0000C9B4,0000027A,00,13,1A,80,24,0024,03E6,0A,6,00,C9B4,0024,1
102,00169E,0024,0000C9B6,0000027B,00,13,1B,80,24,0024,03E6,0A,6,00,C9B6,0024,1
102,00169E,00D6,0000C9B8,0000027C,00,13,1C,80,D6,00D6,03E7,00,4,00,C9B8,00D6,1
102,00169E,00DE,0000C9BA,0000027D,00,13,1D,80,DE,00DE,03E7,00,4,00,C9BA,00DE,1
102,00169E,00DB,0000C9BC,0000027E,00,13,1E,80,DB,00DB,03E7,00,6,00,C9BC,00DB,1
102,00169E,00DD,0000C9BE,0000027F,00,13,1F,80,DD,00DD,03E7,00,6,00,C9BE,00DD,1
102,00169E,00E1,0000CA00,00000280,00,14,00,80,E1,00E1,03E8,00,0,00,CA00,00E1,1
102,00169E,00D9,0000CA02,00000281,00,14,01,80,D9,00D9,03E8,00,0,00,CA02,00D9,1
102,00169E,00DC,0000CA04,00000282,00,14,02,80,DC,00DC,03E8,00,2,00,CA04,00DC,1
102,00169E,00ED,0000CA06,00000283,00,14,03,80,ED,00ED,03E8,00,2,00,CA06,00ED,1
102,00169E,00E0,0000CA08,00000284,00,14,04,80,E0,00E0,03E9,00,0,00,CA08,00E0,1
102,00169E,00EF,0000CA0A,00000285,00,14,05,80,EF,00EF,03E9,00,0,00,CA0A,00EF,1
102,00169E,0024,0000CA0C,00000286,00,14,06,80,24,0024,03E9,00,2,00,CA0C,0024,1
102,00169E,0024,0000CA0E,00000287,00,14,07,80,24,0024,03E9,00,2,00,CA0E,0024,1
102,00169E,0019,0000CA10,00000288,00,14,08,80,19,0019,03EA,C0,0,00,CA10,0019,1
102,00169E,001E,0000CA12,00000289,00,14,09,80,1E,001E,03EA,C0,0,00,CA12,001E,1
102,00169E,001C,0000CA14,0000028A,00,14,0A,80,1C,001C,03EA,C0,2,00,CA14,001C,1
102,00169E,0011,0000CA16,0000028B,00,14,0B,80,11,0011,03EA,C0,2,00,CA16,0011,1
102,00169E,0024,0000CA18,0000028C,00,14,0C,80,24,0024,03EB,30,0,00,CA18,0024,1
102,00169E,001C,0000CA1A,0000028D,00,14,0D,80,1C,001C,03EB,30,0,00,CA1A,001C,1
102,00169E,001D,0000CA1C,0000028E,00,14,0E,80,1D,001D,03EB,30,2,00,CA1C,001D,1
102,00169E,000A,0000CA1E,0000028F,00,14,0F,80,0A,000A,03EB,30,2,00,CA1E,000A,1
102,00169E,001B,0000CA20,00000290,00,14,10,80,1B,001B,03EC,00,0,00,CA20,001B,1
102,00169E,001D,0000CA22,00000291,00,14,11,80,1D,001D,03EC,00,0,00,CA22,001D,1
102,00169E,0024,0000CA24,00000292,00,14,12,80,24,0024,03EC,00,2,00,CA24,0024,1
102,00169E,000B,0000CA26,00000293,00,14,13,80,0B,000B,03EC,00,2,00,CA26,000B,1
102,00169E,001E,0000CA28,00000294,00,14,14,80,1E,001E,03ED,00,0,00,CA28,001E,1
102,00169E,001D,0000CA2A,00000295,00,14,15,80,1D,001D,03ED,00,0,00,CA2A,001D,1
102,00169E,001D,0000CA2C,00000296,00,14,16,80,1D,001D,03ED,00,2,00,CA2C,001D,1
102,00169E,0018,0000CA2E,00000297,00,14,17,80,18,0018,03ED,00,2,00,CA2E,0018,1
102,00169E,0017,0000CA30,00000298,00,14,18,80,17,0017,03EE,00,0,00,CA30,0017,1
102,00169E,0024,0000CA32,00000299,00,14,19,80,24,0024,03EE,00,0,00,CA32,0024,1
102,00169E,0024,0000CA34,0000029A,00,14,1A,80,24,0024,03EE,00,2,00,CA34,0024,1
102,00169E,0024,0000CA36,0000029B,00,14,1B,80,24,0024,03EE,00,2,00,CA36,0024,1
102,00169E,00D6,0000CA38,0000029C,00,14,1C,80,D6,00D6,03EF,00,0,00,CA38,00D6,1
102,00169E,00D8,0000CA3A,0000029D,00,14,1D,80,D8,00D8,03EF,00,0,00,CA3A,00D8,1
102,00169E,00E1,0000CA3C,0000029E,00,14,1E,80,E1,00E1,03EF,00,2,00,CA3C,00E1,1
102,00169E,00D9,0000CA3E,0000029F,00,14,1F,80,D9,00D9,03EF,00,2,00,CA3E,00D9,1
102,00169E,00DD,0000CA80,000002A0,00,15,00,80,DD,00DD,03E8,00,0,00,CA80,00DD,1
102,00169E,00ED,0000CA82,000002A1,00,15,01,80,ED,00ED,03E8,00,0,00,CA82,00ED,1
102,00169E,00DE,0000CA84,000002A2,00,15,02,80,DE,00DE,03E8,00,2,00,CA84,00DE,1
102,00169E,00D8,0000CA86,000002A3,00,15,03,80,D8,00D8,03E8,00,2,00,CA86,00D8,1
102,00169E,00E1,0000CA88,000002A4,00,15,04,80,E1,00E1,03E9,00,0,00,CA88,00E1,1
102,00169E,00E1,0000CA8A,000002A5,00,15,05,80,E1,00E1,03E9,00,0,00,CA8A,00E1,1
102,00169E,00D5,0000CA8C,000002A6,00,15,06,80,D5,00D5,03E9,00,2,00,CA8C,00D5,1
102,00169E,0024,0000CA8E,000002A7,00,15,07,80,24,0024,03E9,00,2,00,CA8E,0024,1
102,00169E,0024,0000CA90,000002A8,00,15,08,80,24,0024,03EA,C0,0,00,CA90,0024,1
102,00169E,0024,0000CA92,000002A9,00,15,09,80,24,0024,03EA,C0,0,00,CA92,0024,1
102,00169E,0024,0000CA94,000002AA,00,15,0A,80,24,0024,03EA,C0,2,00,CA94,0024,1
102,00169E,0024,0000CA96,000002AB,00,15,0B,80,24,0024,03EA,C0,2,00,CA96,0024,1
102,00169E,0024,0000CA98,000002AC,00,15,0C,80,24,0024,03EB,30,0,00,CA98,0024,1
102,00169E,0024,0000CA9A,000002AD,00,15,0D,80,24,0024,03EB,30,0,00,CA9A,0024,1
102,00169E,0024,0000CA9C,000002AE,00,15,0E,80,24,0024,03EB,30,2,00,CA9C,0024,1
102,00169E,0024,0000CA9E,000002AF,00,15,0F,80,24,0024,03EB,30,2,00,CA9E,0024,1
102,00169E,0024,0000CAA0,000002B0,00,15,10,80,24,0024,03EC,00,0,00,CAA0,0024,1
102,00169E,0024,0000CAA2,000002B1,00,15,11,80,24,0024,03EC,00,0,00,CAA2,0024,1
102,00169E,0024,0000CAA4,000002B2,00,15,12,80,24,0024,03EC,00,2,00,CAA4,0024,1
102,00169E,0024,0000CAA6,000002B3,00,15,13,80,24,0024,03EC,00,2,00,CAA6,0024,1
102,00169E,0024,0000CAA8,000002B4,00,15,14,80,24,0024,03ED,00,0,00,CAA8,0024,1
102,00169E,0024,0000CAAA,000002B5,00,15,15,80,24,0024,03ED,00,0,00,CAAA,0024,1
102,00169E,0024,0000CAAC,000002B6,00,15,16,80,24,0024,03ED,00,2,00,CAAC,0024,1
102,00169E,0024,0000CAAE,000002B7,00,15,17,80,24,0024,03ED,00,2,00,CAAE,0024,1
102,00169E,0024,0000CAB0,000002B8,00,15,18,80,24,0024,03EE,00,0,00,CAB0,0024,1
102,00169E,0024,0000CAB2,000002B9,00,15,19,80,24,0024,03EE,00,0,00,CAB2,0024,1
102,00169E,0024,0000CAB4,000002BA,00,15,1A,80,24,0024,03EE,00,2,00,CAB4,0024,1
102,00169E,0024,0000CAB6,000002BB,00,15,1B,80,24,0024,03EE,00,2,00,CAB6,0024,1
102,00169E,00D6,0000CAB8,000002BC,00,15,1C,80,D6,00D6,03EF,00,0,00,CAB8,00D6,1
102,00169E,00DA,0000CABA,000002BD,00,15,1D,80,DA,00DA,03EF,00,0,00,CABA,00DA,1
102,00169E,00DD,0000CABC,000002BE,00,15,1E,80,DD,00DD,03EF,00,2,00,CABC,00DD,1
102,00169E,00ED,0000CABE,000002BF,00,15,1F,80,ED,00ED,03EF,00,2,00,CABE,00ED,1
102,00169E,00DD,0000CB00,000002C0,00,16,00,80,DD,00DD,03E8,00,4,00,CB00,00DD,1
102,00169E,00DB,0000CB02,000002C1,00,16,01,80,DB,00DB,03E8,00,4,00,CB02,00DB,1
102,00169E,00DE,0000CB04,000002C2,00,16,02,80,DE,00DE,03E8,00,6,00,CB04,00DE,1
102,00169E,00DA,0000CB06,000002C3,00,16,03,80,DA,00DA,03E8,00,6,00,CB06,00DA,1
102,00169E,00DC,0000CB08,000002C4,00,16,04,80,DC,00DC,03E9,00,4,00,CB08,00DC,1
102,00169E,00DD,0000CB0A,000002C5,00,16,05,80,DD,00DD,03E9,00,4,00,CB0A,00DD,1
102,00169E,00D8,0000CB0C,000002C6,00,16,06,80,D8,00D8,03E9,00,6,00,CB0C,00D8,1
102,00169E,00E0,0000CB0E,000002C7,00,16,07,80,E0,00E0,03E9,00,6,00,CB0E,00E0,1
102,00169E,00E0,0000CB10,000002C8,00,16,08,80,E0,00E0,03EA,C0,4,00,CB10,00E0,1
102,00169E,00EF,0000CB12,000002C9,00,16,09,80,EF,00EF,03EA,C0,4,00,CB12,00EF,1
102,00169E,6024,0000CB14,000002CA,00,16,0A,80,24,0024,03EA,C0,6,03,CB14,6024,1
102,00169E,6024,0000CB16,000002CB,00,16,0B,80,24,0024,03EA,C0,6,03,CB16,6024,1
103,00169E,6024,0000CB18,000002CC,00,16,0C,80,24,0024,03EB,30,4,03,CB18,6024,1
103,00169E,6024,0000CB1A,000002CD,00,16,0D,80,24,0024,03EB,30,4,03,CB1A,6024,1
103,00169E,00D4,0000CB1C,000002CE,00,16,0E,80,D4,00D4,03EB,30,6,00,CB1C,00D4,1
103,00169E,00E0,0000CB1E,000002CF,00,16,0F,80,E0,00E0,03EB,30,6,00,CB1E,00E0,1
103,00169E,00E0,0000CB20,000002D0,00,16,10,80,E0,00E0,03EC,00,4,00,CB20,00E0,1
103,00169E,00D5,0000CB22,000002D1,00,16,11,80,D5,00D5,03EC,00,4,00,CB22,00D5,1
103,00169E,0024,0000CB24,000002D2,00,16,12,80,24,0024,03EC,00,6,00,CB24,0024,1
103,00169E,0024,0000CB26,000002D3,00,16,13,80,24,0024,03EC,00,6,00,CB26,0024,1
103,00169E,0024,0000CB28,000002D4,00,16,14,80,24,0024,03ED,00,4,00,CB28,0024,1
103,00169E,0024,0000CB2A,000002D5,00,16,15,80,24,0024,03ED,00,4,00,CB2A,0024,1
103,00169E,0024,0000CB2C,000002D6,00,16,16,80,24,0024,03ED,00,6,00,CB2C,0024,1
103,00169E,0024,0000CB2E,000002D7,00,16,17,80,24,0024,03ED,00,6,00,CB2E,0024,1
103,00169E,0024,0000CB30,000002D8,00,16,18,80,24,0024,03EE,00,4,00,CB30,0024,1
103,00169E,0024,0000CB32,000002D9,00,16,19,80,24,0024,03EE,00,4,00,CB32,0024,1
103,00169E,00D4,0000CB34,000002DA,00,16,1A,80,D4,00D4,03EE,00,6,00,CB34,00D4,1
103,00169E,00EF,0000CB36,000002DB,00,16,1B,80,EF,00EF,03EE,00,6,00,CB36,00EF,1
103,00169E,00DA,0000CB38,000002DC,00,16,1C,80,DA,00DA,03EF,00,4,00,CB38,00DA,1
103,00169E,00DA,0000CB3A,000002DD,00,16,1D,80,DA,00DA,03EF,00,4,00,CB3A,00DA,1
103,00169E,00DF,0000CB3C,000002DE,00,16,1E,80,DF,00DF,03EF,00,6,00,CB3C,00DF,1
103,00169E,00DB,0000CB3E,000002DF,00,16,1F,80,DB,00DB,03EF,00,6,00,CB3E,00DB,1
103,00169E,00DF,0000CB80,000002E0,00,17,00,80,DF,00DF,03E8,00,4,00,CB80,00DF,1
103,00169E,00DB,0000CB82,000002E1,00,17,01,80,DB,00DB,03E8,00,4,00,CB82,00DB,1
103,00169E,00DC,0000CB84,000002E2,00,17,02,80,DC,00DC,03E8,00,6,00,CB84,00DC,1
103,00169E,00DA,0000CB86,000002E3,00,17,03,80,DA,00DA,03E8,00,6,00,CB86,00DA,1
103,00169E,00DE,0000CB88,000002E4,00,17,04,80,DE,00DE,03E9,00,4,00,CB88,00DE,1
103,00169E,00DF,0000CB8A,000002E5,00,17,05,80,DF,00DF,03E9,00,4,00,CB8A,00DF,1
103,00169E,00DA,0000CB8C,000002E6,00,17,06,80,DA,00DA,03E9,00,6,00,CB8C,00DA,1
103,00169E,00DC,0000CB8E,000002E7,00,17,07,80,DC,00DC,03E9,00,6,00,CB8E,00DC,1
103,00169E,00DD,0000CB90,000002E8,00,17,08,80,DD,00DD,03EA,C0,4,00,CB90,00DD,1
103,00169E,00DB,0000CB92,000002E9,00,17,09,80,DB,00DB,03EA,C0,4,00,CB92,00DB,1
103,00169E,6026,0000CB94,000002EA,00,17,0A,80,26,0026,03EA,C0,6,03,CB94,6026,1
103,00169E,6026,0000CB96,000002EB,00,17,0B,80,26,0026,03EA,C0,6,03,CB96,6026,1
103,00169E,6026,0000CB98,000002EC,00,17,0C,80,26,0026,03EB,30,4,03,CB98,6026,1
103,00169E,6026,0000CB9A,000002ED,00,17,0D,80,26,0026,03EB,30,4,03,CB9A,6026,1
103,00169E,00DA,0000CB9C,000002EE,00,17,0E,80,DA,00DA,03EB,30,6,00,CB9C,00DA,1
103,00169E,00DC,0000CB9E,000002EF,00,17,0F,80,DC,00DC,03EB,30,6,00,CB9E,00DC,1
103,00169E,00DD,0000CBA0,000002F0,00,17,10,80,DD,00DD,03EC,00,4,00,CBA0,00DD,1
103,00169E,00ED,0000CBA2,000002F1,00,17,11,80,ED,00ED,03EC,00,4,00,CBA2,00ED,1
103,00169E,00E0,0000CBA4,000002F2,00,17,12,80,E0,00E0,03EC,00,6,00,CBA4,00E0,1
103,00169E,00E0,0000CBA6,000002F3,00,17,13,80,E0,00E0,03EC,00,6,00,CBA6,00E0,1
103,00169E,00EF,0000CBA8,000002F4,00,17,14,80,EF,00EF,03ED,00,4,00,CBA8,00EF,1
103,00169E,0024,0000CBAA,000002F5,00,17,15,80,24,0024,03ED,00,4,00,CBAA,0024,1
103,00169E,00D4,0000CBAC,000002F6,00,17,16,80,D4,00D4,03ED,00,6,00,CBAC,00D4,1
103,00169E,00E0,0000CBAE,000002F7,00,17,17,80,E0,00E0,03ED,00,6,00,CBAE,00E0,1
103,00169E,00E0,0000CBB0,000002F8,00,17,18,80,E0,00E0,03EE,00,4,00,CBB0,00E0,1
103,00169E,00E0,0000CBB2,000002F9,00,17,19,80,E0,00E0,03EE,00,4,00,CBB2,00E0,1
103,00169E,00D9,0000CBB4,000002FA,00,17,1A,80,D9,00D9,03EE,00,6,00,CBB4,00D9,1
103,00169E,00DB,0000CBB6,000002FB,00,17,1B,80,DB,00DB,03EE,00,6,00,CBB6,00DB,1
103,00169E,00DA,0000CBB8,000002FC,00,17,1C,80,DA,00DA,03EF,00,4,00,CBB8,00DA,1
103,00169E,00DA,0000CBBA,000002FD,00,17,1D,80,DA,00DA,03EF,00,4,00,CBBA,00DA,1
103,00169E,00DF,0000CBBC,000002FE,00,17,1E,80,DF,00DF,03EF,00,6,00,CBBC,00DF,1
103,00169E,00DB,0000CBBE,000002FF,00,17,1F,80,DB,00DB,03EF,00,6,00,CBBE,00DB,1
103,00169E,00ED,0000CC00,00000300,00,18,00,80,ED,00ED,03F0,00,0,00,CC00,00ED,1
103,00169E,00D8,0000CC02,00000301,00,18,01,80,D8,00D8,03F0,00,0,00,CC02,00D8,1
103,00169E,00E1,0000CC04,00000302,00,18,02,80,E1,00E1,03F0,00,2,00,CC04,00E1,1
103,00169E,00D9,0000CC06,00000303,00,18,03,80,D9,00D9,03F0,00,2,00,CC06,00D9,1
103,00169E,00DE,0000CC08,00000304,00,18,04,80,DE,00DE,03F1,00,0,00,CC08,00DE,1
103,00169E,00D8,0000CC0A,00000305,00,18,05,80,D8,00D8,03F1,00,0,00,CC0A,00D8,1
103,00169E,00E1,0000CC0C,00000306,00,18,06,80,E1,00E1,03F1,00,2,00,CC0C,00E1,1
103,00169E,00D9,0000CC0E,00000307,00,18,07,80,D9,00D9,03F1,00,2,00,CC0E,00D9,1
103,00169E,00DF,0000CC10,00000308,00,18,08,80,DF,00DF,03F2,CC,0,00,CC10,00DF,1
103,00169E,00DB,0000CC12,00000309,00,18,09,80,DB,00DB,03F2,CC,0,00,CC12,00DB,1
103,00169E,6026,0000CC14,0000030A,00,18,0A,80,26,0026,03F2,CC,2,03,CC14,6026,1
103,00169E,6026,0000CC16,0000030B,00,18,0B,80,26,0026,03F2,CC,2,03,CC16,6026,1
103,00169E,6026,0000CC18,0000030C,00,18,0C,80,26,0026,03F3,33,0,03,CC18,6026,1
103,00169E,6026,0000CC1A,0000030D,00,18,0D,80,26,0026,03F3,33,0,03,CC1A,6026,1
103,00169E,00DA,0000CC1C,0000030E,00,18,0E,80,DA,00DA,03F3,33,2,00,CC1C,00DA,1
103,00169E,00DC,0000CC1E,0000030F,00,18,0F,80,DC,00DC,03F3,33,2,00,CC1E,00DC,1
103,00169E,00D8,0000CC20,00000310,00,18,10,80,D8,00D8,03F4,00,0,00,CC20,00D8,1
103,00169E,00E1,0000CC22,00000311,00,18,11,80,E1,00E1,03F4,00,0,00,CC22,00E1,1
103,00169E,00D9,0000CC24,00000312,00,18,12,80,D9,00D9,03F4,00,2,00,CC24,00D9,1
103,00169E,00DC,0000CC26,00000313,00,18,13,80,DC,00DC,03F4,00,2,00,CC26,00DC,1
103,00169E,00D8,0000CC28,00000314,00,18,14,80,D8,00D8,03F5,00,0,00,CC28,00D8,1
103,00169E,00E0,0000CC2A,00000315,00,18,15,80,E0,00E0,03F5,00,0,00,CC2A,00E0,1
103,00169E,00D9,0000CC2C,00000316,00,18,16,80,D9,00D9,03F5,00,2,00,CC2C,00D9,1
103,00169E,00DC,0000CC2E,00000317,00,18,17,80,DC,00DC,03F5,00,2,00,CC2E,00DC,1
103,00169E,00DD,0000CC30,00000318,00,18,18,80,DD,00DD,03F6,00,0,00,CC30,00DD,1
103,00169E,00DD,0000CC32,00000319,00,18,19,80,DD,00DD,03F6,00,0,00,CC32,00DD,1
103,00169E,00D8,0000CC34,0000031A,00,18,1A,80,D8,00D8,03F6,00,2,00,CC34,00D8,1
103,00169E,00E1,0000CC36,0000031B,00,18,1B,80,E1,00E1,03F6,00,2,00,CC36,00E1,1
103,00169E,00E1,0000CC38,0000031C,00,18,1C,80,E1,00E1,03F7,00,0,00,CC38,00E1,1
103,00169E,00D9,0000CC3A,0000031D,00,18,1D,80,D9,00D9,03F7,00,0,00,CC3A,00D9,1
103,00169E,00DD,0000CC3C,0000031E,00,18,1E,80,DD,00DD,03F7,00,2,00,CC3C,00DD,1
103,00169E,00ED,0000CC3E,0000031F,00,18,1F,80,ED,00ED,03F7,00,2,00,CC3E,00ED,1
103,00169E,00ED,0000CC80,00000320,00,19,00,80,ED,00ED,03F0,00,0,00,CC80,00ED,1
103,00169E,00DA,0000CC82,00000321,00,19,01,80,DA,00DA,03F0,00,0,00,CC82,00DA,1
103,00169E,00DD,0000CC84,00000322,00,19,02,80,DD,00DD,03F0,00,2,00,CC84,00DD,1
103,00169E,00ED,0000CC86,00000323,00,19,03,80,ED,00ED,03F0,00,2,00,CC86,00ED,1
103,00169E,00DE,0000CC88,00000324,00,19,04,80,DE,00DE,03F1,00,0,00,CC88,00DE,1
103,00169E,00DA,0000CC8A,00000325,00,19,05,80,DA,00DA,03F1,00,0,00,CC8A,00DA,1
103,00169E,00DC,0000CC8C,00000326,00,19,06,80,DC,00DC,03F1,00,2,00,CC8C,00DC,1
103,00169E,00DB,0000CC8E,00000327,00,19,07,80,DB,00DB,03F1,00,2,00,CC8E,00DB,1
103,00169E,00DD,0000CC90,00000328,00,19,08,80,DD,00DD,03F2,CC,0,00,CC90,00DD,1
103,00169E,00DB,0000CC92,00000329,00,19,09,80,DB,00DB,03F2,CC,0,00,CC92,00DB,1
103,00169E,6026,0000CC94,0000032A,00,19,0A,80,26,0026,03F2,CC,2,03,CC94,6026,1
103,00169E,6026,0000CC96,0000032B,00,19,0B,80,26,0026,03F2,CC,2,03,CC96,6026,1
103,00169E,6026,0000CC98,0000032C,00,19,0C,80,26,0026,03F3,33,0,03,CC98,6026,1
103,00169E,6026,0000CC9A,0000032D,00,19,0D,80,26,0026,03F3,33,0,03,CC9A,6026,1
103,00169E,00DA,0000CC9C,0000032E,00,19,0E,80,DA,00DA,03F3,33,2,00,CC9C,00DA,1
103,00169E,00DE,0000CC9E,0000032F,00,19,0F,80,DE,00DE,03F3,33,2,00,CC9E,00DE,1
103,00169E,00DA,0000CCA0,00000330,00,19,10,80,DA,00DA,03F4,00,0,00,CCA0,00DA,1
103,00169E,00DC,0000CCA2,00000331,00,19,11,80,DC,00DC,03F4,00,0,00,CCA2,00DC,1
103,00169E,00DB,0000CCA4,00000332,00,19,12,80,DB,00DB,03F4,00,2,00,CCA4,00DB,1
103,00169E,00DE,0000CCA6,00000333,00,19,13,80,DE,00DE,03F4,00,2,00,CCA6,00DE,1
103,00169E,00DA,0000CCA8,00000334,00,19,14,80,DA,00DA,03F5,00,0,00,CCA8,00DA,1
103,00169E,00DD,0000CCAA,00000335,00,19,15,80,DD,00DD,03F5,00,0,00,CCAA,00DD,1
103,00169E,00ED,0000CCAC,00000336,00,19,16,80,ED,00ED,03F5,00,2,00,CCAC,00ED,1
103,00169E,00DC,0000CCAE,00000337,00,19,17,80,DC,00DC,03F5,00,2,00,CCAE,00DC,1
103,00169E,00DC,0000CCB0,00000338,00,19,18,80,DC,00DC,03F6,00,0,00,CCB0,00DC,1
103,00169E,00DD,0000CCB2,00000339,00,19,19,80,DD,00DD,03F6,00,0,00,CCB2,00DD,1
103,00169E,00DA,0000CCB4,0000033A,00,19,1A,80,DA,00DA,03F6,00,2,00,CCB4,00DA,1
103,00169E,00DC,0000CCB6,0000033B,00,19,1B,80,DC,00DC,03F6,00,2,00,CCB6,00DC,1
103,00169E,00DC,0000CCB8,0000033C,00,19,1C,80,DC,00DC,03F7,00,0,00,CCB8,00DC,1
103,00169E,00DB,0000CCBA,0000033D,00,19,1D,80,DB,00DB,03F7,00,0,00,CCBA,00DB,1
103,00169E,00DD,0000CCBC,0000033E,00,19,1E,80,DD,00DD,03F7,00,2,00,CCBC,00DD,1
103,00169E,00ED,0000CCBE,0000033F,00,19,1F,80,ED,00ED,03F7,00,2,00,CCBE,00ED,1
103,00169E,00ED,0000CD00,00000340,00,1A,00,80,ED,00ED,03F0,00,4,00,CD00,00ED,1
103,00169E,00DA,0000CD02,00000341,00,1A,01,80,DA,00DA,03F0,00,4,00,CD02,00DA,1
103,00169E,00DD,0000CD04,00000342,00,1A,02,80,DD,00DD,03F0,00,6,00,CD04,00DD,1
103,00169E,00D8,0000CD06,00000343,00,1A,03,80,D8,00D8,03F0,00,6,00,CD06,00D8,1
103,00169E,00E1,0000CD08,00000344,00,1A,04,80,E1,00E1,03F1,00,4,00,CD08,00E1,1
103,00169E,00DA,0000CD0A,00000345,00,1A,05,80,DA,00DA,03F1,00,4,00,CD0A,00DA,1
103,00169E,00DC,0000CD0C,00000346,00,1A,06,80,DC,00DC,03F1,00,6,00,CD0C,00DC,1
103,00169E,00DB,0000CD0E,00000347,00,1A,07,80,DB,00DB,03F1,00,6,00,CD0E,00DB,1
103,00169E,00DF,0000CD10,00000348,00,1A,08,80,DF,00DF,03F2,CC,4,00,CD10,00DF,1
103,00169E,00DB,0000CD12,00000349,00,1A,09,80,DB,00DB,03F2,CC,4,00,CD12,00DB,1
103,00169E,6026,0000CD14,0000034A,00,1A,0A,80,26,0026,03F2,CC,6,03,CD14,6026,1
103,00169E,6026,0000CD16,0000034B,00,1A,0B,80,26,0026,03F2,CC,6,03,CD16,6026,1
103,00169E,6026,0000CD18,0000034C,00,1A,0C,80,26,0026,03F3,33,4,03,CD18,6026,1
103,00169E,6026,0000CD1A,0000034D,00,1A,0D,80,26,0026,03F3,33,4,03,CD1A,6026,1
103,00169E,00DA,0000CD1C,0000034E,00,1A,0E,80,DA,00DA,03F3,33,6,00,CD1C,00DA,1
103,00169E,00D8,0000CD1E,0000034F,00,1A,0F,80,D8,00D8,03F3,33,6,00,CD1E,00D8,1
103,00169E,00D9,0000CD20,00000350,00,1A,10,80,D9,00D9,03F4,00,4,00,CD20,00D9,1
103,00169E,00DC,0000CD22,00000351,00,1A,11,80,DC,00DC,03F4,00,4,00,CD22,00DC,1
103,00169E,00DB,0000CD24,00000352,00,1A,12,80,DB,00DB,03F4,00,6,00,CD24,00DB,1
103,00169E,00DC,0000CD26,00000353,00,1A,13,80,DC,00DC,03F4,00,6,00,CD26,00DC,1
103,00169E,00DA,0000CD28,00000354,00,1A,14,80,DA,00DA,03F5,00,4,00,CD28,00DA,1
103,00169E,00D8,0000CD2A,00000355,00,1A,15,80,D8,00D8,03F5,00,4,00,CD2A,00D8,1
103,00169E,00E1,0000CD2C,00000356,00,1A,16,80,E1,00E1,03F5,00,6,00,CD2C,00E1,1
103,00169E,00D9,0000CD2E,00000357,00,1A,17,80,D9,00D9,03F5,00,6,00,CD2E,00D9,1
103,00169E,00DE,0000CD30,00000358,00,1A,18,80,DE,00DE,03F6,00,4,00,CD30,00DE,1
103,00169E,00DF,0000CD32,00000359,00,1A,19,80,DF,00DF,03F6,00,4,00,CD32,00DF,1
103,00169E,00DA,0000CD34,0000035A,00,1A,1A,80,DA,00DA,03F6,00,6,00,CD34,00DA,1
103,00169E,00D8,0000CD36,0000035B,00,1A,1B,80,D8,00D8,03F6,00,6,00,CD36,00D8,1
103,00169E,00E1,0000CD38,0000035C,00,1A,1C,80,E1,00E1,03F7,00,4,00,CD38,00E1,1
103,00169E,00E1,0000CD3A,0000035D,00,1A,1D,80,E1,00E1,03F7,00,4,00,CD3A,00E1,1
103,00169E,00D9,0000CD3C,0000035E,00,1A,1E,80,D9,00D9,03F7,00,6,00,CD3C,00D9,1
103,00169E,00E1,0000CD3E,0000035F,00,1A,1F,80,E1,00E1,03F7,00,6,00,CD3E,00E1,1
103,00169E,00ED,0000CD80,00000360,00,1B,00,80,ED,00ED,03F0,00,4,00,CD80,00ED,1
103,00169E,00D9,0000CD82,00000361,00,1B,01,80,D9,00D9,03F0,00,4,00,CD82,00D9,1
103,00169E,00DF,0000CD84,00000362,00,1B,02,80,DF,00DF,03F0,00,6,00,CD84,00DF,1
103,00169E,00DA,0000CD86,00000363,00,1B,03,80,DA,00DA,03F0,00,6,00,CD86,00DA,1
103,00169E,00DC,0000CD88,00000364,00,1B,04,80,DC,00DC,03F1,00,4,00,CD88,00DC,1
103,00169E,00DA,0000CD8A,00000365,00,1B,05,80,DA,00DA,03F1,00,4,00,CD8A,00DA,1
103,00169E,00DE,0000CD8C,00000366,00,1B,06,80,DE,00DE,03F1,00,6,00,CD8C,00DE,1
103,00169E,00DB,0000CD8E,00000367,00,1B,07,80,DB,00DB,03F1,00,6,00,CD8E,00DB,1
103,00169E,00DD,0000CD90,00000368,00,1B,08,80,DD,00DD,03F2,CC,4,00,CD90,00DD,1
103,00169E,00DB,0000CD92,00000369,00,1B,09,80,DB,00DB,03F2,CC,4,00,CD92,00DB,1
103,00169E,6026,0000CD94,0000036A,00,1B,0A,80,26,0026,03F2,CC,6,03,CD94,6026,1
103,00169E,6026,0000CD96,0000036B,00,1B,0B,80,26,0026,03F2,CC,6,03,CD96,6026,1
103,00169E,6026,0000CD98,0000036C,00,1B,0C,80,26,0026,03F3,33,4,03,CD98,6026,1
103,00169E,6026,0000CD9A,0000036D,00,1B,0D,80,26,0026,03F3,33,4,03,CD9A,6026,1
103,00169E,00DA,0000CD9C,0000036E,00,1B,0E,80,DA,00DA,03F3,33,6,00,CD9C,00DA,1
103,00169E,00DA,0000CD9E,0000036F,00,1B,0F,80,DA,00DA,03F3,33,6,00,CD9E,00DA,1
103,00169E,00ED,0000CDA0,00000370,00,1B,10,80,ED,00ED,03F4,00,4,00,CDA0,00ED,1
103,00169E,00DE,0000CDA2,00000371,00,1B,11,80,DE,00DE,03F4,00,4,00,CDA2,00DE,1
103,00169E,00D8,0000CDA4,00000372,00,1B,12,80,D8,00D8,03F4,00,6,00,CDA4,00D8,1
103,00169E,00E1,0000CDA6,00000373,00,1B,13,80,E1,00E1,03F4,00,6,00,CDA6,00E1,1
103,00169E,00E1,0000CDA8,00000374,00,1B,14,80,E1,00E1,03F5,00,4,00,CDA8,00E1,1
103,00169E,00D9,0000CDAA,00000375,00,1B,15,80,D9,00D9,03F5,00,4,00,CDAA,00D9,1
103,00169E,00DC,0000CDAC,00000376,00,1B,16,80,DC,00DC,03F5,00,6,00,CDAC,00DC,1
103,00169E,00DB,0000CDAE,00000377,00,1B,17,80,DB,00DB,03F5,00,6,00,CDAE,00DB,1
103,00169E,00DE,0000CDB0,00000378,00,1B,18,80,DE,00DE,03F6,00,4,00,CDB0,00DE,1
103,00169E,00D8,0000CDB2,00000379,00,1B,19,80,D8,00D8,03F6,00,4,00,CDB2,00D8,1
103,00169E,00E1,0000CDB4,0000037A,00,1B,1A,80,E1,00E1,03F6,00,6,00,CDB4,00E1,1
103,00169E,00D9,0000CDB6,0000037B,00,1B,1B,80,D9,00D9,03F6,00,6,00,CDB6,00D9,1
103,00169E,00DD,0000CDB8,0000037C,00,1B,1C,80,DD,00DD,03F7,00,4,00,CDB8,00DD,1
103,00169E,00DD,0000CDBA,0000037D,00,1B,1D,80,DD,00DD,03F7,00,4,00,CDBA,00DD,1
103,00169E,00DB,0000CDBC,0000037E,00,1B,1E,80,DB,00DB,03F7,00,6,00,CDBC,00DB,1
103,00169E,00DC,0000CDBE,0000037F,00,1B,1F,80,DC,00DC,03F7,00,6,00,CDBE,00DC,1
103,00169E,00DF,0000CE00,00000380,00,1C,00,80,DF,00DF,03F8,00,0,00,CE00,00DF,1
103,00169E,00DB,0000CE02,00000381,00,1C,01,80,DB,00DB,03F8,00,0,00,CE02,00DB,1
103,00169E,00DF,0000CE04,00000382,00,1C,02,80,DF,00DF,03F8,00,2,00,CE04,00DF,1
103,00169E,00DA,0000CE06,00000383,00,1C,03,80,DA,00DA,03F8,00,2,00,CE06,00DA,1
103,00169E,00DC,0000CE08,00000384,00,1C,04,80,DC,00DC,03F9,20,0,00,CE08,00DC,1
103,00169E,00DB,0000CE0A,00000385,00,1C,05,80,DB,00DB,03F9,20,0,00,CE0A,00DB,1
104,00169E,00DE,0000CE0C,00000386,00,1C,06,80,DE,00DE,03F9,20,2,00,CE0C,00DE,1
104,00169E,00DB,0000CE0E,00000387,00,1C,07,80,DB,00DB,03F9,20,2,00,CE0E,00DB,1
104,00169E,00DD,0000CE10,00000388,00,1C,08,80,DD,00DD,03FA,FC,0,00,CE10,00DD,1
104,00169E,00DB,0000CE12,00000389,00,1C,09,80,DB,00DB,03FA,FC,0,00,CE12,00DB,1
104,00169E,6026,0000CE14,0000038A,00,1C,0A,80,26,0026,03FA,FC,2,03,CE14,6026,1
104,00169E,6026,0000CE16,0000038B,00,1C,0B,80,26,0026,03FA,FC,2,03,CE16,6026,1
104,00169E,6026,0000CE18,0000038C,00,1C,0C,80,26,0026,03FB,F3,0,03,CE18,6026,1
104,00169E,6026,0000CE1A,0000038D,00,1C,0D,80,26,0026,03FB,F3,0,03,CE1A,6026,1
104,00169E,00DA,0000CE1C,0000038E,00,1C,0E,80,DA,00DA,03FB,F3,2,00,CE1C,00DA,1
104,00169E,00DA,0000CE1E,0000038F,00,1C,0F,80,DA,00DA,03FB,F3,2,00,CE1E,00DA,1
104,00169E,00DB,0000CE20,00000390,00,1C,10,80,DB,00DB,03FC,00,0,00,CE20,00DB,1
104,00169E,00DD,0000CE22,00000391,00,1C,11,80,DD,00DD,03FC,00,0,00,CE22,00DD,1
104,00169E,00DA,0000CE24,00000392,00,1C,12,80,DA,00DA,03FC,00,2,00,CE24,00DA,1
104,00169E,00DE,0000CE26,00000393,00,1C,13,80,DE,00DE,03FC,00,2,00,CE26,00DE,1
104,00169E,00D8,0000CE28,00000394,00,1C,14,80,D8,00D8,03FD,00,0,00,CE28,00D8,1
104,00169E,00E1,0000CE2A,00000395,00,1C,15,80,E1,00E1,03FD,00,0,00,CE2A,00E1,1
104,00169E,00D9,0000CE2C,00000396,00,1C,16,80,D9,00D9,03FD,00,2,00,CE2C,00D9,1
104,00169E,00DB,0000CE2E,00000397,00,1C,17,80,DB,00DB,03FD,00,2,00,CE2E,00DB,1
104,00169E,00DE,0000CE30,00000398,00,1C,18,80,DE,00DE,03FE,F0,0,00,CE30,00DE,1
104,00169E,00DA,0000CE32,00000399,00,1C,19,80,DA,00DA,03FE,F0,0,00,CE32,00DA,1
104,00169E,00DD,0000CE34,0000039A,00,1C,1A,80,DD,00DD,03FE,F0,2,00,CE34,00DD,1
104,00169E,00DB,0000CE36,0000039B,00,1C,1B,80,DB,00DB,03FE,F0,2,00,CE36,00DB,1
104,00169E,00DE,0000CE38,0000039C,00,1C,1C,80,DE,00DE,03FF,F0,0,00,CE38,00DE,1
104,00169E,00DF,0000CE3A,0000039D,00,1C,1D,80,DF,00DF,03FF,F0,0,00,CE3A,00DF,1
104,00169E,00D8,0000CE3C,0000039E,00,1C,1E,80,D8,00D8,03FF,F0,2,00,CE3C,00D8,1
104,00169E,00E1,0000CE3E,0000039F,00,1C,1F,80,E1,00E1,03FF,F0,2,00,CE3E,00E1,1
104,00169E,00DF,0000CE80,000003A0,00,1D,00,80,DF,00DF,03F8,00,0,00,CE80,00DF,1
104,00169E,00DB,0000CE82,000003A1,00,1D,01,80,DB,00DB,03F8,00,0,00,CE82,00DB,1
104,00169E,00DF,0000CE84,000003A2,00,1D,02,80,DF,00DF,03F8,00,2,00,CE84,00DF,1
104,00169E,00DA,0000CE86,000003A3,00,1D,03,80,DA,00DA,03F8,00,2,00,CE86,00DA,1
104,00169E,00DC,0000CE88,000003A4,00,1D,04,80,DC,00DC,03F9,20,0,00,CE88,00DC,1
104,00169E,00DB,0000CE8A,000003A5,00,1D,05,80,DB,00DB,03F9,20,0,00,CE8A,00DB,1
104,00169E,00DE,0000CE8C,000003A6,00,1D,06,80,DE,00DE,03F9,20,2,00,CE8C,00DE,1
104,00169E,00DB,0000CE8E,000003A7,00,1D,07,80,DB,00DB,03F9,20,2,00,CE8E,00DB,1
104,00169E,00DD,0000CE90,000003A8,00,1D,08,80,DD,00DD,03FA,FC,0,00,CE90,00DD,1
104,00169E,00DB,0000CE92,000003A9,00,1D,09,80,DB,00DB,03FA,FC,0,00,CE92,00DB,1
104,00169E,6026,0000CE94,000003AA,00,1D,0A,80,26,0026,03FA,FC,2,03,CE94,6026,1
104,00169E,6026,0000CE96,000003AB,00,1D,0B,80,26,0026,03FA,FC,2,03,CE96,6026,1
104,00169E,6026,0000CE98,000003AC,00,1D,0C,80,26,0026,03FB,F3,0,03,CE98,6026,1
104,00169E,6026,0000CE9A,000003AD,00,1D,0D,80,26,0026,03FB,F3,0,03,CE9A,6026,1
104,00169E,00DA,0000CE9C,000003AE,00,1D,0E,80,DA,00DA,03FB,F3,2,00,CE9C,00DA,1
104,00169E,00DA,0000CE9E,000003AF,00,1D,0F,80,DA,00DA,03FB,F3,2,00,CE9E,00DA,1
104,00169E,00DB,0000CEA0,000003B0,00,1D,10,80,DB,00DB,03FC,00,0,00,CEA0,00DB,1
104,00169E,00DD,0000CEA2,000003B1,00,1D,11,80,DD,00DD,03FC,00,0,00,CEA2,00DD,1
104,00169E,00DA,0000CEA4,000003B2,00,1D,12,80,DA,00DA,03FC,00,2,00,CEA4,00DA,1
104,00169E,00DE,0000CEA6,000003B3,00,1D,13,80,DE,00DE,03FC,00,2,00,CEA6,00DE,1
104,00169E,00DA,0000CEA8,000003B4,00,1D,14,80,DA,00DA,03FD,00,0,00,CEA8,00DA,1
104,00169E,00DD,0000CEAA,000003B5,00,1D,15,80,DD,00DD,03FD,00,0,00,CEAA,00DD,1
104,00169E,00DB,0000CEAC,000003B6,00,1D,16,80,DB,00DB,03FD,00,2,00,CEAC,00DB,1
104,00169E,00DB,0000CEAE,000003B7,00,1D,17,80,DB,00DB,03FD,00,2,00,CEAE,00DB,1
104,00169E,00DE,0000CEB0,000003B8,00,1D,18,80,DE,00DE,03FE,F0,0,00,CEB0,00DE,1
104,00169E,00DA,0000CEB2,000003B9,00,1D,19,80,DA,00DA,03FE,F0,0,00,CEB2,00DA,1
104,00169E,00DD,0000CEB4,000003BA,00,1D,1A,80,DD,00DD,03FE,F0,2,00,CEB4,00DD,1
104,00169E,00DB,0000CEB6,000003BB,00,1D,1B,80,DB,00DB,03FE,F0,2,00,CEB6,00DB,1
104,00169E,00DE,0000CEB8,000003BC,00,1D,1C,80,DE,00DE,03FF,F0,0,00,CEB8,00DE,1
104,00169E,00DF,0000CEBA,000003BD,00,1D,1D,80,DF,00DF,03FF,F0,0,00,CEBA,00DF,1
104,00169E,00DC,0000CEBC,000003BE,00,1D,1E,80,DC,00DC,03FF,F0,2,00,CEBC,00DC,1
104,00169E,00DF,0000CEBE,000003BF,00,1D,1F,80,DF,00DF,03FF,F0,2,00,CEBE,00DF,1
104,00114C,0400,0000C040,000003C0,00,1E,00,80,05,0005,03F8,00,4,00,CF00,0005,0
104,001154,0400,0000C040,000003C0,00,1E,00,80,05,0005,03F8,00,4,00,CF00,0005,0
104,00115C,0400,0000C040,000003C0,00,1E,00,80,05,0005,03F8,00,4,00,CF00,0005,0
104,001164,0400,0000C040,000003C0,00,1E,00,80,05,0005,03F8,00,4,00,CF00,0005,0
104,00116C,0400,0000C040,000003C0,00,1E,00,80,05,0005,03F8,00,4,00,CF00,0005,0
104,001174,0400,0000C040,000003C0,00,1E,00,80,05,0005,03F8,00,4,00,CF00,0005,0
104,00117C,0400,0000C040,000003C0,00,1E,00,80,05,0005,03F8,00,4,00,CF00,0005,0
104,001184,0400,0000C040,000003C0,00,1E,00,80,05,0005,03F8,00,4,00,CF00,0005,0
104,00114C,0400,0000C240,000003C0,00,1E,00,80,05,0005,03F8,00,4,00,CF00,0005,0
104,001154,0400,0000C240,000003C0,00,1E,00,80,05,0005,03F8,00,4,00,CF00,0005,0
104,00115C,0400,0000C240,000003C0,00,1E,00,80,05,0005,03F8,00,4,00,CF00,0005,0
104,001164,0400,0000C240,000003C0,00,1E,00,80,05,0005,03F8,00,4,00,CF00,0005,0
104,00116C,0400,0000C240,000003C0,00,1E,00,80,05,0005,03F8,00,4,00,CF00,0005,0
104,001174,0400,0000C240,000003C0,00,1E,00,80,05,0005,03F8,00,4,00,CF00,0005,0
104,00117C,0400,0000C240,000003C0,00,1E,00,80,05,0005,03F8,00,4,00,CF00,0005,0
104,001184,0400,0000C240,000003C0,00,1E,00,80,05,0005,03F8,00,4,00,CF00,0005,0
104,00114C,0400,0000C240,000003C0,00,1E,00,80,05,0005,03F8,00,4,00,CF00,0005,0
104,001154,0400,0000C240,000003C0,00,1E,00,80,05,0005,03F8,00,4,00,CF00,0005,0
104,00115C,0400,0000C240,000003C0,00,1E,00,80,05,0005,03F8,00,4,00,CF00,0005,0
104,001164,0400,0000C240,000003C0,00,1E,00,80,05,0005,03F8,00,4,00,CF00,0005,0
104,00116C,0400,0000C240,000003C0,00,1E,00,80,05,0005,03F8,00,4,00,CF00,0005,0
104,001174,0400,0000C240,000003C0,00,1E,00,80,05,0005,03F8,00,4,00,CF00,0005,0
104,00117C,0400,0000C240,000003C0,00,1E,00,80,05,0005,03F8,00,4,00,CF00,0005,0
104,001184,0400,0000C240,000003C0,00,1E,00,80,05,0005,03F8,00,4,00,CF00,0005,0
104,00114C,0400,0000C240,000003C0,00,1E,00,80,05,0005,03F8,00,4,00,CF00,0005,0
104,001154,0400,0000C240,000003C0,00,1E,00,80,05,0005,03F8,00,4,00,CF00,0005,0
104,00115C,0400,0000C240,000003C0,00,1E,00,80,05,0005,03F8,00,4,00,CF00,0005,0
104,001164,0400,0000C240,000003C0,00,1E,00,80,05,0005,03F8,00,4,00,CF00,0005,0
104,00116C,0400,0000C240,000003C0,00,1E,00,80,05,0005,03F8,00,4,00,CF00,0005,0
104,001174,0400,0000C240,000003C0,00,1E,00,80,05,0005,03F8,00,4,00,CF00,0005,0
104,00117C,0400,0000C240,000003C0,00,1E,00,80,05,0005,03F8,00,4,00,CF00,0005,0
104,001184,0400,0000C240,000003C0,00,1E,00,80,05,0005,03F8,00,4,00,CF00,0005,0
104,00114C,0400,0000C240,000003C0,00,1E,00,80,05,0005,03F8,00,4,00,CF00,0005,0
104,001154,0400,0000C240,000003C0,00,1E,00,80,05,0005,03F8,00,4,00,CF00,0005,0
104,00115C,0400,0000C240,000003C0,00,1E,00,80,05,0005,03F8,00,4,00,CF00,0005,0
104,001164,0400,0000C240,000003C0,00,1E,00,80,05,0005,03F8,00,4,00,CF00,0005,0
104,00116C,0400,0000C240,000003C0,00,1E,00,80,05,0005,03F8,00,4,00,CF00,0005,0
104,001174,0400,0000C240,000003C0,00,1E,00,80,05,0005,03F8,00,4,00,CF00,0005,0
104,00117C,0400,0000C240,000003C0,00,1E,00,80,05,0005,03F8,00,4,00,CF00,0005,0
104,001184,0400,0000C240,000003C0,00,1E,00,80,05,0005,03F8,00,4,00,CF00,0005,0
104,00114C,0400,0000C240,000003C0,00,1E,00,80,05,0005,03F8,00,4,00,CF00,0005,0
104,001154,0400,0000C240,000003C0,00,1E,00,80,05,0005,03F8,00,4,00,CF00,0005,0
104,00115C,0400,0000C240,000003C0,00,1E,00,80,05,0005,03F8,00,4,00,CF00,0005,0
104,001164,0400,0000C240,000003C0,00,1E,00,80,05,0005,03F8,00,4,00,CF00,0005,0
104,00116C,0400,0000C240,000003C0,00,1E,00,80,05,0005,03F8,00,4,00,CF00,0005,0
104,001174,0400,0000C240,000003C0,00,1E,00,80,05,0005,03F8,00,4,00,CF00,0005,0
104,00117C,0400,0000C240,000003C0,00,1E,00,80,05,0005,03F8,00,4,00,CF00,0005,0
104,001184,0400,0000C240,000003C0,00,1E,00,80,05,0005,03F8,00,4,00,CF00,0005,0
104,00114C,0400,0000C240,000003C0,00,1E,00,80,05,0005,03F8,00,4,00,CF00,0005,0
104,001154,0400,0000C240,000003C0,00,1E,00,80,05,0005,03F8,00,4,00,CF00,0005,0
104,00115C,0400,0000C240,000003C0,00,1E,00,80,05,0005,03F8,00,4,00,CF00,0005,0
104,001164,0400,0000C240,000003C0,00,1E,00,80,05,0005,03F8,00,4,00,CF00,0005,0
104,00116C,0400,0000C240,000003C0,00,1E,00,80,05,0005,03F8,00,4,00,CF00,0005,0
104,001174,0400,0000C240,000003C0,00,1E,00,80,05,0005,03F8,00,4,00,CF00,0005,0
104,00117C,0400,0000C240,000003C0,00,1E,00,80,05,0005,03F8,00,4,00,CF00,0005,0
104,001184,0400,0000C240,000003C0,00,1E,00,80,05,0005,03F8,00,4,00,CF00,0005,0
104,00114C,0400,0000C240,000003C0,00,1E,00,80,05,0005,03F8,00,4,00,CF00,0005,0
104,001154,0400,0000C240,000003C0,00,1E,00,80,05,0005,03F8,00,4,00,CF00,0005,0
104,00115C,0400,0000C240,000003C0,00,1E,00,80,05,0005,03F8,00,4,00,CF00,0005,0
104,001164,0400,0000C240,000003C0,00,1E,00,80,05,0005,03F8,00,4,00,CF00,0005,0
104,00116C,0400,0000C240,000003C0,00,1E,00,80,05,0005,03F8,00,4,00,CF00,0005,0
104,001174,0400,0000C240,000003C0,00,1E,00,80,05,0005,03F8,00,4,00,CF00,0005,0
104,00117C,0400,0000C240,000003C0,00,1E,00,80,05,0005,03F8,00,4,00,CF00,0005,0
104,001184,0400,0000C240,000003C0,00,1E,00,80,05,0005,03F8,00,4,00,CF00,0005,0
104,00114C,0400,0000C240,000003C0,00,1E,00,80,05,0005,03F8,00,4,00,CF00,0005,0
104,001154,0400,0000C240,000003C0,00,1E,00,80,05,0005,03F8,00,4,00,CF00,0005,0
104,00115C,0400,0000C240,000003C0,00,1E,00,80,05,0005,03F8,00,4,00,CF00,0005,0
104,001164,0400,0000C240,000003C0,00,1E,00,80,05,0005,03F8,00,4,00,CF00,0005,0
104,00116C,0400,0000C240,000003C0,00,1E,00,80,05,0005,03F8,00,4,00,CF00,0005,0
104,001174,0400,0000C240,000003C0,00,1E,00,80,05,0005,03F8,00,4,00,CF00,0005,0
104,00117C,0400,0000C240,000003C0,00,1E,00,80,05,0005,03F8,00,4,00,CF00,0005,0
104,001184,0400,0000C240,000003C0,00,1E,00,80,05,0005,03F8,00,4,00,CF00,0005,0
104,00114C,0400,0000C240,000003C0,00,1E,00,80,05,0005,03F8,00,4,00,CF00,0005,0
104,001154,0400,0000C240,000003C0,00,1E,00,80,05,0005,03F8,00,4,00,CF00,0005,0
104,00115C,0400,0000C240,000003C0,00,1E,00,80,05,0005,03F8,00,4,00,CF00,0005,0
104,001164,0400,0000C240,000003C0,00,1E,00,80,05,0005,03F8,00,4,00,CF00,0005,0
104,00116C,0400,0000C240,000003C0,00,1E,00,80,05,0005,03F8,00,4,00,CF00,0005,0
104,001174,0400,0000C240,000003C0,00,1E,00,80,05,0005,03F8,00,4,00,CF00,0005,0
104,00117C,0400,0000C240,000003C0,00,1E,00,80,05,0005,03F8,00,4,00,CF00,0005,0
104,001184,0400,0000C240,000003C0,00,1E,00,80,05,0005,03F8,00,4,00,CF00,0005,0
104,00114C,0400,0000C240,000003C0,00,1E,00,80,05,0005,03F8,00,4,00,CF00,0005,0
104,001154,0400,0000C240,000003C0,00,1E,00,80,05,0005,03F8,00,4,00,CF00,0005,0
104,00115C,0400,0000C240,000003C0,00,1E,00,80,05,0005,03F8,00,4,00,CF00,0005,0
104,001164,0400,0000C240,000003C0,00,1E,00,80,05,0005,03F8,00,4,00,CF00,0005,0
104,00116C,0400,0000C240,000003C0,00,1E,00,80,05,0005,03F8,00,4,00,CF00,0005,0
104,001174,0400,0000C240,000003C0,00,1E,00,80,05,0005,03F8,00,4,00,CF00,0005,0
104,00117C,0400,0000C240,000003C0,00,1E,00,80,05,0005,03F8,00,4,00,CF00,0005,0
104,001184,0400,0000C240,000003C0,00,1E,00,80,05,0005,03F8,00,4,00,CF00,0005,0
104,00114C,0400,0000C240,000003C0,00,1E,00,80,05,0005,03F8,00,4,00,CF00,0005,0
104,001154,0400,0000C240,000003C0,00,1E,00,80,05,0005,03F8,00,4,00,CF00,0005,0
104,00115C,0400,0000C240,000003C0,00,1E,00,80,05,0005,03F8,00,4,00,CF00,0005,0
104,001164,0400,0000C240,000003C0,00,1E,00,80,05,0005,03F8,00,4,00,CF00,0005,0
104,00116C,0400,0000C240,000003C0,00,1E,00,80,05,0005,03F8,00,4,00,CF00,0005,0
104,001174,0400,0000C240,000003C0,00,1E,00,80,05,0005,03F8,00,4,00,CF00,0005,0
104,00117C,0400,0000C240,000003C0,00,1E,00,80,05,0005,03F8,00,4,00,CF00,0005,0
104,001184,0400,0000C240,000003C0,00,1E,00,80,05,0005,03F8,00,4,00,CF00,0005,0
104,00114C,0400,0000C240,000003C0,00,1E,00,80,05,0005,03F8,00,4,00,CF00,0005,0
104,001154,0400,0000C240,000003C0,00,1E,00,80,05,0005,03F8,00,4,00,CF00,0005,0
104,00115C,0400,0000C240,000003C0,00,1E,00,80,05,0005,03F8,00,4,00,CF00,0005,0
104,001164,0400,0000C240,000003C0,00,1E,00,80,05,0005,03F8,00,4,00,CF00,0005,0
104,00116C,0400,0000C240,000003C0,00,1E,00,80,05,0005,03F8,00,4,00,CF00,0005,0
104,001174,0400,0000C240,000003C0,00,1E,00,80,05,0005,03F8,00,4,00,CF00,0005,0
104,00117C,0400,0000C240,000003C0,00,1E,00,80,05,0005,03F8,00,4,00,CF00,0005,0
104,001184,0400,0000C240,000003C0,00,1E,00,80,05,0005,03F8,00,4,00,CF00,0005,0
104,00114C,0400,0000C240,000003C0,00,1E,00,80,05,0005,03F8,00,4,00,CF00,0005,0
104,001154,0400,0000C240,000003C0,00,1E,00,80,05,0005,03F8,00,4,00,CF00,0005,0
104,00115C,0400,0000C240,000003C0,00,1E,00,80,05,0005,03F8,00,4,00,CF00,0005,0
104,001164,0400,0000C240,000003C0,00,1E,00,80,05,0005,03F8,00,4,00,CF00,0005,0
104,00116C,0400,0000C240,000003C0,00,1E,00,80,05,0005,03F8,00,4,00,CF00,0005,0
104,001174,0400,0000C240,000003C0,00,1E,00,80,05,0005,03F8,00,4,00,CF00,0005,0
104,00117C,0400,0000C240,000003C0,00,1E,00,80,05,0005,03F8,00,4,00,CF00,0005,0
104,001184,0400,0000C240,000003C0,00,1E,00,80,05,0005,03F8,00,4,00,CF00,0005,0
104,00114C,0400,0000C240,000003C0,00,1E,00,80,05,0005,03F8,00,4,00,CF00,0005,0
104,001154,0400,0000C240,000003C0,00,1E,00,80,05,0005,03F8,00,4,00,CF00,0005,0
104,00115C,0400,0000C240,000003C0,00,1E,00,80,05,0005,03F8,00,4,00,CF00,0005,0
104,001164,0400,0000C240,000003C0,00,1E,00,80,05,0005,03F8,00,4,00,CF00,0005,0
104,00116C,0400,0000C240,000003C0,00,1E,00,80,05,0005,03F8,00,4,00,CF00,0005,0
104,001174,0400,0000C240,000003C0,00,1E,00,80,05,0005,03F8,00,4,00,CF00,0005,0
104,00117C,0400,0000C240,000003C0,00,1E,00,80,05,0005,03F8,00,4,00,CF00,0005,0
104,001184,0400,0000C240,000003C0,00,1E,00,80,05,0005,03F8,00,4,00,CF00,0005,0
104,00114C,0400,0000C240,000003C0,00,1E,00,80,05,0005,03F8,00,4,00,CF00,0005,0
104,001154,0400,0000C240,000003C0,00,1E,00,80,05,0005,03F8,00,4,00,CF00,0005,0
104,00115C,0400,0000C240,000003C0,00,1E,00,80,05,0005,03F8,00,4,00,CF00,0005,0
104,001164,0400,0000C240,000003C0,00,1E,00,80,05,0005,03F8,00,4,00,CF00,0005,0
104,00116C,0400,0000C240,000003C0,00,1E,00,80,05,0005,03F8,00,4,00,CF00,0005,0
104,001174,0400,0000C240,000003C0,00,1E,00,80,05,0005,03F8,00,4,00,CF00,0005,0
104,00117C,0400,0000C240,000003C0,00,1E,00,80,05,0005,03F8,00,4,00,CF00,0005,0
104,001184,0400,0000C240,000003C0,00,1E,00,80,05,0005,03F8,00,4,00,CF00,0005,0
104,00114C,0400,0000C240,000003C0,00,1E,00,80,05,0005,03F8,00,4,00,CF00,0005,0
104,001154,0400,0000C240,000003C0,00,1E,00,80,05,0005,03F8,00,4,00,CF00,0005,0
104,00115C,0400,0000C240,000003C0,00,1E,00,80,05,0005,03F8,00,4,00,CF00,0005,0
104,001164,0400,0000C240,000003C0,00,1E,00,80,05,0005,03F8,00,4,00,CF00,0005,0
104,00116C,0400,0000C240,000003C0,00,1E,00,80,05,0005,03F8,00,4,00,CF00,0005,0
104,001174,0400,0000C240,000003C0,00,1E,00,80,05,0005,03F8,00,4,00,CF00,0005,0
104,00117C,0400,0000C240,000003C0,00,1E,00,80,05,0005,03F8,00,4,00,CF00,0005,0
104,001184,0400,0000C240,000003C0,00,1E,00,80,05,0005,03F8,00,4,00,CF00,0005,0
104,00114C,0400,0000C240,000003C0,00,1E,00,80,05,0005,03F8,00,4,00,CF00,0005,0
104,001154,0400,0000C240,000003C0,00,1E,00,80,05,0005,03F8,00,4,00,CF00,0005,0
104,00115C,0400,0000C240,000003C0,00,1E,00,80,05,0005,03F8,00,4,00,CF00,0005,0
104,001164,0400,0000C240,000003C0,00,1E,00,80,05,0005,03F8,00,4,00,CF00,0005,0
104,00116C,0400,0000C240,000003C0,00,1E,00,80,05,0005,03F8,00,4,00,CF00,0005,0
104,001174,0400,0000C240,000003C0,00,1E,00,80,05,0005,03F8,00,4,00,CF00,0005,0
104,00117C,0400,0000C240,000003C0,00,1E,00,80,05,0005,03F8,00,4,00,CF00,0005,0
104,001184,0400,0000C240,000003C0,00,1E,00,80,05,0005,03F8,00,4,00,CF00,0005,0
104,00114C,0400,0000C240,000003C0,00,1E,00,80,05,0005,03F8,00,4,00,CF00,0005,0
104,001154,0400,0000C240,000003C0,00,1E,00,80,05,0005,03F8,00,4,00,CF00,0005,0
104,00115C,0400,0000C240,000003C0,00,1E,00,80,05,0005,03F8,00,4,00,CF00,0005,0
104,001164,0400,0000C240,000003C0,00,1E,00,80,05,0005,03F8,00,4,00,CF00,0005,0
104,00116C,0400,0000C240,000003C0,00,1E,00,80,05,0005,03F8,00,4,00,CF00,0005,0
104,001174,0400,0000C240,000003C0,00,1E,00,80,05,0005,03F8,00,4,00,CF00,0005,0
104,00117C,0400,0000C240,000003C0,00,1E,00,80,05,0005,03F8,00,4,00,CF00,0005,0
104,001184,0400,0000C240,000003C0,00,1E,00,80,05,0005,03F8,00,4,00,CF00,0005,0
104,00114C,0400,0000C240,000003C0,00,1E,00,80,05,0005,03F8,00,4,00,CF00,0005,0
104,001154,0400,0000C240,000003C0,00,1E,00,80,05,0005,03F8,00,4,00,CF00,0005,0
104,00115C,0400,0000C240,000003C0,00,1E,00,80,05,0005,03F8,00,4,00,CF00,0005,0
104,001164,0400,0000C240,000003C0,00,1E,00,80,05,0005,03F8,00,4,00,CF00,0005,0
104,00116C,0400,0000C240,000003C0,00,1E,00,80,05,0005,03F8,00,4,00,CF00,0005,0
104,001174,0400,0000C240,000003C0,00,1E,00,80,05,0005,03F8,00,4,00,CF00,0005,0
104,00117C,0400,0000C240,000003C0,00,1E,00,80,05,0005,03F8,00,4,00,CF00,0005,0
104,001184,0400,0000C240,000003C0,00,1E,00,80,05,0005,03F8,00,4,00,CF00,0005,0
104,00114C,0400,0000C240,000003C0,00,1E,00,80,05,0005,03F8,00,4,00,CF00,0005,0
104,001154,0400,0000C240,000003C0,00,1E,00,80,05,0005,03F8,00,4,00,CF00,0005,0
104,00115C,0400,0000C240,000003C0,00,1E,00,80,05,0005,03F8,00,4,00,CF00,0005,0
104,001164,0400,0000C240,000003C0,00,1E,00,80,05,0005,03F8,00,4,00,CF00,0005,0
104,00116C,0400,0000C240,000003C0,00,1E,00,80,05,0005,03F8,00,4,00,CF00,0005,0
104,001174,0400,0000C240,000003C0,00,1E,00,80,05,0005,03F8,00,4,00,CF00,0005,0
104,00117C,0400,0000C240,000003C0,00,1E,00,80,05,0005,03F8,00,4,00,CF00,0005,0
104,001184,0400,0000C240,000003C0,00,1E,00,80,05,0005,03F8,00,4,00,CF00,0005,0
104,00114C,0400,0000C240,000003C0,00,1E,00,80,05,0005,03F8,00,4,00,CF00,0005,0
104,001154,0400,0000C240,000003C0,00,1E,00,80,05,0005,03F8,00,4,00,CF00,0005,0
104,00115C,0400,0000C240,000003C0,00,1E,00,80,05,0005,03F8,00,4,00,CF00,0005,0
104,001164,0400,0000C240,000003C0,00,1E,00,80,05,0005,03F8,00,4,00,CF00,0005,0
104,00116C,0400,0000C240,000003C0,00,1E,00,80,05,0005,03F8,00,4,00,CF00,0005,0
104,001174,0400,0000C240,000003C0,00,1E,00,80,05,0005,03F8,00,4,00,CF00,0005,0
104,00117C,0400,0000C240,000003C0,00,1E,00,80,05,0005,03F8,00,4,00,CF00,0005,0
104,001184,0400,0000C240,000003C0,00,1E,00,80,05,0005,03F8,00,4,00,CF00,0005,0
104,00114C,0400,0000C240,000003C0,00,1E,00,80,05,0005,03F8,00,4,00,CF00,0005,0
104,001154,0400,0000C240,000003C0,00,1E,00,80,05,0005,03F8,00,4,00,CF00,0005,0
104,00115C,0400,0000C240,000003C0,00,1E,00,80,05,0005,03F8,00,4,00,CF00,0005,0
104,001164,0400,0000C240,000003C0,00,1E,00,80,05,0005,03F8,00,4,00,CF00,0005,0
104,00116C,0400,0000C240,000003C0,00,1E,00,80,05,0005,03F8,00,4,00,CF00,0005,0
104,001174,0400,0000C240,000003C0,00,1E,00,80,05,0005,03F8,00,4,00,CF00,0005,0
104,00117C,0400,0000C240,000003C0,00,1E,00,80,05,0005,03F8,00,4,00,CF00,0005,0
104,001184,0400,0000C240,000003C0,00,1E,00,80,05,0005,03F8,00,4,00,CF00,0005,0
104,00114C,0400,0000C240,000003C0,00,1E,00,80,05,0005,03F8,00,4,00,CF00,0005,0
104,001154,0400,0000C240,000003C0,00,1E,00,80,05,0005,03F8,00,4,00,CF00,0005,0
104,00115C,0400,0000C240,000003C0,00,1E,00,80,05,0005,03F8,00,4,00,CF00,0005,0
104,001164,0400,0000C240,000003C0,00,1E,00,80,05,0005,03F8,00,4,00,CF00,0005,0
104,00116C,0400,0000C240,000003C0,00,1E,00,80,05,0005,03F8,00,4,00,CF00,0005,0
104,001174,0400,0000C240,000003C0,00,1E,00,80,05,0005,03F8,00,4,00,CF00,0005,0
104,00117C,0400,0000C240,000003C0,00,1E,00,80,05,0005,03F8,00,4,00,CF00,0005,0
104,001184,0400,0000C240,000003C0,00,1E,00,80,05,0005,03F8,00,4,00,CF00,0005,0
104,00114C,0400,0000C240,000003C0,00,1E,00,80,05,0005,03F8,00,4,00,CF00,0005,0
104,001154,0400,0000C240,000003C0,00,1E,00,80,05,0005,03F8,00,4,00,CF00,0005,0
104,00115C,0400,0000C240,000003C0,00,1E,00,80,05,0005,03F8,00,4,00,CF00,0005,0
104,001164,0400,0000C240,000003C0,00,1E,00,80,05,0005,03F8,00,4,00,CF00,0005,0
104,00116C,0400,0000C240,000003C0,00,1E,00,80,05,0005,03F8,00,4,00,CF00,0005,0
104,001174,0400,0000C240,000003C0,00,1E,00,80,05,0005,03F8,00,4,00,CF00,0005,0
104,00117C,0400,0000C240,000003C0,00,1E,00,80,05,0005,03F8,00,4,00,CF00,0005,0
104,001184,0400,0000C240,000003C0,00,1E,00,80,05,0005,03F8,00,4,00,CF00,0005,0
104,00114C,0400,0000C240,000003C0,00,1E,00,80,05,0005,03F8,00,4,00,CF00,0005,0
104,001154,0400,0000C240,000003C0,00,1E,00,80,05,0005,03F8,00,4,00,CF00,0005,0
104,00115C,0400,0000C240,000003C0,00,1E,00,80,05,0005,03F8,00,4,00,CF00,0005,0
104,001164,0400,0000C240,000003C0,00,1E,00,80,05,0005,03F8,00,4,00,CF00,0005,0
104,00116C,0400,0000C240,000003C0,00,1E,00,80,05,0005,03F8,00,4,00,CF00,0005,0
104,001174,0400,0000C240,000003C0,00,1E,00,80,05,0005,03F8,00,4,00,CF00,0005,0
104,00117C,0400,0000C240,000003C0,00,1E,00,80,05,0005,03F8,00,4,00,CF00,0005,0
104,001184,0400,0000C240,000003C0,00,1E,00,80,05,0005,03F8,00,4,00,CF00,0005,0
104,00114C,0400,0000C240,000003C0,00,1E,00,80,05,0005,03F8,00,4,00,CF00,0005,0
104,001154,0400,0000C240,000003C0,00,1E,00,80,05,0005,03F8,00,4,00,CF00,0005,0
104,00115C,0400,0000C240,000003C0,00,1E,00,80,05,0005,03F8,00,4,00,CF00,0005,0
104,001164,0400,0000C240,000003C0,00,1E,00,80,05,0005,03F8,00,4,00,CF00,0005,0
104,00116C,0400,0000C240,000003C0,00,1E,00,80,05,0005,03F8,00,4,00,CF00,0005,0
104,001174,0400,0000C240,000003C0,00,1E,00,80,05,0005,03F8,00,4,00,CF00,0005,0
104,00117C,0400,0000C240,000003C0,00,1E,00,80,05,0005,03F8,00,4,00,CF00,0005,0
104,001184,0400,0000C240,000003C0,00,1E,00,80,05,0005,03F8,00,4,00,CF00,0005,0
104,00114C,0400,0000C240,000003C0,00,1E,00,80,05,0005,03F8,00,4,00,CF00,0005,0
104,001154,0400,0000C240,000003C0,00,1E,00,80,05,0005,03F8,00,4,00,CF00,0005,0
104,00115C,0400,0000C240,000003C0,00,1E,00,80,05,0005,03F8,00,4,00,CF00,0005,0
104,001164,0400,0000C240,000003C0,00,1E,00,80,05,0005,03F8,00,4,00,CF00,0005,0
104,00116C,0400,0000C240,000003C0,00,1E,00,80,05,0005,03F8,00,4,00,CF00,0005,0
104,001174,0400,0000C240,000003C0,00,1E,00,80,05,0005,03F8,00,4,00,CF00,0005,0
104,00117C,0400,0000C240,000003C0,00,1E,00,80,05,0005,03F8,00,4,00,CF00,0005,0
104,001184,0400,0000C240,000003C0,00,1E,00,80,05,0005,03F8,00,4,00,CF00,0005,0
104,00114C,0400,0000C240,000003C0,00,1E,00,80,05,0005,03F8,00,4,00,CF00,0005,0
104,001154,0400,0000C240,000003C0,00,1E,00,80,05,0005,03F8,00,4,00,CF00,0005,0
104,00115C,0400,0000C240,000003C0,00,1E,00,80,05,0005,03F8,00,4,00,CF00,0005,0
104,001164,0400,0000C240,000003C0,00,1E,00,80,05,0005,03F8,00,4,00,CF00,0005,0
104,00116C,0400,0000C240,000003C0,00,1E,00,80,05,0005,03F8,00,4,00,CF00,0005,0
104,001174,0400,0000C240,000003C0,00,1E,00,80,05,0005,03F8,00,4,00,CF00,0005,0
104,00117C,0400,0000C240,000003C0,00,1E,00,80,05,0005,03F8,00,4,00,CF00,0005,0
104,001184,0400,0000C240,000003C0,00,1E,00,80,05,0005,03F8,00,4,00,CF00,0005,0
104,00114C,0400,0000C240,000003C0,00,1E,00,80,05,0005,03F8,00,4,00,CF00,0005,0
104,001154,0400,0000C240,000003C0,00,1E,00,80,05,0005,03F8,00,4,00,CF00,0005,0
104,00115C,0400,0000C240,000003C0,00,1E,00,80,05,0005,03F8,00,4,00,CF00,0005,0
104,001164,0400,0000C240,000003C0,00,1E,00,80,05,0005,03F8,00,4,00,CF00,0005,0
104,00116C,0400,0000C240,000003C0,00,1E,00,80,05,0005,03F8,00,4,00,CF00,0005,0
104,001174,0400,0000C240,000003C0,00,1E,00,80,05,0005,03F8,00,4,00,CF00,0005,0
104,00117C,0400,0000C240,000003C0,00,1E,00,80,05,0005,03F8,00,4,00,CF00,0005,0
104,001184,0400,0000C240,000003C0,00,1E,00,80,05,0005,03F8,00,4,00,CF00,0005,0
104,00114C,0400,0000C240,000003C0,00,1E,00,80,05,0005,03F8,00,4,00,CF00,0005,0
104,001154,0400,0000C240,000003C0,00,1E,00,80,05,0005,03F8,00,4,00,CF00,0005,0
104,00115C,0400,0000C240,000003C0,00,1E,00,80,05,0005,03F8,00,4,00,CF00,0005,0
104,001164,0400,0000C240,000003C0,00,1E,00,80,05,0005,03F8,00,4,00,CF00,0005,0
104,00116C,0400,0000C240,000003C0,00,1E,00,80,05,0005,03F8,00,4,00,CF00,0005,0
104,001174,0400,0000C240,000003C0,00,1E,00,80,05,0005,03F8,00,4,00,CF00,0005,0
104,00117C,0400,0000C240,000003C0,00,1E,00,80,05,0005,03F8,00,4,00,CF00,0005,0
104,001184,0400,0000C240,000003C0,00,1E,00,80,05,0005,03F8,00,4,00,CF00,0005,0
104,00114C,0400,0000C240,000003C0,00,1E,00,80,05,0005,03F8,00,4,00,CF00,0005,0
104,001154,0400,0000C240,000003C0,00,1E,00,80,05,0005,03F8,00,4,00,CF00,0005,0
104,00115C,0400,0000C240,000003C0,00,1E,00,80,05,0005,03F8,00,4,00,CF00,0005,0
104,001164,0400,0000C240,000003C0,00,1E,00,80,05,0005,03F8,00,4,00,CF00,0005,0
104,00116C,0400,0000C240,000003C0,00,1E,00,80,05,0005,03F8,00,4,00,CF00,0005,0
104,001174,0400,0000C240,000003C0,00,1E,00,80,05,0005,03F8,00,4,00,CF00,0005,0
104,00117C,0400,0000C240,000003C0,00,1E,00,80,05,0005,03F8,00,4,00,CF00,0005,0
104,001184,0400,0000C240,000003C0,00,1E,00,80,05,0005,03F8,00,4,00,CF00,0005,0
117,00169E,0124,0000C000,00000000,00,00,00,B0,24,0124,03C0,24,0,00,C000,0124,1
117,00169E,0124,0000C002,00000001,00,00,01,B0,24,0124,03C0,24,0,00,C002,0124,1
117,00169E,2124,0000C004,00000002,00,00,02,B0,24,0124,03C0,24,2,01,C004,2124,1
117,00169E,2124,0000C006,00000003,00,00,03,B0,24,0124,03C0,24,2,01,C006,2124,1
117,00169E,0124,0000C008,00000004,00,00,04,B0,24,0124,03C1,24,0,00,C008,0124,1
117,00169E,0124,0000C00A,00000005,00,00,05,B0,24,0124,03C1,24,0,00,C00A,0124,1
117,00169E,2124,0000C00C,00000006,00,00,06,B0,24,0124,03C1,24,2,01,C00C,2124,1
117,00169E,2124,0000C00E,00000007,00,00,07,B0,24,0124,03C1,24,2,01,C00E,2124,1
117,00169E,0124,0000C010,00000008,00,00,08,B0,24,0124,03C2,24,0,00,C010,0124,1
117,00169E,0124,0000C012,00000009,00,00,09,B0,24,0124,03C2,24,0,00,C012,0124,1
117,00169E,2124,0000C014,0000000A,00,00,0A,B0,24,0124,03C2,24,2,01,C014,2124,1
117,00169E,2124,0000C016,0000000B,00,00,0B,B0,24,0124,03C2,24,2,01,C016,2124,1
117,00169E,0124,0000C018,0000000C,00,00,0C,B0,24,0124,03C3,24,0,00,C018,0124,1
117,00169E,0124,0000C01A,0000000D,00,00,0D,B0,24,0124,03C3,24,0,00,C01A,0124,1
117,00169E,2124,0000C01C,0000000E,00,00,0E,B0,24,0124,03C3,24,2,01,C01C,2124,1
117,00169E,2124,0000C01E,0000000F,00,00,0F,B0,24,0124,03C3,24,2,01,C01E,2124,1
117,00169E,0124,0000C020,00000010,00,00,10,B0,24,0124,03C4,24,0,00,C020,0124,1
117,00169E,0124,0000C022,00000011,00,00,11,B0,24,0124,03C4,24,0,00,C022,0124,1
117,00169E,2124,0000C024,00000012,00,00,12,B0,24,0124,03C4,24,2,01,C024,2124,1
117,00169E,2124,0000C026,00000013,00,00,13,B0,24,0124,03C4,24,2,01,C026,2124,1
117,00169E,0124,0000C028,00000014,00,00,14,B0,24,0124,03C5,24,0,00,C028,0124,1
117,00169E,0124,0000C02A,00000015,00,00,15,B0,24,0124,03C5,24,0,00,C02A,0124,1
117,00169E,2124,0000C02C,00000016,00,00,16,B0,24,0124,03C5,24,2,01,C02C,2124,1
117,00169E,2124,0000C02E,00000017,00,00,17,B0,24,0124,03C5,24,2,01,C02E,2124,1
117,00169E,0124,0000C030,00000018,00,00,18,B0,24,0124,03C6,24,0,00,C030,0124,1
117,00169E,0124,0000C032,00000019,00,00,19,B0,24,0124,03C6,24,0,00,C032,0124,1
117,00169E,2124,0000C034,0000001A,00,00,1A,B0,24,0124,03C6,24,2,01,C034,2124,1
117,00169E,2124,0000C036,0000001B,00,00,1B,B0,24,0124,03C6,24,2,01,C036,2124,1
117,00169E,0124,0000C038,0000001C,00,00,1C,B0,24,0124,03C7,24,0,00,C038,0124,1
117,00169E,0124,0000C03A,0000001D,00,00,1D,B0,24,0124,03C7,24,0,00,C03A,0124,1
117,00169E,2124,0000C03C,0000001E,00,00,1E,B0,24,0124,03C7,24,2,01,C03C,2124,1
117,00169E,2124,0000C03E,0000001F,00,00,1F,B0,24,0124,03C7,24,2,01,C03E,2124,1
117,00169E,0124,0000C080,00000020,00,01,00,B0,24,0124,03C0,24,0,00,C080,0124,1
117,00169E,0124,0000C082,00000021,00,01,01,B0,24,0124,03C0,24,0,00,C082,0124,1
117,00169E,2124,0000C084,00000022,00,01,02,B0,24,0124,03C0,24,2,01,C084,2124,1
117,00169E,2124,0000C086,00000023,00,01,03,B0,24,0124,03C0,24,2,01,C086,2124,1
117,00169E,0124,0000C088,00000024,00,01,04,B0,24,0124,03C1,24,0,00,C088,0124,1
117,00169E,0124,0000C08A,00000025,00,01,05,B0,24,0124,03C1,24,0,00,C08A,0124,1
117,00169E,2124,0000C08C,00000026,00,01,06,B0,24,0124,03C1,24,2,01,C08C,2124,1
117,00169E,2124,0000C08E,00000027,00,01,07,B0,24,0124,03C1,24,2,01,C08E,2124,1
117,00169E,0124,0000C090,00000028,00,01,08,B0,24,0124,03C2,24,0,00,C090,0124,1
117,00169E,0124,0000C092,00000029,00,01,09,B0,24,0124,03C2,24,0,00,C092,0124,1
117,00169E,2124,0000C094,0000002A,00,01,0A,B0,24,0124,03C2,24,2,01,C094,2124,1
117,00169E,2124,0000C096,0000002B,00,01,0B,B0,24,0124,03C2,24,2,01,C096,2124,1
117,00169E,0124,0000C098,0000002C,00,01,0C,B0,24,0124,03C3,24,0,00,C098,0124,1
117,00169E,0124,0000C09A,0000002D,00,01,0D,B0,24,0124,03C3,24,0,00,C09A,0124,1
117,00169E,2124,0000C09C,0000002E,00,01,0E,B0,24,0124,03C3,24,2,01,C09C,2124,1
117,00169E,2124,0000C09E,0000002F,00,01,0F,B0,24,0124,03C3,24,2,01,C09E,2124,1
117,00169E,0124,0000C0A0,00000030,00,01,10,B0,24,0124,03C4,24,0,00,C0A0,0124,1
117,00169E,0124,0000C0A2,00000031,00,01,11,B0,24,0124,03C4,24,0,00,C0A2,0124,1
117,00169E,2124,0000C0A4,00000032,00,01,12,B0,24,0124,03C4,24,2,01,C0A4,2124,1
117,00169E,2124,0000C0A6,00000033,00,01,13,B0,24,0124,03C4,24,2,01,C0A6,2124,1
117,00169E,0124,0000C0A8,00000034,00,01,14,B0,24,0124,03C5,24,0,00,C0A8,0124,1
117,00169E,0124,0000C0AA,00000035,00,01,15,B0,24,0124,03C5,24,0,00,C0AA,0124,1
117,00169E,2124,0000C0AC,00000036,00,01,16,B0,24,0124,03C5,24,2,01,C0AC,2124,1
117,00169E,2124,0000C0AE,00000037,00,01,17,B0,24,0124,03C5,24,2,01,C0AE,2124,1
117,00169E,0124,0000C0B0,00000038,00,01,18,B0,24,0124,03C6,24,0,00,C0B0,0124,1
117,00169E,0124,0000C0B2,00000039,00,01,19,B0,24,0124,03C6,24,0,00,C0B2,0124,1
117,00169E,2124,0000C0B4,0000003A,00,01,1A,B0,24,0124,03C6,24,2,01,C0B4,2124,1
117,00169E,2124,0000C0B6,0000003B,00,01,1B,B0,24,0124,03C6,24,2,01,C0B6,2124,1
117,00169E,0124,0000C0B8,0000003C,00,01,1C,B0,24,0124,03C7,24,0,00,C0B8,0124,1
117,00169E,0124,0000C0BA,0000003D,00,01,1D,B0,24,0124,03C7,24,0,00,C0BA,0124,1
117,00169E,2124,0000C0BC,0000003E,00,01,1E,B0,24,0124,03C7,24,2,01,C0BC,2124,1
117,00169E,2124,0000C0BE,0000003F,00,01,1F,B0,24,0124,03C7,24,2,01,C0BE,2124,1
117,00169E,4124,0000C100,00000040,00,02,00,B0,24,0124,03C0,24,4,02,C100,4124,1
117,00169E,4124,0000C102,00000041,00,02,01,B0,24,0124,03C0,24,4,02,C102,4124,1
117,00169E,0124,0000C104,00000042,00,02,02,B0,24,0124,03C0,24,6,00,C104,0124,1
117,00169E,0124,0000C106,00000043,00,02,03,B0,24,0124,03C0,24,6,00,C106,0124,1
117,00169E,4124,0000C108,00000044,00,02,04,B0,24,0124,03C1,24,4,02,C108,4124,1
117,00169E,4124,0000C10A,00000045,00,02,05,B0,24,0124,03C1,24,4,02,C10A,4124,1
117,00169E,0124,0000C10C,00000046,00,02,06,B0,24,0124,03C1,24,6,00,C10C,0124,1
117,00169E,0124,0000C10E,00000047,00,02,07,B0,24,0124,03C1,24,6,00,C10E,0124,1
117,00169E,4124,0000C110,00000048,00,02,08,B0,24,0124,03C2,24,4,02,C110,4124,1
117,00169E,4124,0000C112,00000049,00,02,09,B0,24,0124,03C2,24,4,02,C112,4124,1
118,00169E,0124,0000C114,0000004A,00,02,0A,B0,24,0124,03C2,24,6,00,C114,0124,1
118,00169E,0124,0000C116,0000004B,00,02,0B,B0,24,0124,03C2,24,6,00,C116,0124,1
118,00169E,4124,0000C118,0000004C,00,02,0C,B0,24,0124,03C3,24,4,02,C118,4124,1
118,00169E,4124,0000C11A,0000004D,00,02,0D,B0,24,0124,03C3,24,4,02,C11A,4124,1
118,00169E,0124,0000C11C,0000004E,00,02,0E,B0,24,0124,03C3,24,6,00,C11C,0124,1
118,00169E,0124,0000C11E,0000004F,00,02,0F,B0,24,0124,03C3,24,6,00,C11E,0124,1
118,00169E,4124,0000C120,00000050,00,02,10,B0,24,0124,03C4,24,4,02,C120,4124,1
118,00169E,4124,0000C122,00000051,00,02,11,B0,24,0124,03C4,24,4,02,C122,4124,1
118,00169E,0124,0000C124,00000052,00,02,12,B0,24,0124,03C4,24,6,00,C124,0124,1
118,00169E,0124,0000C126,00000053,00,02,13,B0,24,0124,03C4,24,6,00,C126,0124,1
118,00169E,4124,0000C128,00000054,00,02,14,B0,24,0124,03C5,24,4,02,C128,4124,1
118,00169E,4124,0000C12A,00000055,00,02,15,B0,24,0124,03C5,24,4,02,C12A,4124,1
118,00169E,0124,0000C12C,00000056,00,02,16,B0,24,0124,03C5,24,6,00,C12C,0124,1
118,00169E,0124,0000C12E,00000057,00,02,17,B0,24,0124,03C5,24,6,00,C12E,0124,1
118,00169E,4124,0000C130,00000058,00,02,18,B0,24,0124,03C6,24,4,02,C130,4124,1
118,00169E,4124,0000C132,00000059,00,02,19,B0,24,0124,03C6,24,4,02,C132,4124,1
118,00169E,0124,0000C134,0000005A,00,02,1A,B0,24,0124,03C6,24,6,00,C134,0124,1
118,00169E,0124,0000C136,0000005B,00,02,1B,B0,24,0124,03C6,24,6,00,C136,0124,1
118,00169E,4124,0000C138,0000005C,00,02,1C,B0,24,0124,03C7,24,4,02,C138,4124,1
118,00169E,4124,0000C13A,0000005D,00,02,1D,B0,24,0124,03C7,24,4,02,C13A,4124,1
118,00169E,0124,0000C13C,0000005E,00,02,1E,B0,24,0124,03C7,24,6,00,C13C,0124,1
118,00169E,0124,0000C13E,0000005F,00,02,1F,B0,24,0124,03C7,24,6,00,C13E,0124,1
118,00169E,4124,0000C180,00000060,00,03,00,B0,24,0124,03C0,24,4,02,C180,4124,1
118,00169E,4124,0000C182,00000061,00,03,01,B0,24,0124,03C0,24,4,02,C182,4124,1
118,00169E,0124,0000C184,00000062,00,03,02,B0,24,0124,03C0,24,6,00,C184,0124,1
118,00169E,0124,0000C186,00000063,00,03,03,B0,24,0124,03C0,24,6,00,C186,0124,1
118,00169E,4124,0000C188,00000064,00,03,04,B0,24,0124,03C1,24,4,02,C188,4124,1
118,00169E,4124,0000C18A,00000065,00,03,05,B0,24,0124,03C1,24,4,02,C18A,4124,1
118,00169E,0124,0000C18C,00000066,00,03,06,B0,24,0124,03C1,24,6,00,C18C,0124,1
118,00169E,0124,0000C18E,00000067,00,03,07,B0,24,0124,03C1,24,6,00,C18E,0124,1
118,00169E,4124,0000C190,00000068,00,03,08,B0,24,0124,03C2,24,4,02,C190,4124,1
118,00169E,4124,0000C192,00000069,00,03,09,B0,24,0124,03C2,24,4,02,C192,4124,1
118,00169E,0124,0000C194,0000006A,00,03,0A,B0,24,0124,03C2,24,6,00,C194,0124,1
118,00169E,0124,0000C196,0000006B,00,03,0B,B0,24,0124,03C2,24,6,00,C196,0124,1
118,00169E,4124,0000C198,0000006C,00,03,0C,B0,24,0124,03C3,24,4,02,C198,4124,1
118,00169E,4124,0000C19A,0000006D,00,03,0D,B0,24,0124,03C3,24,4,02,C19A,4124,1
118,00169E,0124,0000C19C,0000006E,00,03,0E,B0,24,0124,03C3,24,6,00,C19C,0124,1
118,00169E,0124,0000C19E,0000006F,00,03,0F,B0,24,0124,03C3,24,6,00,C19E,0124,1
118,00169E,4124,0000C1A0,00000070,00,03,10,B0,24,0124,03C4,24,4,02,C1A0,4124,1
118,00169E,4124,0000C1A2,00000071,00,03,11,B0,24,0124,03C4,24,4,02,C1A2,4124,1
118,00169E,0124,0000C1A4,00000072,00,03,12,B0,24,0124,03C4,24,6,00,C1A4,0124,1
118,00169E,0124,0000C1A6,00000073,00,03,13,B0,24,0124,03C4,24,6,00,C1A6,0124,1
118,00169E,4124,0000C1A8,00000074,00,03,14,B0,24,0124,03C5,24,4,02,C1A8,4124,1
118,00169E,4124,0000C1AA,00000075,00,03,15,B0,24,0124,03C5,24,4,02,C1AA,4124,1
118,00169E,0124,0000C1AC,00000076,00,03,16,B0,24,0124,03C5,24,6,00,C1AC,0124,1
118,00169E,0124,0000C1AE,00000077,00,03,17,B0,24,0124,03C5,24,6,00,C1AE,0124,1
118,00169E,4124,0000C1B0,00000078,00,03,18,B0,24,0124,03C6,24,4,02,C1B0,4124,1
118,00169E,4124,0000C1B2,00000079,00,03,19,B0,24,0124,03C6,24,4,02,C1B2,4124,1
118,00169E,0124,0000C1B4,0000007A,00,03,1A,B0,24,0124,03C6,24,6,00,C1B4,0124,1
118,00169E,0124,0000C1B6,0000007B,00,03,1B,B0,24,0124,03C6,24,6,00,C1B6,0124,1
118,00169E,4124,0000C1B8,0000007C,00,03,1C,B0,24,0124,03C7,24,4,02,C1B8,4124,1
118,00169E,4124,0000C1BA,0000007D,00,03,1D,B0,24,0124,03C7,24,4,02,C1BA,4124,1
118,00169E,0124,0000C1BC,0000007E,00,03,1E,B0,24,0124,03C7,24,6,00,C1BC,0124,1
118,00169E,0124,0000C1BE,0000007F,00,03,1F,B0,24,0124,03C7,24,6,00,C1BE,0124,1
118,00169E,0124,0000C200,00000080,00,04,00,B0,24,0124,03C8,24,0,00,C200,0124,1
118,00169E,0124,0000C202,00000081,00,04,01,B0,24,0124,03C8,24,0,00,C202,0124,1
118,00169E,2124,0000C204,00000082,00,04,02,B0,24,0124,03C8,24,2,01,C204,2124,1
118,00169E,2124,0000C206,00000083,00,04,03,B0,24,0124,03C8,24,2,01,C206,2124,1
118,00169E,0124,0000C208,00000084,00,04,04,B0,24,0124,03C9,24,0,00,C208,0124,1
118,00169E,0124,0000C20A,00000085,00,04,05,B0,24,0124,03C9,24,0,00,C20A,0124,1
118,00169E,2124,0000C20C,00000086,00,04,06,B0,24,0124,03C9,24,2,01,C20C,2124,1
118,00169E,2124,0000C20E,00000087,00,04,07,B0,24,0124,03C9,24,2,01,C20E,2124,1
118,00169E,0124,0000C210,00000088,00,04,08,B0,24,0124,03CA,24,0,00,C210,0124,1
118,00169E,0124,0000C212,00000089,00,04,09,B0,24,0124,03CA,24,0,00,C212,0124,1
118,00169E,2124,0000C214,0000008A,00,04,0A,B0,24,0124,03CA,24,2,01,C214,2124,1
118,00169E,2124,0000C216,0000008B,00,04,0B,B0,24,0124,03CA,24,2,01,C216,2124,1
118,00169E,0124,0000C218,0000008C,00,04,0C,B0,24,0124,03CB,24,0,00,C218,0124,1
118,00169E,0124,0000C21A,0000008D,00,04,0D,B0,24,0124,03CB,24,0,00,C21A,0124,1
118,00169E,2124,0000C21C,0000008E,00,04,0E,B0,24,0124,03CB,24,2,01,C21C,2124,1
118,00169E,2124,0000C21E,0000008F,00,04,0F,B0,24,0124,03CB,24,2,01,C21E,2124,1
118,00169E,0124,0000C220,00000090,00,04,10,B0,24,0124,03CC,24,0,00,C220,0124,1
118,00169E,0124,0000C222,00000091,00,04,11,B0,24,0124,03CC,24,0,00,C222,0124,1
118,00169E,2124,0000C224,00000092,00,04,12,B0,24,0124,03CC,24,2,01,C224,2124,1
118,00169E,2124,0000C226,00000093,00,04,13,B0,24,0124,03CC,24,2,01,C226,2124,1
118,00169E,0124,0000C228,00000094,00,04,14,B0,24,0124,03CD,24,0,00,C228,0124,1
118,00169E,0124,0000C22A,00000095,00,04,15,B0,24,0124,03CD,24,0,00,C22A,0124,1
118,00169E,2124,0000C22C,00000096,00,04,16,B0,24,0124,03CD,24,2,01,C22C,2124,1
118,00169E,2124,0000C22E,00000097,00,04,17,B0,24,0124,03CD,24,2,01,C22E,2124,1
118,00169E,0124,0000C230,00000098,00,04,18,B0,24,0124,03CE,24,0,00,C230,0124,1
118,00169E,0124,0000C232,00000099,00,04,19,B0,24,0124,03CE,24,0,00,C232,0124,1
118,00169E,2124,0000C234,0000009A,00,04,1A,B0,24,0124,03CE,24,2,01,C234,2124,1
118,00169E,2124,0000C236,0000009B,00,04,1B,B0,24,0124,03CE,24,2,01,C236,2124,1
118,00169E,0124,0000C238,0000009C,00,04,1C,B0,24,0124,03CF,24,0,00,C238,0124,1
118,00169E,0124,0000C23A,0000009D,00,04,1D,B0,24,0124,03CF,24,0,00,C23A,0124,1
118,00169E,2124,0000C23C,0000009E,00,04,1E,B0,24,0124,03CF,24,2,01,C23C,2124,1
118,00169E,2124,0000C23E,0000009F,00,04,1F,B0,24,0124,03CF,24,2,01,C23E,2124,1
118,00169E,0124,0000C280,000000A0,00,05,00,B0,24,0124,03C8,24,0,00,C280,0124,1
118,00169E,0124,0000C282,000000A1,00,05,01,B0,24,0124,03C8,24,0,00,C282,0124,1
118,00169E,2124,0000C284,000000A2,00,05,02,B0,24,0124,03C8,24,2,01,C284,2124,1
118,00169E,2124,0000C286,000000A3,00,05,03,B0,24,0124,03C8,24,2,01,C286,2124,1
118,00169E,0124,0000C288,000000A4,00,05,04,B0,24,0124,03C9,24,0,00,C288,0124,1
118,00169E,0124,0000C28A,000000A5,00,05,05,B0,24,0124,03C9,24,0,00,C28A,0124,1
118,00169E,2124,0000C28C,000000A6,00,05,06,B0,24,0124,03C9,24,2,01,C28C,2124,1
118,00169E,2124,0000C28E,000000A7,00,05,07,B0,24,0124,03C9,24,2,01,C28E,2124,1
118,00169E,0124,0000C290,000000A8,00,05,08,B0,24,0124,03CA,24,0,00,C290,0124,1
118,00169E,0124,0000C292,000000A9,00,05,09,B0,24,0124,03CA,24,0,00,C292,0124,1
118,00169E,2124,0000C294,000000AA,00,05,0A,B0,24,0124,03CA,24,2,01,C294,2124,1
118,00169E,2124,0000C296,000000AB,00,05,0B,B0,24,0124,03CA,24,2,01,C296,2124,1
118,00169E,0124,0000C298,000000AC,00,05,0C,B0,24,0124,03CB,24,0,00,C298,0124,1
118,00169E,0124,0000C29A,000000AD,00,05,0D,B0,24,0124,03CB,24,0,00,C29A,0124,1
118,00169E,2124,0000C29C,000000AE,00,05,0E,B0,24,0124,03CB,24,2,01,C29C,2124,1
118,00169E,2124,0000C29E,000000AF,00,05,0F,B0,24,0124,03CB,24,2,01,C29E,2124,1
118,00169E,0124,0000C2A0,000000B0,00,05,10,B0,24,0124,03CC,24,0,00,C2A0,0124,1
118,00169E,0124,0000C2A2,000000B1,00,05,11,B0,24,0124,03CC,24,0,00,C2A2,0124,1
118,00169E,2124,0000C2A4,000000B2,00,05,12,B0,24,0124,03CC,24,2,01,C2A4,2124,1
118,00169E,2124,0000C2A6,000000B3,00,05,13,B0,24,0124,03CC,24,2,01,C2A6,2124,1
118,00169E,0124,0000C2A8,000000B4,00,05,14,B0,24,0124,03CD,24,0,00,C2A8,0124,1
118,00169E,0124,0000C2AA,000000B5,00,05,15,B0,24,0124,03CD,24,0,00,C2AA,0124,1
118,00169E,2124,0000C2AC,000000B6,00,05,16,B0,24,0124,03CD,24,2,01,C2AC,2124,1
118,00169E,2124,0000C2AE,000000B7,00,05,17,B0,24,0124,03CD,24,2,01,C2AE,2124,1
118,00169E,0124,0000C2B0,000000B8,00,05,18,B0,24,0124,03CE,24,0,00,C2B0,0124,1
118,00169E,0124,0000C2B2,000000B9,00,05,19,B0,24,0124,03CE,24,0,00,C2B2,0124,1
118,00169E,2124,0000C2B4,000000BA,00,05,1A,B0,24,0124,03CE,24,2,01,C2B4,2124,1
118,00169E,2124,0000C2B6,000000BB,00,05,1B,B0,24,0124,03CE,24,2,01,C2B6,2124,1
118,00169E,0124,0000C2B8,000000BC,00,05,1C,B0,24,0124,03CF,24,0,00,C2B8,0124,1
118,00169E,0124,0000C2BA,000000BD,00,05,1D,B0,24,0124,03CF,24,0,00,C2BA,0124,1
118,00169E,2124,0000C2BC,000000BE,00,05,1E,B0,24,0124,03CF,24,2,01,C2BC,2124,1
118,00169E,2124,0000C2BE,000000BF,00,05,1F,B0,24,0124,03CF,24,2,01,C2BE,2124,1
118,00169E,4124,0000C300,000000C0,00,06,00,B0,24,0124,03C8,24,4,02,C300,4124,1
118,00169E,4124,0000C302,000000C1,00,06,01,B0,24,0124,03C8,24,4,02,C302,4124,1
118,00169E,0124,0000C304,000000C2,00,06,02,B0,24,0124,03C8,24,6,00,C304,0124,1
118,00169E,0124,0000C306,000000C3,00,06,03,B0,24,0124,03C8,24,6,00,C306,0124,1
118,00169E,4124,0000C308,000000C4,00,06,04,B0,24,0124,03C9,24,4,02,C308,4124,1
118,00169E,4124,0000C30A,000000C5,00,06,05,B0,24,0124,03C9,24,4,02,C30A,4124,1
118,00169E,0124,0000C30C,000000C6,00,06,06,B0,24,0124,03C9,24,6,00,C30C,0124,1
118,00169E,0124,0000C30E,000000C7,00,06,07,B0,24,0124,03C9,24,6,00,C30E,0124,1
118,00169E,4124,0000C310,000000C8,00,06,08,B0,24,0124,03CA,24,4,02,C310,4124,1
118,00169E,4124,0000C312,000000C9,00,06,09,B0,24,0124,03CA,24,4,02,C312,4124,1
118,00169E,0124,0000C314,000000CA,00,06,0A,B0,24,0124,03CA,24,6,00,C314,0124,1
118,00169E,0124,0000C316,000000CB,00,06,0B,B0,24,0124,03CA,24,6,00,C316,0124,1
118,00169E,4124,0000C318,000000CC,00,06,0C,B0,24,0124,03CB,24,4,02,C318,4124,1
118,00169E,4124,0000C31A,000000CD,00,06,0D,B0,24,0124,03CB,24,4,02,C31A,4124,1
118,00169E,0124,0000C31C,000000CE,00,06,0E,B0,24,0124,03CB,24,6,00,C31C,0124,1
118,00169E,0124,0000C31E,000000CF,00,06,0F,B0,24,0124,03CB,24,6,00,C31E,0124,1
118,00169E,4124,0000C320,000000D0,00,06,10,B0,24,0124,03CC,24,4,02,C320,4124,1
118,00169E,4124,0000C322,000000D1,00,06,11,B0,24,0124,03CC,24,4,02,C322,4124,1
118,00169E,0124,0000C324,000000D2,00,06,12,B0,24,0124,03CC,24,6,00,C324,0124,1
118,00169E,0124,0000C326,000000D3,00,06,13,B0,24,0124,03CC,24,6,00,C326,0124,1
118,00169E,4124,0000C328,000000D4,00,06,14,B0,24,0124,03CD,24,4,02,C328,4124,1
118,00169E,4124,0000C32A,000000D5,00,06,15,B0,24,0124,03CD,24,4,02,C32A,4124,1
118,00169E,0124,0000C32C,000000D6,00,06,16,B0,24,0124,03CD,24,6,00,C32C,0124,1
118,00169E,0124,0000C32E,000000D7,00,06,17,B0,24,0124,03CD,24,6,00,C32E,0124,1
118,00169E,4124,0000C330,000000D8,00,06,18,B0,24,0124,03CE,24,4,02,C330,4124,1
118,00169E,4124,0000C332,000000D9,00,06,19,B0,24,0124,03CE,24,4,02,C332,4124,1
118,00169E,0124,0000C334,000000DA,00,06,1A,B0,24,0124,03CE,24,6,00,C334,0124,1
118,00169E,0124,0000C336,000000DB,00,06,1B,B0,24,0124,03CE,24,6,00,C336,0124,1
118,00169E,4124,0000C338,000000DC,00,06,1C,B0,24,0124,03CF,24,4,02,C338,4124,1
118,00169E,4124,0000C33A,000000DD,00,06,1D,B0,24,0124,03CF,24,4,02,C33A,4124,1
118,00169E,0124,0000C33C,000000DE,00,06,1E,B0,24,0124,03CF,24,6,00,C33C,0124,1
118,00169E,0124,0000C33E,000000DF,00,06,1F,B0,24,0124,03CF,24,6,00,C33E,0124,1
118,00169E,4124,0000C380,000000E0,00,07,00,B0,24,0124,03C8,24,4,02,C380,4124,1
118,00169E,4124,0000C382,000000E1,00,07,01,B0,24,0124,03C8,24,4,02,C382,4124,1
118,00169E,0124,0000C384,000000E2,00,07,02,B0,24,0124,03C8,24,6,00,C384,0124,1
118,00169E,0124,0000C386,000000E3,00,07,03,B0,24,0124,03C8,24,6,00,C386,0124,1
118,00169E,4124,0000C388,000000E4,00,07,04,B0,24,0124,03C9,24,4,02,C388,4124,1
118,00169E,4124,0000C38A,000000E5,00,07,05,B0,24,0124,03C9,24,4,02,C38A,4124,1
118,00169E,0124,0000C38C,000000E6,00,07,06,B0,24,0124,03C9,24,6,00,C38C,0124,1
118,00169E,0124,0000C38E,000000E7,00,07,07,B0,24,0124,03C9,24,6,00,C38E,0124,1
118,00169E,4124,0000C390,000000E8,00,07,08,B0,24,0124,03CA,24,4,02,C390,4124,1
118,00169E,4124,0000C392,000000E9,00,07,09,B0,24,0124,03CA,24,4,02,C392,4124,1
118,00169E,0124,0000C394,000000EA,00,07,0A,B0,24,0124,03CA,24,6,00,C394,0124,1
118,00169E,0124,0000C396,000000EB,00,07,0B,B0,24,0124,03CA,24,6,00,C396,0124,1
118,00169E,4124,0000C398,000000EC,00,07,0C,B0,24,0124,03CB,24,4,02,C398,4124,1
118,00169E,4124,0000C39A,000000ED,00,07,0D,B0,24,0124,03CB,24,4,02,C39A,4124,1
118,00169E,0124,0000C39C,000000EE,00,07,0E,B0,24,0124,03CB,24,6,00,C39C,0124,1
118,00169E,0124,0000C39E,000000EF,00,07,0F,B0,24,0124,03CB,24,6,00,C39E,0124,1
118,00169E,4124,0000C3A0,000000F0,00,07,10,B0,24,0124,03CC,24,4,02,C3A0,4124,1
118,00169E,4124,0000C3A2,000000F1,00,07,11,B0,24,0124,03CC,24,4,02,C3A2,4124,1
118,00169E,0124,0000C3A4,000000F2,00,07,12,B0,24,0124,03CC,24,6,00,C3A4,0124,1
118,00169E,0124,0000C3A6,000000F3,00,07,13,B0,24,0124,03CC,24,6,00,C3A6,0124,1
118,00169E,4124,0000C3A8,000000F4,00,07,14,B0,24,0124,03CD,24,4,02,C3A8,4124,1
118,00169E,4124,0000C3AA,000000F5,00,07,15,B0,24,0124,03CD,24,4,02,C3AA,4124,1
118,00169E,0124,0000C3AC,000000F6,00,07,16,B0,24,0124,03CD,24,6,00,C3AC,0124,1
118,00169E,0124,0000C3AE,000000F7,00,07,17,B0,24,0124,03CD,24,6,00,C3AE,0124,1
118,00169E,4124,0000C3B0,000000F8,00,07,18,B0,24,0124,03CE,24,4,02,C3B0,4124,1
118,00169E,4124,0000C3B2,000000F9,00,07,19,B0,24,0124,03CE,24,4,02,C3B2,4124,1
118,00169E,0124,0000C3B4,000000FA,00,07,1A,B0,24,0124,03CE,24,6,00,C3B4,0124,1
118,00169E,0124,0000C3B6,000000FB,00,07,1B,B0,24,0124,03CE,24,6,00,C3B6,0124,1
118,00169E,4124,0000C3B8,000000FC,00,07,1C,B0,24,0124,03CF,24,4,02,C3B8,4124,1
118,00169E,4124,0000C3BA,000000FD,00,07,1D,B0,24,0124,03CF,24,4,02,C3BA,4124,1
118,00169E,0124,0000C3BC,000000FE,00,07,1E,B0,24,0124,03CF,24,6,00,C3BC,0124,1
118,00169E,0124,0000C3BE,000000FF,00,07,1F,B0,24,0124,03CF,24,6,00,C3BE,0124,1
118,00169E,0124,0000C400,00000100,00,08,00,B0,24,0124,03D0,24,0,00,C400,0124,1
118,00169E,0124,0000C402,00000101,00,08,01,B0,24,0124,03D0,24,0,00,C402,0124,1
118,00169E,2124,0000C404,00000102,00,08,02,B0,24,0124,03D0,24,2,01,C404,2124,1
119,00169E,2124,0000C406,00000103,00,08,03,B0,24,0124,03D0,24,2,01,C406,2124,1
119,00169E,0124,0000C408,00000104,00,08,04,B0,24,0124,03D1,24,0,00,C408,0124,1
119,00169E,0124,0000C40A,00000105,00,08,05,B0,24,0124,03D1,24,0,00,C40A,0124,1
119,00169E,2124,0000C40C,00000106,00,08,06,B0,24,0124,03D1,24,2,01,C40C,2124,1
119,00169E,2124,0000C40E,00000107,00,08,07,B0,24,0124,03D1,24,2,01,C40E,2124,1
119,00169E,0124,0000C410,00000108,00,08,08,B0,24,0124,03D2,24,0,00,C410,0124,1
119,00169E,0124,0000C412,00000109,00,08,09,B0,24,0124,03D2,24,0,00,C412,0124,1
119,00169E,2124,0000C414,0000010A,00,08,0A,B0,24,0124,03D2,24,2,01,C414,2124,1
119,00169E,2124,0000C416,0000010B,00,08,0B,B0,24,0124,03D2,24,2,01,C416,2124,1
119,00169E,0124,0000C418,0000010C,00,08,0C,B0,24,0124,03D3,24,0,00,C418,0124,1
119,00169E,0124,0000C41A,0000010D,00,08,0D,B0,24,0124,03D3,24,0,00,C41A,0124,1
119,00169E,2124,0000C41C,0000010E,00,08,0E,B0,24,0124,03D3,24,2,01,C41C,2124,1
119,00169E,2124,0000C41E,0000010F,00,08,0F,B0,24,0124,03D3,24,2,01,C41E,2124,1
119,00169E,0124,0000C420,00000110,00,08,10,B0,24,0124,03D4,24,0,00,C420,0124,1
119,00169E,0124,0000C422,00000111,00,08,11,B0,24,0124,03D4,24,0,00,C422,0124,1
119,00169E,2124,0000C424,00000112,00,08,12,B0,24,0124,03D4,24,2,01,C424,2124,1
119,00169E,2124,0000C426,00000113,00,08,13,B0,24,0124,03D4,24,2,01,C426,2124,1
119,00169E,0124,0000C428,00000114,00,08,14,B0,24,0124,03D5,24,0,00,C428,0124,1
119,00169E,0124,0000C42A,00000115,00,08,15,B0,24,0124,03D5,24,0,00,C42A,0124,1
119,00169E,2124,0000C42C,00000116,00,08,16,B0,24,0124,03D5,24,2,01,C42C,2124,1
119,00169E,2124,0000C42E,00000117,00,08,17,B0,24,0124,03D5,24,2,01,C42E,2124,1
119,00169E,0124,0000C430,00000118,00,08,18,B0,24,0124,03D6,24,0,00,C430,0124,1
119,00169E,0124,0000C432,00000119,00,08,19,B0,24,0124,03D6,24,0,00,C432,0124,1
119,00169E,2124,0000C434,0000011A,00,08,1A,B0,24,0124,03D6,24,2,01,C434,2124,1
119,00169E,2124,0000C436,0000011B,00,08,1B,B0,24,0124,03D6,24,2,01,C436,2124,1
119,00169E,0124,0000C438,0000011C,00,08,1C,B0,24,0124,03D7,24,0,00,C438,0124,1
119,00169E,0124,0000C43A,0000011D,00,08,1D,B0,24,0124,03D7,24,0,00,C43A,0124,1
119,00169E,2124,0000C43C,0000011E,00,08,1E,B0,24,0124,03D7,24,2,01,C43C,2124,1
119,00169E,2124,0000C43E,0000011F,00,08,1F,B0,24,0124,03D7,24,2,01,C43E,2124,1
119,00169E,0124,0000C480,00000120,00,09,00,B0,24,0124,03D0,24,0,00,C480,0124,1
119,00169E,0124,0000C482,00000121,00,09,01,B0,24,0124,03D0,24,0,00,C482,0124,1
119,00169E,2124,0000C484,00000122,00,09,02,B0,24,0124,03D0,24,2,01,C484,2124,1
119,00169E,2124,0000C486,00000123,00,09,03,B0,24,0124,03D0,24,2,01,C486,2124,1
119,00169E,0124,0000C488,00000124,00,09,04,B0,24,0124,03D1,24,0,00,C488,0124,1
119,00169E,0124,0000C48A,00000125,00,09,05,B0,24,0124,03D1,24,0,00,C48A,0124,1
119,00169E,2124,0000C48C,00000126,00,09,06,B0,24,0124,03D1,24,2,01,C48C,2124,1
119,00169E,2124,0000C48E,00000127,00,09,07,B0,24,0124,03D1,24,2,01,C48E,2124,1
119,00169E,0124,0000C490,00000128,00,09,08,B0,24,0124,03D2,24,0,00,C490,0124,1
119,00169E,0124,0000C492,00000129,00,09,09,B0,24,0124,03D2,24,0,00,C492,0124,1
119,00169E,2124,0000C494,0000012A,00,09,0A,B0,24,0124,03D2,24,2,01,C494,2124,1
119,00169E,2124,0000C496,0000012B,00,09,0B,B0,24,0124,03D2,24,2,01,C496,2124,1
119,00169E,0124,0000C498,0000012C,00,09,0C,B0,24,0124,03D3,24,0,00,C498,0124,1
119,00169E,0124,0000C49A,0000012D,00,09,0D,B0,24,0124,03D3,24,0,00,C49A,0124,1
119,00169E,2124,0000C49C,0000012E,00,09,0E,B0,24,0124,03D3,24,2,01,C49C,2124,1
119,00169E,2124,0000C49E,0000012F,00,09,0F,B0,24,0124,03D3,24,2,01,C49E,2124,1
119,00169E,0124,0000C4A0,00000130,00,09,10,B0,24,0124,03D4,24,0,00,C4A0,0124,1
119,00169E,0124,0000C4A2,00000131,00,09,11,B0,24,0124,03D4,24,0,00,C4A2,0124,1
119,00169E,2124,0000C4A4,00000132,00,09,12,B0,24,0124,03D4,24,2,01,C4A4,2124,1
119,00169E,2124,0000C4A6,00000133,00,09,13,B0,24,0124,03D4,24,2,01,C4A6,2124,1
119,00169E,0124,0000C4A8,00000134,00,09,14,B0,24,0124,03D5,24,0,00,C4A8,0124,1
119,00169E,0124,0000C4AA,00000135,00,09,15,B0,24,0124,03D5,24,0,00,C4AA,0124,1
119,00169E,2124,0000C4AC,00000136,00,09,16,B0,24,0124,03D5,24,2,01,C4AC,2124,1
119,00169E,2124,0000C4AE,00000137,00,09,17,B0,24,0124,03D5,24,2,01,C4AE,2124,1
119,00169E,0124,0000C4B0,00000138,00,09,18,B0,24,0124,03D6,24,0,00,C4B0,0124,1
119,00169E,0124,0000C4B2,00000139,00,09,19,B0,24,0124,03D6,24,0,00,C4B2,0124,1
119,00169E,2124,0000C4B4,0000013A,00,09,1A,B0,24,0124,03D6,24,2,01,C4B4,2124,1
119,00169E,2124,0000C4B6,0000013B,00,09,1B,B0,24,0124,03D6,24,2,01,C4B6,2124,1
119,00169E,0124,0000C4B8,0000013C,00,09,1C,B0,24,0124,03D7,24,0,00,C4B8,0124,1
119,00169E,0124,0000C4BA,0000013D,00,09,1D,B0,24,0124,03D7,24,0,00,C4BA,0124,1
119,00169E,2124,0000C4BC,0000013E,00,09,1E,B0,24,0124,03D7,24,2,01,C4BC,2124,1
119,00169E,2124,0000C4BE,0000013F,00,09,1F,B0,24,0124,03D7,24,2,01,C4BE,2124,1
119,00169E,4124,0000C500,00000140,00,0A,00,B0,24,0124,03D0,24,4,02,C500,4124,1
119,00169E,4124,0000C502,00000141,00,0A,01,B0,24,0124,03D0,24,4,02,C502,4124,1
119,00169E,0124,0000C504,00000142,00,0A,02,B0,24,0124,03D0,24,6,00,C504,0124,1
119,00169E,0124,0000C506,00000143,00,0A,03,B0,24,0124,03D0,24,6,00,C506,0124,1
119,00169E,4124,0000C508,00000144,00,0A,04,B0,24,0124,03D1,24,4,02,C508,4124,1
119,00169E,4124,0000C50A,00000145,00,0A,05,B0,24,0124,03D1,24,4,02,C50A,4124,1
119,00169E,0124,0000C50C,00000146,00,0A,06,B0,24,0124,03D1,24,6,00,C50C,0124,1
119,00169E,0124,0000C50E,00000147,00,0A,07,B0,24,0124,03D1,24,6,00,C50E,0124,1
119,00169E,4124,0000C510,00000148,00,0A,08,B0,24,0124,03D2,24,4,02,C510,4124,1
119,00169E,4124,0000C512,00000149,00,0A,09,B0,24,0124,03D2,24,4,02,C512,4124,1
119,00169E,0124,0000C514,0000014A,00,0A,0A,B0,24,0124,03D2,24,6,00,C514,0124,1
119,00169E,0124,0000C516,0000014B,00,0A,0B,B0,24,0124,03D2,24,6,00,C516,0124,1
119,00169E,4124,0000C518,0000014C,00,0A,0C,B0,24,0124,03D3,24,4,02,C518,4124,1
119,00169E,4124,0000C51A,0000014D,00,0A,0D,B0,24,0124,03D3,24,4,02,C51A,4124,1
119,00169E,0124,0000C51C,0000014E,00,0A,0E,B0,24,0124,03D3,24,6,00,C51C,0124,1
119,00169E,0124,0000C51E,0000014F,00,0A,0F,B0,24,0124,03D3,24,6,00,C51E,0124,1
119,00169E,4124,0000C520,00000150,00,0A,10,B0,24,0124,03D4,24,4,02,C520,4124,1
119,00169E,4124,0000C522,00000151,00,0A,11,B0,24,0124,03D4,24,4,02,C522,4124,1
119,00169E,0124,0000C524,00000152,00,0A,12,B0,24,0124,03D4,24,6,00,C524,0124,1
119,00169E,0124,0000C526,00000153,00,0A,13,B0,24,0124,03D4,24,6,00,C526,0124,1
119,00169E,4124,0000C528,00000154,00,0A,14,B0,24,0124,03D5,24,4,02,C528,4124,1
119,00169E,4124,0000C52A,00000155,00,0A,15,B0,24,0124,03D5,24,4,02,C52A,4124,1
119,00169E,0124,0000C52C,00000156,00,0A,16,B0,24,0124,03D5,24,6,00,C52C,0124,1
119,00169E,0124,0000C52E,00000157,00,0A,17,B0,24,0124,03D5,24,6,00,C52E,0124,1
119,00169E,4124,0000C530,00000158,00,0A,18,B0,24,0124,03D6,24,4,02,C530,4124,1
119,00169E,4124,0000C532,00000159,00,0A,19,B0,24,0124,03D6,24,4,02,C532,4124,1
119,00169E,0124,0000C534,0000015A,00,0A,1A,B0,24,0124,03D6,24,6,00,C534,0124,1
119,00169E,0124,0000C536,0000015B,00,0A,1B,B0,24,0124,03D6,24,6,00,C536,0124,1
119,00169E,4124,0000C538,0000015C,00,0A,1C,B0,24,0124,03D7,24,4,02,C538,4124,1
119,00169E,4124,0000C53A,0000015D,00,0A,1D,B0,24,0124,03D7,24,4,02,C53A,4124,1
119,00169E,0124,0000C53C,0000015E,00,0A,1E,B0,24,0124,03D7,24,6,00,C53C,0124,1
119,00169E,0124,0000C53E,0000015F,00,0A,1F,B0,24,0124,03D7,24,6,00,C53E,0124,1
119,00169E,4124,0000C580,00000160,00,0B,00,B0,24,0124,03D0,24,4,02,C580,4124,1
119,00169E,4124,0000C582,00000161,00,0B,01,B0,24,0124,03D0,24,4,02,C582,4124,1
119,00169E,0124,0000C584,00000162,00,0B,02,B0,24,0124,03D0,24,6,00,C584,0124,1
119,00169E,0124,0000C586,00000163,00,0B,03,B0,24,0124,03D0,24,6,00,C586,0124,1
119,00169E,4124,0000C588,00000164,00,0B,04,B0,24,0124,03D1,24,4,02,C588,4124,1
119,00169E,4124,0000C58A,00000165,00,0B,05,B0,24,0124,03D1,24,4,02,C58A,4124,1
119,00169E,0124,0000C58C,00000166,00,0B,06,B0,24,0124,03D1,24,6,00,C58C,0124,1
119,00169E,0124,0000C58E,00000167,00,0B,07,B0,24,0124,03D1,24,6,00,C58E,0124,1
119,00169E,4124,0000C590,00000168,00,0B,08,B0,24,0124,03D2,24,4,02,C590,4124,1
119,00169E,4124,0000C592,00000169,00,0B,09,B0,24,0124,03D2,24,4,02,C592,4124,1
119,00169E,0124,0000C594,0000016A,00,0B,0A,B0,24,0124,03D2,24,6,00,C594,0124,1
119,00169E,0124,0000C596,0000016B,00,0B,0B,B0,24,0124,03D2,24,6,00,C596,0124,1
119,00169E,4124,0000C598,0000016C,00,0B,0C,B0,24,0124,03D3,24,4,02,C598,4124,1
119,00169E,4124,0000C59A,0000016D,00,0B,0D,B0,24,0124,03D3,24,4,02,C59A,4124,1
119,00169E,0124,0000C59C,0000016E,00,0B,0E,B0,24,0124,03D3,24,6,00,C59C,0124,1
119,00169E,0124,0000C59E,0000016F,00,0B,0F,B0,24,0124,03D3,24,6,00,C59E,0124,1
119,00169E,4124,0000C5A0,00000170,00,0B,10,B0,24,0124,03D4,24,4,02,C5A0,4124,1
119,00169E,4124,0000C5A2,00000171,00,0B,11,B0,24,0124,03D4,24,4,02,C5A2,4124,1
119,00169E,0124,0000C5A4,00000172,00,0B,12,B0,24,0124,03D4,24,6,00,C5A4,0124,1
119,00169E,0124,0000C5A6,00000173,00,0B,13,B0,24,0124,03D4,24,6,00,C5A6,0124,1
119,00169E,4124,0000C5A8,00000174,00,0B,14,B0,24,0124,03D5,24,4,02,C5A8,4124,1
119,00169E,4124,0000C5AA,00000175,00,0B,15,B0,24,0124,03D5,24,4,02,C5AA,4124,1
119,00169E,0124,0000C5AC,00000176,00,0B,16,B0,24,0124,03D5,24,6,00,C5AC,0124,1
119,00169E,0124,0000C5AE,00000177,00,0B,17,B0,24,0124,03D5,24,6,00,C5AE,0124,1
119,00169E,4124,0000C5B0,00000178,00,0B,18,B0,24,0124,03D6,24,4,02,C5B0,4124,1
119,00169E,4124,0000C5B2,00000179,00,0B,19,B0,24,0124,03D6,24,4,02,C5B2,4124,1
119,00169E,0124,0000C5B4,0000017A,00,0B,1A,B0,24,0124,03D6,24,6,00,C5B4,0124,1
119,00169E,0124,0000C5B6,0000017B,00,0B,1B,B0,24,0124,03D6,24,6,00,C5B6,0124,1
119,00169E,4124,0000C5B8,0000017C,00,0B,1C,B0,24,0124,03D7,24,4,02,C5B8,4124,1
119,00169E,4124,0000C5BA,0000017D,00,0B,1D,B0,24,0124,03D7,24,4,02,C5BA,4124,1
119,00169E,0124,0000C5BC,0000017E,00,0B,1E,B0,24,0124,03D7,24,6,00,C5BC,0124,1
119,00169E,0124,0000C5BE,0000017F,00,0B,1F,B0,24,0124,03D7,24,6,00,C5BE,0124,1
119,00169E,0124,0000C600,00000180,00,0C,00,B0,24,0124,03D8,24,0,00,C600,0124,1
119,00169E,0124,0000C602,00000181,00,0C,01,B0,24,0124,03D8,24,0,00,C602,0124,1
119,00169E,2124,0000C604,00000182,00,0C,02,B0,24,0124,03D8,24,2,01,C604,2124,1
119,00169E,2124,0000C606,00000183,00,0C,03,B0,24,0124,03D8,24,2,01,C606,2124,1
119,00169E,0124,0000C608,00000184,00,0C,04,B0,24,0124,03D9,24,0,00,C608,0124,1
119,00169E,0124,0000C60A,00000185,00,0C,05,B0,24,0124,03D9,24,0,00,C60A,0124,1
119,00169E,2124,0000C60C,00000186,00,0C,06,B0,24,0124,03D9,24,2,01,C60C,2124,1
119,00169E,2124,0000C60E,00000187,00,0C,07,B0,24,0124,03D9,24,2,01,C60E,2124,1
119,00169E,0124,0000C610,00000188,00,0C,08,B0,24,0124,03DA,24,0,00,C610,0124,1
119,00169E,0124,0000C612,00000189,00,0C,09,B0,24,0124,03DA,24,0,00,C612,0124,1
119,00169E,2124,0000C614,0000018A,00,0C,0A,B0,24,0124,03DA,24,2,01,C614,2124,1
119,00169E,2124,0000C616,0000018B,00,0C,0B,B0,24,0124,03DA,24,2,01,C616,2124,1
119,00169E,0124,0000C618,0000018C,00,0C,0C,B0,24,0124,03DB,24,0,00,C618,0124,1
119,00169E,0124,0000C61A,0000018D,00,0C,0D,B0,24,0124,03DB,24,0,00,C61A,0124,1
119,00169E,2124,0000C61C,0000018E,00,0C,0E,B0,24,0124,03DB,24,2,01,C61C,2124,1
119,00169E,2124,0000C61E,0000018F,00,0C,0F,B0,24,0124,03DB,24,2,01,C61E,2124,1
119,00169E,0124,0000C620,00000190,00,0C,10,B0,24,0124,03DC,24,0,00,C620,0124,1
119,00169E,0124,0000C622,00000191,00,0C,11,B0,24,0124,03DC,24,0,00,C622,0124,1
119,00169E,2124,0000C624,00000192,00,0C,12,B0,24,0124,03DC,24,2,01,C624,2124,1
119,00169E,2124,0000C626,00000193,00,0C,13,B0,24,0124,03DC,24,2,01,C626,2124,1
119,00169E,0124,0000C628,00000194,00,0C,14,B0,24,0124,03DD,24,0,00,C628,0124,1
119,00169E,0124,0000C62A,00000195,00,0C,15,B0,24,0124,03DD,24,0,00,C62A,0124,1
119,00169E,2124,0000C62C,00000196,00,0C,16,B0,24,0124,03DD,24,2,01,C62C,2124,1
119,00169E,2124,0000C62E,00000197,00,0C,17,B0,24,0124,03DD,24,2,01,C62E,2124,1
119,00169E,0124,0000C630,00000198,00,0C,18,B0,24,0124,03DE,24,0,00,C630,0124,1
119,00169E,0124,0000C632,00000199,00,0C,19,B0,24,0124,03DE,24,0,00,C632,0124,1
119,00169E,2124,0000C634,0000019A,00,0C,1A,B0,24,0124,03DE,24,2,01,C634,2124,1
119,00169E,2124,0000C636,0000019B,00,0C,1B,B0,24,0124,03DE,24,2,01,C636,2124,1
119,00169E,0124,0000C638,0000019C,00,0C,1C,B0,24,0124,03DF,24,0,00,C638,0124,1
119,00169E,0124,0000C63A,0000019D,00,0C,1D,B0,24,0124,03DF,24,0,00,C63A,0124,1
119,00169E,2124,0000C63C,0000019E,00,0C,1E,B0,24,0124,03DF,24,2,01,C63C,2124,1
119,00169E,2124,0000C63E,0000019F,00,0C,1F,B0,24,0124,03DF,24,2,01,C63E,2124,1
119,00169E,0124,0000C680,000001A0,00,0D,00,B0,24,0124,03D8,24,0,00,C680,0124,1
119,00169E,0124,0000C682,000001A1,00,0D,01,B0,24,0124,03D8,24,0,00,C682,0124,1
119,00169E,2124,0000C684,000001A2,00,0D,02,B0,24,0124,03D8,24,2,01,C684,2124,1
119,00169E,2124,0000C686,000001A3,00,0D,03,B0,24,0124,03D8,24,2,01,C686,2124,1
119,00169E,0124,0000C688,000001A4,00,0D,04,B0,24,0124,03D9,24,0,00,C688,0124,1
119,00169E,0124,0000C68A,000001A5,00,0D,05,B0,24,0124,03D9,24,0,00,C68A,0124,1
119,00169E,2124,0000C68C,000001A6,00,0D,06,B0,24,0124,03D9,24,2,01,C68C,2124,1
119,00169E,2124,0000C68E,000001A7,00,0D,07,B0,24,0124,03D9,24,2,01,C68E,2124,1
119,00169E,0124,0000C690,000001A8,00,0D,08,B0,24,0124,03DA,24,0,00,C690,0124,1
119,00169E,0124,0000C692,000001A9,00,0D,09,B0,24,0124,03DA,24,0,00,C692,0124,1
119,00169E,2124,0000C694,000001AA,00,0D,0A,B0,24,0124,03DA,24,2,01,C694,2124,1
119,00169E,2124,0000C696,000001AB,00,0D,0B,B0,24,0124,03DA,24,2,01,C696,2124,1
119,00169E,0124,0000C698,000001AC,00,0D,0C,B0,24,0124,03DB,24,0,00,C698,0124,1
119,00169E,0124,0000C69A,000001AD,00,0D,0D,B0,24,0124,03DB,24,0,00,C69A,0124,1
119,00169E,2124,0000C69C,000001AE,00,0D,0E,B0,24,0124,03DB,24,2,01,C69C,2124,1
119,00169E,2124,0000C69E,000001AF,00,0D,0F,B0,24,0124,03DB,24,2,01,C69E,2124,1
119,00169E,0124,0000C6A0,000001B0,00,0D,10,B0,24,0124,03DC,24,0,00,C6A0,0124,1
119,00169E,0124,0000C6A2,000001B1,00,0D,11,B0,24,0124,03DC,24,0,00,C6A2,0124,1
119,00169E,2124,0000C6A4,000001B2,00,0D,12,B0,24,0124,03DC,24,2,01,C6A4,2124,1
119,00169E,2124,0000C6A6,000001B3,00,0D,13,B0,24,0124,03DC,24,2,01,C6A6,2124,1
119,00169E,0124,0000C6A8,000001B4,00,0D,14,B0,24,0124,03DD,24,0,00,C6A8,0124,1
119,00169E,0124,0000C6AA,000001B5,00,0D,15,B0,24,0124,03DD,24,0,00,C6AA,0124,1
119,00169E,2124,0000C6AC,000001B6,00,0D,16,B0,24,0124,03DD,24,2,01,C6AC,2124,1
119,00169E,2124,0000C6AE,000001B7,00,0D,17,B0,24,0124,03DD,24,2,01,C6AE,2124,1
119,00169E,0124,0000C6B0,000001B8,00,0D,18,B0,24,0124,03DE,24,0,00,C6B0,0124,1
119,00169E,0124,0000C6B2,000001B9,00,0D,19,B0,24,0124,03DE,24,0,00,C6B2,0124,1
119,00169E,2124,0000C6B4,000001BA,00,0D,1A,B0,24,0124,03DE,24,2,01,C6B4,2124,1
119,00169E,2124,0000C6B6,000001BB,00,0D,1B,B0,24,0124,03DE,24,2,01,C6B6,2124,1
119,00169E,0124,0000C6B8,000001BC,00,0D,1C,B0,24,0124,03DF,24,0,00,C6B8,0124,1
120,00169E,0124,0000C6BA,000001BD,00,0D,1D,B0,24,0124,03DF,24,0,00,C6BA,0124,1
120,00169E,2124,0000C6BC,000001BE,00,0D,1E,B0,24,0124,03DF,24,2,01,C6BC,2124,1
120,00169E,2124,0000C6BE,000001BF,00,0D,1F,B0,24,0124,03DF,24,2,01,C6BE,2124,1
120,00169E,4124,0000C700,000001C0,00,0E,00,B0,24,0124,03D8,24,4,02,C700,4124,1
120,00169E,4124,0000C702,000001C1,00,0E,01,B0,24,0124,03D8,24,4,02,C702,4124,1
120,00169E,0124,0000C704,000001C2,00,0E,02,B0,24,0124,03D8,24,6,00,C704,0124,1
120,00169E,0124,0000C706,000001C3,00,0E,03,B0,24,0124,03D8,24,6,00,C706,0124,1
120,00169E,4124,0000C708,000001C4,00,0E,04,B0,24,0124,03D9,24,4,02,C708,4124,1
120,00169E,4124,0000C70A,000001C5,00,0E,05,B0,24,0124,03D9,24,4,02,C70A,4124,1
120,00169E,0124,0000C70C,000001C6,00,0E,06,B0,24,0124,03D9,24,6,00,C70C,0124,1
120,00169E,0124,0000C70E,000001C7,00,0E,07,B0,24,0124,03D9,24,6,00,C70E,0124,1
120,00169E,4124,0000C710,000001C8,00,0E,08,B0,24,0124,03DA,24,4,02,C710,4124,1
120,00169E,4124,0000C712,000001C9,00,0E,09,B0,24,0124,03DA,24,4,02,C712,4124,1
120,00169E,0124,0000C714,000001CA,00,0E,0A,B0,24,0124,03DA,24,6,00,C714,0124,1
120,00169E,0124,0000C716,000001CB,00,0E,0B,B0,24,0124,03DA,24,6,00,C716,0124,1
120,00169E,4124,0000C718,000001CC,00,0E,0C,B0,24,0124,03DB,24,4,02,C718,4124,1
120,00169E,4124,0000C71A,000001CD,00,0E,0D,B0,24,0124,03DB,24,4,02,C71A,4124,1
120,00169E,0124,0000C71C,000001CE,00,0E,0E,B0,24,0124,03DB,24,6,00,C71C,0124,1
120,00169E,0124,0000C71E,000001CF,00,0E,0F,B0,24,0124,03DB,24,6,00,C71E,0124,1
120,00169E,4124,0000C720,000001D0,00,0E,10,B0,24,0124,03DC,24,4,02,C720,4124,1
120,00169E,4124,0000C722,000001D1,00,0E,11,B0,24,0124,03DC,24,4,02,C722,4124,1
120,00169E,0124,0000C724,000001D2,00,0E,12,B0,24,0124,03DC,24,6,00,C724,0124,1
120,00169E,0124,0000C726,000001D3,00,0E,13,B0,24,0124,03DC,24,6,00,C726,0124,1
120,00169E,4124,0000C728,000001D4,00,0E,14,B0,24,0124,03DD,24,4,02,C728,4124,1
120,00169E,4124,0000C72A,000001D5,00,0E,15,B0,24,0124,03DD,24,4,02,C72A,4124,1
120,00169E,0124,0000C72C,000001D6,00,0E,16,B0,24,0124,03DD,24,6,00,C72C,0124,1
120,00169E,0124,0000C72E,000001D7,00,0E,17,B0,24,0124,03DD,24,6,00,C72E,0124,1
120,00169E,4124,0000C730,000001D8,00,0E,18,B0,24,0124,03DE,24,4,02,C730,4124,1
120,00169E,4124,0000C732,000001D9,00,0E,19,B0,24,0124,03DE,24,4,02,C732,4124,1
120,00169E,0124,0000C734,000001DA,00,0E,1A,B0,24,0124,03DE,24,6,00,C734,0124,1
120,00169E,0124,0000C736,000001DB,00,0E,1B,B0,24,0124,03DE,24,6,00,C736,0124,1
120,00169E,4124,0000C738,000001DC,00,0E,1C,B0,24,0124,03DF,24,4,02,C738,4124,1
120,00169E,4124,0000C73A,000001DD,00,0E,1D,B0,24,0124,03DF,24,4,02,C73A,4124,1
120,00169E,0124,0000C73C,000001DE,00,0E,1E,B0,24,0124,03DF,24,6,00,C73C,0124,1
120,00169E,0124,0000C73E,000001DF,00,0E,1F,B0,24,0124,03DF,24,6,00,C73E,0124,1
120,00169E,4124,0000C780,000001E0,00,0F,00,B0,24,0124,03D8,24,4,02,C780,4124,1
120,00169E,4124,0000C782,000001E1,00,0F,01,B0,24,0124,03D8,24,4,02,C782,4124,1
120,00169E,0124,0000C784,000001E2,00,0F,02,B0,24,0124,03D8,24,6,00,C784,0124,1
120,00169E,0124,0000C786,000001E3,00,0F,03,B0,24,0124,03D8,24,6,00,C786,0124,1
120,00169E,4124,0000C788,000001E4,00,0F,04,B0,24,0124,03D9,24,4,02,C788,4124,1
120,00169E,4124,0000C78A,000001E5,00,0F,05,B0,24,0124,03D9,24,4,02,C78A,4124,1
120,00169E,0124,0000C78C,000001E6,00,0F,06,B0,24,0124,03D9,24,6,00,C78C,0124,1
120,00169E,0124,0000C78E,000001E7,00,0F,07,B0,24,0124,03D9,24,6,00,C78E,0124,1
120,00169E,4124,0000C790,000001E8,00,0F,08,B0,24,0124,03DA,24,4,02,C790,4124,1
120,00169E,4124,0000C792,000001E9,00,0F,09,B0,24,0124,03DA,24,4,02,C792,4124,1
120,00169E,0124,0000C794,000001EA,00,0F,0A,B0,24,0124,03DA,24,6,00,C794,0124,1
120,00169E,0124,0000C796,000001EB,00,0F,0B,B0,24,0124,03DA,24,6,00,C796,0124,1
120,00169E,4124,0000C798,000001EC,00,0F,0C,B0,24,0124,03DB,24,4,02,C798,4124,1
120,00169E,4124,0000C79A,000001ED,00,0F,0D,B0,24,0124,03DB,24,4,02,C79A,4124,1
120,00169E,0124,0000C79C,000001EE,00,0F,0E,B0,24,0124,03DB,24,6,00,C79C,0124,1
120,00169E,0124,0000C79E,000001EF,00,0F,0F,B0,24,0124,03DB,24,6,00,C79E,0124,1
120,00169E,4124,0000C7A0,000001F0,00,0F,10,B0,24,0124,03DC,24,4,02,C7A0,4124,1
120,00169E,4124,0000C7A2,000001F1,00,0F,11,B0,24,0124,03DC,24,4,02,C7A2,4124,1
120,00169E,0124,0000C7A4,000001F2,00,0F,12,B0,24,0124,03DC,24,6,00,C7A4,0124,1
120,00169E,0124,0000C7A6,000001F3,00,0F,13,B0,24,0124,03DC,24,6,00,C7A6,0124,1
120,00169E,4124,0000C7A8,000001F4,00,0F,14,B0,24,0124,03DD,24,4,02,C7A8,4124,1
120,00169E,4124,0000C7AA,000001F5,00,0F,15,B0,24,0124,03DD,24,4,02,C7AA,4124,1
120,00169E,0124,0000C7AC,000001F6,00,0F,16,B0,24,0124,03DD,24,6,00,C7AC,0124,1
120,00169E,0124,0000C7AE,000001F7,00,0F,17,B0,24,0124,03DD,24,6,00,C7AE,0124,1
120,00169E,4124,0000C7B0,000001F8,00,0F,18,B0,24,0124,03DE,24,4,02,C7B0,4124,1
120,00169E,4124,0000C7B2,000001F9,00,0F,19,B0,24,0124,03DE,24,4,02,C7B2,4124,1
120,00169E,0124,0000C7B4,000001FA,00,0F,1A,B0,24,0124,03DE,24,6,00,C7B4,0124,1
120,00169E,0124,0000C7B6,000001FB,00,0F,1B,B0,24,0124,03DE,24,6,00,C7B6,0124,1
120,00169E,4124,0000C7B8,000001FC,00,0F,1C,B0,24,0124,03DF,24,4,02,C7B8,4124,1
120,00169E,4124,0000C7BA,000001FD,00,0F,1D,B0,24,0124,03DF,24,4,02,C7BA,4124,1
120,00169E,0124,0000C7BC,000001FE,00,0F,1E,B0,24,0124,03DF,24,6,00,C7BC,0124,1
120,00169E,0124,0000C7BE,000001FF,00,0F,1F,B0,24,0124,03DF,24,6,00,C7BE,0124,1
120,00169E,0124,0000C800,00000200,00,10,00,B0,24,0124,03E0,24,0,00,C800,0124,1
120,00169E,0124,0000C802,00000201,00,10,01,B0,24,0124,03E0,24,0,00,C802,0124,1
120,00169E,2124,0000C804,00000202,00,10,02,B0,24,0124,03E0,24,2,01,C804,2124,1
120,00169E,2124,0000C806,00000203,00,10,03,B0,24,0124,03E0,24,2,01,C806,2124,1
120,00169E,0124,0000C808,00000204,00,10,04,B0,24,0124,03E1,24,0,00,C808,0124,1
120,00169E,0124,0000C80A,00000205,00,10,05,B0,24,0124,03E1,24,0,00,C80A,0124,1
120,00169E,2124,0000C80C,00000206,00,10,06,B0,24,0124,03E1,24,2,01,C80C,2124,1
120,00169E,2124,0000C80E,00000207,00,10,07,B0,24,0124,03E1,24,2,01,C80E,2124,1
120,00169E,0124,0000C810,00000208,00,10,08,B0,24,0124,03E2,24,0,00,C810,0124,1
120,00169E,0124,0000C812,00000209,00,10,09,B0,24,0124,03E2,24,0,00,C812,0124,1
120,00169E,2124,0000C814,0000020A,00,10,0A,B0,24,0124,03E2,24,2,01,C814,2124,1
120,00169E,2124,0000C816,0000020B,00,10,0B,B0,24,0124,03E2,24,2,01,C816,2124,1
120,00169E,0124,0000C818,0000020C,00,10,0C,B0,24,0124,03E3,24,0,00,C818,0124,1
120,00169E,0124,0000C81A,0000020D,00,10,0D,B0,24,0124,03E3,24,0,00,C81A,0124,1
120,00169E,2124,0000C81C,0000020E,00,10,0E,B0,24,0124,03E3,24,2,01,C81C,2124,1
120,00169E,2124,0000C81E,0000020F,00,10,0F,B0,24,0124,03E3,24,2,01,C81E,2124,1
120,00169E,0124,0000C820,00000210,00,10,10,B0,24,0124,03E4,24,0,00,C820,0124,1
120,00169E,0124,0000C822,00000211,00,10,11,B0,24,0124,03E4,24,0,00,C822,0124,1
120,00169E,2124,0000C824,00000212,00,10,12,B0,24,0124,03E4,24,2,01,C824,2124,1
120,00169E,2124,0000C826,00000213,00,10,13,B0,24,0124,03E4,24,2,01,C826,2124,1
120,00169E,0124,0000C828,00000214,00,10,14,B0,24,0124,03E5,24,0,00,C828,0124,1
120,00169E,0124,0000C82A,00000215,00,10,15,B0,24,0124,03E5,24,0,00,C82A,0124,1
120,00169E,2124,0000C82C,00000216,00,10,16,B0,24,0124,03E5,24,2,01,C82C,2124,1
120,00169E,2124,0000C82E,00000217,00,10,17,B0,24,0124,03E5,24,2,01,C82E,2124,1
120,00169E,0124,0000C830,00000218,00,10,18,B0,24,0124,03E6,24,0,00,C830,0124,1
120,00169E,0124,0000C832,00000219,00,10,19,B0,24,0124,03E6,24,0,00,C832,0124,1
120,00169E,2124,0000C834,0000021A,00,10,1A,B0,24,0124,03E6,24,2,01,C834,2124,1
120,00169E,2124,0000C836,0000021B,00,10,1B,B0,24,0124,03E6,24,2,01,C836,2124,1
120,00169E,0124,0000C838,0000021C,00,10,1C,B0,24,0124,03E7,24,0,00,C838,0124,1
120,00169E,0124,0000C83A,0000021D,00,10,1D,B0,24,0124,03E7,24,0,00,C83A,0124,1
120,00169E,2124,0000C83C,0000021E,00,10,1E,B0,24,0124,03E7,24,2,01,C83C,2124,1
120,00169E,2124,0000C83E,0000021F,00,10,1F,B0,24,0124,03E7,24,2,01,C83E,2124,1
120,00169E,0124,0000C880,00000220,00,11,00,B0,24,0124,03E0,24,0,00,C880,0124,1
120,00169E,0124,0000C882,00000221,00,11,01,B0,24,0124,03E0,24,0,00,C882,0124,1
120,00169E,2124,0000C884,00000222,00,11,02,B0,24,0124,03E0,24,2,01,C884,2124,1
120,00169E,2124,0000C886,00000223,00,11,03,B0,24,0124,03E0,24,2,01,C886,2124,1
120,00169E,0124,0000C888,00000224,00,11,04,B0,24,0124,03E1,24,0,00,C888,0124,1
120,00169E,0124,0000C88A,00000225,00,11,05,B0,24,0124,03E1,24,0,00,C88A,0124,1
120,00169E,2124,0000C88C,00000226,00,11,06,B0,24,0124,03E1,24,2,01,C88C,2124,1
120,00169E,2124,0000C88E,00000227,00,11,07,B0,24,0124,03E1,24,2,01,C88E,2124,1
120,00169E,0124,0000C890,00000228,00,11,08,B0,24,0124,03E2,24,0,00,C890,0124,1
120,00169E,0124,0000C892,00000229,00,11,09,B0,24,0124,03E2,24,0,00,C892,0124,1
120,00169E,2124,0000C894,0000022A,00,11,0A,B0,24,0124,03E2,24,2,01,C894,2124,1
120,00169E,2124,0000C896,0000022B,00,11,0B,B0,24,0124,03E2,24,2,01,C896,2124,1
120,00169E,0124,0000C898,0000022C,00,11,0C,B0,24,0124,03E3,24,0,00,C898,0124,1
120,00169E,0124,0000C89A,0000022D,00,11,0D,B0,24,0124,03E3,24,0,00,C89A,0124,1
120,00169E,2124,0000C89C,0000022E,00,11,0E,B0,24,0124,03E3,24,2,01,C89C,2124,1
120,00169E,2124,0000C89E,0000022F,00,11,0F,B0,24,0124,03E3,24,2,01,C89E,2124,1
120,00169E,0124,0000C8A0,00000230,00,11,10,B0,24,0124,03E4,24,0,00,C8A0,0124,1
120,00169E,0124,0000C8A2,00000231,00,11,11,B0,24,0124,03E4,24,0,00,C8A2,0124,1
120,00169E,2124,0000C8A4,00000232,00,11,12,B0,24,0124,03E4,24,2,01,C8A4,2124,1
120,00169E,2124,0000C8A6,00000233,00,11,13,B0,24,0124,03E4,24,2,01,C8A6,2124,1
120,00169E,0124,0000C8A8,00000234,00,11,14,B0,24,0124,03E5,24,0,00,C8A8,0124,1
120,00169E,0124,0000C8AA,00000235,00,11,15,B0,24,0124,03E5,24,0,00,C8AA,0124,1
120,00169E,2124,0000C8AC,00000236,00,11,16,B0,24,0124,03E5,24,2,01,C8AC,2124,1
120,00169E,2124,0000C8AE,00000237,00,11,17,B0,24,0124,03E5,24,2,01,C8AE,2124,1
120,00169E,0124,0000C8B0,00000238,00,11,18,B0,24,0124,03E6,24,0,00,C8B0,0124,1
120,00169E,0124,0000C8B2,00000239,00,11,19,B0,24,0124,03E6,24,0,00,C8B2,0124,1
120,00169E,2124,0000C8B4,0000023A,00,11,1A,B0,24,0124,03E6,24,2,01,C8B4,2124,1
120,00169E,2124,0000C8B6,0000023B,00,11,1B,B0,24,0124,03E6,24,2,01,C8B6,2124,1
120,00169E,0124,0000C8B8,0000023C,00,11,1C,B0,24,0124,03E7,24,0,00,C8B8,0124,1
120,00169E,0124,0000C8BA,0000023D,00,11,1D,B0,24,0124,03E7,24,0,00,C8BA,0124,1
120,00169E,2124,0000C8BC,0000023E,00,11,1E,B0,24,0124,03E7,24,2,01,C8BC,2124,1
120,00169E,2124,0000C8BE,0000023F,00,11,1F,B0,24,0124,03E7,24,2,01,C8BE,2124,1
120,00169E,4124,0000C900,00000240,00,12,00,B0,24,0124,03E0,24,4,02,C900,4124,1
120,00169E,4124,0000C902,00000241,00,12,01,B0,24,0124,03E0,24,4,02,C902,4124,1
120,00169E,0124,0000C904,00000242,00,12,02,B0,24,0124,03E0,24,6,00,C904,0124,1
120,00169E,0124,0000C906,00000243,00,12,03,B0,24,0124,03E0,24,6,00,C906,0124,1
120,00169E,4124,0000C908,00000244,00,12,04,B0,24,0124,03E1,24,4,02,C908,4124,1
120,00169E,4124,0000C90A,00000245,00,12,05,B0,24,0124,03E1,24,4,02,C90A,4124,1
120,00169E,0124,0000C90C,00000246,00,12,06,B0,24,0124,03E1,24,6,00,C90C,0124,1
120,00169E,0124,0000C90E,00000247,00,12,07,B0,24,0124,03E1,24,6,00,C90E,0124,1
120,00169E,4124,0000C910,00000248,00,12,08,B0,24,0124,03E2,24,4,02,C910,4124,1
120,00169E,4124,0000C912,00000249,00,12,09,B0,24,0124,03E2,24,4,02,C912,4124,1
120,00169E,0124,0000C914,0000024A,00,12,0A,B0,24,0124,03E2,24,6,00,C914,0124,1
120,00169E,0124,0000C916,0000024B,00,12,0B,B0,24,0124,03E2,24,6,00,C916,0124,1
120,00169E,4124,0000C918,0000024C,00,12,0C,B0,24,0124,03E3,24,4,02,C918,4124,1
120,00169E,4124,0000C91A,0000024D,00,12,0D,B0,24,0124,03E3,24,4,02,C91A,4124,1
120,00169E,0124,0000C91C,0000024E,00,12,0E,B0,24,0124,03E3,24,6,00,C91C,0124,1
120,00169E,0124,0000C91E,0000024F,00,12,0F,B0,24,0124,03E3,24,6,00,C91E,0124,1
120,00169E,4124,0000C920,00000250,00,12,10,B0,24,0124,03E4,24,4,02,C920,4124,1
120,00169E,4124,0000C922,00000251,00,12,11,B0,24,0124,03E4,24,4,02,C922,4124,1
120,00169E,0124,0000C924,00000252,00,12,12,B0,24,0124,03E4,24,6,00,C924,0124,1
120,00169E,0124,0000C926,00000253,00,12,13,B0,24,0124,03E4,24,6,00,C926,0124,1
120,00169E,4124,0000C928,00000254,00,12,14,B0,24,0124,03E5,24,4,02,C928,4124,1
120,00169E,4124,0000C92A,00000255,00,12,15,B0,24,0124,03E5,24,4,02,C92A,4124,1
120,00169E,0124,0000C92C,00000256,00,12,16,B0,24,0124,03E5,24,6,00,C92C,0124,1
120,00169E,0124,0000C92E,00000257,00,12,17,B0,24,0124,03E5,24,6,00,C92E,0124,1
120,00169E,4124,0000C930,00000258,00,12,18,B0,24,0124,03E6,24,4,02,C930,4124,1
120,00169E,4124,0000C932,00000259,00,12,19,B0,24,0124,03E6,24,4,02,C932,4124,1
120,00169E,0124,0000C934,0000025A,00,12,1A,B0,24,0124,03E6,24,6,00,C934,0124,1
120,00169E,0124,0000C936,0000025B,00,12,1B,B0,24,0124,03E6,24,6,00,C936,0124,1
120,00169E,4124,0000C938,0000025C,00,12,1C,B0,24,0124,03E7,24,4,02,C938,4124,1
120,00169E,4124,0000C93A,0000025D,00,12,1D,B0,24,0124,03E7,24,4,02,C93A,4124,1
120,00169E,0124,0000C93C,0000025E,00,12,1E,B0,24,0124,03E7,24,6,00,C93C,0124,1
120,00169E,0124,0000C93E,0000025F,00,12,1F,B0,24,0124,03E7,24,6,00,C93E,0124,1
120,00169E,4124,0000C980,00000260,00,13,00,B0,24,0124,03E0,24,4,02,C980,4124,1
120,00169E,4124,0000C982,00000261,00,13,01,B0,24,0124,03E0,24,4,02,C982,4124,1
120,00169E,0124,0000C984,00000262,00,13,02,B0,24,0124,03E0,24,6,00,C984,0124,1
120,00169E,0124,0000C986,00000263,00,13,03,B0,24,0124,03E0,24,6,00,C986,0124,1
120,00169E,4124,0000C988,00000264,00,13,04,B0,24,0124,03E1,24,4,02,C988,4124,1
120,00169E,4124,0000C98A,00000265,00,13,05,B0,24,0124,03E1,24,4,02,C98A,4124,1
120,00169E,0124,0000C98C,00000266,00,13,06,B0,24,0124,03E1,24,6,00,C98C,0124,1
120,00169E,0124,0000C98E,00000267,00,13,07,B0,24,0124,03E1,24,6,00,C98E,0124,1
120,00169E,4124,0000C990,00000268,00,13,08,B0,24,0124,03E2,24,4,02,C990,4124,1
120,00169E,4124,0000C992,00000269,00,13,09,B0,24,0124,03E2,24,4,02,C992,4124,1
120,00169E,0124,0000C994,0000026A,00,13,0A,B0,24,0124,03E2,24,6,00,C994,0124,1
120,00169E,0124,0000C996,0000026B,00,13,0B,B0,24,0124,03E2,24,6,00,C996,0124,1
120,00169E,4124,0000C998,0000026C,00,13,0C,B0,24,0124,03E3,24,4,02,C998,4124,1
120,00169E,4124,0000C99A,0000026D,00,13,0D,B0,24,0124,03E3,24,4,02,C99A,4124,1
120,00169E,0124,0000C99C,0000026E,00,13,0E,B0,24,0124,03E3,24,6,00,C99C,0124,1
120,00169E,0124,0000C99E,0000026F,00,13,0F,B0,24,0124,03E3,24,6,00,C99E,0124,1
120,00169E,4124,0000C9A0,00000270,00,13,10,B0,24,0124,03E4,24,4,02,C9A0,4124,1
120,00169E,4124,0000C9A2,00000271,00,13,11,B0,24,0124,03E4,24,4,02,C9A2,4124,1
120,00169E,0124,0000C9A4,00000272,00,13,12,B0,24,0124,03E4,24,6,00,C9A4,0124,1
120,00169E,0124,0000C9A6,00000273,00,13,13,B0,24,0124,03E4,24,6,00,C9A6,0124,1
120,00169E,4124,0000C9A8,00000274,00,13,14,B0,24,0124,03E5,24,4,02,C9A8,4124,1
120,00169E,4124,0000C9AA,00000275,00,13,15,B0,24,0124,03E5,24,4,02,C9AA,4124,1
121,00169E,0124,0000C9AC,00000276,00,13,16,B0,24,0124,03E5,24,6,00,C9AC,0124,1
121,00169E,0124,0000C9AE,00000277,00,13,17,B0,24,0124,03E5,24,6,00,C9AE,0124,1
121,00169E,4124,0000C9B0,00000278,00,13,18,B0,24,0124,03E6,24,4,02,C9B0,4124,1
121,00169E,4124,0000C9B2,00000279,00,13,19,B0,24,0124,03E6,24,4,02,C9B2,4124,1
121,00169E,0124,0000C9B4,0000027A,00,13,1A,B0,24,0124,03E6,24,6,00,C9B4,0124,1
121,00169E,0124,0000C9B6,0000027B,00,13,1B,B0,24,0124,03E6,24,6,00,C9B6,0124,1
121,00169E,4124,0000C9B8,0000027C,00,13,1C,B0,24,0124,03E7,24,4,02,C9B8,4124,1
121,00169E,4124,0000C9BA,0000027D,00,13,1D,B0,24,0124,03E7,24,4,02,C9BA,4124,1
121,00169E,0124,0000C9BC,0000027E,00,13,1E,B0,24,0124,03E7,24,6,00,C9BC,0124,1
121,00169E,0124,0000C9BE,0000027F,00,13,1F,B0,24,0124,03E7,24,6,00,C9BE,0124,1
121,00169E,0124,0000CA00,00000280,00,14,00,B0,24,0124,03E8,24,0,00,CA00,0124,1
121,00169E,0124,0000CA02,00000281,00,14,01,B0,24,0124,03E8,24,0,00,CA02,0124,1
121,00169E,2124,0000CA04,00000282,00,14,02,B0,24,0124,03E8,24,2,01,CA04,2124,1
121,00169E,2124,0000CA06,00000283,00,14,03,B0,24,0124,03E8,24,2,01,CA06,2124,1
121,00169E,0124,0000CA08,00000284,00,14,04,B0,24,0124,03E9,24,0,00,CA08,0124,1
121,00169E,0124,0000CA0A,00000285,00,14,05,B0,24,0124,03E9,24,0,00,CA0A,0124,1
121,00169E,2124,0000CA0C,00000286,00,14,06,B0,24,0124,03E9,24,2,01,CA0C,2124,1
121,00169E,2124,0000CA0E,00000287,00,14,07,B0,24,0124,03E9,24,2,01,CA0E,2124,1
121,00169E,0124,0000CA10,00000288,00,14,08,B0,24,0124,03EA,24,0,00,CA10,0124,1
121,00169E,0124,0000CA12,00000289,00,14,09,B0,24,0124,03EA,24,0,00,CA12,0124,1
121,00169E,2124,0000CA14,0000028A,00,14,0A,B0,24,0124,03EA,24,2,01,CA14,2124,1
121,00169E,2124,0000CA16,0000028B,00,14,0B,B0,24,0124,03EA,24,2,01,CA16,2124,1
121,00169E,0124,0000CA18,0000028C,00,14,0C,B0,24,0124,03EB,24,0,00,CA18,0124,1
121,00169E,0124,0000CA1A,0000028D,00,14,0D,B0,24,0124,03EB,24,0,00,CA1A,0124,1
121,00169E,2124,0000CA1C,0000028E,00,14,0E,B0,24,0124,03EB,24,2,01,CA1C,2124,1
121,00169E,2124,0000CA1E,0000028F,00,14,0F,B0,24,0124,03EB,24,2,01,CA1E,2124,1
121,00169E,0124,0000CA20,00000290,00,14,10,B0,24,0124,03EC,24,0,00,CA20,0124,1
121,00169E,0124,0000CA22,00000291,00,14,11,B0,24,0124,03EC,24,0,00,CA22,0124,1
121,00169E,2124,0000CA24,00000292,00,14,12,B0,24,0124,03EC,24,2,01,CA24,2124,1
121,00169E,2124,0000CA26,00000293,00,14,13,B0,24,0124,03EC,24,2,01,CA26,2124,1
121,00169E,0124,0000CA28,00000294,00,14,14,B0,24,0124,03ED,24,0,00,CA28,0124,1
121,00169E,0124,0000CA2A,00000295,00,14,15,B0,24,0124,03ED,24,0,00,CA2A,0124,1
121,00169E,2124,0000CA2C,00000296,00,14,16,B0,24,0124,03ED,24,2,01,CA2C,2124,1
121,00169E,2124,0000CA2E,00000297,00,14,17,B0,24,0124,03ED,24,2,01,CA2E,2124,1
121,00169E,0124,0000CA30,00000298,00,14,18,B0,24,0124,03EE,24,0,00,CA30,0124,1
121,00169E,0124,0000CA32,00000299,00,14,19,B0,24,0124,03EE,24,0,00,CA32,0124,1
121,00169E,2124,0000CA34,0000029A,00,14,1A,B0,24,0124,03EE,24,2,01,CA34,2124,1
121,00169E,2124,0000CA36,0000029B,00,14,1B,B0,24,0124,03EE,24,2,01,CA36,2124,1
121,00169E,0124,0000CA38,0000029C,00,14,1C,B0,24,0124,03EF,24,0,00,CA38,0124,1
121,00169E,0124,0000CA3A,0000029D,00,14,1D,B0,24,0124,03EF,24,0,00,CA3A,0124,1
121,00169E,2124,0000CA3C,0000029E,00,14,1E,B0,24,0124,03EF,24,2,01,CA3C,2124,1
121,00169E,2124,0000CA3E,0000029F,00,14,1F,B0,24,0124,03EF,24,2,01,CA3E,2124,1
121,00169E,0124,0000CA80,000002A0,00,15,00,B0,24,0124,03E8,24,0,00,CA80,0124,1
121,00169E,0124,0000CA82,000002A1,00,15,01,B0,24,0124,03E8,24,0,00,CA82,0124,1
121,00169E,2124,0000CA84,000002A2,00,15,02,B0,24,0124,03E8,24,2,01,CA84,2124,1
121,00169E,2124,0000CA86,000002A3,00,15,03,B0,24,0124,03E8,24,2,01,CA86,2124,1
121,00169E,0124,0000CA88,000002A4,00,15,04,B0,24,0124,03E9,24,0,00,CA88,0124,1
121,00169E,0124,0000CA8A,000002A5,00,15,05,B0,24,0124,03E9,24,0,00,CA8A,0124,1
121,00169E,2124,0000CA8C,000002A6,00,15,06,B0,24,0124,03E9,24,2,01,CA8C,2124,1
121,00169E,2124,0000CA8E,000002A7,00,15,07,B0,24,0124,03E9,24,2,01,CA8E,2124,1
121,00169E,0124,0000CA90,000002A8,00,15,08,B0,24,0124,03EA,24,0,00,CA90,0124,1
121,00169E,0124,0000CA92,000002A9,00,15,09,B0,24,0124,03EA,24,0,00,CA92,0124,1
121,00169E,2124,0000CA94,000002AA,00,15,0A,B0,24,0124,03EA,24,2,01,CA94,2124,1
121,00169E,2124,0000CA96,000002AB,00,15,0B,B0,24,0124,03EA,24,2,01,CA96,2124,1
121,00169E,0124,0000CA98,000002AC,00,15,0C,B0,24,0124,03EB,24,0,00,CA98,0124,1
121,00169E,0124,0000CA9A,000002AD,00,15,0D,B0,24,0124,03EB,24,0,00,CA9A,0124,1
121,00169E,2124,0000CA9C,000002AE,00,15,0E,B0,24,0124,03EB,24,2,01,CA9C,2124,1
121,00169E,2124,0000CA9E,000002AF,00,15,0F,B0,24,0124,03EB,24,2,01,CA9E,2124,1
121,00169E,0124,0000CAA0,000002B0,00,15,10,B0,24,0124,03EC,24,0,00,CAA0,0124,1
121,00169E,0124,0000CAA2,000002B1,00,15,11,B0,24,0124,03EC,24,0,00,CAA2,0124,1
121,00169E,2124,0000CAA4,000002B2,00,15,12,B0,24,0124,03EC,24,2,01,CAA4,2124,1
121,00169E,2124,0000CAA6,000002B3,00,15,13,B0,24,0124,03EC,24,2,01,CAA6,2124,1
121,00169E,0124,0000CAA8,000002B4,00,15,14,B0,24,0124,03ED,24,0,00,CAA8,0124,1
121,00169E,0124,0000CAAA,000002B5,00,15,15,B0,24,0124,03ED,24,0,00,CAAA,0124,1
121,00169E,2124,0000CAAC,000002B6,00,15,16,B0,24,0124,03ED,24,2,01,CAAC,2124,1
121,00169E,2124,0000CAAE,000002B7,00,15,17,B0,24,0124,03ED,24,2,01,CAAE,2124,1
121,00169E,0124,0000CAB0,000002B8,00,15,18,B0,24,0124,03EE,24,0,00,CAB0,0124,1
121,00169E,0124,0000CAB2,000002B9,00,15,19,B0,24,0124,03EE,24,0,00,CAB2,0124,1
121,00169E,2124,0000CAB4,000002BA,00,15,1A,B0,24,0124,03EE,24,2,01,CAB4,2124,1
121,00169E,2124,0000CAB6,000002BB,00,15,1B,B0,24,0124,03EE,24,2,01,CAB6,2124,1
121,00169E,0124,0000CAB8,000002BC,00,15,1C,B0,24,0124,03EF,24,0,00,CAB8,0124,1
121,00169E,0124,0000CABA,000002BD,00,15,1D,B0,24,0124,03EF,24,0,00,CABA,0124,1
121,00169E,2124,0000CABC,000002BE,00,15,1E,B0,24,0124,03EF,24,2,01,CABC,2124,1
121,00169E,2124,0000CABE,000002BF,00,15,1F,B0,24,0124,03EF,24,2,01,CABE,2124,1
121,00169E,4000,0000CB00,000002C0,00,16,00,B0,00,0100,03E8,24,4,02,CB00,4100,0
121,00169E,4000,0000CB02,000002C1,00,16,01,B0,00,0100,03E8,24,4,02,CB02,4100,0
121,00169E,0000,0000CB04,000002C2,00,16,02,B0,00,0100,03E8,24,6,00,CB04,0100,0
121,00169E,0000,0000CB06,000002C3,00,16,03,B0,00,0100,03E8,24,6,00,CB06,0100,0
121,00169E,4000,0000CB08,000002C4,00,16,04,B0,00,0100,03E9,24,4,02,CB08,4100,0
121,00169E,4000,0000CB0A,000002C5,00,16,05,B0,00,0100,03E9,24,4,02,CB0A,4100,0
121,00169E,0000,0000CB0C,000002C6,00,16,06,B0,00,0100,03E9,24,6,00,CB0C,0100,0
121,00169E,0000,0000CB0E,000002C7,00,16,07,B0,00,0100,03E9,24,6,00,CB0E,0100,0
121,00169E,4000,0000CB10,000002C8,00,16,08,B0,00,0100,03EA,24,4,02,CB10,4100,0
121,00169E,4000,0000CB12,000002C9,00,16,09,B0,00,0100,03EA,24,4,02,CB12,4100,0
121,00169E,0000,0000CB14,000002CA,00,16,0A,B0,00,0100,03EA,24,6,00,CB14,0100,0
121,00169E,0000,0000CB16,000002CB,00,16,0B,B0,00,0100,03EA,24,6,00,CB16,0100,0
121,00169E,4000,0000CB18,000002CC,00,16,0C,B0,00,0100,03EB,24,4,02,CB18,4100,0
121,00169E,4000,0000CB1A,000002CD,00,16,0D,B0,00,0100,03EB,24,4,02,CB1A,4100,0
121,00169E,0000,0000CB1C,000002CE,00,16,0E,B0,00,0100,03EB,24,6,00,CB1C,0100,0
121,00169E,0000,0000CB1E,000002CF,00,16,0F,B0,00,0100,03EB,24,6,00,CB1E,0100,0
121,00169E,4000,0000CB20,000002D0,00,16,10,B0,00,0100,03EC,24,4,02,CB20,4100,0
121,00169E,4000,0000CB22,000002D1,00,16,11,B0,00,0100,03EC,24,4,02,CB22,4100,0
121,00169E,0000,0000CB24,000002D2,00,16,12,B0,00,0100,03EC,24,6,00,CB24,0100,0
121,00169E,0000,0000CB26,000002D3,00,16,13,B0,00,0100,03EC,24,6,00,CB26,0100,0
121,00169E,4000,0000CB28,000002D4,00,16,14,B0,00,0100,03ED,24,4,02,CB28,4100,0
121,00169E,4000,0000CB2A,000002D5,00,16,15,B0,00,0100,03ED,24,4,02,CB2A,4100,0
121,00169E,0000,0000CB2C,000002D6,00,16,16,B0,00,0100,03ED,24,6,00,CB2C,0100,0
121,00169E,0000,0000CB2E,000002D7,00,16,17,B0,00,0100,03ED,24,6,00,CB2E,0100,0
121,00169E,4000,0000CB30,000002D8,00,16,18,B0,00,0100,03EE,24,4,02,CB30,4100,0
121,00169E,4000,0000CB32,000002D9,00,16,19,B0,00,0100,03EE,24,4,02,CB32,4100,0
121,00169E,0000,0000CB34,000002DA,00,16,1A,B0,00,0100,03EE,24,6,00,CB34,0100,0
121,00169E,0000,0000CB36,000002DB,00,16,1B,B0,00,0100,03EE,24,6,00,CB36,0100,0
121,00169E,4000,0000CB38,000002DC,00,16,1C,B0,00,0100,03EF,24,4,02,CB38,4100,0
121,00169E,4000,0000CB3A,000002DD,00,16,1D,B0,00,0100,03EF,24,4,02,CB3A,4100,0
121,00169E,0000,0000CB3C,000002DE,00,16,1E,B0,00,0100,03EF,24,6,00,CB3C,0100,0
121,00169E,0000,0000CB3E,000002DF,00,16,1F,B0,00,0100,03EF,24,6,00,CB3E,0100,0
121,00169E,4000,0000CB80,000002E0,00,17,00,B0,00,0100,03E8,24,4,02,CB80,4100,0
121,00169E,4000,0000CB82,000002E1,00,17,01,B0,00,0100,03E8,24,4,02,CB82,4100,0
121,00169E,0000,0000CB84,000002E2,00,17,02,B0,00,0100,03E8,24,6,00,CB84,0100,0
121,00169E,0000,0000CB86,000002E3,00,17,03,B0,00,0100,03E8,24,6,00,CB86,0100,0
121,00169E,4000,0000CB88,000002E4,00,17,04,B0,00,0100,03E9,24,4,02,CB88,4100,0
121,00169E,4000,0000CB8A,000002E5,00,17,05,B0,00,0100,03E9,24,4,02,CB8A,4100,0
121,00169E,0000,0000CB8C,000002E6,00,17,06,B0,00,0100,03E9,24,6,00,CB8C,0100,0
121,00169E,0000,0000CB8E,000002E7,00,17,07,B0,00,0100,03E9,24,6,00,CB8E,0100,0
121,00169E,4000,0000CB90,000002E8,00,17,08,B0,00,0100,03EA,24,4,02,CB90,4100,0
121,00169E,4000,0000CB92,000002E9,00,17,09,B0,00,0100,03EA,24,4,02,CB92,4100,0
121,00169E,0000,0000CB94,000002EA,00,17,0A,B0,00,0100,03EA,24,6,00,CB94,0100,0
121,00169E,0000,0000CB96,000002EB,00,17,0B,B0,00,0100,03EA,24,6,00,CB96,0100,0
121,00169E,4000,0000CB98,000002EC,00,17,0C,B0,00,0100,03EB,24,4,02,CB98,4100,0
121,00169E,4000,0000CB9A,000002ED,00,17,0D,B0,00,0100,03EB,24,4,02,CB9A,4100,0
121,00169E,0000,0000CB9C,000002EE,00,17,0E,B0,00,0100,03EB,24,6,00,CB9C,0100,0
121,00169E,0000,0000CB9E,000002EF,00,17,0F,B0,00,0100,03EB,24,6,00,CB9E,0100,0
121,00169E,4000,0000CBA0,000002F0,00,17,10,B0,00,0100,03EC,24,4,02,CBA0,4100,0
121,00169E,4000,0000CBA2,000002F1,00,17,11,B0,00,0100,03EC,24,4,02,CBA2,4100,0
121,00169E,0000,0000CBA4,000002F2,00,17,12,B0,00,0100,03EC,24,6,00,CBA4,0100,0
121,00169E,0000,0000CBA6,000002F3,00,17,13,B0,00,0100,03EC,24,6,00,CBA6,0100,0
121,00169E,4000,0000CBA8,000002F4,00,17,14,B0,00,0100,03ED,24,4,02,CBA8,4100,0
121,00169E,4000,0000CBAA,000002F5,00,17,15,B0,00,0100,03ED,24,4,02,CBAA,4100,0
121,00169E,0000,0000CBAC,000002F6,00,17,16,B0,00,0100,03ED,24,6,00,CBAC,0100,0
121,00169E,0000,0000CBAE,000002F7,00,17,17,B0,00,0100,03ED,24,6,00,CBAE,0100,0
121,00169E,4000,0000CBB0,000002F8,00,17,18,B0,00,0100,03EE,24,4,02,CBB0,4100,0
121,00169E,4000,0000CBB2,000002F9,00,17,19,B0,00,0100,03EE,24,4,02,CBB2,4100,0
121,00169E,0000,0000CBB4,000002FA,00,17,1A,B0,00,0100,03EE,24,6,00,CBB4,0100,0
121,00169E,0000,0000CBB6,000002FB,00,17,1B,B0,00,0100,03EE,24,6,00,CBB6,0100,0
121,00169E,4000,0000CBB8,000002FC,00,17,1C,B0,00,0100,03EF,24,4,02,CBB8,4100,0
121,00169E,4000,0000CBBA,000002FD,00,17,1D,B0,00,0100,03EF,24,4,02,CBBA,4100,0
121,00169E,0000,0000CBBC,000002FE,00,17,1E,B0,00,0100,03EF,24,6,00,CBBC,0100,0
121,00169E,0000,0000CBBE,000002FF,00,17,1F,B0,00,0100,03EF,24,6,00,CBBE,0100,0
121,00169E,0124,0000CC00,00000300,00,18,00,B0,24,0124,03F0,24,0,00,CC00,0124,1
121,00169E,0124,0000CC02,00000301,00,18,01,B0,24,0124,03F0,24,0,00,CC02,0124,1
121,00169E,2124,0000CC04,00000302,00,18,02,B0,24,0124,03F0,24,2,01,CC04,2124,1
121,00169E,2124,0000CC06,00000303,00,18,03,B0,24,0124,03F0,24,2,01,CC06,2124,1
121,00169E,0124,0000CC08,00000304,00,18,04,B0,24,0124,03F1,24,0,00,CC08,0124,1
121,00169E,0124,0000CC0A,00000305,00,18,05,B0,24,0124,03F1,24,0,00,CC0A,0124,1
121,00169E,2124,0000CC0C,00000306,00,18,06,B0,24,0124,03F1,24,2,01,CC0C,2124,1
121,00169E,2124,0000CC0E,00000307,00,18,07,B0,24,0124,03F1,24,2,01,CC0E,2124,1
121,00169E,0124,0000CC10,00000308,00,18,08,B0,24,0124,03F2,24,0,00,CC10,0124,1
121,00169E,0124,0000CC12,00000309,00,18,09,B0,24,0124,03F2,24,0,00,CC12,0124,1
121,00169E,2124,0000CC14,0000030A,00,18,0A,B0,24,0124,03F2,24,2,01,CC14,2124,1
121,00169E,2124,0000CC16,0000030B,00,18,0B,B0,24,0124,03F2,24,2,01,CC16,2124,1
121,00169E,0124,0000CC18,0000030C,00,18,0C,B0,24,0124,03F3,24,0,00,CC18,0124,1
121,00169E,0124,0000CC1A,0000030D,00,18,0D,B0,24,0124,03F3,24,0,00,CC1A,0124,1
121,00169E,2124,0000CC1C,0000030E,00,18,0E,B0,24,0124,03F3,24,2,01,CC1C,2124,1
121,00169E,2124,0000CC1E,0000030F,00,18,0F,B0,24,0124,03F3,24,2,01,CC1E,2124,1
121,00169E,0124,0000CC20,00000310,00,18,10,B0,24,0124,03F4,24,0,00,CC20,0124,1
121,00169E,0124,0000CC22,00000311,00,18,11,B0,24,0124,03F4,24,0,00,CC22,0124,1
121,00169E,2124,0000CC24,00000312,00,18,12,B0,24,0124,03F4,24,2,01,CC24,2124,1
121,00169E,2124,0000CC26,00000313,00,18,13,B0,24,0124,03F4,24,2,01,CC26,2124,1
121,00169E,0124,0000CC28,00000314,00,18,14,B0,24,0124,03F5,24,0,00,CC28,0124,1
121,00169E,0124,0000CC2A,00000315,00,18,15,B0,24,0124,03F5,24,0,00,CC2A,0124,1
121,00169E,2124,0000CC2C,00000316,00,18,16,B0,24,0124,03F5,24,2,01,CC2C,2124,1
121,00169E,2124,0000CC2E,00000317,00,18,17,B0,24,0124,03F5,24,2,01,CC2E,2124,1
121,00169E,0124,0000CC30,00000318,00,18,18,B0,24,0124,03F6,24,0,00,CC30,0124,1
121,00169E,0124,0000CC32,00000319,00,18,19,B0,24,0124,03F6,24,0,00,CC32,0124,1
121,00169E,2124,0000CC34,0000031A,00,18,1A,B0,24,0124,03F6,24,2,01,CC34,2124,1
121,00169E,2124,0000CC36,0000031B,00,18,1B,B0,24,0124,03F6,24,2,01,CC36,2124,1
121,00169E,0124,0000CC38,0000031C,00,18,1C,B0,24,0124,03F7,24,0,00,CC38,0124,1
121,00169E,0124,0000CC3A,0000031D,00,18,1D,B0,24,0124,03F7,24,0,00,CC3A,0124,1
121,00169E,2124,0000CC3C,0000031E,00,18,1E,B0,24,0124,03F7,24,2,01,CC3C,2124,1
121,00169E,2124,0000CC3E,0000031F,00,18,1F,B0,24,0124,03F7,24,2,01,CC3E,2124,1
121,00169E,0124,0000CC80,00000320,00,19,00,B0,24,0124,03F0,24,0,00,CC80,0124,1
121,00169E,0124,0000CC82,00000321,00,19,01,B0,24,0124,03F0,24,0,00,CC82,0124,1
121,00169E,2124,0000CC84,00000322,00,19,02,B0,24,0124,03F0,24,2,01,CC84,2124,1
121,00169E,2124,0000CC86,00000323,00,19,03,B0,24,0124,03F0,24,2,01,CC86,2124,1
121,00169E,0124,0000CC88,00000324,00,19,04,B0,24,0124,03F1,24,0,00,CC88,0124,1
121,00169E,0124,0000CC8A,00000325,00,19,05,B0,24,0124,03F1,24,0,00,CC8A,0124,1
121,00169E,2124,0000CC8C,00000326,00,19,06,B0,24,0124,03F1,24,2,01,CC8C,2124,1
121,00169E,2124,0000CC8E,00000327,00,19,07,B0,24,0124,03F1,24,2,01,CC8E,2124,1
121,00169E,0124,0000CC90,00000328,00,19,08,B0,24,0124,03F2,24,0,00,CC90,0124,1
121,00169E,0124,0000CC92,00000329,00,19,09,B0,24,0124,03F2,24,0,00,CC92,0124,1
121,00169E,2124,0000CC94,0000032A,00,19,0A,B0,24,0124,03F2,24,2,01,CC94,2124,1
121,00169E,2124,0000CC96,0000032B,00,19,0B,B0,24,0124,03F2,24,2,01,CC96,2124,1
121,00169E,0124,0000CC98,0000032C,00,19,0C,B0,24,0124,03F3,24,0,00,CC98,0124,1
121,00169E,0124,0000CC9A,0000032D,00,19,0D,B0,24,0124,03F3,24,0,00,CC9A,0124,1
121,00169E,2124,0000CC9C,0000032E,00,19,0E,B0,24,0124,03F3,24,2,01,CC9C,2124,1
121,00169E,2124,0000CC9E,0000032F,00,19,0F,B0,24,0124,03F3,24,2,01,CC9E,2124,1
121,00169E,0124,0000CCA0,00000330,00,19,10,B0,24,0124,03F4,24,0,00,CCA0,0124,1
121,00169E,0124,0000CCA2,00000331,00,19,11,B0,24,0124,03F4,24,0,00,CCA2,0124,1
121,00169E,2124,0000CCA4,00000332,00,19,12,B0,24,0124,03F4,24,2,01,CCA4,2124,1
122,00169E,2124,0000CCA6,00000333,00,19,13,B0,24,0124,03F4,24,2,01,CCA6,2124,1
122,00169E,0124,0000CCA8,00000334,00,19,14,B0,24,0124,03F5,24,0,00,CCA8,0124,1
122,00169E,0124,0000CCAA,00000335,00,19,15,B0,24,0124,03F5,24,0,00,CCAA,0124,1
122,00169E,2124,0000CCAC,00000336,00,19,16,B0,24,0124,03F5,24,2,01,CCAC,2124,1
122,00169E,2124,0000CCAE,00000337,00,19,17,B0,24,0124,03F5,24,2,01,CCAE,2124,1
122,00169E,0124,0000CCB0,00000338,00,19,18,B0,24,0124,03F6,24,0,00,CCB0,0124,1
122,00169E,0124,0000CCB2,00000339,00,19,19,B0,24,0124,03F6,24,0,00,CCB2,0124,1
122,00169E,2124,0000CCB4,0000033A,00,19,1A,B0,24,0124,03F6,24,2,01,CCB4,2124,1
122,00169E,2124,0000CCB6,0000033B,00,19,1B,B0,24,0124,03F6,24,2,01,CCB6,2124,1
122,00169E,0124,0000CCB8,0000033C,00,19,1C,B0,24,0124,03F7,24,0,00,CCB8,0124,1
122,00169E,0124,0000CCBA,0000033D,00,19,1D,B0,24,0124,03F7,24,0,00,CCBA,0124,1
122,00169E,2124,0000CCBC,0000033E,00,19,1E,B0,24,0124,03F7,24,2,01,CCBC,2124,1
122,00169E,2124,0000CCBE,0000033F,00,19,1F,B0,24,0124,03F7,24,2,01,CCBE,2124,1
122,00169E,4124,0000CD00,00000340,00,1A,00,B0,24,0124,03F0,24,4,02,CD00,4124,1
122,00169E,4124,0000CD02,00000341,00,1A,01,B0,24,0124,03F0,24,4,02,CD02,4124,1
122,00169E,0124,0000CD04,00000342,00,1A,02,B0,24,0124,03F0,24,6,00,CD04,0124,1
122,00169E,0124,0000CD06,00000343,00,1A,03,B0,24,0124,03F0,24,6,00,CD06,0124,1
122,00169E,4124,0000CD08,00000344,00,1A,04,B0,24,0124,03F1,24,4,02,CD08,4124,1
122,00169E,4124,0000CD0A,00000345,00,1A,05,B0,24,0124,03F1,24,4,02,CD0A,4124,1
122,00169E,0124,0000CD0C,00000346,00,1A,06,B0,24,0124,03F1,24,6,00,CD0C,0124,1
122,00169E,0124,0000CD0E,00000347,00,1A,07,B0,24,0124,03F1,24,6,00,CD0E,0124,1
122,00169E,4124,0000CD10,00000348,00,1A,08,B0,24,0124,03F2,24,4,02,CD10,4124,1
122,00169E,4124,0000CD12,00000349,00,1A,09,B0,24,0124,03F2,24,4,02,CD12,4124,1
122,00169E,0124,0000CD14,0000034A,00,1A,0A,B0,24,0124,03F2,24,6,00,CD14,0124,1
122,00169E,0124,0000CD16,0000034B,00,1A,0B,B0,24,0124,03F2,24,6,00,CD16,0124,1
122,00169E,4124,0000CD18,0000034C,00,1A,0C,B0,24,0124,03F3,24,4,02,CD18,4124,1
122,00169E,4124,0000CD1A,0000034D,00,1A,0D,B0,24,0124,03F3,24,4,02,CD1A,4124,1
122,00169E,0124,0000CD1C,0000034E,00,1A,0E,B0,24,0124,03F3,24,6,00,CD1C,0124,1
122,00169E,0124,0000CD1E,0000034F,00,1A,0F,B0,24,0124,03F3,24,6,00,CD1E,0124,1
122,00169E,4124,0000CD20,00000350,00,1A,10,B0,24,0124,03F4,24,4,02,CD20,4124,1
122,00169E,4124,0000CD22,00000351,00,1A,11,B0,24,0124,03F4,24,4,02,CD22,4124,1
122,00169E,0124,0000CD24,00000352,00,1A,12,B0,24,0124,03F4,24,6,00,CD24,0124,1
122,00169E,0124,0000CD26,00000353,00,1A,13,B0,24,0124,03F4,24,6,00,CD26,0124,1
122,00169E,4124,0000CD28,00000354,00,1A,14,B0,24,0124,03F5,24,4,02,CD28,4124,1
122,00169E,4124,0000CD2A,00000355,00,1A,15,B0,24,0124,03F5,24,4,02,CD2A,4124,1
122,00169E,0124,0000CD2C,00000356,00,1A,16,B0,24,0124,03F5,24,6,00,CD2C,0124,1
122,00169E,0124,0000CD2E,00000357,00,1A,17,B0,24,0124,03F5,24,6,00,CD2E,0124,1
122,00169E,4124,0000CD30,00000358,00,1A,18,B0,24,0124,03F6,24,4,02,CD30,4124,1
122,00169E,4124,0000CD32,00000359,00,1A,19,B0,24,0124,03F6,24,4,02,CD32,4124,1
122,00169E,0124,0000CD34,0000035A,00,1A,1A,B0,24,0124,03F6,24,6,00,CD34,0124,1
122,00169E,0124,0000CD36,0000035B,00,1A,1B,B0,24,0124,03F6,24,6,00,CD36,0124,1
122,00169E,4124,0000CD38,0000035C,00,1A,1C,B0,24,0124,03F7,24,4,02,CD38,4124,1
122,00169E,4124,0000CD3A,0000035D,00,1A,1D,B0,24,0124,03F7,24,4,02,CD3A,4124,1
122,00169E,0124,0000CD3C,0000035E,00,1A,1E,B0,24,0124,03F7,24,6,00,CD3C,0124,1
122,00169E,0124,0000CD3E,0000035F,00,1A,1F,B0,24,0124,03F7,24,6,00,CD3E,0124,1
122,00169E,4124,0000CD80,00000360,00,1B,00,B0,24,0124,03F0,24,4,02,CD80,4124,1
122,00169E,4124,0000CD82,00000361,00,1B,01,B0,24,0124,03F0,24,4,02,CD82,4124,1
122,00169E,0124,0000CD84,00000362,00,1B,02,B0,24,0124,03F0,24,6,00,CD84,0124,1
122,00169E,0124,0000CD86,00000363,00,1B,03,B0,24,0124,03F0,24,6,00,CD86,0124,1
122,00169E,4124,0000CD88,00000364,00,1B,04,B0,24,0124,03F1,24,4,02,CD88,4124,1
122,00169E,4124,0000CD8A,00000365,00,1B,05,B0,24,0124,03F1,24,4,02,CD8A,4124,1
122,00169E,0124,0000CD8C,00000366,00,1B,06,B0,24,0124,03F1,24,6,00,CD8C,0124,1
122,00169E,0124,0000CD8E,00000367,00,1B,07,B0,24,0124,03F1,24,6,00,CD8E,0124,1
122,00169E,4124,0000CD90,00000368,00,1B,08,B0,24,0124,03F2,24,4,02,CD90,4124,1
122,00169E,4124,0000CD92,00000369,00,1B,09,B0,24,0124,03F2,24,4,02,CD92,4124,1
122,00169E,0124,0000CD94,0000036A,00,1B,0A,B0,24,0124,03F2,24,6,00,CD94,0124,1
122,00169E,0124,0000CD96,0000036B,00,1B,0B,B0,24,0124,03F2,24,6,00,CD96,0124,1
122,00169E,4124,0000CD98,0000036C,00,1B,0C,B0,24,0124,03F3,24,4,02,CD98,4124,1
122,00169E,4124,0000CD9A,0000036D,00,1B,0D,B0,24,0124,03F3,24,4,02,CD9A,4124,1
122,00169E,0124,0000CD9C,0000036E,00,1B,0E,B0,24,0124,03F3,24,6,00,CD9C,0124,1
122,00169E,0124,0000CD9E,0000036F,00,1B,0F,B0,24,0124,03F3,24,6,00,CD9E,0124,1
122,00169E,4124,0000CDA0,00000370,00,1B,10,B0,24,0124,03F4,24,4,02,CDA0,4124,1
122,00169E,4124,0000CDA2,00000371,00,1B,11,B0,24,0124,03F4,24,4,02,CDA2,4124,1
122,00169E,0124,0000CDA4,00000372,00,1B,12,B0,24,0124,03F4,24,6,00,CDA4,0124,1
122,00169E,0124,0000CDA6,00000373,00,1B,13,B0,24,0124,03F4,24,6,00,CDA6,0124,1
122,00169E,4124,0000CDA8,00000374,00,1B,14,B0,24,0124,03F5,24,4,02,CDA8,4124,1
122,00169E,4124,0000CDAA,00000375,00,1B,15,B0,24,0124,03F5,24,4,02,CDAA,4124,1
122,00169E,0124,0000CDAC,00000376,00,1B,16,B0,24,0124,03F5,24,6,00,CDAC,0124,1
122,00169E,0124,0000CDAE,00000377,00,1B,17,B0,24,0124,03F5,24,6,00,CDAE,0124,1
122,00169E,4124,0000CDB0,00000378,00,1B,18,B0,24,0124,03F6,24,4,02,CDB0,4124,1
122,00169E,4124,0000CDB2,00000379,00,1B,19,B0,24,0124,03F6,24,4,02,CDB2,4124,1
122,00169E,0124,0000CDB4,0000037A,00,1B,1A,B0,24,0124,03F6,24,6,00,CDB4,0124,1
122,00169E,0124,0000CDB6,0000037B,00,1B,1B,B0,24,0124,03F6,24,6,00,CDB6,0124,1
122,00169E,4124,0000CDB8,0000037C,00,1B,1C,B0,24,0124,03F7,24,4,02,CDB8,4124,1
122,00169E,4124,0000CDBA,0000037D,00,1B,1D,B0,24,0124,03F7,24,4,02,CDBA,4124,1
122,00169E,0124,0000CDBC,0000037E,00,1B,1E,B0,24,0124,03F7,24,6,00,CDBC,0124,1
122,00169E,0124,0000CDBE,0000037F,00,1B,1F,B0,24,0124,03F7,24,6,00,CDBE,0124,1
122,00169E,0124,0000CE00,00000380,00,1C,00,B0,24,0124,03F8,24,0,00,CE00,0124,1
122,00169E,0124,0000CE02,00000381,00,1C,01,B0,24,0124,03F8,24,0,00,CE02,0124,1
122,00169E,2124,0000CE04,00000382,00,1C,02,B0,24,0124,03F8,24,2,01,CE04,2124,1
122,00169E,2124,0000CE06,00000383,00,1C,03,B0,24,0124,03F8,24,2,01,CE06,2124,1
122,00169E,0124,0000CE08,00000384,00,1C,04,B0,24,0124,03F9,24,0,00,CE08,0124,1
122,00169E,0124,0000CE0A,00000385,00,1C,05,B0,24,0124,03F9,24,0,00,CE0A,0124,1
122,00169E,2124,0000CE0C,00000386,00,1C,06,B0,24,0124,03F9,24,2,01,CE0C,2124,1
122,00169E,2124,0000CE0E,00000387,00,1C,07,B0,24,0124,03F9,24,2,01,CE0E,2124,1
122,00169E,0124,0000CE10,00000388,00,1C,08,B0,24,0124,03FA,24,0,00,CE10,0124,1
122,00169E,0124,0000CE12,00000389,00,1C,09,B0,24,0124,03FA,24,0,00,CE12,0124,1
122,00169E,2124,0000CE14,0000038A,00,1C,0A,B0,24,0124,03FA,24,2,01,CE14,2124,1
122,00169E,2124,0000CE16,0000038B,00,1C,0B,B0,24,0124,03FA,24,2,01,CE16,2124,1
122,00169E,0124,0000CE18,0000038C,00,1C,0C,B0,24,0124,03FB,24,0,00,CE18,0124,1
122,00169E,0124,0000CE1A,0000038D,00,1C,0D,B0,24,0124,03FB,24,0,00,CE1A,0124,1
122,00169E,2124,0000CE1C,0000038E,00,1C,0E,B0,24,0124,03FB,24,2,01,CE1C,2124,1
122,00169E,2124,0000CE1E,0000038F,00,1C,0F,B0,24,0124,03FB,24,2,01,CE1E,2124,1
122,00169E,0124,0000CE20,00000390,00,1C,10,B0,24,0124,03FC,24,0,00,CE20,0124,1
122,00169E,0124,0000CE22,00000391,00,1C,11,B0,24,0124,03FC,24,0,00,CE22,0124,1
122,00169E,2124,0000CE24,00000392,00,1C,12,B0,24,0124,03FC,24,2,01,CE24,2124,1
122,00169E,2124,0000CE26,00000393,00,1C,13,B0,24,0124,03FC,24,2,01,CE26,2124,1
122,00169E,0124,0000CE28,00000394,00,1C,14,B0,24,0124,03FD,24,0,00,CE28,0124,1
122,00169E,0124,0000CE2A,00000395,00,1C,15,B0,24,0124,03FD,24,0,00,CE2A,0124,1
122,00169E,2124,0000CE2C,00000396,00,1C,16,B0,24,0124,03FD,24,2,01,CE2C,2124,1
122,00169E,2124,0000CE2E,00000397,00,1C,17,B0,24,0124,03FD,24,2,01,CE2E,2124,1
122,00169E,0124,0000CE30,00000398,00,1C,18,B0,24,0124,03FE,24,0,00,CE30,0124,1
122,00169E,0124,0000CE32,00000399,00,1C,19,B0,24,0124,03FE,24,0,00,CE32,0124,1
122,00169E,2124,0000CE34,0000039A,00,1C,1A,B0,24,0124,03FE,24,2,01,CE34,2124,1
122,00169E,2124,0000CE36,0000039B,00,1C,1B,B0,24,0124,03FE,24,2,01,CE36,2124,1
122,00169E,0124,0000CE38,0000039C,00,1C,1C,B0,24,0124,03FF,24,0,00,CE38,0124,1
122,00169E,0124,0000CE3A,0000039D,00,1C,1D,B0,24,0124,03FF,24,0,00,CE3A,0124,1
122,00169E,2124,0000CE3C,0000039E,00,1C,1E,B0,24,0124,03FF,24,2,01,CE3C,2124,1
122,00169E,2124,0000CE3E,0000039F,00,1C,1F,B0,24,0124,03FF,24,2,01,CE3E,2124,1
122,00169E,0124,0000CE80,000003A0,00,1D,00,B0,24,0124,03F8,24,0,00,CE80,0124,1
122,00169E,0124,0000CE82,000003A1,00,1D,01,B0,24,0124,03F8,24,0,00,CE82,0124,1
122,00169E,2124,0000CE84,000003A2,00,1D,02,B0,24,0124,03F8,24,2,01,CE84,2124,1
122,00169E,2124,0000CE86,000003A3,00,1D,03,B0,24,0124,03F8,24,2,01,CE86,2124,1
122,00169E,0124,0000CE88,000003A4,00,1D,04,B0,24,0124,03F9,24,0,00,CE88,0124,1
122,00169E,0124,0000CE8A,000003A5,00,1D,05,B0,24,0124,03F9,24,0,00,CE8A,0124,1
122,00169E,2124,0000CE8C,000003A6,00,1D,06,B0,24,0124,03F9,24,2,01,CE8C,2124,1
122,00169E,2124,0000CE8E,000003A7,00,1D,07,B0,24,0124,03F9,24,2,01,CE8E,2124,1
122,00169E,0124,0000CE90,000003A8,00,1D,08,B0,24,0124,03FA,24,0,00,CE90,0124,1
122,00169E,0124,0000CE92,000003A9,00,1D,09,B0,24,0124,03FA,24,0,00,CE92,0124,1
122,00169E,2124,0000CE94,000003AA,00,1D,0A,B0,24,0124,03FA,24,2,01,CE94,2124,1
122,00169E,2124,0000CE96,000003AB,00,1D,0B,B0,24,0124,03FA,24,2,01,CE96,2124,1
122,00169E,0124,0000CE98,000003AC,00,1D,0C,B0,24,0124,03FB,24,0,00,CE98,0124,1
122,00169E,0124,0000CE9A,000003AD,00,1D,0D,B0,24,0124,03FB,24,0,00,CE9A,0124,1
122,00169E,2124,0000CE9C,000003AE,00,1D,0E,B0,24,0124,03FB,24,2,01,CE9C,2124,1
122,00169E,2124,0000CE9E,000003AF,00,1D,0F,B0,24,0124,03FB,24,2,01,CE9E,2124,1
122,00169E,0124,0000CEA0,000003B0,00,1D,10,B0,24,0124,03FC,24,0,00,CEA0,0124,1
122,00169E,0124,0000CEA2,000003B1,00,1D,11,B0,24,0124,03FC,24,0,00,CEA2,0124,1
122,00169E,2124,0000CEA4,000003B2,00,1D,12,B0,24,0124,03FC,24,2,01,CEA4,2124,1
122,00169E,2124,0000CEA6,000003B3,00,1D,13,B0,24,0124,03FC,24,2,01,CEA6,2124,1
122,00169E,0124,0000CEA8,000003B4,00,1D,14,B0,24,0124,03FD,24,0,00,CEA8,0124,1
122,00169E,0124,0000CEAA,000003B5,00,1D,15,B0,24,0124,03FD,24,0,00,CEAA,0124,1
122,00169E,2124,0000CEAC,000003B6,00,1D,16,B0,24,0124,03FD,24,2,01,CEAC,2124,1
122,00169E,2124,0000CEAE,000003B7,00,1D,17,B0,24,0124,03FD,24,2,01,CEAE,2124,1
122,00169E,0124,0000CEB0,000003B8,00,1D,18,B0,24,0124,03FE,24,0,00,CEB0,0124,1
122,00169E,0124,0000CEB2,000003B9,00,1D,19,B0,24,0124,03FE,24,0,00,CEB2,0124,1
122,00169E,2124,0000CEB4,000003BA,00,1D,1A,B0,24,0124,03FE,24,2,01,CEB4,2124,1
122,00169E,2124,0000CEB6,000003BB,00,1D,1B,B0,24,0124,03FE,24,2,01,CEB6,2124,1
122,00169E,0124,0000CEB8,000003BC,00,1D,1C,B0,24,0124,03FF,24,0,00,CEB8,0124,1
122,00169E,0124,0000CEBA,000003BD,00,1D,1D,B0,24,0124,03FF,24,0,00,CEBA,0124,1
122,00169E,2124,0000CEBC,000003BE,00,1D,1E,B0,24,0124,03FF,24,2,01,CEBC,2124,1
122,00169E,2124,0000CEBE,000003BF,00,1D,1F,B0,24,0124,03FF,24,2,01,CEBE,2124,1
122,00114C,0400,0000C040,000003C0,00,1E,00,B0,24,0124,03F8,24,4,02,CF00,4124,0
122,001154,0400,0000C040,000003C0,00,1E,00,B0,24,0124,03F8,24,4,02,CF00,4124,0
122,00115C,0400,0000C040,000003C0,00,1E,00,B0,24,0124,03F8,24,4,02,CF00,4124,0
122,001164,0400,0000C040,000003C0,00,1E,00,B0,24,0124,03F8,24,4,02,CF00,4124,0
122,00116C,0400,0000C040,000003C0,00,1E,00,B0,24,0124,03F8,24,4,02,CF00,4124,0
122,001174,0400,0000C040,000003C0,00,1E,00,B0,24,0124,03F8,24,4,02,CF00,4124,0
122,00117C,0400,0000C040,000003C0,00,1E,00,B0,24,0124,03F8,24,4,02,CF00,4124,0
122,001184,0400,0000C040,000003C0,00,1E,00,B0,24,0124,03F8,24,4,02,CF00,4124,0
122,00114C,0400,0000C240,000003C0,00,1E,00,B0,24,0124,03F8,24,4,02,CF00,4124,0
122,001154,0400,0000C240,000003C0,00,1E,00,B0,24,0124,03F8,24,4,02,CF00,4124,0
122,00115C,0400,0000C240,000003C0,00,1E,00,B0,24,0124,03F8,24,4,02,CF00,4124,0
122,001164,0400,0000C240,000003C0,00,1E,00,B0,24,0124,03F8,24,4,02,CF00,4124,0
122,00116C,0400,0000C240,000003C0,00,1E,00,B0,24,0124,03F8,24,4,02,CF00,4124,0
122,001174,0400,0000C240,000003C0,00,1E,00,B0,24,0124,03F8,24,4,02,CF00,4124,0
122,00117C,0400,0000C240,000003C0,00,1E,00,B0,24,0124,03F8,24,4,02,CF00,4124,0
122,001184,0400,0000C240,000003C0,00,1E,00,B0,24,0124,03F8,24,4,02,CF00,4124,0
122,00114C,0400,0000C240,000003C0,00,1E,00,B0,24,0124,03F8,24,4,02,CF00,4124,0
122,001154,0400,0000C240,000003C0,00,1E,00,B0,24,0124,03F8,24,4,02,CF00,4124,0
122,00115C,0400,0000C240,000003C0,00,1E,00,B0,24,0124,03F8,24,4,02,CF00,4124,0
122,001164,0400,0000C240,000003C0,00,1E,00,B0,24,0124,03F8,24,4,02,CF00,4124,0
122,00116C,0400,0000C240,000003C0,00,1E,00,B0,24,0124,03F8,24,4,02,CF00,4124,0
122,001174,0400,0000C240,000003C0,00,1E,00,B0,24,0124,03F8,24,4,02,CF00,4124,0
122,00117C,0400,0000C240,000003C0,00,1E,00,B0,24,0124,03F8,24,4,02,CF00,4124,0
122,001184,0400,0000C240,000003C0,00,1E,00,B0,24,0124,03F8,24,4,02,CF00,4124,0
122,00114C,0400,0000C240,000003C0,00,1E,00,B0,24,0124,03F8,24,4,02,CF00,4124,0
122,001154,0400,0000C240,000003C0,00,1E,00,B0,24,0124,03F8,24,4,02,CF00,4124,0
122,00115C,0400,0000C240,000003C0,00,1E,00,B0,24,0124,03F8,24,4,02,CF00,4124,0
122,001164,0400,0000C240,000003C0,00,1E,00,B0,24,0124,03F8,24,4,02,CF00,4124,0
122,00116C,0400,0000C240,000003C0,00,1E,00,B0,24,0124,03F8,24,4,02,CF00,4124,0
122,001174,0400,0000C240,000003C0,00,1E,00,B0,24,0124,03F8,24,4,02,CF00,4124,0
122,00117C,0400,0000C240,000003C0,00,1E,00,B0,24,0124,03F8,24,4,02,CF00,4124,0
122,001184,0400,0000C240,000003C0,00,1E,00,B0,24,0124,03F8,24,4,02,CF00,4124,0
122,00114C,0400,0000C240,000003C0,00,1E,00,B0,24,0124,03F8,24,4,02,CF00,4124,0
122,001154,0400,0000C240,000003C0,00,1E,00,B0,24,0124,03F8,24,4,02,CF00,4124,0
122,00115C,0400,0000C240,000003C0,00,1E,00,B0,24,0124,03F8,24,4,02,CF00,4124,0
122,001164,0400,0000C240,000003C0,00,1E,00,B0,24,0124,03F8,24,4,02,CF00,4124,0
122,00116C,0400,0000C240,000003C0,00,1E,00,B0,24,0124,03F8,24,4,02,CF00,4124,0
122,001174,0400,0000C240,000003C0,00,1E,00,B0,24,0124,03F8,24,4,02,CF00,4124,0
122,00117C,0400,0000C240,000003C0,00,1E,00,B0,24,0124,03F8,24,4,02,CF00,4124,0
122,001184,0400,0000C240,000003C0,00,1E,00,B0,24,0124,03F8,24,4,02,CF00,4124,0
122,00114C,0400,0000C240,000003C0,00,1E,00,B0,24,0124,03F8,24,4,02,CF00,4124,0
122,001154,0400,0000C240,000003C0,00,1E,00,B0,24,0124,03F8,24,4,02,CF00,4124,0
122,00115C,0400,0000C240,000003C0,00,1E,00,B0,24,0124,03F8,24,4,02,CF00,4124,0
122,001164,0400,0000C240,000003C0,00,1E,00,B0,24,0124,03F8,24,4,02,CF00,4124,0
122,00116C,0400,0000C240,000003C0,00,1E,00,B0,24,0124,03F8,24,4,02,CF00,4124,0
122,001174,0400,0000C240,000003C0,00,1E,00,B0,24,0124,03F8,24,4,02,CF00,4124,0
122,00117C,0400,0000C240,000003C0,00,1E,00,B0,24,0124,03F8,24,4,02,CF00,4124,0
122,001184,0400,0000C240,000003C0,00,1E,00,B0,24,0124,03F8,24,4,02,CF00,4124,0
122,00114C,0400,0000C240,000003C0,00,1E,00,B0,24,0124,03F8,24,4,02,CF00,4124,0
122,001154,0400,0000C240,000003C0,00,1E,00,B0,24,0124,03F8,24,4,02,CF00,4124,0
122,00115C,0400,0000C240,000003C0,00,1E,00,B0,24,0124,03F8,24,4,02,CF00,4124,0
122,001164,0400,0000C240,000003C0,00,1E,00,B0,24,0124,03F8,24,4,02,CF00,4124,0
122,00116C,0400,0000C240,000003C0,00,1E,00,B0,24,0124,03F8,24,4,02,CF00,4124,0
122,001174,0400,0000C240,000003C0,00,1E,00,B0,24,0124,03F8,24,4,02,CF00,4124,0
122,00117C,0400,0000C240,000003C0,00,1E,00,B0,24,0124,03F8,24,4,02,CF00,4124,0
122,001184,0400,0000C240,000003C0,00,1E,00,B0,24,0124,03F8,24,4,02,CF00,4124,0
122,00114C,0400,0000C240,000003C0,00,1E,00,B0,24,0124,03F8,24,4,02,CF00,4124,0
122,001154,0400,0000C240,000003C0,00,1E,00,B0,24,0124,03F8,24,4,02,CF00,4124,0
122,00115C,0400,0000C240,000003C0,00,1E,00,B0,24,0124,03F8,24,4,02,CF00,4124,0
122,001164,0400,0000C240,000003C0,00,1E,00,B0,24,0124,03F8,24,4,02,CF00,4124,0
122,00116C,0400,0000C240,000003C0,00,1E,00,B0,24,0124,03F8,24,4,02,CF00,4124,0
122,001174,0400,0000C240,000003C0,00,1E,00,B0,24,0124,03F8,24,4,02,CF00,4124,0
122,00117C,0400,0000C240,000003C0,00,1E,00,B0,24,0124,03F8,24,4,02,CF00,4124,0
122,001184,0400,0000C240,000003C0,00,1E,00,B0,24,0124,03F8,24,4,02,CF00,4124,0
122,00114C,0400,0000C240,000003C0,00,1E,00,B0,24,0124,03F8,24,4,02,CF00,4124,0
122,001154,0400,0000C240,000003C0,00,1E,00,B0,24,0124,03F8,24,4,02,CF00,4124,0
122,00115C,0400,0000C240,000003C0,00,1E,00,B0,24,0124,03F8,24,4,02,CF00,4124,0
122,001164,0400,0000C240,000003C0,00,1E,00,B0,24,0124,03F8,24,4,02,CF00,4124,0
122,00116C,0400,0000C240,000003C0,00,1E,00,B0,24,0124,03F8,24,4,02,CF00,4124,0
122,001174,0400,0000C240,000003C0,00,1E,00,B0,24,0124,03F8,24,4,02,CF00,4124,0
122,00117C,0400,0000C240,000003C0,00,1E,00,B0,24,0124,03F8,24,4,02,CF00,4124,0
122,001184,0400,0000C240,000003C0,00,1E,00,B0,24,0124,03F8,24,4,02,CF00,4124,0
122,00114C,0400,0000C240,000003C0,00,1E,00,B0,24,0124,03F8,24,4,02,CF00,4124,0
122,001154,0400,0000C240,000003C0,00,1E,00,B0,24,0124,03F8,24,4,02,CF00,4124,0
122,00115C,0400,0000C240,000003C0,00,1E,00,B0,24,0124,03F8,24,4,02,CF00,4124,0
122,001164,0400,0000C240,000003C0,00,1E,00,B0,24,0124,03F8,24,4,02,CF00,4124,0
122,00116C,0400,0000C240,000003C0,00,1E,00,B0,24,0124,03F8,24,4,02,CF00,4124,0
122,001174,0400,0000C240,000003C0,00,1E,00,B0,24,0124,03F8,24,4,02,CF00,4124,0
122,00117C,0400,0000C240,000003C0,00,1E,00,B0,24,0124,03F8,24,4,02,CF00,4124,0
122,001184,0400,0000C240,000003C0,00,1E,00,B0,24,0124,03F8,24,4,02,CF00,4124,0
122,00114C,0400,0000C240,000003C0,00,1E,00,B0,24,0124,03F8,24,4,02,CF00,4124,0
122,001154,0400,0000C240,000003C0,00,1E,00,B0,24,0124,03F8,24,4,02,CF00,4124,0
122,00115C,0400,0000C240,000003C0,00,1E,00,B0,24,0124,03F8,24,4,02,CF00,4124,0
122,001164,0400,0000C240,000003C0,00,1E,00,B0,24,0124,03F8,24,4,02,CF00,4124,0
122,00116C,0400,0000C240,000003C0,00,1E,00,B0,24,0124,03F8,24,4,02,CF00,4124,0
122,001174,0400,0000C240,000003C0,00,1E,00,B0,24,0124,03F8,24,4,02,CF00,4124,0
122,00117C,0400,0000C240,000003C0,00,1E,00,B0,24,0124,03F8,24,4,02,CF00,4124,0
122,001184,0400,0000C240,000003C0,00,1E,00,B0,24,0124,03F8,24,4,02,CF00,4124,0
122,00114C,0400,0000C240,000003C0,00,1E,00,B0,24,0124,03F8,24,4,02,CF00,4124,0
122,001154,0400,0000C240,000003C0,00,1E,00,B0,24,0124,03F8,24,4,02,CF00,4124,0
122,00115C,0400,0000C240,000003C0,00,1E,00,B0,24,0124,03F8,24,4,02,CF00,4124,0
122,001164,0400,0000C240,000003C0,00,1E,00,B0,24,0124,03F8,24,4,02,CF00,4124,0
122,00116C,0400,0000C240,000003C0,00,1E,00,B0,24,0124,03F8,24,4,02,CF00,4124,0
122,001174,0400,0000C240,000003C0,00,1E,00,B0,24,0124,03F8,24,4,02,CF00,4124,0
122,00117C,0400,0000C240,000003C0,00,1E,00,B0,24,0124,03F8,24,4,02,CF00,4124,0
122,001184,0400,0000C240,000003C0,00,1E,00,B0,24,0124,03F8,24,4,02,CF00,4124,0
122,00114C,0400,0000C240,000003C0,00,1E,00,B0,24,0124,03F8,24,4,02,CF00,4124,0
122,001154,0400,0000C240,000003C0,00,1E,00,B0,24,0124,03F8,24,4,02,CF00,4124,0
122,00115C,0400,0000C240,000003C0,00,1E,00,B0,24,0124,03F8,24,4,02,CF00,4124,0
122,001164,0400,0000C240,000003C0,00,1E,00,B0,24,0124,03F8,24,4,02,CF00,4124,0
122,00116C,0400,0000C240,000003C0,00,1E,00,B0,24,0124,03F8,24,4,02,CF00,4124,0
122,001174,0400,0000C240,000003C0,00,1E,00,B0,24,0124,03F8,24,4,02,CF00,4124,0
122,00117C,0400,0000C240,000003C0,00,1E,00,B0,24,0124,03F8,24,4,02,CF00,4124,0
122,001184,0400,0000C240,000003C0,00,1E,00,B0,24,0124,03F8,24,4,02,CF00,4124,0
122,00114C,0400,0000C240,000003C0,00,1E,00,B0,24,0124,03F8,24,4,02,CF00,4124,0
122,001154,0400,0000C240,000003C0,00,1E,00,B0,24,0124,03F8,24,4,02,CF00,4124,0
122,00115C,0400,0000C240,000003C0,00,1E,00,B0,24,0124,03F8,24,4,02,CF00,4124,0
122,001164,0400,0000C240,000003C0,00,1E,00,B0,24,0124,03F8,24,4,02,CF00,4124,0
122,00116C,0400,0000C240,000003C0,00,1E,00,B0,24,0124,03F8,24,4,02,CF00,4124,0
122,001174,0400,0000C240,000003C0,00,1E,00,B0,24,0124,03F8,24,4,02,CF00,4124,0
122,00117C,0400,0000C240,000003C0,00,1E,00,B0,24,0124,03F8,24,4,02,CF00,4124,0
122,001184,0400,0000C240,000003C0,00,1E,00,B0,24,0124,03F8,24,4,02,CF00,4124,0
122,00114C,0400,0000C240,000003C0,00,1E,00,B0,24,0124,03F8,24,4,02,CF00,4124,0
122,001154,0400,0000C240,000003C0,00,1E,00,B0,24,0124,03F8,24,4,02,CF00,4124,0
122,00115C,0400,0000C240,000003C0,00,1E,00,B0,24,0124,03F8,24,4,02,CF00,4124,0
122,001164,0400,0000C240,000003C0,00,1E,00,B0,24,0124,03F8,24,4,02,CF00,4124,0
122,00116C,0400,0000C240,000003C0,00,1E,00,B0,24,0124,03F8,24,4,02,CF00,4124,0
122,001174,0400,0000C240,000003C0,00,1E,00,B0,24,0124,03F8,24,4,02,CF00,4124,0
122,00117C,0400,0000C240,000003C0,00,1E,00,B0,24,0124,03F8,24,4,02,CF00,4124,0
122,001184,0400,0000C240,000003C0,00,1E,00,B0,24,0124,03F8,24,4,02,CF00,4124,0
122,00114C,0400,0000C240,000003C0,00,1E,00,B0,24,0124,03F8,24,4,02,CF00,4124,0
122,001154,0400,0000C240,000003C0,00,1E,00,B0,24,0124,03F8,24,4,02,CF00,4124,0
122,00115C,0400,0000C240,000003C0,00,1E,00,B0,24,0124,03F8,24,4,02,CF00,4124,0
122,001164,0400,0000C240,000003C0,00,1E,00,B0,24,0124,03F8,24,4,02,CF00,4124,0
122,00116C,0400,0000C240,000003C0,00,1E,00,B0,24,0124,03F8,24,4,02,CF00,4124,0
122,001174,0400,0000C240,000003C0,00,1E,00,B0,24,0124,03F8,24,4,02,CF00,4124,0
122,00117C,0400,0000C240,000003C0,00,1E,00,B0,24,0124,03F8,24,4,02,CF00,4124,0
122,001184,0400,0000C240,000003C0,00,1E,00,B0,24,0124,03F8,24,4,02,CF00,4124,0
122,00114C,0400,0000C240,000003C0,00,1E,00,B0,24,0124,03F8,24,4,02,CF00,4124,0
122,001154,0400,0000C240,000003C0,00,1E,00,B0,24,0124,03F8,24,4,02,CF00,4124,0
122,00115C,0400,0000C240,000003C0,00,1E,00,B0,24,0124,03F8,24,4,02,CF00,4124,0
122,001164,0400,0000C240,000003C0,00,1E,00,B0,24,0124,03F8,24,4,02,CF00,4124,0
122,00116C,0400,0000C240,000003C0,00,1E,00,B0,24,0124,03F8,24,4,02,CF00,4124,0
122,001174,0400,0000C240,000003C0,00,1E,00,B0,24,0124,03F8,24,4,02,CF00,4124,0
122,00117C,0400,0000C240,000003C0,00,1E,00,B0,24,0124,03F8,24,4,02,CF00,4124,0
122,001184,0400,0000C240,000003C0,00,1E,00,B0,24,0124,03F8,24,4,02,CF00,4124,0
122,00114C,0400,0000C240,000003C0,00,1E,00,B0,24,0124,03F8,24,4,02,CF00,4124,0
122,001154,0400,0000C240,000003C0,00,1E,00,B0,24,0124,03F8,24,4,02,CF00,4124,0
122,00115C,0400,0000C240,000003C0,00,1E,00,B0,24,0124,03F8,24,4,02,CF00,4124,0
122,001164,0400,0000C240,000003C0,00,1E,00,B0,24,0124,03F8,24,4,02,CF00,4124,0
122,00116C,0400,0000C240,000003C0,00,1E,00,B0,24,0124,03F8,24,4,02,CF00,4124,0
122,001174,0400,0000C240,000003C0,00,1E,00,B0,24,0124,03F8,24,4,02,CF00,4124,0
122,00117C,0400,0000C240,000003C0,00,1E,00,B0,24,0124,03F8,24,4,02,CF00,4124,0
122,001184,0400,0000C240,000003C0,00,1E,00,B0,24,0124,03F8,24,4,02,CF00,4124,0
122,00114C,0400,0000C240,000003C0,00,1E,00,B0,24,0124,03F8,24,4,02,CF00,4124,0
122,001154,0400,0000C240,000003C0,00,1E,00,B0,24,0124,03F8,24,4,02,CF00,4124,0
122,00115C,0400,0000C240,000003C0,00,1E,00,B0,24,0124,03F8,24,4,02,CF00,4124,0
122,001164,0400,0000C240,000003C0,00,1E,00,B0,24,0124,03F8,24,4,02,CF00,4124,0
122,00116C,0400,0000C240,000003C0,00,1E,00,B0,24,0124,03F8,24,4,02,CF00,4124,0
122,001174,0400,0000C240,000003C0,00,1E,00,B0,24,0124,03F8,24,4,02,CF00,4124,0
122,00117C,0400,0000C240,000003C0,00,1E,00,B0,24,0124,03F8,24,4,02,CF00,4124,0
122,001184,0400,0000C240,000003C0,00,1E,00,B0,24,0124,03F8,24,4,02,CF00,4124,0
122,00114C,0400,0000C240,000003C0,00,1E,00,B0,24,0124,03F8,24,4,02,CF00,4124,0
122,001154,0400,0000C240,000003C0,00,1E,00,B0,24,0124,03F8,24,4,02,CF00,4124,0
122,00115C,0400,0000C240,000003C0,00,1E,00,B0,24,0124,03F8,24,4,02,CF00,4124,0
122,001164,0400,0000C240,000003C0,00,1E,00,B0,24,0124,03F8,24,4,02,CF00,4124,0
122,00116C,0400,0000C240,000003C0,00,1E,00,B0,24,0124,03F8,24,4,02,CF00,4124,0
122,001174,0400,0000C240,000003C0,00,1E,00,B0,24,0124,03F8,24,4,02,CF00,4124,0
122,00117C,0400,0000C240,000003C0,00,1E,00,B0,24,0124,03F8,24,4,02,CF00,4124,0
122,001184,0400,0000C240,000003C0,00,1E,00,B0,24,0124,03F8,24,4,02,CF00,4124,0
122,00114C,0400,0000C240,000003C0,00,1E,00,B0,24,0124,03F8,24,4,02,CF00,4124,0
122,001154,0400,0000C240,000003C0,00,1E,00,B0,24,0124,03F8,24,4,02,CF00,4124,0
122,00115C,0400,0000C240,000003C0,00,1E,00,B0,24,0124,03F8,24,4,02,CF00,4124,0
122,001164,0400,0000C240,000003C0,00,1E,00,B0,24,0124,03F8,24,4,02,CF00,4124,0
122,00116C,0400,0000C240,000003C0,00,1E,00,B0,24,0124,03F8,24,4,02,CF00,4124,0
122,001174,0400,0000C240,000003C0,00,1E,00,B0,24,0124,03F8,24,4,02,CF00,4124,0
122,00117C,0400,0000C240,000003C0,00,1E,00,B0,24,0124,03F8,24,4,02,CF00,4124,0
122,001184,0400,0000C240,000003C0,00,1E,00,B0,24,0124,03F8,24,4,02,CF00,4124,0
122,00114C,0400,0000C240,000003C0,00,1E,00,B0,24,0124,03F8,24,4,02,CF00,4124,0
122,001154,0400,0000C240,000003C0,00,1E,00,B0,24,0124,03F8,24,4,02,CF00,4124,0
122,00115C,0400,0000C240,000003C0,00,1E,00,B0,24,0124,03F8,24,4,02,CF00,4124,0
122,001164,0400,0000C240,000003C0,00,1E,00,B0,24,0124,03F8,24,4,02,CF00,4124,0
122,00116C,0400,0000C240,000003C0,00,1E,00,B0,24,0124,03F8,24,4,02,CF00,4124,0
122,001174,0400,0000C240,000003C0,00,1E,00,B0,24,0124,03F8,24,4,02,CF00,4124,0
122,00117C,0400,0000C240,000003C0,00,1E,00,B0,24,0124,03F8,24,4,02,CF00,4124,0
122,001184,0400,0000C240,000003C0,00,1E,00,B0,24,0124,03F8,24,4,02,CF00,4124,0
122,00114C,0400,0000C240,000003C0,00,1E,00,B0,24,0124,03F8,24,4,02,CF00,4124,0
122,001154,0400,0000C240,000003C0,00,1E,00,B0,24,0124,03F8,24,4,02,CF00,4124,0
122,00115C,0400,0000C240,000003C0,00,1E,00,B0,24,0124,03F8,24,4,02,CF00,4124,0
122,001164,0400,0000C240,000003C0,00,1E,00,B0,24,0124,03F8,24,4,02,CF00,4124,0
122,00116C,0400,0000C240,000003C0,00,1E,00,B0,24,0124,03F8,24,4,02,CF00,4124,0
122,001174,0400,0000C240,000003C0,00,1E,00,B0,24,0124,03F8,24,4,02,CF00,4124,0
122,00117C,0400,0000C240,000003C0,00,1E,00,B0,24,0124,03F8,24,4,02,CF00,4124,0
122,001184,0400,0000C240,000003C0,00,1E,00,B0,24,0124,03F8,24,4,02,CF00,4124,0
122,00114C,0400,0000C240,000003C0,00,1E,00,B0,24,0124,03F8,24,4,02,CF00,4124,0
122,001154,0400,0000C240,000003C0,00,1E,00,B0,24,0124,03F8,24,4,02,CF00,4124,0
122,00115C,0400,0000C240,000003C0,00,1E,00,B0,24,0124,03F8,24,4,02,CF00,4124,0
122,001164,0400,0000C240,000003C0,00,1E,00,B0,24,0124,03F8,24,4,02,CF00,4124,0
122,00116C,0400,0000C240,000003C0,00,1E,00,B0,24,0124,03F8,24,4,02,CF00,4124,0
122,001174,0400,0000C240,000003C0,00,1E,00,B0,24,0124,03F8,24,4,02,CF00,4124,0
122,00117C,0400,0000C240,000003C0,00,1E,00,B0,24,0124,03F8,24,4,02,CF00,4124,0
122,001184,0400,0000C240,000003C0,00,1E,00,B0,24,0124,03F8,24,4,02,CF00,4124,0
122,00114C,0400,0000C240,000003C0,00,1E,00,B0,24,0124,03F8,24,4,02,CF00,4124,0
122,001154,0400,0000C240,000003C0,00,1E,00,B0,24,0124,03F8,24,4,02,CF00,4124,0
122,00115C,0400,0000C240,000003C0,00,1E,00,B0,24,0124,03F8,24,4,02,CF00,4124,0
122,001164,0400,0000C240,000003C0,00,1E,00,B0,24,0124,03F8,24,4,02,CF00,4124,0
122,00116C,0400,0000C240,000003C0,00,1E,00,B0,24,0124,03F8,24,4,02,CF00,4124,0
122,001174,0400,0000C240,000003C0,00,1E,00,B0,24,0124,03F8,24,4,02,CF00,4124,0
122,00117C,0400,0000C240,000003C0,00,1E,00,B0,24,0124,03F8,24,4,02,CF00,4124,0
122,001184,0400,0000C240,000003C0,00,1E,00,B0,24,0124,03F8,24,4,02,CF00,4124,0
122,00114C,0400,0000C240,000003C0,00,1E,00,B0,24,0124,03F8,24,4,02,CF00,4124,0
122,001154,0400,0000C240,000003C0,00,1E,00,B0,24,0124,03F8,24,4,02,CF00,4124,0
122,00115C,0400,0000C240,000003C0,00,1E,00,B0,24,0124,03F8,24,4,02,CF00,4124,0
122,001164,0400,0000C240,000003C0,00,1E,00,B0,24,0124,03F8,24,4,02,CF00,4124,0
122,00116C,0400,0000C240,000003C0,00,1E,00,B0,24,0124,03F8,24,4,02,CF00,4124,0
122,001174,0400,0000C240,000003C0,00,1E,00,B0,24,0124,03F8,24,4,02,CF00,4124,0
122,00117C,0400,0000C240,000003C0,00,1E,00,B0,24,0124,03F8,24,4,02,CF00,4124,0
122,001184,0400,0000C240,000003C0,00,1E,00,B0,24,0124,03F8,24,4,02,CF00,4124,0
122,00114C,0400,0000C240,000003C0,00,1E,00,B0,24,0124,03F8,24,4,02,CF00,4124,0
122,001154,0400,0000C240,000003C0,00,1E,00,B0,24,0124,03F8,24,4,02,CF00,4124,0
122,00115C,0400,0000C240,000003C0,00,1E,00,B0,24,0124,03F8,24,4,02,CF00,4124,0
122,001164,0400,0000C240,000003C0,00,1E,00,B0,24,0124,03F8,24,4,02,CF00,4124,0
122,00116C,0400,0000C240,000003C0,00,1E,00,B0,24,0124,03F8,24,4,02,CF00,4124,0
122,001174,0400,0000C240,000003C0,00,1E,00,B0,24,0124,03F8,24,4,02,CF00,4124,0
122,00117C,0400,0000C240,000003C0,00,1E,00,B0,24,0124,03F8,24,4,02,CF00,4124,0
122,001184,0400,0000C240,000003C0,00,1E,00,B0,24,0124,03F8,24,4,02,CF00,4124,0
122,00114C,0400,0000C240,000003C0,00,1E,00,B0,24,0124,03F8,24,4,02,CF00,4124,0
122,001154,0400,0000C240,000003C0,00,1E,00,B0,24,0124,03F8,24,4,02,CF00,4124,0
122,00115C,0400,0000C240,000003C0,00,1E,00,B0,24,0124,03F8,24,4,02,CF00,4124,0
122,001164,0400,0000C240,000003C0,00,1E,00,B0,24,0124,03F8,24,4,02,CF00,4124,0
122,00116C,0400,0000C240,000003C0,00,1E,00,B0,24,0124,03F8,24,4,02,CF00,4124,0
122,001174,0400,0000C240,000003C0,00,1E,00,B0,24,0124,03F8,24,4,02,CF00,4124,0
122,00117C,0400,0000C240,000003C0,00,1E,00,B0,24,0124,03F8,24,4,02,CF00,4124,0
122,001184,0400,0000C240,000003C0,00,1E,00,B0,24,0124,03F8,24,4,02,CF00,4124,0
122,00114C,0400,0000C240,000003C0,00,1E,00,B0,24,0124,03F8,24,4,02,CF00,4124,0
122,001154,0400,0000C240,000003C0,00,1E,00,B0,24,0124,03F8,24,4,02,CF00,4124,0
122,00115C,0400,0000C240,000003C0,00,1E,00,B0,24,0124,03F8,24,4,02,CF00,4124,0
122,001164,0400,0000C240,000003C0,00,1E,00,B0,24,0124,03F8,24,4,02,CF00,4124,0
122,00116C,0400,0000C240,000003C0,00,1E,00,B0,24,0124,03F8,24,4,02,CF00,4124,0
122,001174,0400,0000C240,000003C0,00,1E,00,B0,24,0124,03F8,24,4,02,CF00,4124,0
122,00117C,0400,0000C240,000003C0,00,1E,00,B0,24,0124,03F8,24,4,02,CF00,4124,0
122,001184,0400,0000C240,000003C0,00,1E,00,B0,24,0124,03F8,24,4,02,CF00,4124,0
122,00114C,0400,0000C240,000003C0,00,1E,00,B0,24,0124,03F8,24,4,02,CF00,4124,0
122,001154,0400,0000C240,000003C0,00,1E,00,B0,24,0124,03F8,24,4,02,CF00,4124,0
122,00115C,0400,0000C240,000003C0,00,1E,00,B0,24,0124,03F8,24,4,02,CF00,4124,0
122,001164,0400,0000C240,000003C0,00,1E,00,B0,24,0124,03F8,24,4,02,CF00,4124,0
122,00116C,0400,0000C240,000003C0,00,1E,00,B0,24,0124,03F8,24,4,02,CF00,4124,0
122,001174,0400,0000C240,000003C0,00,1E,00,B0,24,0124,03F8,24,4,02,CF00,4124,0
122,00117C,0400,0000C240,000003C0,00,1E,00,B0,24,0124,03F8,24,4,02,CF00,4124,0
122,001184,0400,0000C240,000003C0,00,1E,00,B0,24,0124,03F8,24,4,02,CF00,4124,0
122,00114C,0400,0000C240,000003C0,00,1E,00,B0,24,0124,03F8,24,4,02,CF00,4124,0
122,001154,0400,0000C240,000003C0,00,1E,00,B0,24,0124,03F8,24,4,02,CF00,4124,0
122,00115C,0400,0000C240,000003C0,00,1E,00,B0,24,0124,03F8,24,4,02,CF00,4124,0
122,001164,0400,0000C240,000003C0,00,1E,00,B0,24,0124,03F8,24,4,02,CF00,4124,0
122,00116C,0400,0000C240,000003C0,00,1E,00,B0,24,0124,03F8,24,4,02,CF00,4124,0
122,001174,0400,0000C240,000003C0,00,1E,00,B0,24,0124,03F8,24,4,02,CF00,4124,0
122,00117C,0400,0000C240,000003C0,00,1E,00,B0,24,0124,03F8,24,4,02,CF00,4124,0
122,001184,0400,0000C240,000003C0,00,1E,00,B0,24,0124,03F8,24,4,02,CF00,4124,0
122,00114C,0400,0000C240,000003C0,00,1E,00,B0,24,0124,03F8,24,4,02,CF00,4124,0
122,001154,0400,0000C240,000003C0,00,1E,00,B0,24,0124,03F8,24,4,02,CF00,4124,0
122,00115C,0400,0000C240,000003C0,00,1E,00,B0,24,0124,03F8,24,4,02,CF00,4124,0
122,001164,0400,0000C240,000003C0,00,1E,00,B0,24,0124,03F8,24,4,02,CF00,4124,0
122,00116C,0400,0000C240,000003C0,00,1E,00,B0,24,0124,03F8,24,4,02,CF00,4124,0
122,001174,0400,0000C240,000003C0,00,1E,00,B0,24,0124,03F8,24,4,02,CF00,4124,0
122,00117C,0400,0000C240,000003C0,00,1E,00,B0,24,0124,03F8,24,4,02,CF00,4124,0
122,001184,0400,0000C240,000003C0,00,1E,00,B0,24,0124,03F8,24,4,02,CF00,4124,0
122,000C60,0000,0000CEBE,00000300,00,18,00,B0,24,0124,03F0,24,0,00,CC00,0124,0
147,00169E,0124,0000C000,00000000,00,00,00,B0,24,0124,03C0,24,0,00,C000,0124,1
147,00169E,0124,0000C002,00000001,00,00,01,B0,24,0124,03C0,24,0,00,C002,0124,1
147,00169E,2124,0000C004,00000002,00,00,02,B0,24,0124,03C0,24,2,01,C004,2124,1
147,00169E,2124,0000C006,00000003,00,00,03,B0,24,0124,03C0,24,2,01,C006,2124,1
147,00169E,0124,0000C008,00000004,00,00,04,B0,24,0124,03C1,24,0,00,C008,0124,1
147,00169E,0124,0000C00A,00000005,00,00,05,B0,24,0124,03C1,24,0,00,C00A,0124,1
147,00169E,2124,0000C00C,00000006,00,00,06,B0,24,0124,03C1,24,2,01,C00C,2124,1
147,00169E,2124,0000C00E,00000007,00,00,07,B0,24,0124,03C1,24,2,01,C00E,2124,1
147,00169E,0124,0000C010,00000008,00,00,08,B0,24,0124,03C2,24,0,00,C010,0124,1
147,00169E,0124,0000C012,00000009,00,00,09,B0,24,0124,03C2,24,0,00,C012,0124,1
147,00169E,2124,0000C014,0000000A,00,00,0A,B0,24,0124,03C2,24,2,01,C014,2124,1
147,00169E,2124,0000C016,0000000B,00,00,0B,B0,24,0124,03C2,24,2,01,C016,2124,1
147,00169E,0124,0000C018,0000000C,00,00,0C,B0,24,0124,03C3,24,0,00,C018,0124,1
147,00169E,0124,0000C01A,0000000D,00,00,0D,B0,24,0124,03C3,24,0,00,C01A,0124,1
147,00169E,2124,0000C01C,0000000E,00,00,0E,B0,24,0124,03C3,24,2,01,C01C,2124,1
147,00169E,2124,0000C01E,0000000F,00,00,0F,B0,24,0124,03C3,24,2,01,C01E,2124,1
147,00169E,0124,0000C020,00000010,00,00,10,B0,24,0124,03C4,24,0,00,C020,0124,1
147,00169E,0124,0000C022,00000011,00,00,11,B0,24,0124,03C4,24,0,00,C022,0124,1
147,00169E,2124,0000C024,00000012,00,00,12,B0,24,0124,03C4,24,2,01,C024,2124,1
147,00169E,2124,0000C026,00000013,00,00,13,B0,24,0124,03C4,24,2,01,C026,2124,1
147,00169E,0124,0000C028,00000014,00,00,14,B0,24,0124,03C5,24,0,00,C028,0124,1
147,00169E,0124,0000C02A,00000015,00,00,15,B0,24,0124,03C5,24,0,00,C02A,0124,1
147,00169E,2124,0000C02C,00000016,00,00,16,B0,24,0124,03C5,24,2,01,C02C,2124,1
147,00169E,2124,0000C02E,00000017,00,00,17,B0,24,0124,03C5,24,2,01,C02E,2124,1
147,00169E,0124,0000C030,00000018,00,00,18,B0,24,0124,03C6,24,0,00,C030,0124,1
147,00169E,0124,0000C032,00000019,00,00,19,B0,24,0124,03C6,24,0,00,C032,0124,1
147,00169E,2124,0000C034,0000001A,00,00,1A,B0,24,0124,03C6,24,2,01,C034,2124,1
147,00169E,2124,0000C036,0000001B,00,00,1B,B0,24,0124,03C6,24,2,01,C036,2124,1
147,00169E,0124,0000C038,0000001C,00,00,1C,B0,24,0124,03C7,24,0,00,C038,0124,1
147,00169E,0124,0000C03A,0000001D,00,00,1D,B0,24,0124,03C7,24,0,00,C03A,0124,1
147,00169E,2124,0000C03C,0000001E,00,00,1E,B0,24,0124,03C7,24,2,01,C03C,2124,1
147,00169E,2000,0000C03E,0000001F,00,00,1F,B0,00,0100,03C7,24,2,01,C03E,2100,0
147,00169E,0000,0000C080,00000020,00,01,00,B0,00,0100,03C0,24,0,00,C080,0100,0
147,00169E,0000,0000C082,00000021,00,01,01,B0,00,0100,03C0,24,0,00,C082,0100,0
147,00169E,2000,0000C084,00000022,00,01,02,B0,00,0100,03C0,24,2,01,C084,2100,0
147,00169E,2000,0000C086,00000023,00,01,03,B0,00,0100,03C0,24,2,01,C086,2100,0
147,00169E,0000,0000C088,00000024,00,01,04,B0,00,0100,03C1,24,0,00,C088,0100,0
147,00169E,0000,0000C08A,00000025,00,01,05,B0,00,0100,03C1,24,0,00,C08A,0100,0
147,00169E,2000,0000C08C,00000026,00,01,06,B0,00,0100,03C1,24,2,01,C08C,2100,0
147,00169E,2000,0000C08E,00000027,00,01,07,B0,00,0100,03C1,24,2,01,C08E,2100,0
147,00169E,0000,0000C090,00000028,00,01,08,B0,00,0100,03C2,24,0,00,C090,0100,0
147,00169E,0000,0000C092,00000029,00,01,09,B0,00,0100,03C2,24,0,00,C092,0100,0
147,00169E,2000,0000C094,0000002A,00,01,0A,B0,00,0100,03C2,24,2,01,C094,2100,0
147,00169E,2000,0000C096,0000002B,00,01,0B,B0,00,0100,03C2,24,2,01,C096,2100,0
147,00169E,0000,0000C098,0000002C,00,01,0C,B0,00,0100,03C3,24,0,00,C098,0100,0
147,00169E,0000,0000C09A,0000002D,00,01,0D,B0,00,0100,03C3,24,0,00,C09A,0100,0
147,00169E,2000,0000C09C,0000002E,00,01,0E,B0,00,0100,03C3,24,2,01,C09C,2100,0
147,00169E,2000,0000C09E,0000002F,00,01,0F,B0,00,0100,03C3,24,2,01,C09E,2100,0
147,00169E,0000,0000C0A0,00000030,00,01,10,B0,00,0100,03C4,24,0,00,C0A0,0100,0
147,00169E,0000,0000C0A2,00000031,00,01,11,B0,00,0100,03C4,24,0,00,C0A2,0100,0
147,00169E,2000,0000C0A4,00000032,00,01,12,B0,00,0100,03C4,24,2,01,C0A4,2100,0
147,00169E,2000,0000C0A6,00000033,00,01,13,B0,00,0100,03C4,24,2,01,C0A6,2100,0
147,00169E,0000,0000C0A8,00000034,00,01,14,B0,00,0100,03C5,24,0,00,C0A8,0100,0
147,00169E,0000,0000C0AA,00000035,00,01,15,B0,00,0100,03C5,24,0,00,C0AA,0100,0
147,00169E,2000,0000C0AC,00000036,00,01,16,B0,00,0100,03C5,24,2,01,C0AC,2100,0
147,00169E,2000,0000C0AE,00000037,00,01,17,B0,00,0100,03C5,24,2,01,C0AE,2100,0
147,00169E,0000,0000C0B0,00000038,00,01,18,B0,00,0100,03C6,24,0,00,C0B0,0100,0
147,00169E,0000,0000C0B2,00000039,00,01,19,B0,00,0100,03C6,24,0,00,C0B2,0100,0
147,00169E,2000,0000C0B4,0000003A,00,01,1A,B0,00,0100,03C6,24,2,01,C0B4,2100,0
147,00169E,2000,0000C0B6,0000003B,00,01,1B,B0,00,0100,03C6,24,2,01,C0B6,2100,0
147,00169E,0000,0000C0B8,0000003C,00,01,1C,B0,00,0100,03C7,24,0,00,C0B8,0100,0
147,00169E,0000,0000C0BA,0000003D,00,01,1D,B0,00,0100,03C7,24,0,00,C0BA,0100,0
147,00169E,2000,0000C0BC,0000003E,00,01,1E,B0,00,0100,03C7,24,2,01,C0BC,2100,0
147,00169E,2000,0000C0BE,0000003F,00,01,1F,B0,00,0100,03C7,24,2,01,C0BE,2100,0
147,00169E,4000,0000C100,00000040,00,02,00,B0,00,0100,03C0,24,4,02,C100,4100,0
147,00169E,4000,0000C102,00000041,00,02,01,B0,00,0100,03C0,24,4,02,C102,4100,0
147,00169E,0000,0000C104,00000042,00,02,02,B0,00,0100,03C0,24,6,00,C104,0100,0
147,00169E,0000,0000C106,00000043,00,02,03,B0,00,0100,03C0,24,6,00,C106,0100,0
147,00169E,4000,0000C108,00000044,00,02,04,B0,00,0100,03C1,24,4,02,C108,4100,0
147,00169E,4000,0000C10A,00000045,00,02,05,B0,00,0100,03C1,24,4,02,C10A,4100,0
147,00169E,0000,0000C10C,00000046,00,02,06,B0,00,0100,03C1,24,6,00,C10C,0100,0
147,00169E,0000,0000C10E,00000047,00,02,07,B0,00,0100,03C1,24,6,00,C10E,0100,0
147,00169E,4000,0000C110,00000048,00,02,08,B0,00,0100,03C2,24,4,02,C110,4100,0
147,00169E,4000,0000C112,00000049,00,02,09,B0,00,0100,03C2,24,4,02,C112,4100,0
147,00169E,0000,0000C114,0000004A,00,02,0A,B0,00,0100,03C2,24,6,00,C114,0100,0
147,00169E,0000,0000C116,0000004B,00,02,0B,B0,00,0100,03C2,24,6,00,C116,0100,0
147,00169E,4000,0000C118,0000004C,00,02,0C,B0,00,0100,03C3,24,4,02,C118,4100,0
147,00169E,4000,0000C11A,0000004D,00,02,0D,B0,00,0100,03C3,24,4,02,C11A,4100,0
147,00169E,0000,0000C11C,0000004E,00,02,0E,B0,00,0100,03C3,24,6,00,C11C,0100,0
147,00169E,0000,0000C11E,0000004F,00,02,0F,B0,00,0100,03C3,24,6,00,C11E,0100,0
147,00169E,4000,0000C120,00000050,00,02,10,B0,00,0100,03C4,24,4,02,C120,4100,0
148,00169E,4000,0000C122,00000051,00,02,11,B0,00,0100,03C4,24,4,02,C122,4100,0
148,00169E,0000,0000C124,00000052,00,02,12,B0,00,0100,03C4,24,6,00,C124,0100,0
148,00169E,0000,0000C126,00000053,00,02,13,B0,00,0100,03C4,24,6,00,C126,0100,0
148,00169E,4000,0000C128,00000054,00,02,14,B0,00,0100,03C5,24,4,02,C128,4100,0
148,00169E,4000,0000C12A,00000055,00,02,15,B0,00,0100,03C5,24,4,02,C12A,4100,0
148,00169E,0000,0000C12C,00000056,00,02,16,B0,00,0100,03C5,24,6,00,C12C,0100,0
148,00169E,0000,0000C12E,00000057,00,02,17,B0,00,0100,03C5,24,6,00,C12E,0100,0
148,00169E,4000,0000C130,00000058,00,02,18,B0,00,0100,03C6,24,4,02,C130,4100,0
148,00169E,4000,0000C132,00000059,00,02,19,B0,00,0100,03C6,24,4,02,C132,4100,0
148,00169E,0000,0000C134,0000005A,00,02,1A,B0,00,0100,03C6,24,6,00,C134,0100,0
148,00169E,0000,0000C136,0000005B,00,02,1B,B0,00,0100,03C6,24,6,00,C136,0100,0
148,00169E,4000,0000C138,0000005C,00,02,1C,B0,00,0100,03C7,24,4,02,C138,4100,0
148,00169E,4000,0000C13A,0000005D,00,02,1D,B0,00,0100,03C7,24,4,02,C13A,4100,0
148,00169E,0000,0000C13C,0000005E,00,02,1E,B0,00,0100,03C7,24,6,00,C13C,0100,0
148,00169E,0000,0000C13E,0000005F,00,02,1F,B0,00,0100,03C7,24,6,00,C13E,0100,0
148,00169E,4000,0000C180,00000060,00,03,00,B0,00,0100,03C0,24,4,02,C180,4100,0
148,00169E,4000,0000C182,00000061,00,03,01,B0,00,0100,03C0,24,4,02,C182,4100,0
148,00169E,0000,0000C184,00000062,00,03,02,B0,00,0100,03C0,24,6,00,C184,0100,0
148,00169E,0000,0000C186,00000063,00,03,03,B0,00,0100,03C0,24,6,00,C186,0100,0
148,00169E,4000,0000C188,00000064,00,03,04,B0,00,0100,03C1,24,4,02,C188,4100,0
148,00169E,4000,0000C18A,00000065,00,03,05,B0,00,0100,03C1,24,4,02,C18A,4100,0
148,00169E,0000,0000C18C,00000066,00,03,06,B0,00,0100,03C1,24,6,00,C18C,0100,0
148,00169E,0000,0000C18E,00000067,00,03,07,B0,00,0100,03C1,24,6,00,C18E,0100,0
148,00169E,4000,0000C190,00000068,00,03,08,B0,00,0100,03C2,24,4,02,C190,4100,0
148,00169E,4000,0000C192,00000069,00,03,09,B0,00,0100,03C2,24,4,02,C192,4100,0
148,00169E,0000,0000C194,0000006A,00,03,0A,B0,00,0100,03C2,24,6,00,C194,0100,0
148,00169E,0000,0000C196,0000006B,00,03,0B,B0,00,0100,03C2,24,6,00,C196,0100,0
148,00169E,4000,0000C198,0000006C,00,03,0C,B0,00,0100,03C3,24,4,02,C198,4100,0
148,00169E,4000,0000C19A,0000006D,00,03,0D,B0,00,0100,03C3,24,4,02,C19A,4100,0
148,00169E,0000,0000C19C,0000006E,00,03,0E,B0,00,0100,03C3,24,6,00,C19C,0100,0
148,00169E,0000,0000C19E,0000006F,00,03,0F,B0,00,0100,03C3,24,6,00,C19E,0100,0
148,00169E,4000,0000C1A0,00000070,00,03,10,B0,00,0100,03C4,24,4,02,C1A0,4100,0
148,00169E,4000,0000C1A2,00000071,00,03,11,B0,00,0100,03C4,24,4,02,C1A2,4100,0
148,00169E,0000,0000C1A4,00000072,00,03,12,B0,00,0100,03C4,24,6,00,C1A4,0100,0
148,00169E,0000,0000C1A6,00000073,00,03,13,B0,00,0100,03C4,24,6,00,C1A6,0100,0
148,00169E,4000,0000C1A8,00000074,00,03,14,B0,00,0100,03C5,24,4,02,C1A8,4100,0
148,00169E,4000,0000C1AA,00000075,00,03,15,B0,00,0100,03C5,24,4,02,C1AA,4100,0
148,00169E,0000,0000C1AC,00000076,00,03,16,B0,00,0100,03C5,24,6,00,C1AC,0100,0
148,00169E,0000,0000C1AE,00000077,00,03,17,B0,00,0100,03C5,24,6,00,C1AE,0100,0
148,00169E,4000,0000C1B0,00000078,00,03,18,B0,00,0100,03C6,24,4,02,C1B0,4100,0
148,00169E,4000,0000C1B2,00000079,00,03,19,B0,00,0100,03C6,24,4,02,C1B2,4100,0
148,00169E,0000,0000C1B4,0000007A,00,03,1A,B0,00,0100,03C6,24,6,00,C1B4,0100,0
148,00169E,0000,0000C1B6,0000007B,00,03,1B,B0,00,0100,03C6,24,6,00,C1B6,0100,0
148,00169E,4000,0000C1B8,0000007C,00,03,1C,B0,00,0100,03C7,24,4,02,C1B8,4100,0
148,00169E,4000,0000C1BA,0000007D,00,03,1D,B0,00,0100,03C7,24,4,02,C1BA,4100,0
148,00169E,0000,0000C1BC,0000007E,00,03,1E,B0,00,0100,03C7,24,6,00,C1BC,0100,0
148,00169E,0000,0000C1BE,0000007F,00,03,1F,B0,00,0100,03C7,24,6,00,C1BE,0100,0
148,00169E,0000,0000C200,00000080,00,04,00,B0,00,0100,03C8,24,0,00,C200,0100,0
148,00169E,0000,0000C202,00000081,00,04,01,B0,00,0100,03C8,24,0,00,C202,0100,0
148,00169E,2000,0000C204,00000082,00,04,02,B0,00,0100,03C8,24,2,01,C204,2100,0
148,00169E,2000,0000C206,00000083,00,04,03,B0,00,0100,03C8,24,2,01,C206,2100,0
148,00169E,0000,0000C208,00000084,00,04,04,B0,00,0100,03C9,24,0,00,C208,0100,0
148,00169E,0000,0000C20A,00000085,00,04,05,B0,00,0100,03C9,24,0,00,C20A,0100,0
148,00169E,2000,0000C20C,00000086,00,04,06,B0,00,0100,03C9,24,2,01,C20C,2100,0
148,00169E,2000,0000C20E,00000087,00,04,07,B0,00,0100,03C9,24,2,01,C20E,2100,0
148,00169E,0000,0000C210,00000088,00,04,08,B0,00,0100,03CA,24,0,00,C210,0100,0
148,00169E,0000,0000C212,00000089,00,04,09,B0,00,0100,03CA,24,0,00,C212,0100,0
148,00169E,2000,0000C214,0000008A,00,04,0A,B0,00,0100,03CA,24,2,01,C214,2100,0
148,00169E,2000,0000C216,0000008B,00,04,0B,B0,00,0100,03CA,24,2,01,C216,2100,0
148,00169E,0000,0000C218,0000008C,00,04,0C,B0,00,0100,03CB,24,0,00,C218,0100,0
148,00169E,0000,0000C21A,0000008D,00,04,0D,B0,00,0100,03CB,24,0,00,C21A,0100,0
148,00169E,2000,0000C21C,0000008E,00,04,0E,B0,00,0100,03CB,24,2,01,C21C,2100,0
148,00169E,2000,0000C21E,0000008F,00,04,0F,B0,00,0100,03CB,24,2,01,C21E,2100,0
148,00169E,0000,0000C220,00000090,00,04,10,B0,00,0100,03CC,24,0,00,C220,0100,0
148,00169E,0000,0000C222,00000091,00,04,11,B0,00,0100,03CC,24,0,00,C222,0100,0
148,00169E,2000,0000C224,00000092,00,04,12,B0,00,0100,03CC,24,2,01,C224,2100,0
148,00169E,2000,0000C226,00000093,00,04,13,B0,00,0100,03CC,24,2,01,C226,2100,0
148,00169E,0000,0000C228,00000094,00,04,14,B0,00,0100,03CD,24,0,00,C228,0100,0
148,00169E,0000,0000C22A,00000095,00,04,15,B0,00,0100,03CD,24,0,00,C22A,0100,0
148,00169E,2000,0000C22C,00000096,00,04,16,B0,00,0100,03CD,24,2,01,C22C,2100,0
148,00169E,2000,0000C22E,00000097,00,04,17,B0,00,0100,03CD,24,2,01,C22E,2100,0
148,00169E,0000,0000C230,00000098,00,04,18,B0,00,0100,03CE,24,0,00,C230,0100,0
148,00169E,0000,0000C232,00000099,00,04,19,B0,00,0100,03CE,24,0,00,C232,0100,0
148,00169E,2000,0000C234,0000009A,00,04,1A,B0,00,0100,03CE,24,2,01,C234,2100,0
148,00169E,2000,0000C236,0000009B,00,04,1B,B0,00,0100,03CE,24,2,01,C236,2100,0
148,00169E,0000,0000C238,0000009C,00,04,1C,B0,00,0100,03CF,24,0,00,C238,0100,0
148,00169E,0000,0000C23A,0000009D,00,04,1D,B0,00,0100,03CF,24,0,00,C23A,0100,0
148,00169E,2000,0000C23C,0000009E,00,04,1E,B0,00,0100,03CF,24,2,01,C23C,2100,0
148,00169E,2000,0000C23E,0000009F,00,04,1F,B0,00,0100,03CF,24,2,01,C23E,2100,0
148,00169E,0000,0000C280,000000A0,00,05,00,B0,00,0100,03C8,24,0,00,C280,0100,0
148,00169E,0000,0000C282,000000A1,00,05,01,B0,00,0100,03C8,24,0,00,C282,0100,0
148,00169E,2000,0000C284,000000A2,00,05,02,B0,00,0100,03C8,24,2,01,C284,2100,0
148,00169E,2000,0000C286,000000A3,00,05,03,B0,00,0100,03C8,24,2,01,C286,2100,0
148,00169E,0000,0000C288,000000A4,00,05,04,B0,00,0100,03C9,24,0,00,C288,0100,0
148,00169E,0000,0000C28A,000000A5,00,05,05,B0,00,0100,03C9,24,0,00,C28A,0100,0
148,00169E,2000,0000C28C,000000A6,00,05,06,B0,00,0100,03C9,24,2,01,C28C,2100,0
148,00169E,2000,0000C28E,000000A7,00,05,07,B0,00,0100,03C9,24,2,01,C28E,2100,0
148,00169E,0000,0000C290,000000A8,00,05,08,B0,00,0100,03CA,24,0,00,C290,0100,0
148,00169E,0000,0000C292,000000A9,00,05,09,B0,00,0100,03CA,24,0,00,C292,0100,0
148,00169E,2000,0000C294,000000AA,00,05,0A,B0,00,0100,03CA,24,2,01,C294,2100,0
148,00169E,2000,0000C296,000000AB,00,05,0B,B0,00,0100,03CA,24,2,01,C296,2100,0
148,00169E,0000,0000C298,000000AC,00,05,0C,B0,00,0100,03CB,24,0,00,C298,0100,0
148,00169E,0000,0000C29A,000000AD,00,05,0D,B0,00,0100,03CB,24,0,00,C29A,0100,0
148,00169E,2000,0000C29C,000000AE,00,05,0E,B0,00,0100,03CB,24,2,01,C29C,2100,0
148,00169E,2000,0000C29E,000000AF,00,05,0F,B0,00,0100,03CB,24,2,01,C29E,2100,0
148,00169E,0000,0000C2A0,000000B0,00,05,10,B0,00,0100,03CC,24,0,00,C2A0,0100,0
148,00169E,0000,0000C2A2,000000B1,00,05,11,B0,00,0100,03CC,24,0,00,C2A2,0100,0
148,00169E,2000,0000C2A4,000000B2,00,05,12,B0,00,0100,03CC,24,2,01,C2A4,2100,0
148,00169E,2000,0000C2A6,000000B3,00,05,13,B0,00,0100,03CC,24,2,01,C2A6,2100,0
148,00169E,0000,0000C2A8,000000B4,00,05,14,B0,00,0100,03CD,24,0,00,C2A8,0100,0
148,00169E,0000,0000C2AA,000000B5,00,05,15,B0,00,0100,03CD,24,0,00,C2AA,0100,0
148,00169E,2000,0000C2AC,000000B6,00,05,16,B0,00,0100,03CD,24,2,01,C2AC,2100,0
148,00169E,2000,0000C2AE,000000B7,00,05,17,B0,00,0100,03CD,24,2,01,C2AE,2100,0
148,00169E,0000,0000C2B0,000000B8,00,05,18,B0,00,0100,03CE,24,0,00,C2B0,0100,0
148,00169E,0000,0000C2B2,000000B9,00,05,19,B0,00,0100,03CE,24,0,00,C2B2,0100,0
148,00169E,2000,0000C2B4,000000BA,00,05,1A,B0,00,0100,03CE,24,2,01,C2B4,2100,0
148,00169E,2000,0000C2B6,000000BB,00,05,1B,B0,00,0100,03CE,24,2,01,C2B6,2100,0
148,00169E,0000,0000C2B8,000000BC,00,05,1C,B0,00,0100,03CF,24,0,00,C2B8,0100,0
148,00169E,0000,0000C2BA,000000BD,00,05,1D,B0,00,0100,03CF,24,0,00,C2BA,0100,0
148,00169E,2000,0000C2BC,000000BE,00,05,1E,B0,00,0100,03CF,24,2,01,C2BC,2100,0
148,00169E,2000,0000C2BE,000000BF,00,05,1F,B0,00,0100,03CF,24,2,01,C2BE,2100,0
148,00169E,4000,0000C300,000000C0,00,06,00,B0,00,0100,03C8,24,4,02,C300,4100,0
148,00169E,4000,0000C302,000000C1,00,06,01,B0,00,0100,03C8,24,4,02,C302,4100,0
148,00169E,0000,0000C304,000000C2,00,06,02,B0,00,0100,03C8,24,6,00,C304,0100,0
148,00169E,0000,0000C306,000000C3,00,06,03,B0,00,0100,03C8,24,6,00,C306,0100,0
148,00169E,4000,0000C308,000000C4,00,06,04,B0,00,0100,03C9,24,4,02,C308,4100,0
148,00169E,4000,0000C30A,000000C5,00,06,05,B0,00,0100,03C9,24,4,02,C30A,4100,0
148,00169E,0000,0000C30C,000000C6,00,06,06,B0,00,0100,03C9,24,6,00,C30C,0100,0
148,00169E,0000,0000C30E,000000C7,00,06,07,B0,00,0100,03C9,24,6,00,C30E,0100,0
148,00169E,4000,0000C310,000000C8,00,06,08,B0,00,0100,03CA,24,4,02,C310,4100,0
148,00169E,4000,0000C312,000000C9,00,06,09,B0,00,0100,03CA,24,4,02,C312,4100,0
148,00169E,0000,0000C314,000000CA,00,06,0A,B0,00,0100,03CA,24,6,00,C314,0100,0
148,00169E,0000,0000C316,000000CB,00,06,0B,B0,00,0100,03CA,24,6,00,C316,0100,0
148,00169E,4000,0000C318,000000CC,00,06,0C,B0,00,0100,03CB,24,4,02,C318,4100,0
148,00169E,4000,0000C31A,000000CD,00,06,0D,B0,00,0100,03CB,24,4,02,C31A,4100,0
148,00169E,0000,0000C31C,000000CE,00,06,0E,B0,00,0100,03CB,24,6,00,C31C,0100,0
148,00169E,0000,0000C31E,000000CF,00,06,0F,B0,00,0100,03CB,24,6,00,C31E,0100,0
148,00169E,4000,0000C320,000000D0,00,06,10,B0,00,0100,03CC,24,4,02,C320,4100,0
148,00169E,4000,0000C322,000000D1,00,06,11,B0,00,0100,03CC,24,4,02,C322,4100,0
148,00169E,0000,0000C324,000000D2,00,06,12,B0,00,0100,03CC,24,6,00,C324,0100,0
148,00169E,0000,0000C326,000000D3,00,06,13,B0,00,0100,03CC,24,6,00,C326,0100,0
148,00169E,4000,0000C328,000000D4,00,06,14,B0,00,0100,03CD,24,4,02,C328,4100,0
148,00169E,4000,0000C32A,000000D5,00,06,15,B0,00,0100,03CD,24,4,02,C32A,4100,0
148,00169E,0000,0000C32C,000000D6,00,06,16,B0,00,0100,03CD,24,6,00,C32C,0100,0
148,00169E,0000,0000C32E,000000D7,00,06,17,B0,00,0100,03CD,24,6,00,C32E,0100,0
148,00169E,4000,0000C330,000000D8,00,06,18,B0,00,0100,03CE,24,4,02,C330,4100,0
148,00169E,4000,0000C332,000000D9,00,06,19,B0,00,0100,03CE,24,4,02,C332,4100,0
148,00169E,0000,0000C334,000000DA,00,06,1A,B0,00,0100,03CE,24,6,00,C334,0100,0
148,00169E,0000,0000C336,000000DB,00,06,1B,B0,00,0100,03CE,24,6,00,C336,0100,0
148,00169E,4000,0000C338,000000DC,00,06,1C,B0,00,0100,03CF,24,4,02,C338,4100,0
148,00169E,4000,0000C33A,000000DD,00,06,1D,B0,00,0100,03CF,24,4,02,C33A,4100,0
148,00169E,0000,0000C33C,000000DE,00,06,1E,B0,00,0100,03CF,24,6,00,C33C,0100,0
148,00169E,0000,0000C33E,000000DF,00,06,1F,B0,00,0100,03CF,24,6,00,C33E,0100,0
148,00169E,4000,0000C380,000000E0,00,07,00,B0,00,0100,03C8,24,4,02,C380,4100,0
148,00169E,4000,0000C382,000000E1,00,07,01,B0,00,0100,03C8,24,4,02,C382,4100,0
148,00169E,0000,0000C384,000000E2,00,07,02,B0,00,0100,03C8,24,6,00,C384,0100,0
148,00169E,0000,0000C386,000000E3,00,07,03,B0,00,0100,03C8,24,6,00,C386,0100,0
148,00169E,4000,0000C388,000000E4,00,07,04,B0,00,0100,03C9,24,4,02,C388,4100,0
148,00169E,4000,0000C38A,000000E5,00,07,05,B0,00,0100,03C9,24,4,02,C38A,4100,0
148,00169E,0000,0000C38C,000000E6,00,07,06,B0,00,0100,03C9,24,6,00,C38C,0100,0
148,00169E,0000,0000C38E,000000E7,00,07,07,B0,00,0100,03C9,24,6,00,C38E,0100,0
148,00169E,4000,0000C390,000000E8,00,07,08,B0,00,0100,03CA,24,4,02,C390,4100,0
148,00169E,4000,0000C392,000000E9,00,07,09,B0,00,0100,03CA,24,4,02,C392,4100,0
148,00169E,0000,0000C394,000000EA,00,07,0A,B0,00,0100,03CA,24,6,00,C394,0100,0
148,00169E,0000,0000C396,000000EB,00,07,0B,B0,00,0100,03CA,24,6,00,C396,0100,0
148,00169E,4000,0000C398,000000EC,00,07,0C,B0,00,0100,03CB,24,4,02,C398,4100,0
148,00169E,4000,0000C39A,000000ED,00,07,0D,B0,00,0100,03CB,24,4,02,C39A,4100,0
148,00169E,0000,0000C39C,000000EE,00,07,0E,B0,00,0100,03CB,24,6,00,C39C,0100,0
148,00169E,0000,0000C39E,000000EF,00,07,0F,B0,00,0100,03CB,24,6,00,C39E,0100,0
148,00169E,4000,0000C3A0,000000F0,00,07,10,B0,00,0100,03CC,24,4,02,C3A0,4100,0
148,00169E,4000,0000C3A2,000000F1,00,07,11,B0,00,0100,03CC,24,4,02,C3A2,4100,0
148,00169E,0000,0000C3A4,000000F2,00,07,12,B0,00,0100,03CC,24,6,00,C3A4,0100,0
148,00169E,0000,0000C3A6,000000F3,00,07,13,B0,00,0100,03CC,24,6,00,C3A6,0100,0
148,00169E,4000,0000C3A8,000000F4,00,07,14,B0,00,0100,03CD,24,4,02,C3A8,4100,0
148,00169E,4000,0000C3AA,000000F5,00,07,15,B0,00,0100,03CD,24,4,02,C3AA,4100,0
148,00169E,0000,0000C3AC,000000F6,00,07,16,B0,00,0100,03CD,24,6,00,C3AC,0100,0
148,00169E,0000,0000C3AE,000000F7,00,07,17,B0,00,0100,03CD,24,6,00,C3AE,0100,0
148,00169E,4000,0000C3B0,000000F8,00,07,18,B0,00,0100,03CE,24,4,02,C3B0,4100,0
148,00169E,4000,0000C3B2,000000F9,00,07,19,B0,00,0100,03CE,24,4,02,C3B2,4100,0
148,00169E,0000,0000C3B4,000000FA,00,07,1A,B0,00,0100,03CE,24,6,00,C3B4,0100,0
148,00169E,0000,0000C3B6,000000FB,00,07,1B,B0,00,0100,03CE,24,6,00,C3B6,0100,0
148,00169E,4000,0000C3B8,000000FC,00,07,1C,B0,00,0100,03CF,24,4,02,C3B8,4100,0
148,00169E,4000,0000C3BA,000000FD,00,07,1D,B0,00,0100,03CF,24,4,02,C3BA,4100,0
148,00169E,0000,0000C3BC,000000FE,00,07,1E,B0,00,0100,03CF,24,6,00,C3BC,0100,0
148,00169E,0124,0000C3BE,000000FF,00,07,1F,B0,24,0124,03CF,24,6,00,C3BE,0124,1
148,00169E,0124,0000C400,00000100,00,08,00,B0,24,0124,03D0,24,0,00,C400,0124,1
148,00169E,0124,0000C402,00000101,00,08,01,B0,24,0124,03D0,24,0,00,C402,0124,1
148,00169E,2124,0000C404,00000102,00,08,02,B0,24,0124,03D0,24,2,01,C404,2124,1
148,00169E,2124,0000C406,00000103,00,08,03,B0,24,0124,03D0,24,2,01,C406,2124,1
148,00169E,0124,0000C408,00000104,00,08,04,B0,24,0124,03D1,24,0,00,C408,0124,1
148,00169E,0124,0000C40A,00000105,00,08,05,B0,24,0124,03D1,24,0,00,C40A,0124,1
148,00169E,2124,0000C40C,00000106,00,08,06,B0,24,0124,03D1,24,2,01,C40C,2124,1
148,00169E,2124,0000C40E,00000107,00,08,07,B0,24,0124,03D1,24,2,01,C40E,2124,1
148,00169E,0124,0000C410,00000108,00,08,08,B0,24,0124,03D2,24,0,00,C410,0124,1
148,00169E,0124,0000C412,00000109,00,08,09,B0,24,0124,03D2,24,0,00,C412,0124,1
148,00169E,2124,0000C414,0000010A,00,08,0A,B0,24,0124,03D2,24,2,01,C414,2124,1
148,00169E,2124,0000C416,0000010B,00,08,0B,B0,24,0124,03D2,24,2,01,C416,2124,1
148,00169E,0124,0000C418,0000010C,00,08,0C,B0,24,0124,03D3,24,0,00,C418,0124,1
148,00169E,0124,0000C41A,0000010D,00,08,0D,B0,24,0124,03D3,24,0,00,C41A,0124,1
148,00169E,2124,0000C41C,0000010E,00,08,0E,B0,24,0124,03D3,24,2,01,C41C,2124,1
148,00169E,2124,0000C41E,0000010F,00,08,0F,B0,24,0124,03D3,24,2,01,C41E,2124,1
148,00169E,0124,0000C420,00000110,00,08,10,B0,24,0124,03D4,24,0,00,C420,0124,1
148,00169E,0124,0000C422,00000111,00,08,11,B0,24,0124,03D4,24,0,00,C422,0124,1
148,00169E,2124,0000C424,00000112,00,08,12,B0,24,0124,03D4,24,2,01,C424,2124,1
149,00169E,2124,0000C426,00000113,00,08,13,B0,24,0124,03D4,24,2,01,C426,2124,1
149,00169E,0124,0000C428,00000114,00,08,14,B0,24,0124,03D5,24,0,00,C428,0124,1
149,00169E,0124,0000C42A,00000115,00,08,15,B0,24,0124,03D5,24,0,00,C42A,0124,1
149,00169E,2124,0000C42C,00000116,00,08,16,B0,24,0124,03D5,24,2,01,C42C,2124,1
149,00169E,2124,0000C42E,00000117,00,08,17,B0,24,0124,03D5,24,2,01,C42E,2124,1
149,00169E,0124,0000C430,00000118,00,08,18,B0,24,0124,03D6,24,0,00,C430,0124,1
149,00169E,0124,0000C432,00000119,00,08,19,B0,24,0124,03D6,24,0,00,C432,0124,1
149,00169E,2124,0000C434,0000011A,00,08,1A,B0,24,0124,03D6,24,2,01,C434,2124,1
149,00169E,2124,0000C436,0000011B,00,08,1B,B0,24,0124,03D6,24,2,01,C436,2124,1
149,00169E,0124,0000C438,0000011C,00,08,1C,B0,24,0124,03D7,24,0,00,C438,0124,1
149,00169E,0124,0000C43A,0000011D,00,08,1D,B0,24,0124,03D7,24,0,00,C43A,0124,1
149,00169E,2124,0000C43C,0000011E,00,08,1E,B0,24,0124,03D7,24,2,01,C43C,2124,1
149,00169E,2124,0000C43E,0000011F,00,08,1F,B0,24,0124,03D7,24,2,01,C43E,2124,1
149,00169E,0124,0000C480,00000120,00,09,00,B0,24,0124,03D0,24,0,00,C480,0124,1
149,00169E,0124,0000C482,00000121,00,09,01,B0,24,0124,03D0,24,0,00,C482,0124,1
149,00169E,2124,0000C484,00000122,00,09,02,B0,24,0124,03D0,24,2,01,C484,2124,1
149,00169E,2124,0000C486,00000123,00,09,03,B0,24,0124,03D0,24,2,01,C486,2124,1
149,00169E,0124,0000C488,00000124,00,09,04,B0,24,0124,03D1,24,0,00,C488,0124,1
149,00169E,0124,0000C48A,00000125,00,09,05,B0,24,0124,03D1,24,0,00,C48A,0124,1
149,00169E,2124,0000C48C,00000126,00,09,06,B0,24,0124,03D1,24,2,01,C48C,2124,1
149,00169E,2124,0000C48E,00000127,00,09,07,B0,24,0124,03D1,24,2,01,C48E,2124,1
149,00169E,0124,0000C490,00000128,00,09,08,B0,24,0124,03D2,24,0,00,C490,0124,1
149,00169E,0124,0000C492,00000129,00,09,09,B0,24,0124,03D2,24,0,00,C492,0124,1
149,00169E,2124,0000C494,0000012A,00,09,0A,B0,24,0124,03D2,24,2,01,C494,2124,1
149,00169E,2124,0000C496,0000012B,00,09,0B,B0,24,0124,03D2,24,2,01,C496,2124,1
149,00169E,0124,0000C498,0000012C,00,09,0C,B0,24,0124,03D3,24,0,00,C498,0124,1
149,00169E,0124,0000C49A,0000012D,00,09,0D,B0,24,0124,03D3,24,0,00,C49A,0124,1
149,00169E,2124,0000C49C,0000012E,00,09,0E,B0,24,0124,03D3,24,2,01,C49C,2124,1
149,00169E,2124,0000C49E,0000012F,00,09,0F,B0,24,0124,03D3,24,2,01,C49E,2124,1
149,00169E,0124,0000C4A0,00000130,00,09,10,B0,24,0124,03D4,24,0,00,C4A0,0124,1
149,00169E,0124,0000C4A2,00000131,00,09,11,B0,24,0124,03D4,24,0,00,C4A2,0124,1
149,00169E,2124,0000C4A4,00000132,00,09,12,B0,24,0124,03D4,24,2,01,C4A4,2124,1
149,00169E,2124,0000C4A6,00000133,00,09,13,B0,24,0124,03D4,24,2,01,C4A6,2124,1
149,00169E,0124,0000C4A8,00000134,00,09,14,B0,24,0124,03D5,24,0,00,C4A8,0124,1
149,00169E,0124,0000C4AA,00000135,00,09,15,B0,24,0124,03D5,24,0,00,C4AA,0124,1
149,00169E,2124,0000C4AC,00000136,00,09,16,B0,24,0124,03D5,24,2,01,C4AC,2124,1
149,00169E,2124,0000C4AE,00000137,00,09,17,B0,24,0124,03D5,24,2,01,C4AE,2124,1
149,00169E,0124,0000C4B0,00000138,00,09,18,B0,24,0124,03D6,24,0,00,C4B0,0124,1
149,00169E,0124,0000C4B2,00000139,00,09,19,B0,24,0124,03D6,24,0,00,C4B2,0124,1
149,00169E,2124,0000C4B4,0000013A,00,09,1A,B0,24,0124,03D6,24,2,01,C4B4,2124,1
149,00169E,2124,0000C4B6,0000013B,00,09,1B,B0,24,0124,03D6,24,2,01,C4B6,2124,1
149,00169E,0124,0000C4B8,0000013C,00,09,1C,B0,24,0124,03D7,24,0,00,C4B8,0124,1
149,00169E,0124,0000C4BA,0000013D,00,09,1D,B0,24,0124,03D7,24,0,00,C4BA,0124,1
149,00169E,2124,0000C4BC,0000013E,00,09,1E,B0,24,0124,03D7,24,2,01,C4BC,2124,1
149,00169E,2124,0000C4BE,0000013F,00,09,1F,B0,24,0124,03D7,24,2,01,C4BE,2124,1
149,00169E,4124,0000C500,00000140,00,0A,00,B0,24,0124,03D0,24,4,02,C500,4124,1
149,00169E,4124,0000C502,00000141,00,0A,01,B0,24,0124,03D0,24,4,02,C502,4124,1
149,00169E,0124,0000C504,00000142,00,0A,02,B0,24,0124,03D0,24,6,00,C504,0124,1
149,00169E,0124,0000C506,00000143,00,0A,03,B0,24,0124,03D0,24,6,00,C506,0124,1
149,00169E,4124,0000C508,00000144,00,0A,04,B0,24,0124,03D1,24,4,02,C508,4124,1
149,00169E,4124,0000C50A,00000145,00,0A,05,B0,24,0124,03D1,24,4,02,C50A,4124,1
149,00169E,0124,0000C50C,00000146,00,0A,06,B0,24,0124,03D1,24,6,00,C50C,0124,1
149,00169E,0124,0000C50E,00000147,00,0A,07,B0,24,0124,03D1,24,6,00,C50E,0124,1
149,00169E,4124,0000C510,00000148,00,0A,08,B0,24,0124,03D2,24,4,02,C510,4124,1
149,00169E,4124,0000C512,00000149,00,0A,09,B0,24,0124,03D2,24,4,02,C512,4124,1
149,00169E,0124,0000C514,0000014A,00,0A,0A,B0,24,0124,03D2,24,6,00,C514,0124,1
149,00169E,0124,0000C516,0000014B,00,0A,0B,B0,24,0124,03D2,24,6,00,C516,0124,1
149,00169E,4124,0000C518,0000014C,00,0A,0C,B0,24,0124,03D3,24,4,02,C518,4124,1
149,00169E,4124,0000C51A,0000014D,00,0A,0D,B0,24,0124,03D3,24,4,02,C51A,4124,1
149,00169E,0124,0000C51C,0000014E,00,0A,0E,B0,24,0124,03D3,24,6,00,C51C,0124,1
149,00169E,0124,0000C51E,0000014F,00,0A,0F,B0,24,0124,03D3,24,6,00,C51E,0124,1
149,00169E,4124,0000C520,00000150,00,0A,10,B0,24,0124,03D4,24,4,02,C520,4124,1
149,00169E,4124,0000C522,00000151,00,0A,11,B0,24,0124,03D4,24,4,02,C522,4124,1
149,00169E,0124,0000C524,00000152,00,0A,12,B0,24,0124,03D4,24,6,00,C524,0124,1
149,00169E,0124,0000C526,00000153,00,0A,13,B0,24,0124,03D4,24,6,00,C526,0124,1
149,00169E,4124,0000C528,00000154,00,0A,14,B0,24,0124,03D5,24,4,02,C528,4124,1
149,00169E,4124,0000C52A,00000155,00,0A,15,B0,24,0124,03D5,24,4,02,C52A,4124,1
149,00169E,0124,0000C52C,00000156,00,0A,16,B0,24,0124,03D5,24,6,00,C52C,0124,1
149,00169E,0124,0000C52E,00000157,00,0A,17,B0,24,0124,03D5,24,6,00,C52E,0124,1
149,00169E,4124,0000C530,00000158,00,0A,18,B0,24,0124,03D6,24,4,02,C530,4124,1
149,00169E,4124,0000C532,00000159,00,0A,19,B0,24,0124,03D6,24,4,02,C532,4124,1
149,00169E,0124,0000C534,0000015A,00,0A,1A,B0,24,0124,03D6,24,6,00,C534,0124,1
149,00169E,0124,0000C536,0000015B,00,0A,1B,B0,24,0124,03D6,24,6,00,C536,0124,1
149,00169E,4124,0000C538,0000015C,00,0A,1C,B0,24,0124,03D7,24,4,02,C538,4124,1
149,00169E,4124,0000C53A,0000015D,00,0A,1D,B0,24,0124,03D7,24,4,02,C53A,4124,1
149,00169E,0124,0000C53C,0000015E,00,0A,1E,B0,24,0124,03D7,24,6,00,C53C,0124,1
149,00169E,0124,0000C53E,0000015F,00,0A,1F,B0,24,0124,03D7,24,6,00,C53E,0124,1
149,00169E,4124,0000C580,00000160,00,0B,00,B0,24,0124,03D0,24,4,02,C580,4124,1
149,00169E,4124,0000C582,00000161,00,0B,01,B0,24,0124,03D0,24,4,02,C582,4124,1
149,00169E,0124,0000C584,00000162,00,0B,02,B0,24,0124,03D0,24,6,00,C584,0124,1
149,00169E,0124,0000C586,00000163,00,0B,03,B0,24,0124,03D0,24,6,00,C586,0124,1
149,00169E,4124,0000C588,00000164,00,0B,04,B0,24,0124,03D1,24,4,02,C588,4124,1
149,00169E,4124,0000C58A,00000165,00,0B,05,B0,24,0124,03D1,24,4,02,C58A,4124,1
149,00169E,0124,0000C58C,00000166,00,0B,06,B0,24,0124,03D1,24,6,00,C58C,0124,1
149,00169E,0124,0000C58E,00000167,00,0B,07,B0,24,0124,03D1,24,6,00,C58E,0124,1
149,00169E,4124,0000C590,00000168,00,0B,08,B0,24,0124,03D2,24,4,02,C590,4124,1
149,00169E,4124,0000C592,00000169,00,0B,09,B0,24,0124,03D2,24,4,02,C592,4124,1
149,00169E,0124,0000C594,0000016A,00,0B,0A,B0,24,0124,03D2,24,6,00,C594,0124,1
149,00169E,0124,0000C596,0000016B,00,0B,0B,B0,24,0124,03D2,24,6,00,C596,0124,1
149,00169E,4124,0000C598,0000016C,00,0B,0C,B0,24,0124,03D3,24,4,02,C598,4124,1
149,00169E,4124,0000C59A,0000016D,00,0B,0D,B0,24,0124,03D3,24,4,02,C59A,4124,1
149,00169E,0124,0000C59C,0000016E,00,0B,0E,B0,24,0124,03D3,24,6,00,C59C,0124,1
149,00169E,0124,0000C59E,0000016F,00,0B,0F,B0,24,0124,03D3,24,6,00,C59E,0124,1
149,00169E,4124,0000C5A0,00000170,00,0B,10,B0,24,0124,03D4,24,4,02,C5A0,4124,1
149,00169E,4124,0000C5A2,00000171,00,0B,11,B0,24,0124,03D4,24,4,02,C5A2,4124,1
149,00169E,0124,0000C5A4,00000172,00,0B,12,B0,24,0124,03D4,24,6,00,C5A4,0124,1
149,00169E,0124,0000C5A6,00000173,00,0B,13,B0,24,0124,03D4,24,6,00,C5A6,0124,1
149,00169E,4124,0000C5A8,00000174,00,0B,14,B0,24,0124,03D5,24,4,02,C5A8,4124,1
149,00169E,4124,0000C5AA,00000175,00,0B,15,B0,24,0124,03D5,24,4,02,C5AA,4124,1
149,00169E,0124,0000C5AC,00000176,00,0B,16,B0,24,0124,03D5,24,6,00,C5AC,0124,1
149,00169E,0124,0000C5AE,00000177,00,0B,17,B0,24,0124,03D5,24,6,00,C5AE,0124,1
149,00169E,4124,0000C5B0,00000178,00,0B,18,B0,24,0124,03D6,24,4,02,C5B0,4124,1
149,00169E,4124,0000C5B2,00000179,00,0B,19,B0,24,0124,03D6,24,4,02,C5B2,4124,1
149,00169E,0124,0000C5B4,0000017A,00,0B,1A,B0,24,0124,03D6,24,6,00,C5B4,0124,1
149,00169E,0124,0000C5B6,0000017B,00,0B,1B,B0,24,0124,03D6,24,6,00,C5B6,0124,1
149,00169E,4124,0000C5B8,0000017C,00,0B,1C,B0,24,0124,03D7,24,4,02,C5B8,4124,1
149,00169E,4124,0000C5BA,0000017D,00,0B,1D,B0,24,0124,03D7,24,4,02,C5BA,4124,1
149,00169E,0124,0000C5BC,0000017E,00,0B,1E,B0,24,0124,03D7,24,6,00,C5BC,0124,1
149,00169E,0124,0000C5BE,0000017F,00,0B,1F,B0,24,0124,03D7,24,6,00,C5BE,0124,1
149,00169E,0124,0000C600,00000180,00,0C,00,B0,24,0124,03D8,24,0,00,C600,0124,1
149,00169E,0124,0000C602,00000181,00,0C,01,B0,24,0124,03D8,24,0,00,C602,0124,1
149,00169E,2124,0000C604,00000182,00,0C,02,B0,24,0124,03D8,24,2,01,C604,2124,1
149,00169E,2124,0000C606,00000183,00,0C,03,B0,24,0124,03D8,24,2,01,C606,2124,1
149,00169E,0124,0000C608,00000184,00,0C,04,B0,24,0124,03D9,24,0,00,C608,0124,1
149,00169E,0124,0000C60A,00000185,00,0C,05,B0,24,0124,03D9,24,0,00,C60A,0124,1
149,00169E,2124,0000C60C,00000186,00,0C,06,B0,24,0124,03D9,24,2,01,C60C,2124,1
149,00169E,2124,0000C60E,00000187,00,0C,07,B0,24,0124,03D9,24,2,01,C60E,2124,1
149,00169E,0124,0000C610,00000188,00,0C,08,B0,24,0124,03DA,24,0,00,C610,0124,1
149,00169E,0124,0000C612,00000189,00,0C,09,B0,24,0124,03DA,24,0,00,C612,0124,1
149,00169E,2124,0000C614,0000018A,00,0C,0A,B0,24,0124,03DA,24,2,01,C614,2124,1
149,00169E,2124,0000C616,0000018B,00,0C,0B,B0,24,0124,03DA,24,2,01,C616,2124,1
149,00169E,0124,0000C618,0000018C,00,0C,0C,B0,24,0124,03DB,24,0,00,C618,0124,1
149,00169E,0124,0000C61A,0000018D,00,0C,0D,B0,24,0124,03DB,24,0,00,C61A,0124,1
149,00169E,2124,0000C61C,0000018E,00,0C,0E,B0,24,0124,03DB,24,2,01,C61C,2124,1
149,00169E,2124,0000C61E,0000018F,00,0C,0F,B0,24,0124,03DB,24,2,01,C61E,2124,1
149,00169E,0124,0000C620,00000190,00,0C,10,B0,24,0124,03DC,24,0,00,C620,0124,1
149,00169E,0124,0000C622,00000191,00,0C,11,B0,24,0124,03DC,24,0,00,C622,0124,1
149,00169E,2124,0000C624,00000192,00,0C,12,B0,24,0124,03DC,24,2,01,C624,2124,1
149,00169E,2124,0000C626,00000193,00,0C,13,B0,24,0124,03DC,24,2,01,C626,2124,1
149,00169E,0124,0000C628,00000194,00,0C,14,B0,24,0124,03DD,24,0,00,C628,0124,1
149,00169E,0124,0000C62A,00000195,00,0C,15,B0,24,0124,03DD,24,0,00,C62A,0124,1
149,00169E,2124,0000C62C,00000196,00,0C,16,B0,24,0124,03DD,24,2,01,C62C,2124,1
149,00169E,2124,0000C62E,00000197,00,0C,17,B0,24,0124,03DD,24,2,01,C62E,2124,1
149,00169E,0124,0000C630,00000198,00,0C,18,B0,24,0124,03DE,24,0,00,C630,0124,1
149,00169E,0124,0000C632,00000199,00,0C,19,B0,24,0124,03DE,24,0,00,C632,0124,1
149,00169E,2124,0000C634,0000019A,00,0C,1A,B0,24,0124,03DE,24,2,01,C634,2124,1
149,00169E,2124,0000C636,0000019B,00,0C,1B,B0,24,0124,03DE,24,2,01,C636,2124,1
149,00169E,0124,0000C638,0000019C,00,0C,1C,B0,24,0124,03DF,24,0,00,C638,0124,1
149,00169E,0124,0000C63A,0000019D,00,0C,1D,B0,24,0124,03DF,24,0,00,C63A,0124,1
149,00169E,2124,0000C63C,0000019E,00,0C,1E,B0,24,0124,03DF,24,2,01,C63C,2124,1
149,00169E,2124,0000C63E,0000019F,00,0C,1F,B0,24,0124,03DF,24,2,01,C63E,2124,1
149,00169E,0124,0000C680,000001A0,00,0D,00,B0,24,0124,03D8,24,0,00,C680,0124,1
149,00169E,0124,0000C682,000001A1,00,0D,01,B0,24,0124,03D8,24,0,00,C682,0124,1
149,00169E,2124,0000C684,000001A2,00,0D,02,B0,24,0124,03D8,24,2,01,C684,2124,1
149,00169E,2124,0000C686,000001A3,00,0D,03,B0,24,0124,03D8,24,2,01,C686,2124,1
149,00169E,0124,0000C688,000001A4,00,0D,04,B0,24,0124,03D9,24,0,00,C688,0124,1
149,00169E,0124,0000C68A,000001A5,00,0D,05,B0,24,0124,03D9,24,0,00,C68A,0124,1
149,00169E,2124,0000C68C,000001A6,00,0D,06,B0,24,0124,03D9,24,2,01,C68C,2124,1
149,00169E,2124,0000C68E,000001A7,00,0D,07,B0,24,0124,03D9,24,2,01,C68E,2124,1
149,00169E,0124,0000C690,000001A8,00,0D,08,B0,24,0124,03DA,24,0,00,C690,0124,1
149,00169E,0124,0000C692,000001A9,00,0D,09,B0,24,0124,03DA,24,0,00,C692,0124,1
149,00169E,2124,0000C694,000001AA,00,0D,0A,B0,24,0124,03DA,24,2,01,C694,2124,1
149,00169E,2124,0000C696,000001AB,00,0D,0B,B0,24,0124,03DA,24,2,01,C696,2124,1
149,00169E,0124,0000C698,000001AC,00,0D,0C,B0,24,0124,03DB,24,0,00,C698,0124,1
149,00169E,0124,0000C69A,000001AD,00,0D,0D,B0,24,0124,03DB,24,0,00,C69A,0124,1
149,00169E,2124,0000C69C,000001AE,00,0D,0E,B0,24,0124,03DB,24,2,01,C69C,2124,1
149,00169E,2124,0000C69E,000001AF,00,0D,0F,B0,24,0124,03DB,24,2,01,C69E,2124,1
149,00169E,0124,0000C6A0,000001B0,00,0D,10,B0,24,0124,03DC,24,0,00,C6A0,0124,1
149,00169E,0124,0000C6A2,000001B1,00,0D,11,B0,24,0124,03DC,24,0,00,C6A2,0124,1
149,00169E,2124,0000C6A4,000001B2,00,0D,12,B0,24,0124,03DC,24,2,01,C6A4,2124,1
149,00169E,2124,0000C6A6,000001B3,00,0D,13,B0,24,0124,03DC,24,2,01,C6A6,2124,1
149,00169E,0124,0000C6A8,000001B4,00,0D,14,B0,24,0124,03DD,24,0,00,C6A8,0124,1
149,00169E,0124,0000C6AA,000001B5,00,0D,15,B0,24,0124,03DD,24,0,00,C6AA,0124,1
149,00169E,2124,0000C6AC,000001B6,00,0D,16,B0,24,0124,03DD,24,2,01,C6AC,2124,1
149,00169E,2124,0000C6AE,000001B7,00,0D,17,B0,24,0124,03DD,24,2,01,C6AE,2124,1
149,00169E,0124,0000C6B0,000001B8,00,0D,18,B0,24,0124,03DE,24,0,00,C6B0,0124,1
149,00169E,0124,0000C6B2,000001B9,00,0D,19,B0,24,0124,03DE,24,0,00,C6B2,0124,1
149,00169E,2124,0000C6B4,000001BA,00,0D,1A,B0,24,0124,03DE,24,2,01,C6B4,2124,1
149,00169E,2124,0000C6B6,000001BB,00,0D,1B,B0,24,0124,03DE,24,2,01,C6B6,2124,1
149,00169E,0124,0000C6B8,000001BC,00,0D,1C,B0,24,0124,03DF,24,0,00,C6B8,0124,1
149,00169E,0124,0000C6BA,000001BD,00,0D,1D,B0,24,0124,03DF,24,0,00,C6BA,0124,1
149,00169E,2124,0000C6BC,000001BE,00,0D,1E,B0,24,0124,03DF,24,2,01,C6BC,2124,1
149,00169E,2124,0000C6BE,000001BF,00,0D,1F,B0,24,0124,03DF,24,2,01,C6BE,2124,1
149,00169E,4124,0000C700,000001C0,00,0E,00,B0,24,0124,03D8,24,4,02,C700,4124,1
149,00169E,4124,0000C702,000001C1,00,0E,01,B0,24,0124,03D8,24,4,02,C702,4124,1
149,00169E,0124,0000C704,000001C2,00,0E,02,B0,24,0124,03D8,24,6,00,C704,0124,1
149,00169E,0124,0000C706,000001C3,00,0E,03,B0,24,0124,03D8,24,6,00,C706,0124,1
149,00169E,4124,0000C708,000001C4,00,0E,04,B0,24,0124,03D9,24,4,02,C708,4124,1
149,00169E,4124,0000C70A,000001C5,00,0E,05,B0,24,0124,03D9,24,4,02,C70A,4124,1
149,00169E,0124,0000C70C,000001C6,00,0E,06,B0,24,0124,03D9,24,6,00,C70C,0124,1
149,00169E,0124,0000C70E,000001C7,00,0E,07,B0,24,0124,03D9,24,6,00,C70E,0124,1
149,00169E,4124,0000C710,000001C8,00,0E,08,B0,24,0124,03DA,24,4,02,C710,4124,1
149,00169E,4124,0000C712,000001C9,00,0E,09,B0,24,0124,03DA,24,4,02,C712,4124,1
149,00169E,0124,0000C714,000001CA,00,0E,0A,B0,24,0124,03DA,24,6,00,C714,0124,1
149,00169E,0124,0000C716,000001CB,00,0E,0B,B0,24,0124,03DA,24,6,00,C716,0124,1
150,00169E,4124,0000C718,000001CC,00,0E,0C,B0,24,0124,03DB,24,4,02,C718,4124,1
150,00169E,4124,0000C71A,000001CD,00,0E,0D,B0,24,0124,03DB,24,4,02,C71A,4124,1
150,00169E,0124,0000C71C,000001CE,00,0E,0E,B0,24,0124,03DB,24,6,00,C71C,0124,1
150,00169E,0124,0000C71E,000001CF,00,0E,0F,B0,24,0124,03DB,24,6,00,C71E,0124,1
150,00169E,4124,0000C720,000001D0,00,0E,10,B0,24,0124,03DC,24,4,02,C720,4124,1
150,00169E,4124,0000C722,000001D1,00,0E,11,B0,24,0124,03DC,24,4,02,C722,4124,1
150,00169E,0124,0000C724,000001D2,00,0E,12,B0,24,0124,03DC,24,6,00,C724,0124,1
150,00169E,0124,0000C726,000001D3,00,0E,13,B0,24,0124,03DC,24,6,00,C726,0124,1
150,00169E,4124,0000C728,000001D4,00,0E,14,B0,24,0124,03DD,24,4,02,C728,4124,1
150,00169E,4124,0000C72A,000001D5,00,0E,15,B0,24,0124,03DD,24,4,02,C72A,4124,1
150,00169E,0124,0000C72C,000001D6,00,0E,16,B0,24,0124,03DD,24,6,00,C72C,0124,1
150,00169E,0124,0000C72E,000001D7,00,0E,17,B0,24,0124,03DD,24,6,00,C72E,0124,1
150,00169E,4124,0000C730,000001D8,00,0E,18,B0,24,0124,03DE,24,4,02,C730,4124,1
150,00169E,4124,0000C732,000001D9,00,0E,19,B0,24,0124,03DE,24,4,02,C732,4124,1
150,00169E,0124,0000C734,000001DA,00,0E,1A,B0,24,0124,03DE,24,6,00,C734,0124,1
150,00169E,0124,0000C736,000001DB,00,0E,1B,B0,24,0124,03DE,24,6,00,C736,0124,1
150,00169E,4124,0000C738,000001DC,00,0E,1C,B0,24,0124,03DF,24,4,02,C738,4124,1
150,00169E,4124,0000C73A,000001DD,00,0E,1D,B0,24,0124,03DF,24,4,02,C73A,4124,1
150,00169E,0124,0000C73C,000001DE,00,0E,1E,B0,24,0124,03DF,24,6,00,C73C,0124,1
150,00169E,0124,0000C73E,000001DF,00,0E,1F,B0,24,0124,03DF,24,6,00,C73E,0124,1
150,00169E,4124,0000C780,000001E0,00,0F,00,B0,24,0124,03D8,24,4,02,C780,4124,1
150,00169E,4124,0000C782,000001E1,00,0F,01,B0,24,0124,03D8,24,4,02,C782,4124,1
150,00169E,0124,0000C784,000001E2,00,0F,02,B0,24,0124,03D8,24,6,00,C784,0124,1
150,00169E,0124,0000C786,000001E3,00,0F,03,B0,24,0124,03D8,24,6,00,C786,0124,1
150,00169E,4124,0000C788,000001E4,00,0F,04,B0,24,0124,03D9,24,4,02,C788,4124,1
150,00169E,4124,0000C78A,000001E5,00,0F,05,B0,24,0124,03D9,24,4,02,C78A,4124,1
150,00169E,0124,0000C78C,000001E6,00,0F,06,B0,24,0124,03D9,24,6,00,C78C,0124,1
150,00169E,0124,0000C78E,000001E7,00,0F,07,B0,24,0124,03D9,24,6,00,C78E,0124,1
150,00169E,4124,0000C790,000001E8,00,0F,08,B0,24,0124,03DA,24,4,02,C790,4124,1
150,00169E,4124,0000C792,000001E9,00,0F,09,B0,24,0124,03DA,24,4,02,C792,4124,1
150,00169E,0124,0000C794,000001EA,00,0F,0A,B0,24,0124,03DA,24,6,00,C794,0124,1
150,00169E,0124,0000C796,000001EB,00,0F,0B,B0,24,0124,03DA,24,6,00,C796,0124,1
150,00169E,4124,0000C798,000001EC,00,0F,0C,B0,24,0124,03DB,24,4,02,C798,4124,1
150,00169E,4124,0000C79A,000001ED,00,0F,0D,B0,24,0124,03DB,24,4,02,C79A,4124,1
150,00169E,0124,0000C79C,000001EE,00,0F,0E,B0,24,0124,03DB,24,6,00,C79C,0124,1
150,00169E,0124,0000C79E,000001EF,00,0F,0F,B0,24,0124,03DB,24,6,00,C79E,0124,1
150,00169E,4124,0000C7A0,000001F0,00,0F,10,B0,24,0124,03DC,24,4,02,C7A0,4124,1
150,00169E,4124,0000C7A2,000001F1,00,0F,11,B0,24,0124,03DC,24,4,02,C7A2,4124,1
150,00169E,0124,0000C7A4,000001F2,00,0F,12,B0,24,0124,03DC,24,6,00,C7A4,0124,1
150,00169E,0124,0000C7A6,000001F3,00,0F,13,B0,24,0124,03DC,24,6,00,C7A6,0124,1
150,00169E,4124,0000C7A8,000001F4,00,0F,14,B0,24,0124,03DD,24,4,02,C7A8,4124,1
150,00169E,4124,0000C7AA,000001F5,00,0F,15,B0,24,0124,03DD,24,4,02,C7AA,4124,1
150,00169E,0124,0000C7AC,000001F6,00,0F,16,B0,24,0124,03DD,24,6,00,C7AC,0124,1
150,00169E,0124,0000C7AE,000001F7,00,0F,17,B0,24,0124,03DD,24,6,00,C7AE,0124,1
150,00169E,4124,0000C7B0,000001F8,00,0F,18,B0,24,0124,03DE,24,4,02,C7B0,4124,1
150,00169E,4124,0000C7B2,000001F9,00,0F,19,B0,24,0124,03DE,24,4,02,C7B2,4124,1
150,00169E,0124,0000C7B4,000001FA,00,0F,1A,B0,24,0124,03DE,24,6,00,C7B4,0124,1
150,00169E,0124,0000C7B6,000001FB,00,0F,1B,B0,24,0124,03DE,24,6,00,C7B6,0124,1
150,00169E,4124,0000C7B8,000001FC,00,0F,1C,B0,24,0124,03DF,24,4,02,C7B8,4124,1
150,00169E,4124,0000C7BA,000001FD,00,0F,1D,B0,24,0124,03DF,24,4,02,C7BA,4124,1
150,00169E,0124,0000C7BC,000001FE,00,0F,1E,B0,24,0124,03DF,24,6,00,C7BC,0124,1
150,00169E,0124,0000C7BE,000001FF,00,0F,1F,B0,24,0124,03DF,24,6,00,C7BE,0124,1
150,00169E,0124,0000C800,00000200,00,10,00,B0,24,0124,03E0,24,0,00,C800,0124,1
150,00169E,0124,0000C802,00000201,00,10,01,B0,24,0124,03E0,24,0,00,C802,0124,1
150,00169E,2124,0000C804,00000202,00,10,02,B0,24,0124,03E0,24,2,01,C804,2124,1
150,00169E,2124,0000C806,00000203,00,10,03,B0,24,0124,03E0,24,2,01,C806,2124,1
150,00169E,0124,0000C808,00000204,00,10,04,B0,24,0124,03E1,24,0,00,C808,0124,1
150,00169E,0124,0000C80A,00000205,00,10,05,B0,24,0124,03E1,24,0,00,C80A,0124,1
150,00169E,2124,0000C80C,00000206,00,10,06,B0,24,0124,03E1,24,2,01,C80C,2124,1
150,00169E,2124,0000C80E,00000207,00,10,07,B0,24,0124,03E1,24,2,01,C80E,2124,1
150,00169E,0124,0000C810,00000208,00,10,08,B0,24,0124,03E2,24,0,00,C810,0124,1
150,00169E,0124,0000C812,00000209,00,10,09,B0,24,0124,03E2,24,0,00,C812,0124,1
150,00169E,2124,0000C814,0000020A,00,10,0A,B0,24,0124,03E2,24,2,01,C814,2124,1
150,00169E,2124,0000C816,0000020B,00,10,0B,B0,24,0124,03E2,24,2,01,C816,2124,1
150,00169E,0124,0000C818,0000020C,00,10,0C,B0,24,0124,03E3,24,0,00,C818,0124,1
150,00169E,0124,0000C81A,0000020D,00,10,0D,B0,24,0124,03E3,24,0,00,C81A,0124,1
150,00169E,2124,0000C81C,0000020E,00,10,0E,B0,24,0124,03E3,24,2,01,C81C,2124,1
150,00169E,2124,0000C81E,0000020F,00,10,0F,B0,24,0124,03E3,24,2,01,C81E,2124,1
150,00169E,0124,0000C820,00000210,00,10,10,B0,24,0124,03E4,24,0,00,C820,0124,1
150,00169E,0124,0000C822,00000211,00,10,11,B0,24,0124,03E4,24,0,00,C822,0124,1
150,00169E,2124,0000C824,00000212,00,10,12,B0,24,0124,03E4,24,2,01,C824,2124,1
150,00169E,2124,0000C826,00000213,00,10,13,B0,24,0124,03E4,24,2,01,C826,2124,1
150,00169E,0124,0000C828,00000214,00,10,14,B0,24,0124,03E5,24,0,00,C828,0124,1
150,00169E,0124,0000C82A,00000215,00,10,15,B0,24,0124,03E5,24,0,00,C82A,0124,1
150,00169E,2124,0000C82C,00000216,00,10,16,B0,24,0124,03E5,24,2,01,C82C,2124,1
150,00169E,2124,0000C82E,00000217,00,10,17,B0,24,0124,03E5,24,2,01,C82E,2124,1
150,00169E,0124,0000C830,00000218,00,10,18,B0,24,0124,03E6,24,0,00,C830,0124,1
150,00169E,0124,0000C832,00000219,00,10,19,B0,24,0124,03E6,24,0,00,C832,0124,1
150,00169E,2124,0000C834,0000021A,00,10,1A,B0,24,0124,03E6,24,2,01,C834,2124,1
150,00169E,2124,0000C836,0000021B,00,10,1B,B0,24,0124,03E6,24,2,01,C836,2124,1
150,00169E,0124,0000C838,0000021C,00,10,1C,B0,24,0124,03E7,24,0,00,C838,0124,1
150,00169E,0124,0000C83A,0000021D,00,10,1D,B0,24,0124,03E7,24,0,00,C83A,0124,1
150,00169E,2124,0000C83C,0000021E,00,10,1E,B0,24,0124,03E7,24,2,01,C83C,2124,1
150,00169E,2124,0000C83E,0000021F,00,10,1F,B0,24,0124,03E7,24,2,01,C83E,2124,1
150,00169E,0124,0000C880,00000220,00,11,00,B0,24,0124,03E0,24,0,00,C880,0124,1
150,00169E,0124,0000C882,00000221,00,11,01,B0,24,0124,03E0,24,0,00,C882,0124,1
150,00169E,2124,0000C884,00000222,00,11,02,B0,24,0124,03E0,24,2,01,C884,2124,1
150,00169E,2124,0000C886,00000223,00,11,03,B0,24,0124,03E0,24,2,01,C886,2124,1
150,00169E,0124,0000C888,00000224,00,11,04,B0,24,0124,03E1,24,0,00,C888,0124,1
150,00169E,0124,0000C88A,00000225,00,11,05,B0,24,0124,03E1,24,0,00,C88A,0124,1
150,00169E,2124,0000C88C,00000226,00,11,06,B0,24,0124,03E1,24,2,01,C88C,2124,1
150,00169E,2124,0000C88E,00000227,00,11,07,B0,24,0124,03E1,24,2,01,C88E,2124,1
150,00169E,0124,0000C890,00000228,00,11,08,B0,24,0124,03E2,24,0,00,C890,0124,1
150,00169E,0124,0000C892,00000229,00,11,09,B0,24,0124,03E2,24,0,00,C892,0124,1
150,00169E,2124,0000C894,0000022A,00,11,0A,B0,24,0124,03E2,24,2,01,C894,2124,1
150,00169E,2124,0000C896,0000022B,00,11,0B,B0,24,0124,03E2,24,2,01,C896,2124,1
150,00169E,0124,0000C898,0000022C,00,11,0C,B0,24,0124,03E3,24,0,00,C898,0124,1
150,00169E,0124,0000C89A,0000022D,00,11,0D,B0,24,0124,03E3,24,0,00,C89A,0124,1
150,00169E,2124,0000C89C,0000022E,00,11,0E,B0,24,0124,03E3,24,2,01,C89C,2124,1
150,00169E,2124,0000C89E,0000022F,00,11,0F,B0,24,0124,03E3,24,2,01,C89E,2124,1
150,00169E,0124,0000C8A0,00000230,00,11,10,B0,24,0124,03E4,24,0,00,C8A0,0124,1
150,00169E,0124,0000C8A2,00000231,00,11,11,B0,24,0124,03E4,24,0,00,C8A2,0124,1
150,00169E,2124,0000C8A4,00000232,00,11,12,B0,24,0124,03E4,24,2,01,C8A4,2124,1
150,00169E,2124,0000C8A6,00000233,00,11,13,B0,24,0124,03E4,24,2,01,C8A6,2124,1
150,00169E,0124,0000C8A8,00000234,00,11,14,B0,24,0124,03E5,24,0,00,C8A8,0124,1
150,00169E,0124,0000C8AA,00000235,00,11,15,B0,24,0124,03E5,24,0,00,C8AA,0124,1
150,00169E,2124,0000C8AC,00000236,00,11,16,B0,24,0124,03E5,24,2,01,C8AC,2124,1
150,00169E,2124,0000C8AE,00000237,00,11,17,B0,24,0124,03E5,24,2,01,C8AE,2124,1
150,00169E,0124,0000C8B0,00000238,00,11,18,B0,24,0124,03E6,24,0,00,C8B0,0124,1
150,00169E,0124,0000C8B2,00000239,00,11,19,B0,24,0124,03E6,24,0,00,C8B2,0124,1
150,00169E,2124,0000C8B4,0000023A,00,11,1A,B0,24,0124,03E6,24,2,01,C8B4,2124,1
150,00169E,2124,0000C8B6,0000023B,00,11,1B,B0,24,0124,03E6,24,2,01,C8B6,2124,1
150,00169E,0124,0000C8B8,0000023C,00,11,1C,B0,24,0124,03E7,24,0,00,C8B8,0124,1
150,00169E,0124,0000C8BA,0000023D,00,11,1D,B0,24,0124,03E7,24,0,00,C8BA,0124,1
150,00169E,2124,0000C8BC,0000023E,00,11,1E,B0,24,0124,03E7,24,2,01,C8BC,2124,1
150,00169E,2124,0000C8BE,0000023F,00,11,1F,B0,24,0124,03E7,24,2,01,C8BE,2124,1
150,00169E,4124,0000C900,00000240,00,12,00,B0,24,0124,03E0,24,4,02,C900,4124,1
150,00169E,4124,0000C902,00000241,00,12,01,B0,24,0124,03E0,24,4,02,C902,4124,1
150,00169E,0124,0000C904,00000242,00,12,02,B0,24,0124,03E0,24,6,00,C904,0124,1
150,00169E,0124,0000C906,00000243,00,12,03,B0,24,0124,03E0,24,6,00,C906,0124,1
150,00169E,4124,0000C908,00000244,00,12,04,B0,24,0124,03E1,24,4,02,C908,4124,1
150,00169E,4124,0000C90A,00000245,00,12,05,B0,24,0124,03E1,24,4,02,C90A,4124,1
150,00169E,0124,0000C90C,00000246,00,12,06,B0,24,0124,03E1,24,6,00,C90C,0124,1
150,00169E,0124,0000C90E,00000247,00,12,07,B0,24,0124,03E1,24,6,00,C90E,0124,1
150,00169E,4124,0000C910,00000248,00,12,08,B0,24,0124,03E2,24,4,02,C910,4124,1
150,00169E,4124,0000C912,00000249,00,12,09,B0,24,0124,03E2,24,4,02,C912,4124,1
150,00169E,0124,0000C914,0000024A,00,12,0A,B0,24,0124,03E2,24,6,00,C914,0124,1
150,00169E,0124,0000C916,0000024B,00,12,0B,B0,24,0124,03E2,24,6,00,C916,0124,1
150,00169E,4124,0000C918,0000024C,00,12,0C,B0,24,0124,03E3,24,4,02,C918,4124,1
150,00169E,4124,0000C91A,0000024D,00,12,0D,B0,24,0124,03E3,24,4,02,C91A,4124,1
150,00169E,0124,0000C91C,0000024E,00,12,0E,B0,24,0124,03E3,24,6,00,C91C,0124,1
150,00169E,0124,0000C91E,0000024F,00,12,0F,B0,24,0124,03E3,24,6,00,C91E,0124,1
150,00169E,4124,0000C920,00000250,00,12,10,B0,24,0124,03E4,24,4,02,C920,4124,1
150,00169E,4124,0000C922,00000251,00,12,11,B0,24,0124,03E4,24,4,02,C922,4124,1
150,00169E,0124,0000C924,00000252,00,12,12,B0,24,0124,03E4,24,6,00,C924,0124,1
150,00169E,0124,0000C926,00000253,00,12,13,B0,24,0124,03E4,24,6,00,C926,0124,1
150,00169E,4124,0000C928,00000254,00,12,14,B0,24,0124,03E5,24,4,02,C928,4124,1
150,00169E,4124,0000C92A,00000255,00,12,15,B0,24,0124,03E5,24,4,02,C92A,4124,1
150,00169E,0124,0000C92C,00000256,00,12,16,B0,24,0124,03E5,24,6,00,C92C,0124,1
150,00169E,0124,0000C92E,00000257,00,12,17,B0,24,0124,03E5,24,6,00,C92E,0124,1
150,00169E,4124,0000C930,00000258,00,12,18,B0,24,0124,03E6,24,4,02,C930,4124,1
150,00169E,4124,0000C932,00000259,00,12,19,B0,24,0124,03E6,24,4,02,C932,4124,1
150,00169E,0124,0000C934,0000025A,00,12,1A,B0,24,0124,03E6,24,6,00,C934,0124,1
150,00169E,0124,0000C936,0000025B,00,12,1B,B0,24,0124,03E6,24,6,00,C936,0124,1
150,00169E,4124,0000C938,0000025C,00,12,1C,B0,24,0124,03E7,24,4,02,C938,4124,1
150,00169E,4124,0000C93A,0000025D,00,12,1D,B0,24,0124,03E7,24,4,02,C93A,4124,1
150,00169E,0124,0000C93C,0000025E,00,12,1E,B0,24,0124,03E7,24,6,00,C93C,0124,1
150,00169E,0124,0000C93E,0000025F,00,12,1F,B0,24,0124,03E7,24,6,00,C93E,0124,1
150,00169E,4124,0000C980,00000260,00,13,00,B0,24,0124,03E0,24,4,02,C980,4124,1
150,00169E,4124,0000C982,00000261,00,13,01,B0,24,0124,03E0,24,4,02,C982,4124,1
150,00169E,0124,0000C984,00000262,00,13,02,B0,24,0124,03E0,24,6,00,C984,0124,1
150,00169E,0124,0000C986,00000263,00,13,03,B0,24,0124,03E0,24,6,00,C986,0124,1
150,00169E,4124,0000C988,00000264,00,13,04,B0,24,0124,03E1,24,4,02,C988,4124,1
150,00169E,4124,0000C98A,00000265,00,13,05,B0,24,0124,03E1,24,4,02,C98A,4124,1
150,00169E,0124,0000C98C,00000266,00,13,06,B0,24,0124,03E1,24,6,00,C98C,0124,1
150,00169E,0124,0000C98E,00000267,00,13,07,B0,24,0124,03E1,24,6,00,C98E,0124,1
150,00169E,4124,0000C990,00000268,00,13,08,B0,24,0124,03E2,24,4,02,C990,4124,1
150,00169E,4124,0000C992,00000269,00,13,09,B0,24,0124,03E2,24,4,02,C992,4124,1
150,00169E,0124,0000C994,0000026A,00,13,0A,B0,24,0124,03E2,24,6,00,C994,0124,1
150,00169E,0124,0000C996,0000026B,00,13,0B,B0,24,0124,03E2,24,6,00,C996,0124,1
150,00169E,4124,0000C998,0000026C,00,13,0C,B0,24,0124,03E3,24,4,02,C998,4124,1
150,00169E,4124,0000C99A,0000026D,00,13,0D,B0,24,0124,03E3,24,4,02,C99A,4124,1
150,00169E,0124,0000C99C,0000026E,00,13,0E,B0,24,0124,03E3,24,6,00,C99C,0124,1
150,00169E,0124,0000C99E,0000026F,00,13,0F,B0,24,0124,03E3,24,6,00,C99E,0124,1
150,00169E,4124,0000C9A0,00000270,00,13,10,B0,24,0124,03E4,24,4,02,C9A0,4124,1
150,00169E,4124,0000C9A2,00000271,00,13,11,B0,24,0124,03E4,24,4,02,C9A2,4124,1
150,00169E,0124,0000C9A4,00000272,00,13,12,B0,24,0124,03E4,24,6,00,C9A4,0124,1
150,00169E,0124,0000C9A6,00000273,00,13,13,B0,24,0124,03E4,24,6,00,C9A6,0124,1
150,00169E,4124,0000C9A8,00000274,00,13,14,B0,24,0124,03E5,24,4,02,C9A8,4124,1
150,00169E,4124,0000C9AA,00000275,00,13,15,B0,24,0124,03E5,24,4,02,C9AA,4124,1
150,00169E,0124,0000C9AC,00000276,00,13,16,B0,24,0124,03E5,24,6,00,C9AC,0124,1
150,00169E,0124,0000C9AE,00000277,00,13,17,B0,24,0124,03E5,24,6,00,C9AE,0124,1
150,00169E,4124,0000C9B0,00000278,00,13,18,B0,24,0124,03E6,24,4,02,C9B0,4124,1
150,00169E,4124,0000C9B2,00000279,00,13,19,B0,24,0124,03E6,24,4,02,C9B2,4124,1
150,00169E,0124,0000C9B4,0000027A,00,13,1A,B0,24,0124,03E6,24,6,00,C9B4,0124,1
150,00169E,0124,0000C9B6,0000027B,00,13,1B,B0,24,0124,03E6,24,6,00,C9B6,0124,1
150,00169E,4124,0000C9B8,0000027C,00,13,1C,B0,24,0124,03E7,24,4,02,C9B8,4124,1
150,00169E,4124,0000C9BA,0000027D,00,13,1D,B0,24,0124,03E7,24,4,02,C9BA,4124,1
150,00169E,0124,0000C9BC,0000027E,00,13,1E,B0,24,0124,03E7,24,6,00,C9BC,0124,1
150,00169E,0124,0000C9BE,0000027F,00,13,1F,B0,24,0124,03E7,24,6,00,C9BE,0124,1
150,00169E,0124,0000CA00,00000280,00,14,00,B0,24,0124,03E8,24,0,00,CA00,0124,1
150,00169E,0124,0000CA02,00000281,00,14,01,B0,24,0124,03E8,24,0,00,CA02,0124,1
150,00169E,2124,0000CA04,00000282,00,14,02,B0,24,0124,03E8,24,2,01,CA04,2124,1
150,00169E,2124,0000CA06,00000283,00,14,03,B0,24,0124,03E8,24,2,01,CA06,2124,1
150,00169E,0124,0000CA08,00000284,00,14,04,B0,24,0124,03E9,24,0,00,CA08,0124,1
151,00169E,0124,0000CA0A,00000285,00,14,05,B0,24,0124,03E9,24,0,00,CA0A,0124,1
151,00169E,2124,0000CA0C,00000286,00,14,06,B0,24,0124,03E9,24,2,01,CA0C,2124,1
151,00169E,2124,0000CA0E,00000287,00,14,07,B0,24,0124,03E9,24,2,01,CA0E,2124,1
151,00169E,0124,0000CA10,00000288,00,14,08,B0,24,0124,03EA,24,0,00,CA10,0124,1
151,00169E,0124,0000CA12,00000289,00,14,09,B0,24,0124,03EA,24,0,00,CA12,0124,1
151,00169E,2124,0000CA14,0000028A,00,14,0A,B0,24,0124,03EA,24,2,01,CA14,2124,1
151,00169E,2124,0000CA16,0000028B,00,14,0B,B0,24,0124,03EA,24,2,01,CA16,2124,1
151,00169E,0124,0000CA18,0000028C,00,14,0C,B0,24,0124,03EB,24,0,00,CA18,0124,1
151,00169E,0124,0000CA1A,0000028D,00,14,0D,B0,24,0124,03EB,24,0,00,CA1A,0124,1
151,00169E,2124,0000CA1C,0000028E,00,14,0E,B0,24,0124,03EB,24,2,01,CA1C,2124,1
151,00169E,2124,0000CA1E,0000028F,00,14,0F,B0,24,0124,03EB,24,2,01,CA1E,2124,1
151,00169E,0124,0000CA20,00000290,00,14,10,B0,24,0124,03EC,24,0,00,CA20,0124,1
151,00169E,0124,0000CA22,00000291,00,14,11,B0,24,0124,03EC,24,0,00,CA22,0124,1
151,00169E,2124,0000CA24,00000292,00,14,12,B0,24,0124,03EC,24,2,01,CA24,2124,1
151,00169E,2124,0000CA26,00000293,00,14,13,B0,24,0124,03EC,24,2,01,CA26,2124,1
151,00169E,0124,0000CA28,00000294,00,14,14,B0,24,0124,03ED,24,0,00,CA28,0124,1
151,00169E,0124,0000CA2A,00000295,00,14,15,B0,24,0124,03ED,24,0,00,CA2A,0124,1
151,00169E,2124,0000CA2C,00000296,00,14,16,B0,24,0124,03ED,24,2,01,CA2C,2124,1
151,00169E,2124,0000CA2E,00000297,00,14,17,B0,24,0124,03ED,24,2,01,CA2E,2124,1
151,00169E,0124,0000CA30,00000298,00,14,18,B0,24,0124,03EE,24,0,00,CA30,0124,1
151,00169E,0124,0000CA32,00000299,00,14,19,B0,24,0124,03EE,24,0,00,CA32,0124,1
151,00169E,2124,0000CA34,0000029A,00,14,1A,B0,24,0124,03EE,24,2,01,CA34,2124,1
151,00169E,2124,0000CA36,0000029B,00,14,1B,B0,24,0124,03EE,24,2,01,CA36,2124,1
151,00169E,0124,0000CA38,0000029C,00,14,1C,B0,24,0124,03EF,24,0,00,CA38,0124,1
151,00169E,0124,0000CA3A,0000029D,00,14,1D,B0,24,0124,03EF,24,0,00,CA3A,0124,1
151,00169E,2124,0000CA3C,0000029E,00,14,1E,B0,24,0124,03EF,24,2,01,CA3C,2124,1
151,00169E,2124,0000CA3E,0000029F,00,14,1F,B0,24,0124,03EF,24,2,01,CA3E,2124,1
151,00169E,0124,0000CA80,000002A0,00,15,00,B0,24,0124,03E8,24,0,00,CA80,0124,1
151,00169E,0124,0000CA82,000002A1,00,15,01,B0,24,0124,03E8,24,0,00,CA82,0124,1
151,00169E,2124,0000CA84,000002A2,00,15,02,B0,24,0124,03E8,24,2,01,CA84,2124,1
151,00169E,2124,0000CA86,000002A3,00,15,03,B0,24,0124,03E8,24,2,01,CA86,2124,1
151,00169E,0124,0000CA88,000002A4,00,15,04,B0,24,0124,03E9,24,0,00,CA88,0124,1
151,00169E,0124,0000CA8A,000002A5,00,15,05,B0,24,0124,03E9,24,0,00,CA8A,0124,1
151,00169E,2124,0000CA8C,000002A6,00,15,06,B0,24,0124,03E9,24,2,01,CA8C,2124,1
151,00169E,2124,0000CA8E,000002A7,00,15,07,B0,24,0124,03E9,24,2,01,CA8E,2124,1
151,00169E,0124,0000CA90,000002A8,00,15,08,B0,24,0124,03EA,24,0,00,CA90,0124,1
151,00169E,0124,0000CA92,000002A9,00,15,09,B0,24,0124,03EA,24,0,00,CA92,0124,1
151,00169E,2124,0000CA94,000002AA,00,15,0A,B0,24,0124,03EA,24,2,01,CA94,2124,1
151,00169E,2124,0000CA96,000002AB,00,15,0B,B0,24,0124,03EA,24,2,01,CA96,2124,1
151,00169E,0124,0000CA98,000002AC,00,15,0C,B0,24,0124,03EB,24,0,00,CA98,0124,1
151,00169E,0124,0000CA9A,000002AD,00,15,0D,B0,24,0124,03EB,24,0,00,CA9A,0124,1
151,00169E,2124,0000CA9C,000002AE,00,15,0E,B0,24,0124,03EB,24,2,01,CA9C,2124,1
151,00169E,2124,0000CA9E,000002AF,00,15,0F,B0,24,0124,03EB,24,2,01,CA9E,2124,1
151,00169E,0124,0000CAA0,000002B0,00,15,10,B0,24,0124,03EC,24,0,00,CAA0,0124,1
151,00169E,0124,0000CAA2,000002B1,00,15,11,B0,24,0124,03EC,24,0,00,CAA2,0124,1
151,00169E,2124,0000CAA4,000002B2,00,15,12,B0,24,0124,03EC,24,2,01,CAA4,2124,1
151,00169E,2124,0000CAA6,000002B3,00,15,13,B0,24,0124,03EC,24,2,01,CAA6,2124,1
151,00169E,0124,0000CAA8,000002B4,00,15,14,B0,24,0124,03ED,24,0,00,CAA8,0124,1
151,00169E,0124,0000CAAA,000002B5,00,15,15,B0,24,0124,03ED,24,0,00,CAAA,0124,1
151,00169E,2124,0000CAAC,000002B6,00,15,16,B0,24,0124,03ED,24,2,01,CAAC,2124,1
151,00169E,2124,0000CAAE,000002B7,00,15,17,B0,24,0124,03ED,24,2,01,CAAE,2124,1
151,00169E,0124,0000CAB0,000002B8,00,15,18,B0,24,0124,03EE,24,0,00,CAB0,0124,1
151,00169E,0124,0000CAB2,000002B9,00,15,19,B0,24,0124,03EE,24,0,00,CAB2,0124,1
151,00169E,2124,0000CAB4,000002BA,00,15,1A,B0,24,0124,03EE,24,2,01,CAB4,2124,1
151,00169E,2124,0000CAB6,000002BB,00,15,1B,B0,24,0124,03EE,24,2,01,CAB6,2124,1
151,00169E,0124,0000CAB8,000002BC,00,15,1C,B0,24,0124,03EF,24,0,00,CAB8,0124,1
151,00169E,0124,0000CABA,000002BD,00,15,1D,B0,24,0124,03EF,24,0,00,CABA,0124,1
151,00169E,2124,0000CABC,000002BE,00,15,1E,B0,24,0124,03EF,24,2,01,CABC,2124,1
151,00169E,2124,0000CABE,000002BF,00,15,1F,B0,24,0124,03EF,24,2,01,CABE,2124,1
151,00169E,4000,0000CB00,000002C0,00,16,00,B0,00,0100,03E8,24,4,02,CB00,4100,0
151,00169E,4000,0000CB02,000002C1,00,16,01,B0,00,0100,03E8,24,4,02,CB02,4100,0
151,00169E,0000,0000CB04,000002C2,00,16,02,B0,00,0100,03E8,24,6,00,CB04,0100,0
151,00169E,0000,0000CB06,000002C3,00,16,03,B0,00,0100,03E8,24,6,00,CB06,0100,0
151,00169E,4000,0000CB08,000002C4,00,16,04,B0,00,0100,03E9,24,4,02,CB08,4100,0
151,00169E,4000,0000CB0A,000002C5,00,16,05,B0,00,0100,03E9,24,4,02,CB0A,4100,0
151,00169E,0000,0000CB0C,000002C6,00,16,06,B0,00,0100,03E9,24,6,00,CB0C,0100,0
151,00169E,0000,0000CB0E,000002C7,00,16,07,B0,00,0100,03E9,24,6,00,CB0E,0100,0
151,00169E,4000,0000CB10,000002C8,00,16,08,B0,00,0100,03EA,24,4,02,CB10,4100,0
151,00169E,4000,0000CB12,000002C9,00,16,09,B0,00,0100,03EA,24,4,02,CB12,4100,0
151,00169E,0000,0000CB14,000002CA,00,16,0A,B0,00,0100,03EA,24,6,00,CB14,0100,0
151,00169E,0000,0000CB16,000002CB,00,16,0B,B0,00,0100,03EA,24,6,00,CB16,0100,0
151,00169E,4000,0000CB18,000002CC,00,16,0C,B0,00,0100,03EB,24,4,02,CB18,4100,0
151,00169E,4000,0000CB1A,000002CD,00,16,0D,B0,00,0100,03EB,24,4,02,CB1A,4100,0
151,00169E,0000,0000CB1C,000002CE,00,16,0E,B0,00,0100,03EB,24,6,00,CB1C,0100,0
151,00169E,0000,0000CB1E,000002CF,00,16,0F,B0,00,0100,03EB,24,6,00,CB1E,0100,0
151,00169E,4000,0000CB20,000002D0,00,16,10,B0,00,0100,03EC,24,4,02,CB20,4100,0
151,00169E,4000,0000CB22,000002D1,00,16,11,B0,00,0100,03EC,24,4,02,CB22,4100,0
151,00169E,0000,0000CB24,000002D2,00,16,12,B0,00,0100,03EC,24,6,00,CB24,0100,0
151,00169E,0000,0000CB26,000002D3,00,16,13,B0,00,0100,03EC,24,6,00,CB26,0100,0
151,00169E,4000,0000CB28,000002D4,00,16,14,B0,00,0100,03ED,24,4,02,CB28,4100,0
151,00169E,4000,0000CB2A,000002D5,00,16,15,B0,00,0100,03ED,24,4,02,CB2A,4100,0
151,00169E,0000,0000CB2C,000002D6,00,16,16,B0,00,0100,03ED,24,6,00,CB2C,0100,0
151,00169E,0000,0000CB2E,000002D7,00,16,17,B0,00,0100,03ED,24,6,00,CB2E,0100,0
151,00169E,4000,0000CB30,000002D8,00,16,18,B0,00,0100,03EE,24,4,02,CB30,4100,0
151,00169E,4000,0000CB32,000002D9,00,16,19,B0,00,0100,03EE,24,4,02,CB32,4100,0
151,00169E,0000,0000CB34,000002DA,00,16,1A,B0,00,0100,03EE,24,6,00,CB34,0100,0
151,00169E,0000,0000CB36,000002DB,00,16,1B,B0,00,0100,03EE,24,6,00,CB36,0100,0
151,00169E,4000,0000CB38,000002DC,00,16,1C,B0,00,0100,03EF,24,4,02,CB38,4100,0
151,00169E,4000,0000CB3A,000002DD,00,16,1D,B0,00,0100,03EF,24,4,02,CB3A,4100,0
151,00169E,0000,0000CB3C,000002DE,00,16,1E,B0,00,0100,03EF,24,6,00,CB3C,0100,0
151,00169E,0000,0000CB3E,000002DF,00,16,1F,B0,00,0100,03EF,24,6,00,CB3E,0100,0
151,00169E,4000,0000CB80,000002E0,00,17,00,B0,00,0100,03E8,24,4,02,CB80,4100,0
151,00169E,4000,0000CB82,000002E1,00,17,01,B0,00,0100,03E8,24,4,02,CB82,4100,0
151,00169E,0000,0000CB84,000002E2,00,17,02,B0,00,0100,03E8,24,6,00,CB84,0100,0
151,00169E,0000,0000CB86,000002E3,00,17,03,B0,00,0100,03E8,24,6,00,CB86,0100,0
151,00169E,4000,0000CB88,000002E4,00,17,04,B0,00,0100,03E9,24,4,02,CB88,4100,0
151,00169E,4000,0000CB8A,000002E5,00,17,05,B0,00,0100,03E9,24,4,02,CB8A,4100,0
151,00169E,0000,0000CB8C,000002E6,00,17,06,B0,00,0100,03E9,24,6,00,CB8C,0100,0
151,00169E,0000,0000CB8E,000002E7,00,17,07,B0,00,0100,03E9,24,6,00,CB8E,0100,0
151,00169E,4000,0000CB90,000002E8,00,17,08,B0,00,0100,03EA,24,4,02,CB90,4100,0
151,00169E,4000,0000CB92,000002E9,00,17,09,B0,00,0100,03EA,24,4,02,CB92,4100,0
151,00169E,0000,0000CB94,000002EA,00,17,0A,B0,00,0100,03EA,24,6,00,CB94,0100,0
151,00169E,0000,0000CB96,000002EB,00,17,0B,B0,00,0100,03EA,24,6,00,CB96,0100,0
151,00169E,4000,0000CB98,000002EC,00,17,0C,B0,00,0100,03EB,24,4,02,CB98,4100,0
151,00169E,4000,0000CB9A,000002ED,00,17,0D,B0,00,0100,03EB,24,4,02,CB9A,4100,0
151,00169E,0000,0000CB9C,000002EE,00,17,0E,B0,00,0100,03EB,24,6,00,CB9C,0100,0
151,00169E,0000,0000CB9E,000002EF,00,17,0F,B0,00,0100,03EB,24,6,00,CB9E,0100,0
151,00169E,4000,0000CBA0,000002F0,00,17,10,B0,00,0100,03EC,24,4,02,CBA0,4100,0
151,00169E,4000,0000CBA2,000002F1,00,17,11,B0,00,0100,03EC,24,4,02,CBA2,4100,0
151,00169E,0000,0000CBA4,000002F2,00,17,12,B0,00,0100,03EC,24,6,00,CBA4,0100,0
151,00169E,0000,0000CBA6,000002F3,00,17,13,B0,00,0100,03EC,24,6,00,CBA6,0100,0
151,00169E,4000,0000CBA8,000002F4,00,17,14,B0,00,0100,03ED,24,4,02,CBA8,4100,0
151,00169E,4000,0000CBAA,000002F5,00,17,15,B0,00,0100,03ED,24,4,02,CBAA,4100,0
151,00169E,0000,0000CBAC,000002F6,00,17,16,B0,00,0100,03ED,24,6,00,CBAC,0100,0
151,00169E,0000,0000CBAE,000002F7,00,17,17,B0,00,0100,03ED,24,6,00,CBAE,0100,0
151,00169E,4000,0000CBB0,000002F8,00,17,18,B0,00,0100,03EE,24,4,02,CBB0,4100,0
151,00169E,4000,0000CBB2,000002F9,00,17,19,B0,00,0100,03EE,24,4,02,CBB2,4100,0
151,00169E,0000,0000CBB4,000002FA,00,17,1A,B0,00,0100,03EE,24,6,00,CBB4,0100,0
151,00169E,0000,0000CBB6,000002FB,00,17,1B,B0,00,0100,03EE,24,6,00,CBB6,0100,0
151,00169E,4000,0000CBB8,000002FC,00,17,1C,B0,00,0100,03EF,24,4,02,CBB8,4100,0
151,00169E,4000,0000CBBA,000002FD,00,17,1D,B0,00,0100,03EF,24,4,02,CBBA,4100,0
151,00169E,0000,0000CBBC,000002FE,00,17,1E,B0,00,0100,03EF,24,6,00,CBBC,0100,0
151,00169E,0000,0000CBBE,000002FF,00,17,1F,B0,00,0100,03EF,24,6,00,CBBE,0100,0
151,00169E,0124,0000CC00,00000300,00,18,00,B0,24,0124,03F0,24,0,00,CC00,0124,1
151,00169E,0124,0000CC02,00000301,00,18,01,B0,24,0124,03F0,24,0,00,CC02,0124,1
151,00169E,2124,0000CC04,00000302,00,18,02,B0,24,0124,03F0,24,2,01,CC04,2124,1
151,00169E,2124,0000CC06,00000303,00,18,03,B0,24,0124,03F0,24,2,01,CC06,2124,1
151,00169E,0124,0000CC08,00000304,00,18,04,B0,24,0124,03F1,24,0,00,CC08,0124,1
151,00169E,0124,0000CC0A,00000305,00,18,05,B0,24,0124,03F1,24,0,00,CC0A,0124,1
151,00169E,2124,0000CC0C,00000306,00,18,06,B0,24,0124,03F1,24,2,01,CC0C,2124,1
151,00169E,2124,0000CC0E,00000307,00,18,07,B0,24,0124,03F1,24,2,01,CC0E,2124,1
151,00169E,0124,0000CC10,00000308,00,18,08,B0,24,0124,03F2,24,0,00,CC10,0124,1
151,00169E,0124,0000CC12,00000309,00,18,09,B0,24,0124,03F2,24,0,00,CC12,0124,1
151,00169E,2124,0000CC14,0000030A,00,18,0A,B0,24,0124,03F2,24,2,01,CC14,2124,1
151,00169E,2124,0000CC16,0000030B,00,18,0B,B0,24,0124,03F2,24,2,01,CC16,2124,1
151,00169E,0124,0000CC18,0000030C,00,18,0C,B0,24,0124,03F3,24,0,00,CC18,0124,1
151,00169E,0124,0000CC1A,0000030D,00,18,0D,B0,24,0124,03F3,24,0,00,CC1A,0124,1
151,00169E,2124,0000CC1C,0000030E,00,18,0E,B0,24,0124,03F3,24,2,01,CC1C,2124,1
151,00169E,2124,0000CC1E,0000030F,00,18,0F,B0,24,0124,03F3,24,2,01,CC1E,2124,1
151,00169E,0124,0000CC20,00000310,00,18,10,B0,24,0124,03F4,24,0,00,CC20,0124,1
151,00169E,0124,0000CC22,00000311,00,18,11,B0,24,0124,03F4,24,0,00,CC22,0124,1
151,00169E,2124,0000CC24,00000312,00,18,12,B0,24,0124,03F4,24,2,01,CC24,2124,1
151,00169E,2124,0000CC26,00000313,00,18,13,B0,24,0124,03F4,24,2,01,CC26,2124,1
151,00169E,0124,0000CC28,00000314,00,18,14,B0,24,0124,03F5,24,0,00,CC28,0124,1
151,00169E,0124,0000CC2A,00000315,00,18,15,B0,24,0124,03F5,24,0,00,CC2A,0124,1
151,00169E,2124,0000CC2C,00000316,00,18,16,B0,24,0124,03F5,24,2,01,CC2C,2124,1
151,00169E,2124,0000CC2E,00000317,00,18,17,B0,24,0124,03F5,24,2,01,CC2E,2124,1
151,00169E,0124,0000CC30,00000318,00,18,18,B0,24,0124,03F6,24,0,00,CC30,0124,1
151,00169E,0124,0000CC32,00000319,00,18,19,B0,24,0124,03F6,24,0,00,CC32,0124,1
151,00169E,2124,0000CC34,0000031A,00,18,1A,B0,24,0124,03F6,24,2,01,CC34,2124,1
151,00169E,2124,0000CC36,0000031B,00,18,1B,B0,24,0124,03F6,24,2,01,CC36,2124,1
151,00169E,0124,0000CC38,0000031C,00,18,1C,B0,24,0124,03F7,24,0,00,CC38,0124,1
151,00169E,0124,0000CC3A,0000031D,00,18,1D,B0,24,0124,03F7,24,0,00,CC3A,0124,1
151,00169E,2124,0000CC3C,0000031E,00,18,1E,B0,24,0124,03F7,24,2,01,CC3C,2124,1
151,00169E,2124,0000CC3E,0000031F,00,18,1F,B0,24,0124,03F7,24,2,01,CC3E,2124,1
151,00169E,0124,0000CC80,00000320,00,19,00,B0,24,0124,03F0,24,0,00,CC80,0124,1
151,00169E,0124,0000CC82,00000321,00,19,01,B0,24,0124,03F0,24,0,00,CC82,0124,1
151,00169E,2124,0000CC84,00000322,00,19,02,B0,24,0124,03F0,24,2,01,CC84,2124,1
151,00169E,2124,0000CC86,00000323,00,19,03,B0,24,0124,03F0,24,2,01,CC86,2124,1
151,00169E,0124,0000CC88,00000324,00,19,04,B0,24,0124,03F1,24,0,00,CC88,0124,1
151,00169E,0124,0000CC8A,00000325,00,19,05,B0,24,0124,03F1,24,0,00,CC8A,0124,1
151,00169E,2124,0000CC8C,00000326,00,19,06,B0,24,0124,03F1,24,2,01,CC8C,2124,1
151,00169E,2124,0000CC8E,00000327,00,19,07,B0,24,0124,03F1,24,2,01,CC8E,2124,1
151,00169E,0124,0000CC90,00000328,00,19,08,B0,24,0124,03F2,24,0,00,CC90,0124,1
151,00169E,0124,0000CC92,00000329,00,19,09,B0,24,0124,03F2,24,0,00,CC92,0124,1
151,00169E,2124,0000CC94,0000032A,00,19,0A,B0,24,0124,03F2,24,2,01,CC94,2124,1
151,00169E,2124,0000CC96,0000032B,00,19,0B,B0,24,0124,03F2,24,2,01,CC96,2124,1
151,00169E,0124,0000CC98,0000032C,00,19,0C,B0,24,0124,03F3,24,0,00,CC98,0124,1
151,00169E,0124,0000CC9A,0000032D,00,19,0D,B0,24,0124,03F3,24,0,00,CC9A,0124,1
151,00169E,2124,0000CC9C,0000032E,00,19,0E,B0,24,0124,03F3,24,2,01,CC9C,2124,1
151,00169E,2124,0000CC9E,0000032F,00,19,0F,B0,24,0124,03F3,24,2,01,CC9E,2124,1
151,00169E,0124,0000CCA0,00000330,00,19,10,B0,24,0124,03F4,24,0,00,CCA0,0124,1
151,00169E,0124,0000CCA2,00000331,00,19,11,B0,24,0124,03F4,24,0,00,CCA2,0124,1
151,00169E,2124,0000CCA4,00000332,00,19,12,B0,24,0124,03F4,24,2,01,CCA4,2124,1
151,00169E,2124,0000CCA6,00000333,00,19,13,B0,24,0124,03F4,24,2,01,CCA6,2124,1
151,00169E,0124,0000CCA8,00000334,00,19,14,B0,24,0124,03F5,24,0,00,CCA8,0124,1
151,00169E,0124,0000CCAA,00000335,00,19,15,B0,24,0124,03F5,24,0,00,CCAA,0124,1
151,00169E,2124,0000CCAC,00000336,00,19,16,B0,24,0124,03F5,24,2,01,CCAC,2124,1
151,00169E,2124,0000CCAE,00000337,00,19,17,B0,24,0124,03F5,24,2,01,CCAE,2124,1
151,00169E,0124,0000CCB0,00000338,00,19,18,B0,24,0124,03F6,24,0,00,CCB0,0124,1
151,00169E,0124,0000CCB2,00000339,00,19,19,B0,24,0124,03F6,24,0,00,CCB2,0124,1
151,00169E,2124,0000CCB4,0000033A,00,19,1A,B0,24,0124,03F6,24,2,01,CCB4,2124,1
151,00169E,2124,0000CCB6,0000033B,00,19,1B,B0,24,0124,03F6,24,2,01,CCB6,2124,1
151,00169E,0124,0000CCB8,0000033C,00,19,1C,B0,24,0124,03F7,24,0,00,CCB8,0124,1
151,00169E,0124,0000CCBA,0000033D,00,19,1D,B0,24,0124,03F7,24,0,00,CCBA,0124,1
151,00169E,2124,0000CCBC,0000033E,00,19,1E,B0,24,0124,03F7,24,2,01,CCBC,2124,1
151,00169E,2124,0000CCBE,0000033F,00,19,1F,B0,24,0124,03F7,24,2,01,CCBE,2124,1
151,00169E,4124,0000CD00,00000340,00,1A,00,B0,24,0124,03F0,24,4,02,CD00,4124,1
151,00169E,4124,0000CD02,00000341,00,1A,01,B0,24,0124,03F0,24,4,02,CD02,4124,1
152,00169E,0124,0000CD04,00000342,00,1A,02,B0,24,0124,03F0,24,6,00,CD04,0124,1
152,00169E,0124,0000CD06,00000343,00,1A,03,B0,24,0124,03F0,24,6,00,CD06,0124,1
152,00169E,4124,0000CD08,00000344,00,1A,04,B0,24,0124,03F1,24,4,02,CD08,4124,1
152,00169E,4124,0000CD0A,00000345,00,1A,05,B0,24,0124,03F1,24,4,02,CD0A,4124,1
152,00169E,0124,0000CD0C,00000346,00,1A,06,B0,24,0124,03F1,24,6,00,CD0C,0124,1
152,00169E,0124,0000CD0E,00000347,00,1A,07,B0,24,0124,03F1,24,6,00,CD0E,0124,1
152,00169E,4124,0000CD10,00000348,00,1A,08,B0,24,0124,03F2,24,4,02,CD10,4124,1
152,00169E,4124,0000CD12,00000349,00,1A,09,B0,24,0124,03F2,24,4,02,CD12,4124,1
152,00169E,0124,0000CD14,0000034A,00,1A,0A,B0,24,0124,03F2,24,6,00,CD14,0124,1
152,00169E,0124,0000CD16,0000034B,00,1A,0B,B0,24,0124,03F2,24,6,00,CD16,0124,1
152,00169E,4124,0000CD18,0000034C,00,1A,0C,B0,24,0124,03F3,24,4,02,CD18,4124,1
152,00169E,4124,0000CD1A,0000034D,00,1A,0D,B0,24,0124,03F3,24,4,02,CD1A,4124,1
152,00169E,0124,0000CD1C,0000034E,00,1A,0E,B0,24,0124,03F3,24,6,00,CD1C,0124,1
152,00169E,0124,0000CD1E,0000034F,00,1A,0F,B0,24,0124,03F3,24,6,00,CD1E,0124,1
152,00169E,4124,0000CD20,00000350,00,1A,10,B0,24,0124,03F4,24,4,02,CD20,4124,1
152,00169E,4124,0000CD22,00000351,00,1A,11,B0,24,0124,03F4,24,4,02,CD22,4124,1
152,00169E,0124,0000CD24,00000352,00,1A,12,B0,24,0124,03F4,24,6,00,CD24,0124,1
152,00169E,0124,0000CD26,00000353,00,1A,13,B0,24,0124,03F4,24,6,00,CD26,0124,1
152,00169E,4124,0000CD28,00000354,00,1A,14,B0,24,0124,03F5,24,4,02,CD28,4124,1
152,00169E,4124,0000CD2A,00000355,00,1A,15,B0,24,0124,03F5,24,4,02,CD2A,4124,1
152,00169E,0124,0000CD2C,00000356,00,1A,16,B0,24,0124,03F5,24,6,00,CD2C,0124,1
152,00169E,0124,0000CD2E,00000357,00,1A,17,B0,24,0124,03F5,24,6,00,CD2E,0124,1
152,00169E,4124,0000CD30,00000358,00,1A,18,B0,24,0124,03F6,24,4,02,CD30,4124,1
152,00169E,4124,0000CD32,00000359,00,1A,19,B0,24,0124,03F6,24,4,02,CD32,4124,1
152,00169E,0124,0000CD34,0000035A,00,1A,1A,B0,24,0124,03F6,24,6,00,CD34,0124,1
152,00169E,0124,0000CD36,0000035B,00,1A,1B,B0,24,0124,03F6,24,6,00,CD36,0124,1
152,00169E,4124,0000CD38,0000035C,00,1A,1C,B0,24,0124,03F7,24,4,02,CD38,4124,1
152,00169E,4124,0000CD3A,0000035D,00,1A,1D,B0,24,0124,03F7,24,4,02,CD3A,4124,1
152,00169E,0124,0000CD3C,0000035E,00,1A,1E,B0,24,0124,03F7,24,6,00,CD3C,0124,1
152,00169E,0124,0000CD3E,0000035F,00,1A,1F,B0,24,0124,03F7,24,6,00,CD3E,0124,1
152,00169E,4124,0000CD80,00000360,00,1B,00,B0,24,0124,03F0,24,4,02,CD80,4124,1
152,00169E,4124,0000CD82,00000361,00,1B,01,B0,24,0124,03F0,24,4,02,CD82,4124,1
152,00169E,0124,0000CD84,00000362,00,1B,02,B0,24,0124,03F0,24,6,00,CD84,0124,1
152,00169E,0124,0000CD86,00000363,00,1B,03,B0,24,0124,03F0,24,6,00,CD86,0124,1
152,00169E,4124,0000CD88,00000364,00,1B,04,B0,24,0124,03F1,24,4,02,CD88,4124,1
152,00169E,4124,0000CD8A,00000365,00,1B,05,B0,24,0124,03F1,24,4,02,CD8A,4124,1
152,00169E,0124,0000CD8C,00000366,00,1B,06,B0,24,0124,03F1,24,6,00,CD8C,0124,1
152,00169E,0124,0000CD8E,00000367,00,1B,07,B0,24,0124,03F1,24,6,00,CD8E,0124,1
152,00169E,4124,0000CD90,00000368,00,1B,08,B0,24,0124,03F2,24,4,02,CD90,4124,1
152,00169E,4124,0000CD92,00000369,00,1B,09,B0,24,0124,03F2,24,4,02,CD92,4124,1
152,00169E,0124,0000CD94,0000036A,00,1B,0A,B0,24,0124,03F2,24,6,00,CD94,0124,1
152,00169E,0124,0000CD96,0000036B,00,1B,0B,B0,24,0124,03F2,24,6,00,CD96,0124,1
152,00169E,4124,0000CD98,0000036C,00,1B,0C,B0,24,0124,03F3,24,4,02,CD98,4124,1
152,00169E,4124,0000CD9A,0000036D,00,1B,0D,B0,24,0124,03F3,24,4,02,CD9A,4124,1
152,00169E,0124,0000CD9C,0000036E,00,1B,0E,B0,24,0124,03F3,24,6,00,CD9C,0124,1
152,00169E,0124,0000CD9E,0000036F,00,1B,0F,B0,24,0124,03F3,24,6,00,CD9E,0124,1
152,00169E,4124,0000CDA0,00000370,00,1B,10,B0,24,0124,03F4,24,4,02,CDA0,4124,1
152,00169E,4124,0000CDA2,00000371,00,1B,11,B0,24,0124,03F4,24,4,02,CDA2,4124,1
152,00169E,0124,0000CDA4,00000372,00,1B,12,B0,24,0124,03F4,24,6,00,CDA4,0124,1
152,00169E,0124,0000CDA6,00000373,00,1B,13,B0,24,0124,03F4,24,6,00,CDA6,0124,1
152,00169E,4124,0000CDA8,00000374,00,1B,14,B0,24,0124,03F5,24,4,02,CDA8,4124,1
152,00169E,4124,0000CDAA,00000375,00,1B,15,B0,24,0124,03F5,24,4,02,CDAA,4124,1
152,00169E,0124,0000CDAC,00000376,00,1B,16,B0,24,0124,03F5,24,6,00,CDAC,0124,1
152,00169E,0124,0000CDAE,00000377,00,1B,17,B0,24,0124,03F5,24,6,00,CDAE,0124,1
152,00169E,4124,0000CDB0,00000378,00,1B,18,B0,24,0124,03F6,24,4,02,CDB0,4124,1
152,00169E,4124,0000CDB2,00000379,00,1B,19,B0,24,0124,03F6,24,4,02,CDB2,4124,1
152,00169E,0124,0000CDB4,0000037A,00,1B,1A,B0,24,0124,03F6,24,6,00,CDB4,0124,1
152,00169E,0124,0000CDB6,0000037B,00,1B,1B,B0,24,0124,03F6,24,6,00,CDB6,0124,1
152,00169E,4124,0000CDB8,0000037C,00,1B,1C,B0,24,0124,03F7,24,4,02,CDB8,4124,1
152,00169E,4124,0000CDBA,0000037D,00,1B,1D,B0,24,0124,03F7,24,4,02,CDBA,4124,1
152,00169E,0124,0000CDBC,0000037E,00,1B,1E,B0,24,0124,03F7,24,6,00,CDBC,0124,1
152,00169E,0124,0000CDBE,0000037F,00,1B,1F,B0,24,0124,03F7,24,6,00,CDBE,0124,1
152,00169E,0124,0000CE00,00000380,00,1C,00,B0,24,0124,03F8,24,0,00,CE00,0124,1
152,00169E,0124,0000CE02,00000381,00,1C,01,B0,24,0124,03F8,24,0,00,CE02,0124,1
152,00169E,2124,0000CE04,00000382,00,1C,02,B0,24,0124,03F8,24,2,01,CE04,2124,1
152,00169E,2124,0000CE06,00000383,00,1C,03,B0,24,0124,03F8,24,2,01,CE06,2124,1
152,00169E,0124,0000CE08,00000384,00,1C,04,B0,24,0124,03F9,24,0,00,CE08,0124,1
152,00169E,0124,0000CE0A,00000385,00,1C,05,B0,24,0124,03F9,24,0,00,CE0A,0124,1
152,00169E,2124,0000CE0C,00000386,00,1C,06,B0,24,0124,03F9,24,2,01,CE0C,2124,1
152,00169E,2124,0000CE0E,00000387,00,1C,07,B0,24,0124,03F9,24,2,01,CE0E,2124,1
152,00169E,0124,0000CE10,00000388,00,1C,08,B0,24,0124,03FA,24,0,00,CE10,0124,1
152,00169E,0124,0000CE12,00000389,00,1C,09,B0,24,0124,03FA,24,0,00,CE12,0124,1
152,00169E,2124,0000CE14,0000038A,00,1C,0A,B0,24,0124,03FA,24,2,01,CE14,2124,1
152,00169E,2124,0000CE16,0000038B,00,1C,0B,B0,24,0124,03FA,24,2,01,CE16,2124,1
152,00169E,0124,0000CE18,0000038C,00,1C,0C,B0,24,0124,03FB,24,0,00,CE18,0124,1
152,00169E,0124,0000CE1A,0000038D,00,1C,0D,B0,24,0124,03FB,24,0,00,CE1A,0124,1
152,00169E,2124,0000CE1C,0000038E,00,1C,0E,B0,24,0124,03FB,24,2,01,CE1C,2124,1
152,00169E,2124,0000CE1E,0000038F,00,1C,0F,B0,24,0124,03FB,24,2,01,CE1E,2124,1
152,00169E,0124,0000CE20,00000390,00,1C,10,B0,24,0124,03FC,24,0,00,CE20,0124,1
152,00169E,0124,0000CE22,00000391,00,1C,11,B0,24,0124,03FC,24,0,00,CE22,0124,1
152,00169E,2124,0000CE24,00000392,00,1C,12,B0,24,0124,03FC,24,2,01,CE24,2124,1
152,00169E,2124,0000CE26,00000393,00,1C,13,B0,24,0124,03FC,24,2,01,CE26,2124,1
152,00169E,0124,0000CE28,00000394,00,1C,14,B0,24,0124,03FD,24,0,00,CE28,0124,1
152,00169E,0124,0000CE2A,00000395,00,1C,15,B0,24,0124,03FD,24,0,00,CE2A,0124,1
152,00169E,2124,0000CE2C,00000396,00,1C,16,B0,24,0124,03FD,24,2,01,CE2C,2124,1
152,00169E,2124,0000CE2E,00000397,00,1C,17,B0,24,0124,03FD,24,2,01,CE2E,2124,1
152,00169E,0124,0000CE30,00000398,00,1C,18,B0,24,0124,03FE,24,0,00,CE30,0124,1
152,00169E,0124,0000CE32,00000399,00,1C,19,B0,24,0124,03FE,24,0,00,CE32,0124,1
152,00169E,2124,0000CE34,0000039A,00,1C,1A,B0,24,0124,03FE,24,2,01,CE34,2124,1
152,00169E,2124,0000CE36,0000039B,00,1C,1B,B0,24,0124,03FE,24,2,01,CE36,2124,1
152,00169E,0124,0000CE38,0000039C,00,1C,1C,B0,24,0124,03FF,24,0,00,CE38,0124,1
152,00169E,0124,0000CE3A,0000039D,00,1C,1D,B0,24,0124,03FF,24,0,00,CE3A,0124,1
152,00169E,2124,0000CE3C,0000039E,00,1C,1E,B0,24,0124,03FF,24,2,01,CE3C,2124,1
152,00169E,2124,0000CE3E,0000039F,00,1C,1F,B0,24,0124,03FF,24,2,01,CE3E,2124,1
152,00169E,0124,0000CE80,000003A0,00,1D,00,B0,24,0124,03F8,24,0,00,CE80,0124,1
152,00169E,0124,0000CE82,000003A1,00,1D,01,B0,24,0124,03F8,24,0,00,CE82,0124,1
152,00169E,2124,0000CE84,000003A2,00,1D,02,B0,24,0124,03F8,24,2,01,CE84,2124,1
152,00169E,2124,0000CE86,000003A3,00,1D,03,B0,24,0124,03F8,24,2,01,CE86,2124,1
152,00169E,0124,0000CE88,000003A4,00,1D,04,B0,24,0124,03F9,24,0,00,CE88,0124,1
152,00169E,0124,0000CE8A,000003A5,00,1D,05,B0,24,0124,03F9,24,0,00,CE8A,0124,1
152,00169E,2124,0000CE8C,000003A6,00,1D,06,B0,24,0124,03F9,24,2,01,CE8C,2124,1
152,00169E,2124,0000CE8E,000003A7,00,1D,07,B0,24,0124,03F9,24,2,01,CE8E,2124,1
152,00169E,0124,0000CE90,000003A8,00,1D,08,B0,24,0124,03FA,24,0,00,CE90,0124,1
152,00169E,0124,0000CE92,000003A9,00,1D,09,B0,24,0124,03FA,24,0,00,CE92,0124,1
152,00169E,2124,0000CE94,000003AA,00,1D,0A,B0,24,0124,03FA,24,2,01,CE94,2124,1
152,00169E,2124,0000CE96,000003AB,00,1D,0B,B0,24,0124,03FA,24,2,01,CE96,2124,1
152,00169E,0124,0000CE98,000003AC,00,1D,0C,B0,24,0124,03FB,24,0,00,CE98,0124,1
152,00169E,0124,0000CE9A,000003AD,00,1D,0D,B0,24,0124,03FB,24,0,00,CE9A,0124,1
152,00169E,2124,0000CE9C,000003AE,00,1D,0E,B0,24,0124,03FB,24,2,01,CE9C,2124,1
152,00169E,2124,0000CE9E,000003AF,00,1D,0F,B0,24,0124,03FB,24,2,01,CE9E,2124,1
152,00169E,0124,0000CEA0,000003B0,00,1D,10,B0,24,0124,03FC,24,0,00,CEA0,0124,1
152,00169E,0124,0000CEA2,000003B1,00,1D,11,B0,24,0124,03FC,24,0,00,CEA2,0124,1
152,00169E,2124,0000CEA4,000003B2,00,1D,12,B0,24,0124,03FC,24,2,01,CEA4,2124,1
152,00169E,2124,0000CEA6,000003B3,00,1D,13,B0,24,0124,03FC,24,2,01,CEA6,2124,1
152,00169E,0124,0000CEA8,000003B4,00,1D,14,B0,24,0124,03FD,24,0,00,CEA8,0124,1
152,00169E,0124,0000CEAA,000003B5,00,1D,15,B0,24,0124,03FD,24,0,00,CEAA,0124,1
152,00169E,2124,0000CEAC,000003B6,00,1D,16,B0,24,0124,03FD,24,2,01,CEAC,2124,1
152,00169E,2124,0000CEAE,000003B7,00,1D,17,B0,24,0124,03FD,24,2,01,CEAE,2124,1
152,00169E,0124,0000CEB0,000003B8,00,1D,18,B0,24,0124,03FE,24,0,00,CEB0,0124,1
152,00169E,0124,0000CEB2,000003B9,00,1D,19,B0,24,0124,03FE,24,0,00,CEB2,0124,1
152,00169E,2124,0000CEB4,000003BA,00,1D,1A,B0,24,0124,03FE,24,2,01,CEB4,2124,1
152,00169E,2124,0000CEB6,000003BB,00,1D,1B,B0,24,0124,03FE,24,2,01,CEB6,2124,1
152,00169E,0124,0000CEB8,000003BC,00,1D,1C,B0,24,0124,03FF,24,0,00,CEB8,0124,1
152,00169E,0124,0000CEBA,000003BD,00,1D,1D,B0,24,0124,03FF,24,0,00,CEBA,0124,1
152,00169E,2124,0000CEBC,000003BE,00,1D,1E,B0,24,0124,03FF,24,2,01,CEBC,2124,1
152,00169E,2124,0000CEBE,000003BF,00,1D,1F,B0,24,0124,03FF,24,2,01,CEBE,2124,1
152,00114C,0400,0000C040,000003C0,00,1E,00,B0,24,0124,03F8,24,4,02,CF00,4124,0
152,001154,0400,0000C040,000003C0,00,1E,00,B0,24,0124,03F8,24,4,02,CF00,4124,0
152,00115C,0400,0000C040,000003C0,00,1E,00,B0,24,0124,03F8,24,4,02,CF00,4124,0
152,001164,0400,0000C040,000003C0,00,1E,00,B0,24,0124,03F8,24,4,02,CF00,4124,0
152,00116C,0400,0000C040,000003C0,00,1E,00,B0,24,0124,03F8,24,4,02,CF00,4124,0
152,001174,0400,0000C040,000003C0,00,1E,00,B0,24,0124,03F8,24,4,02,CF00,4124,0
152,00117C,0400,0000C040,000003C0,00,1E,00,B0,24,0124,03F8,24,4,02,CF00,4124,0
152,001184,0400,0000C040,000003C0,00,1E,00,B0,24,0124,03F8,24,4,02,CF00,4124,0
152,00114C,0400,0000C240,000003C0,00,1E,00,B0,24,0124,03F8,24,4,02,CF00,4124,0
152,001154,0400,0000C240,000003C0,00,1E,00,B0,24,0124,03F8,24,4,02,CF00,4124,0
152,00115C,0400,0000C240,000003C0,00,1E,00,B0,24,0124,03F8,24,4,02,CF00,4124,0
152,001164,0400,0000C240,000003C0,00,1E,00,B0,24,0124,03F8,24,4,02,CF00,4124,0
152,00116C,0400,0000C240,000003C0,00,1E,00,B0,24,0124,03F8,24,4,02,CF00,4124,0
152,001174,0400,0000C240,000003C0,00,1E,00,B0,24,0124,03F8,24,4,02,CF00,4124,0
152,00117C,0400,0000C240,000003C0,00,1E,00,B0,24,0124,03F8,24,4,02,CF00,4124,0
152,001184,0400,0000C240,000003C0,00,1E,00,B0,24,0124,03F8,24,4,02,CF00,4124,0
152,00114C,0400,0000C240,000003C0,00,1E,00,B0,24,0124,03F8,24,4,02,CF00,4124,0
152,001154,0400,0000C240,000003C0,00,1E,00,B0,24,0124,03F8,24,4,02,CF00,4124,0
152,00115C,0400,0000C240,000003C0,00,1E,00,B0,24,0124,03F8,24,4,02,CF00,4124,0
152,001164,0400,0000C240,000003C0,00,1E,00,B0,24,0124,03F8,24,4,02,CF00,4124,0
152,00116C,0400,0000C240,000003C0,00,1E,00,B0,24,0124,03F8,24,4,02,CF00,4124,0
152,001174,0400,0000C240,000003C0,00,1E,00,B0,24,0124,03F8,24,4,02,CF00,4124,0
152,00117C,0400,0000C240,000003C0,00,1E,00,B0,24,0124,03F8,24,4,02,CF00,4124,0
152,001184,0400,0000C240,000003C0,00,1E,00,B0,24,0124,03F8,24,4,02,CF00,4124,0
152,00114C,0400,0000C240,000003C0,00,1E,00,B0,24,0124,03F8,24,4,02,CF00,4124,0
152,001154,0400,0000C240,000003C0,00,1E,00,B0,24,0124,03F8,24,4,02,CF00,4124,0
152,00115C,0400,0000C240,000003C0,00,1E,00,B0,24,0124,03F8,24,4,02,CF00,4124,0
152,001164,0400,0000C240,000003C0,00,1E,00,B0,24,0124,03F8,24,4,02,CF00,4124,0
152,00116C,0400,0000C240,000003C0,00,1E,00,B0,24,0124,03F8,24,4,02,CF00,4124,0
152,001174,0400,0000C240,000003C0,00,1E,00,B0,24,0124,03F8,24,4,02,CF00,4124,0
152,00117C,0400,0000C240,000003C0,00,1E,00,B0,24,0124,03F8,24,4,02,CF00,4124,0
152,001184,0400,0000C240,000003C0,00,1E,00,B0,24,0124,03F8,24,4,02,CF00,4124,0
152,00114C,0400,0000C240,000003C0,00,1E,00,B0,24,0124,03F8,24,4,02,CF00,4124,0
152,001154,0400,0000C240,000003C0,00,1E,00,B0,24,0124,03F8,24,4,02,CF00,4124,0
152,00115C,0400,0000C240,000003C0,00,1E,00,B0,24,0124,03F8,24,4,02,CF00,4124,0
152,001164,0400,0000C240,000003C0,00,1E,00,B0,24,0124,03F8,24,4,02,CF00,4124,0
152,00116C,0400,0000C240,000003C0,00,1E,00,B0,24,0124,03F8,24,4,02,CF00,4124,0
152,001174,0400,0000C240,000003C0,00,1E,00,B0,24,0124,03F8,24,4,02,CF00,4124,0
152,00117C,0400,0000C240,000003C0,00,1E,00,B0,24,0124,03F8,24,4,02,CF00,4124,0
152,001184,0400,0000C240,000003C0,00,1E,00,B0,24,0124,03F8,24,4,02,CF00,4124,0
152,00114C,0400,0000C240,000003C0,00,1E,00,B0,24,0124,03F8,24,4,02,CF00,4124,0
152,001154,0400,0000C240,000003C0,00,1E,00,B0,24,0124,03F8,24,4,02,CF00,4124,0
152,00115C,0400,0000C240,000003C0,00,1E,00,B0,24,0124,03F8,24,4,02,CF00,4124,0
152,001164,0400,0000C240,000003C0,00,1E,00,B0,24,0124,03F8,24,4,02,CF00,4124,0
152,00116C,0400,0000C240,000003C0,00,1E,00,B0,24,0124,03F8,24,4,02,CF00,4124,0
152,001174,0400,0000C240,000003C0,00,1E,00,B0,24,0124,03F8,24,4,02,CF00,4124,0
152,00117C,0400,0000C240,000003C0,00,1E,00,B0,24,0124,03F8,24,4,02,CF00,4124,0
152,001184,0400,0000C240,000003C0,00,1E,00,B0,24,0124,03F8,24,4,02,CF00,4124,0
152,00114C,0400,0000C240,000003C0,00,1E,00,B0,24,0124,03F8,24,4,02,CF00,4124,0
152,001154,0400,0000C240,000003C0,00,1E,00,B0,24,0124,03F8,24,4,02,CF00,4124,0
152,00115C,0400,0000C240,000003C0,00,1E,00,B0,24,0124,03F8,24,4,02,CF00,4124,0
152,001164,0400,0000C240,000003C0,00,1E,00,B0,24,0124,03F8,24,4,02,CF00,4124,0
152,00116C,0400,0000C240,000003C0,00,1E,00,B0,24,0124,03F8,24,4,02,CF00,4124,0
152,001174,0400,0000C240,000003C0,00,1E,00,B0,24,0124,03F8,24,4,02,CF00,4124,0
152,00117C,0400,0000C240,000003C0,00,1E,00,B0,24,0124,03F8,24,4,02,CF00,4124,0
152,001184,0400,0000C240,000003C0,00,1E,00,B0,24,0124,03F8,24,4,02,CF00,4124,0
152,00114C,0400,0000C240,000003C0,00,1E,00,B0,24,0124,03F8,24,4,02,CF00,4124,0
152,001154,0400,0000C240,000003C0,00,1E,00,B0,24,0124,03F8,24,4,02,CF00,4124,0
152,00115C,0400,0000C240,000003C0,00,1E,00,B0,24,0124,03F8,24,4,02,CF00,4124,0
152,001164,0400,0000C240,000003C0,00,1E,00,B0,24,0124,03F8,24,4,02,CF00,4124,0
152,00116C,0400,0000C240,000003C0,00,1E,00,B0,24,0124,03F8,24,4,02,CF00,4124,0
152,001174,0400,0000C240,000003C0,00,1E,00,B0,24,0124,03F8,24,4,02,CF00,4124,0
152,00117C,0400,0000C240,000003C0,00,1E,00,B0,24,0124,03F8,24,4,02,CF00,4124,0
152,001184,0400,0000C240,000003C0,00,1E,00,B0,24,0124,03F8,24,4,02,CF00,4124,0
152,00114C,0400,0000C240,000003C0,00,1E,00,B0,24,0124,03F8,24,4,02,CF00,4124,0
152,001154,0400,0000C240,000003C0,00,1E,00,B0,24,0124,03F8,24,4,02,CF00,4124,0
152,00115C,0400,0000C240,000003C0,00,1E,00,B0,24,0124,03F8,24,4,02,CF00,4124,0
152,001164,0400,0000C240,000003C0,00,1E,00,B0,24,0124,03F8,24,4,02,CF00,4124,0
152,00116C,0400,0000C240,000003C0,00,1E,00,B0,24,0124,03F8,24,4,02,CF00,4124,0
152,001174,0400,0000C240,000003C0,00,1E,00,B0,24,0124,03F8,24,4,02,CF00,4124,0
152,00117C,0400,0000C240,000003C0,00,1E,00,B0,24,0124,03F8,24,4,02,CF00,4124,0
152,001184,0400,0000C240,000003C0,00,1E,00,B0,24,0124,03F8,24,4,02,CF00,4124,0
152,00114C,0400,0000C240,000003C0,00,1E,00,B0,24,0124,03F8,24,4,02,CF00,4124,0
152,001154,0400,0000C240,000003C0,00,1E,00,B0,24,0124,03F8,24,4,02,CF00,4124,0
152,00115C,0400,0000C240,000003C0,00,1E,00,B0,24,0124,03F8,24,4,02,CF00,4124,0
152,001164,0400,0000C240,000003C0,00,1E,00,B0,24,0124,03F8,24,4,02,CF00,4124,0
152,00116C,0400,0000C240,000003C0,00,1E,00,B0,24,0124,03F8,24,4,02,CF00,4124,0
152,001174,0400,0000C240,000003C0,00,1E,00,B0,24,0124,03F8,24,4,02,CF00,4124,0
152,00117C,0400,0000C240,000003C0,00,1E,00,B0,24,0124,03F8,24,4,02,CF00,4124,0
152,001184,0400,0000C240,000003C0,00,1E,00,B0,24,0124,03F8,24,4,02,CF00,4124,0
152,00114C,0400,0000C240,000003C0,00,1E,00,B0,24,0124,03F8,24,4,02,CF00,4124,0
152,001154,0400,0000C240,000003C0,00,1E,00,B0,24,0124,03F8,24,4,02,CF00,4124,0
152,00115C,0400,0000C240,000003C0,00,1E,00,B0,24,0124,03F8,24,4,02,CF00,4124,0
152,001164,0400,0000C240,000003C0,00,1E,00,B0,24,0124,03F8,24,4,02,CF00,4124,0
152,00116C,0400,0000C240,000003C0,00,1E,00,B0,24,0124,03F8,24,4,02,CF00,4124,0
152,001174,0400,0000C240,000003C0,00,1E,00,B0,24,0124,03F8,24,4,02,CF00,4124,0
152,00117C,0400,0000C240,000003C0,00,1E,00,B0,24,0124,03F8,24,4,02,CF00,4124,0
152,001184,0400,0000C240,000003C0,00,1E,00,B0,24,0124,03F8,24,4,02,CF00,4124,0
152,00114C,0400,0000C240,000003C0,00,1E,00,B0,24,0124,03F8,24,4,02,CF00,4124,0
152,001154,0400,0000C240,000003C0,00,1E,00,B0,24,0124,03F8,24,4,02,CF00,4124,0
152,00115C,0400,0000C240,000003C0,00,1E,00,B0,24,0124,03F8,24,4,02,CF00,4124,0
152,001164,0400,0000C240,000003C0,00,1E,00,B0,24,0124,03F8,24,4,02,CF00,4124,0
152,00116C,0400,0000C240,000003C0,00,1E,00,B0,24,0124,03F8,24,4,02,CF00,4124,0
152,001174,0400,0000C240,000003C0,00,1E,00,B0,24,0124,03F8,24,4,02,CF00,4124,0
152,00117C,0400,0000C240,000003C0,00,1E,00,B0,24,0124,03F8,24,4,02,CF00,4124,0
152,001184,0400,0000C240,000003C0,00,1E,00,B0,24,0124,03F8,24,4,02,CF00,4124,0
152,00114C,0400,0000C240,000003C0,00,1E,00,B0,24,0124,03F8,24,4,02,CF00,4124,0
152,001154,0400,0000C240,000003C0,00,1E,00,B0,24,0124,03F8,24,4,02,CF00,4124,0
152,00115C,0400,0000C240,000003C0,00,1E,00,B0,24,0124,03F8,24,4,02,CF00,4124,0
152,001164,0400,0000C240,000003C0,00,1E,00,B0,24,0124,03F8,24,4,02,CF00,4124,0
152,00116C,0400,0000C240,000003C0,00,1E,00,B0,24,0124,03F8,24,4,02,CF00,4124,0
152,001174,0400,0000C240,000003C0,00,1E,00,B0,24,0124,03F8,24,4,02,CF00,4124,0
152,00117C,0400,0000C240,000003C0,00,1E,00,B0,24,0124,03F8,24,4,02,CF00,4124,0
152,001184,0400,0000C240,000003C0,00,1E,00,B0,24,0124,03F8,24,4,02,CF00,4124,0
152,00114C,0400,0000C240,000003C0,00,1E,00,B0,24,0124,03F8,24,4,02,CF00,4124,0
152,001154,0400,0000C240,000003C0,00,1E,00,B0,24,0124,03F8,24,4,02,CF00,4124,0
152,00115C,0400,0000C240,000003C0,00,1E,00,B0,24,0124,03F8,24,4,02,CF00,4124,0
152,001164,0400,0000C240,000003C0,00,1E,00,B0,24,0124,03F8,24,4,02,CF00,4124,0
152,00116C,0400,0000C240,000003C0,00,1E,00,B0,24,0124,03F8,24,4,02,CF00,4124,0
152,001174,0400,0000C240,000003C0,00,1E,00,B0,24,0124,03F8,24,4,02,CF00,4124,0
152,00117C,0400,0000C240,000003C0,00,1E,00,B0,24,0124,03F8,24,4,02,CF00,4124,0
152,001184,0400,0000C240,000003C0,00,1E,00,B0,24,0124,03F8,24,4,02,CF00,4124,0
152,00114C,0400,0000C240,000003C0,00,1E,00,B0,24,0124,03F8,24,4,02,CF00,4124,0
152,001154,0400,0000C240,000003C0,00,1E,00,B0,24,0124,03F8,24,4,02,CF00,4124,0
152,00115C,0400,0000C240,000003C0,00,1E,00,B0,24,0124,03F8,24,4,02,CF00,4124,0
152,001164,0400,0000C240,000003C0,00,1E,00,B0,24,0124,03F8,24,4,02,CF00,4124,0
152,00116C,0400,0000C240,000003C0,00,1E,00,B0,24,0124,03F8,24,4,02,CF00,4124,0
152,001174,0400,0000C240,000003C0,00,1E,00,B0,24,0124,03F8,24,4,02,CF00,4124,0
152,00117C,0400,0000C240,000003C0,00,1E,00,B0,24,0124,03F8,24,4,02,CF00,4124,0
152,001184,0400,0000C240,000003C0,00,1E,00,B0,24,0124,03F8,24,4,02,CF00,4124,0
152,00114C,0400,0000C240,000003C0,00,1E,00,B0,24,0124,03F8,24,4,02,CF00,4124,0
152,001154,0400,0000C240,000003C0,00,1E,00,B0,24,0124,03F8,24,4,02,CF00,4124,0
152,00115C,0400,0000C240,000003C0,00,1E,00,B0,24,0124,03F8,24,4,02,CF00,4124,0
152,001164,0400,0000C240,000003C0,00,1E,00,B0,24,0124,03F8,24,4,02,CF00,4124,0
152,00116C,0400,0000C240,000003C0,00,1E,00,B0,24,0124,03F8,24,4,02,CF00,4124,0
152,001174,0400,0000C240,000003C0,00,1E,00,B0,24,0124,03F8,24,4,02,CF00,4124,0
152,00117C,0400,0000C240,000003C0,00,1E,00,B0,24,0124,03F8,24,4,02,CF00,4124,0
152,001184,0400,0000C240,000003C0,00,1E,00,B0,24,0124,03F8,24,4,02,CF00,4124,0
152,00114C,0400,0000C240,000003C0,00,1E,00,B0,24,0124,03F8,24,4,02,CF00,4124,0
152,001154,0400,0000C240,000003C0,00,1E,00,B0,24,0124,03F8,24,4,02,CF00,4124,0
152,00115C,0400,0000C240,000003C0,00,1E,00,B0,24,0124,03F8,24,4,02,CF00,4124,0
152,001164,0400,0000C240,000003C0,00,1E,00,B0,24,0124,03F8,24,4,02,CF00,4124,0
152,00116C,0400,0000C240,000003C0,00,1E,00,B0,24,0124,03F8,24,4,02,CF00,4124,0
152,001174,0400,0000C240,000003C0,00,1E,00,B0,24,0124,03F8,24,4,02,CF00,4124,0
152,00117C,0400,0000C240,000003C0,00,1E,00,B0,24,0124,03F8,24,4,02,CF00,4124,0
152,001184,0400,0000C240,000003C0,00,1E,00,B0,24,0124,03F8,24,4,02,CF00,4124,0
152,00114C,0400,0000C240,000003C0,00,1E,00,B0,24,0124,03F8,24,4,02,CF00,4124,0
152,001154,0400,0000C240,000003C0,00,1E,00,B0,24,0124,03F8,24,4,02,CF00,4124,0
152,00115C,0400,0000C240,000003C0,00,1E,00,B0,24,0124,03F8,24,4,02,CF00,4124,0
152,001164,0400,0000C240,000003C0,00,1E,00,B0,24,0124,03F8,24,4,02,CF00,4124,0
152,00116C,0400,0000C240,000003C0,00,1E,00,B0,24,0124,03F8,24,4,02,CF00,4124,0
152,001174,0400,0000C240,000003C0,00,1E,00,B0,24,0124,03F8,24,4,02,CF00,4124,0
152,00117C,0400,0000C240,000003C0,00,1E,00,B0,24,0124,03F8,24,4,02,CF00,4124,0
152,001184,0400,0000C240,000003C0,00,1E,00,B0,24,0124,03F8,24,4,02,CF00,4124,0
152,00114C,0400,0000C240,000003C0,00,1E,00,B0,24,0124,03F8,24,4,02,CF00,4124,0
152,001154,0400,0000C240,000003C0,00,1E,00,B0,24,0124,03F8,24,4,02,CF00,4124,0
152,00115C,0400,0000C240,000003C0,00,1E,00,B0,24,0124,03F8,24,4,02,CF00,4124,0
152,001164,0400,0000C240,000003C0,00,1E,00,B0,24,0124,03F8,24,4,02,CF00,4124,0
152,00116C,0400,0000C240,000003C0,00,1E,00,B0,24,0124,03F8,24,4,02,CF00,4124,0
152,001174,0400,0000C240,000003C0,00,1E,00,B0,24,0124,03F8,24,4,02,CF00,4124,0
152,00117C,0400,0000C240,000003C0,00,1E,00,B0,24,0124,03F8,24,4,02,CF00,4124,0
152,001184,0400,0000C240,000003C0,00,1E,00,B0,24,0124,03F8,24,4,02,CF00,4124,0
152,00114C,0400,0000C240,000003C0,00,1E,00,B0,24,0124,03F8,24,4,02,CF00,4124,0
152,001154,0400,0000C240,000003C0,00,1E,00,B0,24,0124,03F8,24,4,02,CF00,4124,0
152,00115C,0400,0000C240,000003C0,00,1E,00,B0,24,0124,03F8,24,4,02,CF00,4124,0
152,001164,0400,0000C240,000003C0,00,1E,00,B0,24,0124,03F8,24,4,02,CF00,4124,0
152,00116C,0400,0000C240,000003C0,00,1E,00,B0,24,0124,03F8,24,4,02,CF00,4124,0
152,001174,0400,0000C240,000003C0,00,1E,00,B0,24,0124,03F8,24,4,02,CF00,4124,0
152,00117C,0400,0000C240,000003C0,00,1E,00,B0,24,0124,03F8,24,4,02,CF00,4124,0
152,001184,0400,0000C240,000003C0,00,1E,00,B0,24,0124,03F8,24,4,02,CF00,4124,0
152,00114C,0400,0000C240,000003C0,00,1E,00,B0,24,0124,03F8,24,4,02,CF00,4124,0
152,001154,0400,0000C240,000003C0,00,1E,00,B0,24,0124,03F8,24,4,02,CF00,4124,0
152,00115C,0400,0000C240,000003C0,00,1E,00,B0,24,0124,03F8,24,4,02,CF00,4124,0
152,001164,0400,0000C240,000003C0,00,1E,00,B0,24,0124,03F8,24,4,02,CF00,4124,0
152,00116C,0400,0000C240,000003C0,00,1E,00,B0,24,0124,03F8,24,4,02,CF00,4124,0
152,001174,0400,0000C240,000003C0,00,1E,00,B0,24,0124,03F8,24,4,02,CF00,4124,0
152,00117C,0400,0000C240,000003C0,00,1E,00,B0,24,0124,03F8,24,4,02,CF00,4124,0
152,001184,0400,0000C240,000003C0,00,1E,00,B0,24,0124,03F8,24,4,02,CF00,4124,0
152,00114C,0400,0000C240,000003C0,00,1E,00,B0,24,0124,03F8,24,4,02,CF00,4124,0
152,001154,0400,0000C240,000003C0,00,1E,00,B0,24,0124,03F8,24,4,02,CF00,4124,0
152,00115C,0400,0000C240,000003C0,00,1E,00,B0,24,0124,03F8,24,4,02,CF00,4124,0
152,001164,0400,0000C240,000003C0,00,1E,00,B0,24,0124,03F8,24,4,02,CF00,4124,0
152,00116C,0400,0000C240,000003C0,00,1E,00,B0,24,0124,03F8,24,4,02,CF00,4124,0
152,001174,0400,0000C240,000003C0,00,1E,00,B0,24,0124,03F8,24,4,02,CF00,4124,0
152,00117C,0400,0000C240,000003C0,00,1E,00,B0,24,0124,03F8,24,4,02,CF00,4124,0
152,001184,0400,0000C240,000003C0,00,1E,00,B0,24,0124,03F8,24,4,02,CF00,4124,0
152,00114C,0400,0000C240,000003C0,00,1E,00,B0,24,0124,03F8,24,4,02,CF00,4124,0
152,001154,0400,0000C240,000003C0,00,1E,00,B0,24,0124,03F8,24,4,02,CF00,4124,0
152,00115C,0400,0000C240,000003C0,00,1E,00,B0,24,0124,03F8,24,4,02,CF00,4124,0
152,001164,0400,0000C240,000003C0,00,1E,00,B0,24,0124,03F8,24,4,02,CF00,4124,0
152,00116C,0400,0000C240,000003C0,00,1E,00,B0,24,0124,03F8,24,4,02,CF00,4124,0
152,001174,0400,0000C240,000003C0,00,1E,00,B0,24,0124,03F8,24,4,02,CF00,4124,0
152,00117C,0400,0000C240,000003C0,00,1E,00,B0,24,0124,03F8,24,4,02,CF00,4124,0
152,001184,0400,0000C240,000003C0,00,1E,00,B0,24,0124,03F8,24,4,02,CF00,4124,0
152,00114C,0400,0000C240,000003C0,00,1E,00,B0,24,0124,03F8,24,4,02,CF00,4124,0
152,001154,0400,0000C240,000003C0,00,1E,00,B0,24,0124,03F8,24,4,02,CF00,4124,0
152,00115C,0400,0000C240,000003C0,00,1E,00,B0,24,0124,03F8,24,4,02,CF00,4124,0
152,001164,0400,0000C240,000003C0,00,1E,00,B0,24,0124,03F8,24,4,02,CF00,4124,0
152,00116C,0400,0000C240,000003C0,00,1E,00,B0,24,0124,03F8,24,4,02,CF00,4124,0
152,001174,0400,0000C240,000003C0,00,1E,00,B0,24,0124,03F8,24,4,02,CF00,4124,0
152,00117C,0400,0000C240,000003C0,00,1E,00,B0,24,0124,03F8,24,4,02,CF00,4124,0
152,001184,0400,0000C240,000003C0,00,1E,00,B0,24,0124,03F8,24,4,02,CF00,4124,0
152,00114C,0400,0000C240,000003C0,00,1E,00,B0,24,0124,03F8,24,4,02,CF00,4124,0
152,001154,0400,0000C240,000003C0,00,1E,00,B0,24,0124,03F8,24,4,02,CF00,4124,0
152,00115C,0400,0000C240,000003C0,00,1E,00,B0,24,0124,03F8,24,4,02,CF00,4124,0
152,001164,0400,0000C240,000003C0,00,1E,00,B0,24,0124,03F8,24,4,02,CF00,4124,0
152,00116C,0400,0000C240,000003C0,00,1E,00,B0,24,0124,03F8,24,4,02,CF00,4124,0
152,001174,0400,0000C240,000003C0,00,1E,00,B0,24,0124,03F8,24,4,02,CF00,4124,0
152,00117C,0400,0000C240,000003C0,00,1E,00,B0,24,0124,03F8,24,4,02,CF00,4124,0
152,001184,0400,0000C240,000003C0,00,1E,00,B0,24,0124,03F8,24,4,02,CF00,4124,0
152,00114C,0400,0000C240,000003C0,00,1E,00,B0,24,0124,03F8,24,4,02,CF00,4124,0
152,001154,0400,0000C240,000003C0,00,1E,00,B0,24,0124,03F8,24,4,02,CF00,4124,0
152,00115C,0400,0000C240,000003C0,00,1E,00,B0,24,0124,03F8,24,4,02,CF00,4124,0
152,001164,0400,0000C240,000003C0,00,1E,00,B0,24,0124,03F8,24,4,02,CF00,4124,0
152,00116C,0400,0000C240,000003C0,00,1E,00,B0,24,0124,03F8,24,4,02,CF00,4124,0
152,001174,0400,0000C240,000003C0,00,1E,00,B0,24,0124,03F8,24,4,02,CF00,4124,0
152,00117C,0400,0000C240,000003C0,00,1E,00,B0,24,0124,03F8,24,4,02,CF00,4124,0
152,001184,0400,0000C240,000003C0,00,1E,00,B0,24,0124,03F8,24,4,02,CF00,4124,0
152,00114C,0400,0000C240,000003C0,00,1E,00,B0,24,0124,03F8,24,4,02,CF00,4124,0
152,001154,0400,0000C240,000003C0,00,1E,00,B0,24,0124,03F8,24,4,02,CF00,4124,0
152,00115C,0400,0000C240,000003C0,00,1E,00,B0,24,0124,03F8,24,4,02,CF00,4124,0
152,001164,0400,0000C240,000003C0,00,1E,00,B0,24,0124,03F8,24,4,02,CF00,4124,0
152,00116C,0400,0000C240,000003C0,00,1E,00,B0,24,0124,03F8,24,4,02,CF00,4124,0
152,001174,0400,0000C240,000003C0,00,1E,00,B0,24,0124,03F8,24,4,02,CF00,4124,0
152,00117C,0400,0000C240,000003C0,00,1E,00,B0,24,0124,03F8,24,4,02,CF00,4124,0
152,001184,0400,0000C240,000003C0,00,1E,00,B0,24,0124,03F8,24,4,02,CF00,4124,0
152,00114C,0400,0000C240,000003C0,00,1E,00,B0,24,0124,03F8,24,4,02,CF00,4124,0
152,001154,0400,0000C240,000003C0,00,1E,00,B0,24,0124,03F8,24,4,02,CF00,4124,0
152,00115C,0400,0000C240,000003C0,00,1E,00,B0,24,0124,03F8,24,4,02,CF00,4124,0
152,001164,0400,0000C240,000003C0,00,1E,00,B0,24,0124,03F8,24,4,02,CF00,4124,0
152,00116C,0400,0000C240,000003C0,00,1E,00,B0,24,0124,03F8,24,4,02,CF00,4124,0
152,001174,0400,0000C240,000003C0,00,1E,00,B0,24,0124,03F8,24,4,02,CF00,4124,0
152,00117C,0400,0000C240,000003C0,00,1E,00,B0,24,0124,03F8,24,4,02,CF00,4124,0
152,001184,0400,0000C240,000003C0,00,1E,00,B0,24,0124,03F8,24,4,02,CF00,4124,0
152,00114C,0400,0000C240,000003C0,00,1E,00,B0,24,0124,03F8,24,4,02,CF00,4124,0
152,001154,0400,0000C240,000003C0,00,1E,00,B0,24,0124,03F8,24,4,02,CF00,4124,0
152,00115C,0400,0000C240,000003C0,00,1E,00,B0,24,0124,03F8,24,4,02,CF00,4124,0
152,001164,0400,0000C240,000003C0,00,1E,00,B0,24,0124,03F8,24,4,02,CF00,4124,0
152,00116C,0400,0000C240,000003C0,00,1E,00,B0,24,0124,03F8,24,4,02,CF00,4124,0
152,001174,0400,0000C240,000003C0,00,1E,00,B0,24,0124,03F8,24,4,02,CF00,4124,0
152,00117C,0400,0000C240,000003C0,00,1E,00,B0,24,0124,03F8,24,4,02,CF00,4124,0
152,001184,0400,0000C240,000003C0,00,1E,00,B0,24,0124,03F8,24,4,02,CF00,4124,0
152,00114C,0400,0000C240,000003C0,00,1E,00,B0,24,0124,03F8,24,4,02,CF00,4124,0
152,001154,0400,0000C240,000003C0,00,1E,00,B0,24,0124,03F8,24,4,02,CF00,4124,0
152,00115C,0400,0000C240,000003C0,00,1E,00,B0,24,0124,03F8,24,4,02,CF00,4124,0
152,001164,0400,0000C240,000003C0,00,1E,00,B0,24,0124,03F8,24,4,02,CF00,4124,0
152,00116C,0400,0000C240,000003C0,00,1E,00,B0,24,0124,03F8,24,4,02,CF00,4124,0
152,001174,0400,0000C240,000003C0,00,1E,00,B0,24,0124,03F8,24,4,02,CF00,4124,0
152,00117C,0400,0000C240,000003C0,00,1E,00,B0,24,0124,03F8,24,4,02,CF00,4124,0
152,001184,0400,0000C240,000003C0,00,1E,00,B0,24,0124,03F8,24,4,02,CF00,4124,0
152,00114C,0400,0000C240,000003C0,00,1E,00,B0,24,0124,03F8,24,4,02,CF00,4124,0
152,001154,0400,0000C240,000003C0,00,1E,00,B0,24,0124,03F8,24,4,02,CF00,4124,0
152,00115C,0400,0000C240,000003C0,00,1E,00,B0,24,0124,03F8,24,4,02,CF00,4124,0
152,001164,0400,0000C240,000003C0,00,1E,00,B0,24,0124,03F8,24,4,02,CF00,4124,0
152,00116C,0400,0000C240,000003C0,00,1E,00,B0,24,0124,03F8,24,4,02,CF00,4124,0
152,001174,0400,0000C240,000003C0,00,1E,00,B0,24,0124,03F8,24,4,02,CF00,4124,0
152,00117C,0400,0000C240,000003C0,00,1E,00,B0,24,0124,03F8,24,4,02,CF00,4124,0
152,001184,0400,0000C240,000003C0,00,1E,00,B0,24,0124,03F8,24,4,02,CF00,4124,0
152,00114C,0400,0000C240,000003C0,00,1E,00,B0,24,0124,03F8,24,4,02,CF00,4124,0
152,001154,0400,0000C240,000003C0,00,1E,00,B0,24,0124,03F8,24,4,02,CF00,4124,0
152,00115C,0400,0000C240,000003C0,00,1E,00,B0,24,0124,03F8,24,4,02,CF00,4124,0
152,001164,0400,0000C240,000003C0,00,1E,00,B0,24,0124,03F8,24,4,02,CF00,4124,0
152,00116C,0400,0000C240,000003C0,00,1E,00,B0,24,0124,03F8,24,4,02,CF00,4124,0
152,001174,0400,0000C240,000003C0,00,1E,00,B0,24,0124,03F8,24,4,02,CF00,4124,0
152,00117C,0400,0000C240,000003C0,00,1E,00,B0,24,0124,03F8,24,4,02,CF00,4124,0
152,001184,0400,0000C240,000003C0,00,1E,00,B0,24,0124,03F8,24,4,02,CF00,4124,0
152,000C60,0000,0000CE01,00000300,00,18,00,B0,24,0124,03F0,24,0,00,CC00,0124,0
198,00169E,2124,0000C000,00000000,00,00,00,B0,24,0124,03C0,05,0,01,C000,2124,1
198,00169E,2124,0000C002,00000001,00,00,01,B0,24,0124,03C0,05,0,01,C002,2124,1
198,00169E,2124,0000C004,00000002,00,00,02,B0,24,0124,03C0,05,2,01,C004,2124,1
198,00169E,2124,0000C006,00000003,00,00,03,B0,24,0124,03C0,05,2,01,C006,2124,1
198,00169E,2124,0000C008,00000004,00,00,04,B0,24,0124,03C1,05,0,01,C008,2124,1
198,00169E,2124,0000C00A,00000005,00,00,05,B0,24,0124,03C1,05,0,01,C00A,2124,1
198,00169E,2124,0000C00C,00000006,00,00,06,B0,24,0124,03C1,05,2,01,C00C,2124,1
198,00169E,2124,0000C00E,00000007,00,00,07,B0,24,0124,03C1,05,2,01,C00E,2124,1
198,00169E,2124,0000C010,00000008,00,00,08,B0,24,0124,03C2,05,0,01,C010,2124,1
198,00169E,2124,0000C012,00000009,00,00,09,B0,24,0124,03C2,05,0,01,C012,2124,1
198,00169E,2124,0000C014,0000000A,00,00,0A,B0,24,0124,03C2,05,2,01,C014,2124,1
198,00169E,2124,0000C016,0000000B,00,00,0B,B0,24,0124,03C2,05,2,01,C016,2124,1
198,00169E,2124,0000C018,0000000C,00,00,0C,B0,24,0124,03C3,05,0,01,C018,2124,1
198,00169E,2124,0000C01A,0000000D,00,00,0D,B0,24,0124,03C3,05,0,01,C01A,2124,1
198,00169E,2124,0000C01C,0000000E,00,00,0E,B0,24,0124,03C3,05,2,01,C01C,2124,1
198,00169E,2124,0000C01E,0000000F,00,00,0F,B0,24,0124,03C3,05,2,01,C01E,2124,1
198,00169E,2124,0000C020,00000010,00,00,10,B0,24,0124,03C4,05,0,01,C020,2124,1
198,00169E,2124,0000C022,00000011,00,00,11,B0,24,0124,03C4,05,0,01,C022,2124,1
198,00169E,2124,0000C024,00000012,00,00,12,B0,24,0124,03C4,05,2,01,C024,2124,1
198,00169E,2124,0000C026,00000013,00,00,13,B0,24,0124,03C4,05,2,01,C026,2124,1
198,00169E,2124,0000C028,00000014,00,00,14,B0,24,0124,03C5,05,0,01,C028,2124,1
198,00169E,2124,0000C02A,00000015,00,00,15,B0,24,0124,03C5,05,0,01,C02A,2124,1
198,00169E,2124,0000C02C,00000016,00,00,16,B0,24,0124,03C5,05,2,01,C02C,2124,1
198,00169E,2124,0000C02E,00000017,00,00,17,B0,24,0124,03C5,05,2,01,C02E,2124,1
198,00169E,2124,0000C030,00000018,00,00,18,B0,24,0124,03C6,05,0,01,C030,2124,1
198,00169E,2124,0000C032,00000019,00,00,19,B0,24,0124,03C6,05,0,01,C032,2124,1
198,00169E,2124,0000C034,0000001A,00,00,1A,B0,24,0124,03C6,05,2,01,C034,2124,1
198,00169E,2124,0000C036,0000001B,00,00,1B,B0,24,0124,03C6,05,2,01,C036,2124,1
198,00169E,2124,0000C038,0000001C,00,00,1C,B0,24,0124,03C7,05,0,01,C038,2124,1
198,00169E,2124,0000C03A,0000001D,00,00,1D,B0,24,0124,03C7,05,0,01,C03A,2124,1
198,00169E,2124,0000C03C,0000001E,00,00,1E,B0,24,0124,03C7,05,2,01,C03C,2124,1
198,00169E,2124,0000C03E,0000001F,00,00,1F,B0,24,0124,03C7,05,2,01,C03E,2124,1
198,00169E,2124,0000C080,00000020,00,01,00,B0,24,0124,03C0,05,0,01,C080,2124,1
198,00169E,2124,0000C082,00000021,00,01,01,B0,24,0124,03C0,05,0,01,C082,2124,1
198,00169E,2124,0000C084,00000022,00,01,02,B0,24,0124,03C0,05,2,01,C084,2124,1
198,00169E,2124,0000C086,00000023,00,01,03,B0,24,0124,03C0,05,2,01,C086,2124,1
198,00169E,2124,0000C088,00000024,00,01,04,B0,24,0124,03C1,05,0,01,C088,2124,1
198,00169E,2124,0000C08A,00000025,00,01,05,B0,24,0124,03C1,05,0,01,C08A,2124,1
198,00169E,2124,0000C08C,00000026,00,01,06,B0,24,0124,03C1,05,2,01,C08C,2124,1
198,00169E,2124,0000C08E,00000027,00,01,07,B0,24,0124,03C1,05,2,01,C08E,2124,1
198,00169E,2124,0000C090,00000028,00,01,08,B0,24,0124,03C2,05,0,01,C090,2124,1
198,00169E,2124,0000C092,00000029,00,01,09,B0,24,0124,03C2,05,0,01,C092,2124,1
198,00169E,2124,0000C094,0000002A,00,01,0A,B0,24,0124,03C2,05,2,01,C094,2124,1
198,00169E,2124,0000C096,0000002B,00,01,0B,B0,24,0124,03C2,05,2,01,C096,2124,1
198,00169E,2124,0000C098,0000002C,00,01,0C,B0,24,0124,03C3,05,0,01,C098,2124,1
198,00169E,2124,0000C09A,0000002D,00,01,0D,B0,24,0124,03C3,05,0,01,C09A,2124,1
198,00169E,2124,0000C09C,0000002E,00,01,0E,B0,24,0124,03C3,05,2,01,C09C,2124,1
198,00169E,2124,0000C09E,0000002F,00,01,0F,B0,24,0124,03C3,05,2,01,C09E,2124,1
198,00169E,2124,0000C0A0,00000030,00,01,10,B0,24,0124,03C4,05,0,01,C0A0,2124,1
198,00169E,2124,0000C0A2,00000031,00,01,11,B0,24,0124,03C4,05,0,01,C0A2,2124,1
198,00169E,2124,0000C0A4,00000032,00,01,12,B0,24,0124,03C4,05,2,01,C0A4,2124,1
198,00169E,2124,0000C0A6,00000033,00,01,13,B0,24,0124,03C4,05,2,01,C0A6,2124,1
198,00169E,2124,0000C0A8,00000034,00,01,14,B0,24,0124,03C5,05,0,01,C0A8,2124,1
198,00169E,2124,0000C0AA,00000035,00,01,15,B0,24,0124,03C5,05,0,01,C0AA,2124,1
198,00169E,2124,0000C0AC,00000036,00,01,16,B0,24,0124,03C5,05,2,01,C0AC,2124,1
198,00169E,2124,0000C0AE,00000037,00,01,17,B0,24,0124,03C5,05,2,01,C0AE,2124,1
198,00169E,2124,0000C0B0,00000038,00,01,18,B0,24,0124,03C6,05,0,01,C0B0,2124,1
198,00169E,2124,0000C0B2,00000039,00,01,19,B0,24,0124,03C6,05,0,01,C0B2,2124,1
198,00169E,2124,0000C0B4,0000003A,00,01,1A,B0,24,0124,03C6,05,2,01,C0B4,2124,1
198,00169E,2124,0000C0B6,0000003B,00,01,1B,B0,24,0124,03C6,05,2,01,C0B6,2124,1
198,00169E,2124,0000C0B8,0000003C,00,01,1C,B0,24,0124,03C7,05,0,01,C0B8,2124,1
198,00169E,2124,0000C0BA,0000003D,00,01,1D,B0,24,0124,03C7,05,0,01,C0BA,2124,1
198,00169E,2124,0000C0BC,0000003E,00,01,1E,B0,24,0124,03C7,05,2,01,C0BC,2124,1
198,00169E,2124,0000C0BE,0000003F,00,01,1F,B0,24,0124,03C7,05,2,01,C0BE,2124,1
198,00169E,01E0,0000C100,00000040,00,02,00,B0,E0,01E0,03C0,05,4,00,C100,01E0,1
198,00169E,01D5,0000C102,00000041,00,02,01,B0,D5,01D5,03C0,05,4,00,C102,01D5,1
198,00169E,0124,0000C104,00000042,00,02,02,B0,24,0124,03C0,05,6,00,C104,0124,1
198,00169E,0124,0000C106,00000043,00,02,03,B0,24,0124,03C0,05,6,00,C106,0124,1
198,00169E,0124,0000C108,00000044,00,02,04,B0,24,0124,03C1,05,4,00,C108,0124,1
198,00169E,0124,0000C10A,00000045,00,02,05,B0,24,0124,03C1,05,4,00,C10A,0124,1
198,00169E,0124,0000C10C,00000046,00,02,06,B0,24,0124,03C1,05,6,00,C10C,0124,1
198,00169E,0124,0000C10E,00000047,00,02,07,B0,24,0124,03C1,05,6,00,C10E,0124,1
198,00169E,0124,0000C110,00000048,00,02,08,B0,24,0124,03C2,05,4,00,C110,0124,1
198,00169E,0124,0000C112,00000049,00,02,09,B0,24,0124,03C2,05,4,00,C112,0124,1
198,00169E,0124,0000C114,0000004A,00,02,0A,B0,24,0124,03C2,05,6,00,C114,0124,1
198,00169E,0124,0000C116,0000004B,00,02,0B,B0,24,0124,03C2,05,6,00,C116,0124,1
198,00169E,0124,0000C118,0000004C,00,02,0C,B0,24,0124,03C3,05,4,00,C118,0124,1
198,00169E,0124,0000C11A,0000004D,00,02,0D,B0,24,0124,03C3,05,4,00,C11A,0124,1
198,00169E,0124,0000C11C,0000004E,00,02,0E,B0,24,0124,03C3,05,6,00,C11C,0124,1
198,00169E,0124,0000C11E,0000004F,00,02,0F,B0,24,0124,03C3,05,6,00,C11E,0124,1
198,00169E,0124,0000C120,00000050,00,02,10,B0,24,0124,03C4,05,4,00,C120,0124,1
198,00169E,0124,0000C122,00000051,00,02,11,B0,24,0124,03C4,05,4,00,C122,0124,1
198,00169E,0124,0000C124,00000052,00,02,12,B0,24,0124,03C4,05,6,00,C124,0124,1
198,00169E,0124,0000C126,00000053,00,02,13,B0,24,0124,03C4,05,6,00,C126,0124,1
198,00169E,0124,0000C128,00000054,00,02,14,B0,24,0124,03C5,05,4,00,C128,0124,1
198,00169E,0124,0000C12A,00000055,00,02,15,B0,24,0124,03C5,05,4,00,C12A,0124,1
198,00169E,0124,0000C12C,00000056,00,02,16,B0,24,0124,03C5,05,6,00,C12C,0124,1
198,00169E,0124,0000C12E,00000057,00,02,17,B0,24,0124,03C5,05,6,00,C12E,0124,1
198,00169E,0124,0000C130,00000058,00,02,18,B0,24,0124,03C6,05,4,00,C130,0124,1
198,00169E,0124,0000C132,00000059,00,02,19,B0,24,0124,03C6,05,4,00,C132,0124,1
198,00169E,0124,0000C134,0000005A,00,02,1A,B0,24,0124,03C6,05,6,00,C134,0124,1
198,00169E,0124,0000C136,0000005B,00,02,1B,B0,24,0124,03C6,05,6,00,C136,0124,1
198,00169E,0124,0000C138,0000005C,00,02,1C,B0,24,0124,03C7,05,4,00,C138,0124,1
198,00169E,0124,0000C13A,0000005D,00,02,1D,B0,24,0124,03C7,05,4,00,C13A,0124,1
198,00169E,01D4,0000C13C,0000005E,00,02,1E,B0,D4,01D4,03C7,05,6,00,C13C,01D4,1
198,00169E,01E0,0000C13E,0000005F,00,02,1F,B0,E0,01E0,03C7,05,6,00,C13E,01E0,1
198,00169E,01DC,0000C180,00000060,00,03,00,B0,DC,01DC,03C0,05,4,00,C180,01DC,1
198,00169E,01D7,0000C182,00000061,00,03,01,B0,D7,01D7,03C0,05,4,00,C182,01D7,1
198,00169E,0124,0000C184,00000062,00,03,02,B0,24,0124,03C0,05,6,00,C184,0124,1
198,00169E,0124,0000C186,00000063,00,03,03,B0,24,0124,03C0,05,6,00,C186,0124,1
198,00169E,0124,0000C188,00000064,00,03,04,B0,24,0124,03C1,05,4,00,C188,0124,1
198,00169E,0124,0000C18A,00000065,00,03,05,B0,24,0124,03C1,05,4,00,C18A,0124,1
198,00169E,0124,0000C18C,00000066,00,03,06,B0,24,0124,03C1,05,6,00,C18C,0124,1
198,00169E,0124,0000C18E,00000067,00,03,07,B0,24,0124,03C1,05,6,00,C18E,0124,1
198,00169E,0124,0000C190,00000068,00,03,08,B0,24,0124,03C2,05,4,00,C190,0124,1
198,00169E,0124,0000C192,00000069,00,03,09,B0,24,0124,03C2,05,4,00,C192,0124,1
198,00169E,0124,0000C194,0000006A,00,03,0A,B0,24,0124,03C2,05,6,00,C194,0124,1
198,00169E,0124,0000C196,0000006B,00,03,0B,B0,24,0124,03C2,05,6,00,C196,0124,1
198,00169E,0124,0000C198,0000006C,00,03,0C,B0,24,0124,03C3,05,4,00,C198,0124,1
198,00169E,0124,0000C19A,0000006D,00,03,0D,B0,24,0124,03C3,05,4,00,C19A,0124,1
198,00169E,0124,0000C19C,0000006E,00,03,0E,B0,24,0124,03C3,05,6,00,C19C,0124,1
198,00169E,0124,0000C19E,0000006F,00,03,0F,B0,24,0124,03C3,05,6,00,C19E,0124,1
198,00169E,0124,0000C1A0,00000070,00,03,10,B0,24,0124,03C4,05,4,00,C1A0,0124,1
198,00169E,0124,0000C1A2,00000071,00,03,11,B0,24,0124,03C4,05,4,00,C1A2,0124,1
198,00169E,0124,0000C1A4,00000072,00,03,12,B0,24,0124,03C4,05,6,00,C1A4,0124,1
198,00169E,0124,0000C1A6,00000073,00,03,13,B0,24,0124,03C4,05,6,00,C1A6,0124,1
198,00169E,0124,0000C1A8,00000074,00,03,14,B0,24,0124,03C5,05,4,00,C1A8,0124,1
198,00169E,0124,0000C1AA,00000075,00,03,15,B0,24,0124,03C5,05,4,00,C1AA,0124,1
198,00169E,0124,0000C1AC,00000076,00,03,16,B0,24,0124,03C5,05,6,00,C1AC,0124,1
198,00169E,0124,0000C1AE,00000077,00,03,17,B0,24,0124,03C5,05,6,00,C1AE,0124,1
198,00169E,0124,0000C1B0,00000078,00,03,18,B0,24,0124,03C6,05,4,00,C1B0,0124,1
198,00169E,0124,0000C1B2,00000079,00,03,19,B0,24,0124,03C6,05,4,00,C1B2,0124,1
198,00169E,0124,0000C1B4,0000007A,00,03,1A,B0,24,0124,03C6,05,6,00,C1B4,0124,1
198,00169E,0124,0000C1B6,0000007B,00,03,1B,B0,24,0124,03C6,05,6,00,C1B6,0124,1
198,00169E,0124,0000C1B8,0000007C,00,03,1C,B0,24,0124,03C7,05,4,00,C1B8,0124,1
198,00169E,0124,0000C1BA,0000007D,00,03,1D,B0,24,0124,03C7,05,4,00,C1BA,0124,1
198,00169E,01D6,0000C1BC,0000007E,00,03,1E,B0,D6,01D6,03C7,05,6,00,C1BC,01D6,1
198,00169E,01DD,0000C1BE,0000007F,00,03,1F,B0,DD,01DD,03C7,05,6,00,C1BE,01DD,1
198,00169E,01DC,0000C200,00000080,00,04,00,B0,DC,01DC,03C8,08,0,00,C200,01DC,1
198,00169E,01EE,0000C202,00000081,00,04,01,B0,EE,01EE,03C8,08,0,00,C202,01EE,1
198,00169E,4124,0000C204,00000082,00,04,02,B0,24,0124,03C8,08,2,02,C204,4124,1
198,00169E,4124,0000C206,00000083,00,04,03,B0,24,0124,03C8,08,2,02,C206,4124,1
198,00169E,4124,0000C208,00000084,00,04,04,B0,24,0124,03C9,6A,0,02,C208,4124,1
198,00169E,4124,0000C20A,00000085,00,04,05,B0,24,0124,03C9,6A,0,02,C20A,4124,1
198,00169E,4124,0000C20C,00000086,00,04,06,B0,24,0124,03C9,6A,2,02,C20C,4124,1
198,00169E,4124,0000C20E,00000087,00,04,07,B0,24,0124,03C9,6A,2,02,C20E,4124,1
198,00169E,4124,0000C210,00000088,00,04,08,B0,24,0124,03CA,5A,0,02,C210,4124,1
198,00169E,4124,0000C212,00000089,00,04,09,B0,24,0124,03CA,5A,0,02,C212,4124,1
198,00169E,4124,0000C214,0000008A,00,04,0A,B0,24,0124,03CA,5A,2,02,C214,4124,1
198,00169E,4124,0000C216,0000008B,00,04,0B,B0,24,0124,03CA,5A,2,02,C216,4124,1
198,00169E,4124,0000C218,0000008C,00,04,0C,B0,24,0124,03CB,5A,0,02,C218,4124,1
198,00169E,4124,0000C21A,0000008D,00,04,0D,B0,24,0124,03CB,5A,0,02,C21A,4124,1
198,00169E,4124,0000C21C,0000008E,00,04,0E,B0,24,0124,03CB,5A,2,02,C21C,4124,1
198,00169E,4124,0000C21E,0000008F,00,04,0F,B0,24,0124,03CB,5A,2,02,C21E,4124,1
198,00169E,4124,0000C220,00000090,00,04,10,B0,24,0124,03CC,5A,0,02,C220,4124,1
198,00169E,4124,0000C222,00000091,00,04,11,B0,24,0124,03CC,5A,0,02,C222,4124,1
198,00169E,4124,0000C224,00000092,00,04,12,B0,24,0124,03CC,5A,2,02,C224,4124,1
198,00169E,4124,0000C226,00000093,00,04,13,B0,24,0124,03CC,5A,2,02,C226,4124,1
198,00169E,4124,0000C228,00000094,00,04,14,B0,24,0124,03CD,5A,0,02,C228,4124,1
198,00169E,4124,0000C22A,00000095,00,04,15,B0,24,0124,03CD,5A,0,02,C22A,4124,1
198,00169E,4124,0000C22C,00000096,00,04,16,B0,24,0124,03CD,5A,2,02,C22C,4124,1
198,00169E,4124,0000C22E,00000097,00,04,17,B0,24,0124,03CD,5A,2,02,C22E,4124,1
198,00169E,4124,0000C230,00000098,00,04,18,B0,24,0124,03CE,9A,0,02,C230,4124,1
198,00169E,4124,0000C232,00000099,00,04,19,B0,24,0124,03CE,9A,0,02,C232,4124,1
198,00169E,4124,0000C234,0000009A,00,04,1A,B0,24,0124,03CE,9A,2,02,C234,4124,1
198,00169E,4124,0000C236,0000009B,00,04,1B,B0,24,0124,03CE,9A,2,02,C236,4124,1
198,00169E,4124,0000C238,0000009C,00,04,1C,B0,24,0124,03CF,22,0,02,C238,4124,1
198,00169E,4124,0000C23A,0000009D,00,04,1D,B0,24,0124,03CF,22,0,02,C23A,4124,1
198,00169E,01D6,0000C23C,0000009E,00,04,1E,B0,D6,01D6,03CF,22,2,00,C23C,01D6,1
198,00169E,01DB,0000C23E,0000009F,00,04,1F,B0,DB,01DB,03CF,22,2,00,C23E,01DB,1
198,00169E,01DE,0000C280,000000A0,00,05,00,B0,DE,01DE,03C8,08,0,00,C280,01DE,1
199,00169E,01D7,0000C282,000000A1,00,05,01,B0,D7,01D7,03C8,08,0,00,C282,01D7,1
199,00169E,4124,0000C284,000000A2,00,05,02,B0,24,0124,03C8,08,2,02,C284,4124,1
199,00169E,4124,0000C286,000000A3,00,05,03,B0,24,0124,03C8,08,2,02,C286,4124,1
199,00169E,4124,0000C288,000000A4,00,05,04,B0,24,0124,03C9,6A,0,02,C288,4124,1
199,00169E,41E6,0000C28A,000000A5,00,05,05,B0,E6,01E6,03C9,6A,0,02,C28A,41E6,1
199,00169E,41E4,0000C28C,000000A6,00,05,06,B0,E4,01E4,03C9,6A,2,02,C28C,41E4,1
199,00169E,41E5,0000C28E,000000A7,00,05,07,B0,E5,01E5,03C9,6A,2,02,C28E,41E5,1
199,00169E,41E4,0000C290,000000A8,00,05,08,B0,E4,01E4,03CA,5A,0,02,C290,41E4,1
199,00169E,41E5,0000C292,000000A9,00,05,09,B0,E5,01E5,03CA,5A,0,02,C292,41E5,1
199,00169E,41E4,0000C294,000000AA,00,05,0A,B0,E4,01E4,03CA,5A,2,02,C294,41E4,1
199,00169E,41E5,0000C296,000000AB,00,05,0B,B0,E5,01E5,03CA,5A,2,02,C296,41E5,1
199,00169E,41E4,0000C298,000000AC,00,05,0C,B0,E4,01E4,03CB,5A,0,02,C298,41E4,1
199,00169E,41E5,0000C29A,000000AD,00,05,0D,B0,E5,01E5,03CB,5A,0,02,C29A,41E5,1
199,00169E,41E4,0000C29C,000000AE,00,05,0E,B0,E4,01E4,03CB,5A,2,02,C29C,41E4,1
199,00169E,41E5,0000C29E,000000AF,00,05,0F,B0,E5,01E5,03CB,5A,2,02,C29E,41E5,1
199,00169E,41E4,0000C2A0,000000B0,00,05,10,B0,E4,01E4,03CC,5A,0,02,C2A0,41E4,1
199,00169E,41E5,0000C2A2,000000B1,00,05,11,B0,E5,01E5,03CC,5A,0,02,C2A2,41E5,1
199,00169E,41E4,0000C2A4,000000B2,00,05,12,B0,E4,01E4,03CC,5A,2,02,C2A4,41E4,1
199,00169E,41E5,0000C2A6,000000B3,00,05,13,B0,E5,01E5,03CC,5A,2,02,C2A6,41E5,1
199,00169E,41E4,0000C2A8,000000B4,00,05,14,B0,E4,01E4,03CD,5A,0,02,C2A8,41E4,1
199,00169E,41E5,0000C2AA,000000B5,00,05,15,B0,E5,01E5,03CD,5A,0,02,C2AA,41E5,1
199,00169E,41E4,0000C2AC,000000B6,00,05,16,B0,E4,01E4,03CD,5A,2,02,C2AC,41E4,1
199,00169E,41E5,0000C2AE,000000B7,00,05,17,B0,E5,01E5,03CD,5A,2,02,C2AE,41E5,1
199,00169E,41E4,0000C2B0,000000B8,00,05,18,B0,E4,01E4,03CE,9A,0,02,C2B0,41E4,1
199,00169E,41E5,0000C2B2,000000B9,00,05,19,B0,E5,01E5,03CE,9A,0,02,C2B2,41E5,1
199,00169E,41E6,0000C2B4,000000BA,00,05,1A,B0,E6,01E6,03CE,9A,2,02,C2B4,41E6,1
199,00169E,4124,0000C2B6,000000BB,00,05,1B,B0,24,0124,03CE,9A,2,02,C2B6,4124,1
199,00169E,4124,0000C2B8,000000BC,00,05,1C,B0,24,0124,03CF,22,0,02,C2B8,4124,1
199,00169E,4124,0000C2BA,000000BD,00,05,1D,B0,24,0124,03CF,22,0,02,C2BA,4124,1
199,00169E,01D6,0000C2BC,000000BE,00,05,1E,B0,D6,01D6,03CF,22,2,00,C2BC,01D6,1
199,00169E,01DB,0000C2BE,000000BF,00,05,1F,B0,DB,01DB,03CF,22,2,00,C2BE,01DB,1
199,00169E,01DC,0000C300,000000C0,00,06,00,B0,DC,01DC,03C8,08,4,00,C300,01DC,1
199,00169E,01D7,0000C302,000000C1,00,06,01,B0,D7,01D7,03C8,08,4,00,C302,01D7,1
199,00169E,0124,0000C304,000000C2,00,06,02,B0,24,0124,03C8,08,6,00,C304,0124,1
199,00169E,0124,0000C306,000000C3,00,06,03,B0,24,0124,03C8,08,6,00,C306,0124,1
199,00169E,4124,0000C308,000000C4,00,06,04,B0,24,0124,03C9,6A,4,02,C308,4124,1
199,00169E,41E2,0000C30A,000000C5,00,06,05,B0,E2,01E2,03C9,6A,4,02,C30A,41E2,1
199,00169E,2124,0000C30C,000000C6,00,06,06,B0,24,0124,03C9,6A,6,01,C30C,2124,1
199,00169E,2124,0000C30E,000000C7,00,06,07,B0,24,0124,03C9,6A,6,01,C30E,2124,1
199,00169E,2124,0000C310,000000C8,00,06,08,B0,24,0124,03CA,5A,4,01,C310,2124,1
199,00169E,2124,0000C312,000000C9,00,06,09,B0,24,0124,03CA,5A,4,01,C312,2124,1
199,00169E,2124,0000C314,000000CA,00,06,0A,B0,24,0124,03CA,5A,6,01,C314,2124,1
199,00169E,2124,0000C316,000000CB,00,06,0B,B0,24,0124,03CA,5A,6,01,C316,2124,1
199,00169E,2124,0000C318,000000CC,00,06,0C,B0,24,0124,03CB,5A,4,01,C318,2124,1
199,00169E,2124,0000C31A,000000CD,00,06,0D,B0,24,0124,03CB,5A,4,01,C31A,2124,1
199,00169E,2124,0000C31C,000000CE,00,06,0E,B0,24,0124,03CB,5A,6,01,C31C,2124,1
199,00169E,2124,0000C31E,000000CF,00,06,0F,B0,24,0124,03CB,5A,6,01,C31E,2124,1
199,00169E,2124,0000C320,000000D0,00,06,10,B0,24,0124,03CC,5A,4,01,C320,2124,1
199,00169E,2124,0000C322,000000D1,00,06,11,B0,24,0124,03CC,5A,4,01,C322,2124,1
199,00169E,2124,0000C324,000000D2,00,06,12,B0,24,0124,03CC,5A,6,01,C324,2124,1
199,00169E,2124,0000C326,000000D3,00,06,13,B0,24,0124,03CC,5A,6,01,C326,2124,1
199,00169E,2124,0000C328,000000D4,00,06,14,B0,24,0124,03CD,5A,4,01,C328,2124,1
199,00169E,2124,0000C32A,000000D5,00,06,15,B0,24,0124,03CD,5A,4,01,C32A,2124,1
199,00169E,2124,0000C32C,000000D6,00,06,16,B0,24,0124,03CD,5A,6,01,C32C,2124,1
199,00169E,2124,0000C32E,000000D7,00,06,17,B0,24,0124,03CD,5A,6,01,C32E,2124,1
199,00169E,2124,0000C330,000000D8,00,06,18,B0,24,0124,03CE,9A,4,01,C330,2124,1
199,00169E,2124,0000C332,000000D9,00,06,19,B0,24,0124,03CE,9A,4,01,C332,2124,1
199,00169E,41E3,0000C334,000000DA,00,06,1A,B0,E3,01E3,03CE,9A,6,02,C334,41E3,1
199,00169E,4124,0000C336,000000DB,00,06,1B,B0,24,0124,03CE,9A,6,02,C336,4124,1
199,00169E,4124,0000C338,000000DC,00,06,1C,B0,24,0124,03CF,22,4,02,C338,4124,1
199,00169E,4124,0000C33A,000000DD,00,06,1D,B0,24,0124,03CF,22,4,02,C33A,4124,1
199,00169E,01D6,0000C33C,000000DE,00,06,1E,B0,D6,01D6,03CF,22,6,00,C33C,01D6,1
199,00169E,01DF,0000C33E,000000DF,00,06,1F,B0,DF,01DF,03CF,22,6,00,C33E,01DF,1
199,00169E,01DE,0000C380,000000E0,00,07,00,B0,DE,01DE,03C8,08,4,00,C380,01DE,1
199,00169E,01EE,0000C382,000000E1,00,07,01,B0,EE,01EE,03C8,08,4,00,C382,01EE,1
199,00169E,0124,0000C384,000000E2,00,07,02,B0,24,0124,03C8,08,6,00,C384,0124,1
199,00169E,0124,0000C386,000000E3,00,07,03,B0,24,0124,03C8,08,6,00,C386,0124,1
199,00169E,4124,0000C388,000000E4,00,07,04,B0,24,0124,03C9,6A,4,02,C388,4124,1
199,00169E,41E3,0000C38A,000000E5,00,07,05,B0,E3,01E3,03C9,6A,4,02,C38A,41E3,1
199,00169E,2124,0000C38C,000000E6,00,07,06,B0,24,0124,03C9,6A,6,01,C38C,2124,1
199,00169E,2124,0000C38E,000000E7,00,07,07,B0,24,0124,03C9,6A,6,01,C38E,2124,1
199,00169E,2171,0000C390,000000E8,00,07,08,B0,71,0171,03CA,5A,4,01,C390,2171,1
199,00169E,2172,0000C392,000000E9,00,07,09,B0,72,0172,03CA,5A,4,01,C392,2172,1
199,00169E,2173,0000C394,000000EA,00,07,0A,B0,73,0173,03CA,5A,6,01,C394,2173,1
199,00169E,2174,0000C396,000000EB,00,07,0B,B0,74,0174,03CA,5A,6,01,C396,2174,1
199,00169E,2175,0000C398,000000EC,00,07,0C,B0,75,0175,03CB,5A,4,01,C398,2175,1
199,00169E,2176,0000C39A,000000ED,00,07,0D,B0,76,0176,03CB,5A,4,01,C39A,2176,1
199,00169E,2177,0000C39C,000000EE,00,07,0E,B0,77,0177,03CB,5A,6,01,C39C,2177,1
199,00169E,2178,0000C39E,000000EF,00,07,0F,B0,78,0178,03CB,5A,6,01,C39E,2178,1
199,00169E,2179,0000C3A0,000000F0,00,07,10,B0,79,0179,03CC,5A,4,01,C3A0,2179,1
199,00169E,2179,0000C3A2,000000F1,00,07,11,B0,79,0179,03CC,5A,4,01,C3A2,2179,1
199,00169E,2179,0000C3A4,000000F2,00,07,12,B0,79,0179,03CC,5A,6,01,C3A4,2179,1
199,00169E,217A,0000C3A6,000000F3,00,07,13,B0,7A,017A,03CC,5A,6,01,C3A6,217A,1
199,00169E,217B,0000C3A8,000000F4,00,07,14,B0,7B,017B,03CD,5A,4,01,C3A8,217B,1
199,00169E,2124,0000C3AA,000000F5,00,07,15,B0,24,0124,03CD,5A,4,01,C3AA,2124,1
199,00169E,2124,0000C3AC,000000F6,00,07,16,B0,24,0124,03CD,5A,6,01,C3AC,2124,1
199,00169E,2124,0000C3AE,000000F7,00,07,17,B0,24,0124,03CD,5A,6,01,C3AE,2124,1
199,00169E,2124,0000C3B0,000000F8,00,07,18,B0,24,0124,03CE,9A,4,01,C3B0,2124,1
199,00169E,2124,0000C3B2,000000F9,00,07,19,B0,24,0124,03CE,9A,4,01,C3B2,2124,1
199,00169E,41E2,0000C3B4,000000FA,00,07,1A,B0,E2,01E2,03CE,9A,6,02,C3B4,41E2,1
199,00169E,4124,0000C3B6,000000FB,00,07,1B,B0,24,0124,03CE,9A,6,02,C3B6,4124,1
199,00169E,4124,0000C3B8,000000FC,00,07,1C,B0,24,0124,03CF,22,4,02,C3B8,4124,1
199,00169E,4124,0000C3BA,000000FD,00,07,1D,B0,24,0124,03CF,22,4,02,C3BA,4124,1
199,00169E,01D6,0000C3BC,000000FE,00,07,1E,B0,D6,01D6,03CF,22,6,00,C3BC,01D6,1
199,00169E,01DB,0000C3BE,000000FF,00,07,1F,B0,DB,01DB,03CF,22,6,00,C3BE,01DB,1
199,00169E,01DE,0000C400,00000100,00,08,00,B0,DE,01DE,03D0,00,0,00,C400,01DE,1
199,00169E,01D8,0000C402,00000101,00,08,01,B0,D8,01D8,03D0,00,0,00,C402,01D8,1
199,00169E,01EF,0000C404,00000102,00,08,02,B0,EF,01EF,03D0,00,2,00,C404,01EF,1
199,00169E,0124,0000C406,00000103,00,08,03,B0,24,0124,03D0,00,2,00,C406,0124,1
199,00169E,4124,0000C408,00000104,00,08,04,B0,24,0124,03D1,66,0,02,C408,4124,1
199,00169E,41E2,0000C40A,00000105,00,08,05,B0,E2,01E2,03D1,66,0,02,C40A,41E2,1
199,00169E,2124,0000C40C,00000106,00,08,06,B0,24,0124,03D1,66,2,01,C40C,2124,1
199,00169E,217C,0000C40E,00000107,00,08,07,B0,7C,017C,03D1,66,2,01,C40E,217C,1
199,00169E,217D,0000C410,00000108,00,08,08,B0,7D,017D,03D2,55,0,01,C410,217D,1
199,00169E,217E,0000C412,00000109,00,08,09,B0,7E,017E,03D2,55,0,01,C412,217E,1
199,00169E,217F,0000C414,0000010A,00,08,0A,B0,7F,017F,03D2,55,2,01,C414,217F,1
199,00169E,2180,0000C416,0000010B,00,08,0B,B0,80,0180,03D2,55,2,01,C416,2180,1
199,00169E,2181,0000C418,0000010C,00,08,0C,B0,81,0181,03D3,55,0,01,C418,2181,1
199,00169E,2182,0000C41A,0000010D,00,08,0D,B0,82,0182,03D3,55,0,01,C41A,2182,1
199,00169E,2183,0000C41C,0000010E,00,08,0E,B0,83,0183,03D3,55,2,01,C41C,2183,1
199,00169E,2184,0000C41E,0000010F,00,08,0F,B0,84,0184,03D3,55,2,01,C41E,2184,1
199,00169E,2185,0000C420,00000110,00,08,10,B0,85,0185,03D4,55,0,01,C420,2185,1
199,00169E,2186,0000C422,00000111,00,08,11,B0,86,0186,03D4,55,0,01,C422,2186,1
199,00169E,2187,0000C424,00000112,00,08,12,B0,87,0187,03D4,55,2,01,C424,2187,1
199,00169E,2188,0000C426,00000113,00,08,13,B0,88,0188,03D4,55,2,01,C426,2188,1
199,00169E,2189,0000C428,00000114,00,08,14,B0,89,0189,03D5,55,0,01,C428,2189,1
199,00169E,218A,0000C42A,00000115,00,08,15,B0,8A,018A,03D5,55,0,01,C42A,218A,1
199,00169E,218B,0000C42C,00000116,00,08,16,B0,8B,018B,03D5,55,2,01,C42C,218B,1
199,00169E,2124,0000C42E,00000117,00,08,17,B0,24,0124,03D5,55,2,01,C42E,2124,1
199,00169E,2124,0000C430,00000118,00,08,18,B0,24,0124,03D6,99,0,01,C430,2124,1
199,00169E,2124,0000C432,00000119,00,08,19,B0,24,0124,03D6,99,0,01,C432,2124,1
199,00169E,41E3,0000C434,0000011A,00,08,1A,B0,E3,01E3,03D6,99,2,02,C434,41E3,1
199,00169E,4124,0000C436,0000011B,00,08,1B,B0,24,0124,03D6,99,2,02,C436,4124,1
199,00169E,0124,0000C438,0000011C,00,08,1C,B0,24,0124,03D7,00,0,00,C438,0124,1
199,00169E,0124,0000C43A,0000011D,00,08,1D,B0,24,0124,03D7,00,0,00,C43A,0124,1
199,00169E,01D6,0000C43C,0000011E,00,08,1E,B0,D6,01D6,03D7,00,2,00,C43C,01D6,1
199,00169E,01DF,0000C43E,0000011F,00,08,1F,B0,DF,01DF,03D7,00,2,00,C43E,01DF,1
199,00169E,01DC,0000C480,00000120,00,09,00,B0,DC,01DC,03D0,00,0,00,C480,01DC,1
199,00169E,01DA,0000C482,00000121,00,09,01,B0,DA,01DA,03D0,00,0,00,C482,01DA,1
199,00169E,01D7,0000C484,00000122,00,09,02,B0,D7,01D7,03D0,00,2,00,C484,01D7,1
199,00169E,0124,0000C486,00000123,00,09,03,B0,24,0124,03D0,00,2,00,C486,0124,1
199,00169E,4124,0000C488,00000124,00,09,04,B0,24,0124,03D1,66,0,02,C488,4124,1
199,00169E,41E3,0000C48A,00000125,00,09,05,B0,E3,01E3,03D1,66,0,02,C48A,41E3,1
199,00169E,2124,0000C48C,00000126,00,09,06,B0,24,0124,03D1,66,2,01,C48C,2124,1
199,00169E,218C,0000C48E,00000127,00,09,07,B0,8C,018C,03D1,66,2,01,C48E,218C,1
199,00169E,218D,0000C490,00000128,00,09,08,B0,8D,018D,03D2,55,0,01,C490,218D,1
199,00169E,218E,0000C492,00000129,00,09,09,B0,8E,018E,03D2,55,0,01,C492,218E,1
199,00169E,218F,0000C494,0000012A,00,09,0A,B0,8F,018F,03D2,55,2,01,C494,218F,1
199,00169E,2190,0000C496,0000012B,00,09,0B,B0,90,0190,03D2,55,2,01,C496,2190,1
199,00169E,2191,0000C498,0000012C,00,09,0C,B0,91,0191,03D3,55,0,01,C498,2191,1
199,00169E,2192,0000C49A,0000012D,00,09,0D,B0,92,0192,03D3,55,0,01,C49A,2192,1
199,00169E,2193,0000C49C,0000012E,00,09,0E,B0,93,0193,03D3,55,2,01,C49C,2193,1
199,00169E,2194,0000C49E,0000012F,00,09,0F,B0,94,0194,03D3,55,2,01,C49E,2194,1
199,00169E,2195,0000C4A0,00000130,00,09,10,B0,95,0195,03D4,55,0,01,C4A0,2195,1
199,00169E,2196,0000C4A2,00000131,00,09,11,B0,96,0196,03D4,55,0,01,C4A2,2196,1
199,00169E,2197,0000C4A4,00000132,00,09,12,B0,97,0197,03D4,55,2,01,C4A4,2197,1
199,00169E,2198,0000C4A6,00000133,00,09,13,B0,98,0198,03D4,55,2,01,C4A6,2198,1
199,00169E,2199,0000C4A8,00000134,00,09,14,B0,99,0199,03D5,55,0,01,C4A8,2199,1
199,00169E,219A,0000C4AA,00000135,00,09,15,B0,9A,019A,03D5,55,0,01,C4AA,219A,1
199,00169E,219B,0000C4AC,00000136,00,09,16,B0,9B,019B,03D5,55,2,01,C4AC,219B,1
199,00169E,219C,0000C4AE,00000137,00,09,17,B0,9C,019C,03D5,55,2,01,C4AE,219C,1
199,00169E,2124,0000C4B0,00000138,00,09,18,B0,24,0124,03D6,99,0,01,C4B0,2124,1
199,00169E,2124,0000C4B2,00000139,00,09,19,B0,24,0124,03D6,99,0,01,C4B2,2124,1
199,00169E,41E2,0000C4B4,0000013A,00,09,1A,B0,E2,01E2,03D6,99,2,02,C4B4,41E2,1
199,00169E,4124,0000C4B6,0000013B,00,09,1B,B0,24,0124,03D6,99,2,02,C4B6,4124,1
199,00169E,0124,0000C4B8,0000013C,00,09,1C,B0,24,0124,03D7,00,0,00,C4B8,0124,1
199,00169E,01D4,0000C4BA,0000013D,00,09,1D,B0,D4,01D4,03D7,00,0,00,C4BA,01D4,1
199,00169E,01D9,0000C4BC,0000013E,00,09,1E,B0,D9,01D9,03D7,00,2,00,C4BC,01D9,1
199,00169E,01DB,0000C4BE,0000013F,00,09,1F,B0,DB,01DB,03D7,00,2,00,C4BE,01DB,1
199,00169E,01DC,0000C500,00000140,00,0A,00,B0,DC,01DC,03D0,00,4,00,C500,01DC,1
199,00169E,01D9,0000C502,00000141,00,0A,01,B0,D9,01D9,03D0,00,4,00,C502,01D9,1
199,00169E,01EE,0000C504,00000142,00,0A,02,B0,EE,01EE,03D0,00,6,00,C504,01EE,1
199,00169E,0124,0000C506,00000143,00,0A,03,B0,24,0124,03D0,00,6,00,C506,0124,1
199,00169E,4124,0000C508,00000144,00,0A,04,B0,24,0124,03D1,66,4,02,C508,4124,1
199,00169E,41E2,0000C50A,00000145,00,0A,05,B0,E2,01E2,03D1,66,4,02,C50A,41E2,1
199,00169E,2124,0000C50C,00000146,00,0A,06,B0,24,0124,03D1,66,6,01,C50C,2124,1
199,00169E,219D,0000C50E,00000147,00,0A,07,B0,9D,019D,03D1,66,6,01,C50E,219D,1
199,00169E,219E,0000C510,00000148,00,0A,08,B0,9E,019E,03D2,55,4,01,C510,219E,1
199,00169E,219F,0000C512,00000149,00,0A,09,B0,9F,019F,03D2,55,4,01,C512,219F,1
199,00169E,21A0,0000C514,0000014A,00,0A,0A,B0,A0,01A0,03D2,55,6,01,C514,21A0,1
199,00169E,21A1,0000C516,0000014B,00,0A,0B,B0,A1,01A1,03D2,55,6,01,C516,21A1,1
199,00169E,21A2,0000C518,0000014C,00,0A,0C,B0,A2,01A2,03D3,55,4,01,C518,21A2,1
199,00169E,21A3,0000C51A,0000014D,00,0A,0D,B0,A3,01A3,03D3,55,4,01,C51A,21A3,1
199,00169E,21A4,0000C51C,0000014E,00,0A,0E,B0,A4,01A4,03D3,55,6,01,C51C,21A4,1
199,00169E,21A5,0000C51E,0000014F,00,0A,0F,B0,A5,01A5,03D3,55,6,01,C51E,21A5,1
199,00169E,21A6,0000C520,00000150,00,0A,10,B0,A6,01A6,03D4,55,4,01,C520,21A6,1
199,00169E,21A7,0000C522,00000151,00,0A,11,B0,A7,01A7,03D4,55,4,01,C522,21A7,1
199,00169E,21A8,0000C524,00000152,00,0A,12,B0,A8,01A8,03D4,55,6,01,C524,21A8,1
199,00169E,21A9,0000C526,00000153,00,0A,13,B0,A9,01A9,03D4,55,6,01,C526,21A9,1
199,00169E,21AA,0000C528,00000154,00,0A,14,B0,AA,01AA,03D5,55,4,01,C528,21AA,1
199,00169E,21AB,0000C52A,00000155,00,0A,15,B0,AB,01AB,03D5,55,4,01,C52A,21AB,1
199,00169E,21AC,0000C52C,00000156,00,0A,16,B0,AC,01AC,03D5,55,6,01,C52C,21AC,1
199,00169E,21AD,0000C52E,00000157,00,0A,17,B0,AD,01AD,03D5,55,6,01,C52E,21AD,1
199,00169E,21AE,0000C530,00000158,00,0A,18,B0,AE,01AE,03D6,99,4,01,C530,21AE,1
199,00169E,2124,0000C532,00000159,00,0A,19,B0,24,0124,03D6,99,4,01,C532,2124,1
199,00169E,41E3,0000C534,0000015A,00,0A,1A,B0,E3,01E3,03D6,99,6,02,C534,41E3,1
200,00169E,4124,0000C536,0000015B,00,0A,1B,B0,24,0124,03D6,99,6,02,C536,4124,1
200,00169E,0124,0000C538,0000015C,00,0A,1C,B0,24,0124,03D7,00,4,00,C538,0124,1
200,00169E,01D6,0000C53A,0000015D,00,0A,1D,B0,D6,01D6,03D7,00,4,00,C53A,01D6,1
200,00169E,01DB,0000C53C,0000015E,00,0A,1E,B0,DB,01DB,03D7,00,6,00,C53C,01DB,1
200,00169E,01DF,0000C53E,0000015F,00,0A,1F,B0,DF,01DF,03D7,00,6,00,C53E,01DF,1
200,00169E,01DE,0000C580,00000160,00,0B,00,B0,DE,01DE,03D0,00,4,00,C580,01DE,1
200,00169E,01DB,0000C582,00000161,00,0B,01,B0,DB,01DB,03D0,00,4,00,C582,01DB,1
200,00169E,01D7,0000C584,00000162,00,0B,02,B0,D7,01D7,03D0,00,6,00,C584,01D7,1
200,00169E,0124,0000C586,00000163,00,0B,03,B0,24,0124,03D0,00,6,00,C586,0124,1
200,00169E,4124,0000C588,00000164,00,0B,04,B0,24,0124,03D1,66,4,02,C588,4124,1
200,00169E,41E3,0000C58A,00000165,00,0B,05,B0,E3,01E3,03D1,66,4,02,C58A,41E3,1
200,00169E,2170,0000C58C,00000166,00,0B,06,B0,70,0170,03D1,66,6,01,C58C,2170,1
200,00169E,21AF,0000C58E,00000167,00,0B,07,B0,AF,01AF,03D1,66,6,01,C58E,21AF,1
200,00169E,21B0,0000C590,00000168,00,0B,08,B0,B0,01B0,03D2,55,4,01,C590,21B0,1
200,00169E,21B1,0000C592,00000169,00,0B,09,B0,B1,01B1,03D2,55,4,01,C592,21B1,1
200,00169E,21B2,0000C594,0000016A,00,0B,0A,B0,B2,01B2,03D2,55,6,01,C594,21B2,1
200,00169E,21B3,0000C596,0000016B,00,0B,0B,B0,B3,01B3,03D2,55,6,01,C596,21B3,1
200,00169E,21B4,0000C598,0000016C,00,0B,0C,B0,B4,01B4,03D3,55,4,01,C598,21B4,1
200,00169E,21B5,0000C59A,0000016D,00,0B,0D,B0,B5,01B5,03D3,55,4,01,C59A,21B5,1
200,00169E,21B6,0000C59C,0000016E,00,0B,0E,B0,B6,01B6,03D3,55,6,01,C59C,21B6,1
200,00169E,21B7,0000C59E,0000016F,00,0B,0F,B0,B7,01B7,03D3,55,6,01,C59E,21B7,1
200,00169E,21B8,0000C5A0,00000170,00,0B,10,B0,B8,01B8,03D4,55,4,01,C5A0,21B8,1
200,00169E,21B9,0000C5A2,00000171,00,0B,11,B0,B9,01B9,03D4,55,4,01,C5A2,21B9,1
200,00169E,21BA,0000C5A4,00000172,00,0B,12,B0,BA,01BA,03D4,55,6,01,C5A4,21BA,1
200,00169E,21BB,0000C5A6,00000173,00,0B,13,B0,BB,01BB,03D4,55,6,01,C5A6,21BB,1
200,00169E,21BC,0000C5A8,00000174,00,0B,14,B0,BC,01BC,03D5,55,4,01,C5A8,21BC,1
200,00169E,21BD,0000C5AA,00000175,00,0B,15,B0,BD,01BD,03D5,55,4,01,C5AA,21BD,1
200,00169E,21BE,0000C5AC,00000176,00,0B,16,B0,BE,01BE,03D5,55,6,01,C5AC,21BE,1
200,00169E,21BF,0000C5AE,00000177,00,0B,17,B0,BF,01BF,03D5,55,6,01,C5AE,21BF,1
200,00169E,21C0,0000C5B0,00000178,00,0B,18,B0,C0,01C0,03D6,99,4,01,C5B0,21C0,1
200,00169E,2124,0000C5B2,00000179,00,0B,19,B0,24,0124,03D6,99,4,01,C5B2,2124,1
200,00169E,41E2,0000C5B4,0000017A,00,0B,1A,B0,E2,01E2,03D6,99,6,02,C5B4,41E2,1
200,00169E,4124,0000C5B6,0000017B,00,0B,1B,B0,24,0124,03D6,99,6,02,C5B6,4124,1
200,00169E,0124,0000C5B8,0000017C,00,0B,1C,B0,24,0124,03D7,00,4,00,C5B8,0124,1
200,00169E,01D6,0000C5BA,0000017D,00,0B,1D,B0,D6,01D6,03D7,00,4,00,C5BA,01D6,1
200,00169E,01DB,0000C5BC,0000017E,00,0B,1E,B0,DB,01DB,03D7,00,6,00,C5BC,01DB,1
200,00169E,01DB,0000C5BE,0000017F,00,0B,1F,B0,DB,01DB,03D7,00,6,00,C5BE,01DB,1
200,00169E,01DC,0000C600,00000180,00,0C,00,B0,DC,01DC,03D8,00,0,00,C600,01DC,1
200,00169E,01DD,0000C602,00000181,00,0C,01,B0,DD,01DD,03D8,00,0,00,C602,01DD,1
200,00169E,01D7,0000C604,00000182,00,0C,02,B0,D7,01D7,03D8,00,2,00,C604,01D7,1
200,00169E,0124,0000C606,00000183,00,0C,03,B0,24,0124,03D8,00,2,00,C606,0124,1
200,00169E,4124,0000C608,00000184,00,0C,04,B0,24,0124,03D9,6E,0,02,C608,4124,1
200,00169E,41E2,0000C60A,00000185,00,0C,05,B0,E2,01E2,03D9,6E,0,02,C60A,41E2,1
200,00169E,6124,0000C60C,00000186,00,0C,06,B0,24,0124,03D9,6E,2,03,C60C,6124,1
200,00169E,6124,0000C60E,00000187,00,0C,07,B0,24,0124,03D9,6E,2,03,C60E,6124,1
200,00169E,6124,0000C610,00000188,00,0C,08,B0,24,0124,03DA,5F,0,03,C610,6124,1
200,00169E,6124,0000C612,00000189,00,0C,09,B0,24,0124,03DA,5F,0,03,C612,6124,1
200,00169E,6124,0000C614,0000018A,00,0C,0A,B0,24,0124,03DA,5F,2,03,C614,6124,1
200,00169E,6124,0000C616,0000018B,00,0C,0B,B0,24,0124,03DA,5F,2,03,C616,6124,1
200,00169E,2124,0000C618,0000018C,00,0C,0C,B0,24,0124,03DB,55,0,01,C618,2124,1
200,00169E,21C1,0000C61A,0000018D,00,0C,0D,B0,C1,01C1,03DB,55,0,01,C61A,21C1,1
200,00169E,21C2,0000C61C,0000018E,00,0C,0E,B0,C2,01C2,03DB,55,2,01,C61C,21C2,1
200,00169E,21C3,0000C61E,0000018F,00,0C,0F,B0,C3,01C3,03DB,55,2,01,C61E,21C3,1
200,00169E,21C4,0000C620,00000190,00,0C,10,B0,C4,01C4,03DC,5D,0,01,C620,21C4,1
200,00169E,21C5,0000C622,00000191,00,0C,11,B0,C5,01C5,03DC,5D,0,01,C622,21C5,1
200,00169E,6124,0000C624,00000192,00,0C,12,B0,24,0124,03DC,5D,2,03,C624,6124,1
200,00169E,6124,0000C626,00000193,00,0C,13,B0,24,0124,03DC,5D,2,03,C626,6124,1
200,00169E,6124,0000C628,00000194,00,0C,14,B0,24,0124,03DD,DF,0,03,C628,6124,1
200,00169E,6124,0000C62A,00000195,00,0C,15,B0,24,0124,03DD,DF,0,03,C62A,6124,1
200,00169E,6124,0000C62C,00000196,00,0C,16,B0,24,0124,03DD,DF,2,03,C62C,6124,1
200,00169E,6124,0000C62E,00000197,00,0C,17,B0,24,0124,03DD,DF,2,03,C62E,6124,1
200,00169E,6124,0000C630,00000198,00,0C,18,B0,24,0124,03DE,BB,0,03,C630,6124,1
200,00169E,6124,0000C632,00000199,00,0C,19,B0,24,0124,03DE,BB,0,03,C632,6124,1
200,00169E,41E3,0000C634,0000019A,00,0C,1A,B0,E3,01E3,03DE,BB,2,02,C634,41E3,1
200,00169E,4124,0000C636,0000019B,00,0C,1B,B0,24,0124,03DE,BB,2,02,C636,4124,1
200,00169E,0124,0000C638,0000019C,00,0C,1C,B0,24,0124,03DF,00,0,00,C638,0124,1
200,00169E,01D6,0000C63A,0000019D,00,0C,1D,B0,D6,01D6,03DF,00,0,00,C63A,01D6,1
200,00169E,01DB,0000C63C,0000019E,00,0C,1E,B0,DB,01DB,03DF,00,2,00,C63C,01DB,1
200,00169E,01DF,0000C63E,0000019F,00,0C,1F,B0,DF,01DF,03DF,00,2,00,C63E,01DF,1
200,00169E,01DE,0000C680,000001A0,00,0D,00,B0,DE,01DE,03D8,00,0,00,C680,01DE,1
200,00169E,01DB,0000C682,000001A1,00,0D,01,B0,DB,01DB,03D8,00,0,00,C682,01DB,1
200,00169E,01EE,0000C684,000001A2,00,0D,02,B0,EE,01EE,03D8,00,2,00,C684,01EE,1
200,00169E,0124,0000C686,000001A3,00,0D,03,B0,24,0124,03D8,00,2,00,C686,0124,1
200,00169E,4124,0000C688,000001A4,00,0D,04,B0,24,0124,03D9,6E,0,02,C688,4124,1
200,00169E,41E3,0000C68A,000001A5,00,0D,05,B0,E3,01E3,03D9,6E,0,02,C68A,41E3,1
200,00169E,6124,0000C68C,000001A6,00,0D,06,B0,24,0124,03D9,6E,2,03,C68C,6124,1
200,00169E,61C6,0000C68E,000001A7,00,0D,07,B0,C6,01C6,03D9,6E,2,03,C68E,61C6,1
200,00169E,61C7,0000C690,000001A8,00,0D,08,B0,C7,01C7,03DA,5F,0,03,C690,61C7,1
200,00169E,61C8,0000C692,000001A9,00,0D,09,B0,C8,01C8,03DA,5F,0,03,C692,61C8,1
200,00169E,61C8,0000C694,000001AA,00,0D,0A,B0,C8,01C8,03DA,5F,2,03,C694,61C8,1
200,00169E,61C8,0000C696,000001AB,00,0D,0B,B0,C8,01C8,03DA,5F,2,03,C696,61C8,1
200,00169E,2124,0000C698,000001AC,00,0D,0C,B0,24,0124,03DB,55,0,01,C698,2124,1
200,00169E,21C9,0000C69A,000001AD,00,0D,0D,B0,C9,01C9,03DB,55,0,01,C69A,21C9,1
200,00169E,21CA,0000C69C,000001AE,00,0D,0E,B0,CA,01CA,03DB,55,2,01,C69C,21CA,1
200,00169E,21CB,0000C69E,000001AF,00,0D,0F,B0,CB,01CB,03DB,55,2,01,C69E,21CB,1
200,00169E,21CC,0000C6A0,000001B0,00,0D,10,B0,CC,01CC,03DC,5D,0,01,C6A0,21CC,1
200,00169E,21CD,0000C6A2,000001B1,00,0D,11,B0,CD,01CD,03DC,5D,0,01,C6A2,21CD,1
200,00169E,61C8,0000C6A4,000001B2,00,0D,12,B0,C8,01C8,03DC,5D,2,03,C6A4,61C8,1
200,00169E,61C8,0000C6A6,000001B3,00,0D,13,B0,C8,01C8,03DC,5D,2,03,C6A6,61C8,1
200,00169E,61C8,0000C6A8,000001B4,00,0D,14,B0,C8,01C8,03DD,DF,0,03,C6A8,61C8,1
200,00169E,61C8,0000C6AA,000001B5,00,0D,15,B0,C8,01C8,03DD,DF,0,03,C6AA,61C8,1
200,00169E,61E8,0000C6AC,000001B6,00,0D,16,B0,E8,01E8,03DD,DF,2,03,C6AC,61E8,1
200,00169E,61E9,0000C6AE,000001B7,00,0D,17,B0,E9,01E9,03DD,DF,2,03,C6AE,61E9,1
200,00169E,61D3,0000C6B0,000001B8,00,0D,18,B0,D3,01D3,03DE,BB,0,03,C6B0,61D3,1
200,00169E,6124,0000C6B2,000001B9,00,0D,19,B0,24,0124,03DE,BB,0,03,C6B2,6124,1
200,00169E,41E2,0000C6B4,000001BA,00,0D,1A,B0,E2,01E2,03DE,BB,2,02,C6B4,41E2,1
200,00169E,4124,0000C6B6,000001BB,00,0D,1B,B0,24,0124,03DE,BB,2,02,C6B6,4124,1
200,00169E,0124,0000C6B8,000001BC,00,0D,1C,B0,24,0124,03DF,00,0,00,C6B8,0124,1
200,00169E,01D6,0000C6BA,000001BD,00,0D,1D,B0,D6,01D6,03DF,00,0,00,C6BA,01D6,1
200,00169E,01DB,0000C6BC,000001BE,00,0D,1E,B0,DB,01DB,03DF,00,2,00,C6BC,01DB,1
200,00169E,01DB,0000C6BE,000001BF,00,0D,1F,B0,DB,01DB,03DF,00,2,00,C6BE,01DB,1
200,00169E,01DC,0000C700,000001C0,00,0E,00,B0,DC,01DC,03D8,00,4,00,C700,01DC,1
200,00169E,01DB,0000C702,000001C1,00,0E,01,B0,DB,01DB,03D8,00,4,00,C702,01DB,1
200,00169E,01D7,0000C704,000001C2,00,0E,02,B0,D7,01D7,03D8,00,6,00,C704,01D7,1
200,00169E,0124,0000C706,000001C3,00,0E,03,B0,24,0124,03D8,00,6,00,C706,0124,1
200,00169E,4124,0000C708,000001C4,00,0E,04,B0,24,0124,03D9,6E,4,02,C708,4124,1
200,00169E,41E2,0000C70A,000001C5,00,0E,05,B0,E2,01E2,03D9,6E,4,02,C70A,41E2,1
200,00169E,2124,0000C70C,000001C6,00,0E,06,B0,24,0124,03D9,6E,6,01,C70C,2124,1
200,00169E,2124,0000C70E,000001C7,00,0E,07,B0,24,0124,03D9,6E,6,01,C70E,2124,1
200,00169E,2124,0000C710,000001C8,00,0E,08,B0,24,0124,03DA,5F,4,01,C710,2124,1
200,00169E,2124,0000C712,000001C9,00,0E,09,B0,24,0124,03DA,5F,4,01,C712,2124,1
200,00169E,2124,0000C714,000001CA,00,0E,0A,B0,24,0124,03DA,5F,6,01,C714,2124,1
200,00169E,2124,0000C716,000001CB,00,0E,0B,B0,24,0124,03DA,5F,6,01,C716,2124,1
200,00169E,2124,0000C718,000001CC,00,0E,0C,B0,24,0124,03DB,55,4,01,C718,2124,1
200,00169E,2124,0000C71A,000001CD,00,0E,0D,B0,24,0124,03DB,55,4,01,C71A,2124,1
200,00169E,2124,0000C71C,000001CE,00,0E,0E,B0,24,0124,03DB,55,6,01,C71C,2124,1
200,00169E,21CE,0000C71E,000001CF,00,0E,0F,B0,CE,01CE,03DB,55,6,01,C71E,21CE,1
200,00169E,21CF,0000C720,000001D0,00,0E,10,B0,CF,01CF,03DC,5D,4,01,C720,21CF,1
200,00169E,2124,0000C722,000001D1,00,0E,11,B0,24,0124,03DC,5D,4,01,C722,2124,1
200,00169E,2124,0000C724,000001D2,00,0E,12,B0,24,0124,03DC,5D,6,01,C724,2124,1
200,00169E,2124,0000C726,000001D3,00,0E,13,B0,24,0124,03DC,5D,6,01,C726,2124,1
200,00169E,2124,0000C728,000001D4,00,0E,14,B0,24,0124,03DD,DF,4,01,C728,2124,1
200,00169E,2124,0000C72A,000001D5,00,0E,15,B0,24,0124,03DD,DF,4,01,C72A,2124,1
200,00169E,61EA,0000C72C,000001D6,00,0E,16,B0,EA,01EA,03DD,DF,6,03,C72C,61EA,1
200,00169E,61EB,0000C72E,000001D7,00,0E,17,B0,EB,01EB,03DD,DF,6,03,C72E,61EB,1
200,00169E,61EC,0000C730,000001D8,00,0E,18,B0,EC,01EC,03DE,BB,4,03,C730,61EC,1
200,00169E,6124,0000C732,000001D9,00,0E,19,B0,24,0124,03DE,BB,4,03,C732,6124,1
200,00169E,41E3,0000C734,000001DA,00,0E,1A,B0,E3,01E3,03DE,BB,6,02,C734,41E3,1
200,00169E,4124,0000C736,000001DB,00,0E,1B,B0,24,0124,03DE,BB,6,02,C736,4124,1
200,00169E,0124,0000C738,000001DC,00,0E,1C,B0,24,0124,03DF,00,4,00,C738,0124,1
200,00169E,01D6,0000C73A,000001DD,00,0E,1D,B0,D6,01D6,03DF,00,4,00,C73A,01D6,1
200,00169E,01DB,0000C73C,000001DE,00,0E,1E,B0,DB,01DB,03DF,00,6,00,C73C,01DB,1
200,00169E,01DF,0000C73E,000001DF,00,0E,1F,B0,DF,01DF,03DF,00,6,00,C73E,01DF,1
200,00169E,01DC,0000C780,000001E0,00,0F,00,B0,DC,01DC,03D8,00,4,00,C780,01DC,1
200,00169E,01DB,0000C782,000001E1,00,0F,01,B0,DB,01DB,03D8,00,4,00,C782,01DB,1
200,00169E,01D7,0000C784,000001E2,00,0F,02,B0,D7,01D7,03D8,00,6,00,C784,01D7,1
200,00169E,0124,0000C786,000001E3,00,0F,03,B0,24,0124,03D8,00,6,00,C786,0124,1
200,00169E,4124,0000C788,000001E4,00,0F,04,B0,24,0124,03D9,6E,4,02,C788,4124,1
200,00169E,41E3,0000C78A,000001E5,00,0F,05,B0,E3,01E3,03D9,6E,4,02,C78A,41E3,1
200,00169E,2124,0000C78C,000001E6,00,0F,06,B0,24,0124,03D9,6E,6,01,C78C,2124,1
200,00169E,2124,0000C78E,000001E7,00,0F,07,B0,24,0124,03D9,6E,6,01,C78E,2124,1
200,00169E,2124,0000C790,000001E8,00,0F,08,B0,24,0124,03DA,5F,4,01,C790,2124,1
200,00169E,2124,0000C792,000001E9,00,0F,09,B0,24,0124,03DA,5F,4,01,C792,2124,1
200,00169E,2124,0000C794,000001EA,00,0F,0A,B0,24,0124,03DA,5F,6,01,C794,2124,1
200,00169E,2124,0000C796,000001EB,00,0F,0B,B0,24,0124,03DA,5F,6,01,C796,2124,1
200,00169E,2124,0000C798,000001EC,00,0F,0C,B0,24,0124,03DB,55,4,01,C798,2124,1
200,00169E,2124,0000C79A,000001ED,00,0F,0D,B0,24,0124,03DB,55,4,01,C79A,2124,1
200,00169E,2124,0000C79C,000001EE,00,0F,0E,B0,24,0124,03DB,55,6,01,C79C,2124,1
200,00169E,21D1,0000C79E,000001EF,00,0F,0F,B0,D1,01D1,03DB,55,6,01,C79E,21D1,1
200,00169E,21D2,0000C7A0,000001F0,00,0F,10,B0,D2,01D2,03DC,5D,4,01,C7A0,21D2,1
200,00169E,2124,0000C7A2,000001F1,00,0F,11,B0,24,0124,03DC,5D,4,01,C7A2,2124,1
200,00169E,2124,0000C7A4,000001F2,00,0F,12,B0,24,0124,03DC,5D,6,01,C7A4,2124,1
200,00169E,2124,0000C7A6,000001F3,00,0F,13,B0,24,0124,03DC,5D,6,01,C7A6,2124,1
200,00169E,2124,0000C7A8,000001F4,00,0F,14,B0,24,0124,03DD,DF,4,01,C7A8,2124,1
200,00169E,2124,0000C7AA,000001F5,00,0F,15,B0,24,0124,03DD,DF,4,01,C7AA,2124,1
200,00169E,6124,0000C7AC,000001F6,00,0F,16,B0,24,0124,03DD,DF,6,03,C7AC,6124,1
200,00169E,6124,0000C7AE,000001F7,00,0F,17,B0,24,0124,03DD,DF,6,03,C7AE,6124,1
200,00169E,6124,0000C7B0,000001F8,00,0F,18,B0,24,0124,03DE,BB,4,03,C7B0,6124,1
200,00169E,6124,0000C7B2,000001F9,00,0F,19,B0,24,0124,03DE,BB,4,03,C7B2,6124,1
200,00169E,41E2,0000C7B4,000001FA,00,0F,1A,B0,E2,01E2,03DE,BB,6,02,C7B4,41E2,1
200,00169E,4124,0000C7B6,000001FB,00,0F,1B,B0,24,0124,03DE,BB,6,02,C7B6,4124,1
200,00169E,0124,0000C7B8,000001FC,00,0F,1C,B0,24,0124,03DF,00,4,00,C7B8,0124,1
200,00169E,01D6,0000C7BA,000001FD,00,0F,1D,B0,D6,01D6,03DF,00,4,00,C7BA,01D6,1
200,00169E,01DB,0000C7BC,000001FE,00,0F,1E,B0,DB,01DB,03DF,00,6,00,C7BC,01DB,1
200,00169E,01DB,0000C7BE,000001FF,00,0F,1F,B0,DB,01DB,03DF,00,6,00,C7BE,01DB,1
200,00169E,01DC,0000C800,00000200,00,10,00,B0,DC,01DC,03E0,00,0,00,C800,01DC,1
200,00169E,01D8,0000C802,00000201,00,10,01,B0,D8,01D8,03E0,00,0,00,C802,01D8,1
200,00169E,01E1,0000C804,00000202,00,10,02,B0,E1,01E1,03E0,00,2,00,C804,01E1,1
200,00169E,01D5,0000C806,00000203,00,10,03,B0,D5,01D5,03E0,00,2,00,C806,01D5,1
200,00169E,4124,0000C808,00000204,00,10,04,B0,24,0124,03E1,0A,0,02,C808,4124,1
200,00169E,41E6,0000C80A,00000205,00,10,05,B0,E6,01E6,03E1,0A,0,02,C80A,41E6,1
200,00169E,41E4,0000C80C,00000206,00,10,06,B0,E4,01E4,03E1,0A,2,02,C80C,41E4,1
200,00169E,41E5,0000C80E,00000207,00,10,07,B0,E5,01E5,03E1,0A,2,02,C80E,41E5,1
200,00169E,41E4,0000C810,00000208,00,10,08,B0,E4,01E4,03E2,0A,0,02,C810,41E4,1
200,00169E,41E5,0000C812,00000209,00,10,09,B0,E5,01E5,03E2,0A,0,02,C812,41E5,1
200,00169E,41E4,0000C814,0000020A,00,10,0A,B0,E4,01E4,03E2,0A,2,02,C814,41E4,1
200,00169E,41E5,0000C816,0000020B,00,10,0B,B0,E5,01E5,03E2,0A,2,02,C816,41E5,1
200,00169E,41E4,0000C818,0000020C,00,10,0C,B0,E4,01E4,03E3,0A,0,02,C818,41E4,1
200,00169E,41E5,0000C81A,0000020D,00,10,0D,B0,E5,01E5,03E3,0A,0,02,C81A,41E5,1
200,00169E,41E4,0000C81C,0000020E,00,10,0E,B0,E4,01E4,03E3,0A,2,02,C81C,41E4,1
200,00169E,41E5,0000C81E,0000020F,00,10,0F,B0,E5,01E5,03E3,0A,2,02,C81E,41E5,1
200,00169E,41E4,0000C820,00000210,00,10,10,B0,E4,01E4,03E4,0A,0,02,C820,41E4,1
200,00169E,41E5,0000C822,00000211,00,10,11,B0,E5,01E5,03E4,0A,0,02,C822,41E5,1
200,00169E,41E4,0000C824,00000212,00,10,12,B0,E4,01E4,03E4,0A,2,02,C824,41E4,1
200,00169E,41E5,0000C826,00000213,00,10,13,B0,E5,01E5,03E4,0A,2,02,C826,41E5,1
201,00169E,41E4,0000C828,00000214,00,10,14,B0,E4,01E4,03E5,0A,0,02,C828,41E4,1
201,00169E,41E5,0000C82A,00000215,00,10,15,B0,E5,01E5,03E5,0A,0,02,C82A,41E5,1
201,00169E,41E4,0000C82C,00000216,00,10,16,B0,E4,01E4,03E5,0A,2,02,C82C,41E4,1
201,00169E,41E5,0000C82E,00000217,00,10,17,B0,E5,01E5,03E5,0A,2,02,C82E,41E5,1
201,00169E,41E4,0000C830,00000218,00,10,18,B0,E4,01E4,03E6,0A,0,02,C830,41E4,1
201,00169E,41E5,0000C832,00000219,00,10,19,B0,E5,01E5,03E6,0A,0,02,C832,41E5,1
201,00169E,41E6,0000C834,0000021A,00,10,1A,B0,E6,01E6,03E6,0A,2,02,C834,41E6,1
201,00169E,4124,0000C836,0000021B,00,10,1B,B0,24,0124,03E6,0A,2,02,C836,4124,1
201,00169E,01D4,0000C838,0000021C,00,10,1C,B0,D4,01D4,03E7,00,0,00,C838,01D4,1
201,00169E,01E1,0000C83A,0000021D,00,10,1D,B0,E1,01E1,03E7,00,0,00,C83A,01E1,1
201,00169E,01D9,0000C83C,0000021E,00,10,1E,B0,D9,01D9,03E7,00,2,00,C83C,01D9,1
201,00169E,01DD,0000C83E,0000021F,00,10,1F,B0,DD,01DD,03E7,00,2,00,C83E,01DD,1
201,00169E,01DC,0000C880,00000220,00,11,00,B0,DC,01DC,03E0,00,0,00,C880,01DC,1
201,00169E,01DA,0000C882,00000221,00,11,01,B0,DA,01DA,03E0,00,0,00,C882,01DA,1
201,00169E,01DC,0000C884,00000222,00,11,02,B0,DC,01DC,03E0,00,2,00,C884,01DC,1
201,00169E,01D7,0000C886,00000223,00,11,03,B0,D7,01D7,03E0,00,2,00,C886,01D7,1
201,00169E,4124,0000C888,00000224,00,11,04,B0,24,0124,03E1,0A,0,02,C888,4124,1
201,00169E,4124,0000C88A,00000225,00,11,05,B0,24,0124,03E1,0A,0,02,C88A,4124,1
201,00169E,4124,0000C88C,00000226,00,11,06,B0,24,0124,03E1,0A,2,02,C88C,4124,1
201,00169E,4124,0000C88E,00000227,00,11,07,B0,24,0124,03E1,0A,2,02,C88E,4124,1
201,00169E,4124,0000C890,00000228,00,11,08,B0,24,0124,03E2,0A,0,02,C890,4124,1
201,00169E,4124,0000C892,00000229,00,11,09,B0,24,0124,03E2,0A,0,02,C892,4124,1
201,00169E,4124,0000C894,0000022A,00,11,0A,B0,24,0124,03E2,0A,2,02,C894,4124,1
201,00169E,4124,0000C896,0000022B,00,11,0B,B0,24,0124,03E2,0A,2,02,C896,4124,1
201,00169E,4124,0000C898,0000022C,00,11,0C,B0,24,0124,03E3,0A,0,02,C898,4124,1
201,00169E,41F0,0000C89A,0000022D,00,11,0D,B0,F0,01F0,03E3,0A,0,02,C89A,41F0,1
201,00169E,4101,0000C89C,0000022E,00,11,0E,B0,01,0101,03E3,0A,2,02,C89C,4101,1
201,00169E,4109,0000C89E,0000022F,00,11,0F,B0,09,0109,03E3,0A,2,02,C89E,4109,1
201,00169E,4108,0000C8A0,00000230,00,11,10,B0,08,0108,03E4,0A,0,02,C8A0,4108,1
201,00169E,4106,0000C8A2,00000231,00,11,11,B0,06,0106,03E4,0A,0,02,C8A2,4106,1
201,00169E,4124,0000C8A4,00000232,00,11,12,B0,24,0124,03E4,0A,2,02,C8A4,4124,1
201,00169E,4117,0000C8A6,00000233,00,11,13,B0,17,0117,03E4,0A,2,02,C8A6,4117,1
201,00169E,4112,0000C8A8,00000234,00,11,14,B0,12,0112,03E5,0A,0,02,C8A8,4112,1
201,00169E,4117,0000C8AA,00000235,00,11,15,B0,17,0117,03E5,0A,0,02,C8AA,4117,1
201,00169E,411D,0000C8AC,00000236,00,11,16,B0,1D,011D,03E5,0A,2,02,C8AC,411D,1
201,00169E,410E,0000C8AE,00000237,00,11,17,B0,0E,010E,03E5,0A,2,02,C8AE,410E,1
201,00169E,4117,0000C8B0,00000238,00,11,18,B0,17,0117,03E6,0A,0,02,C8B0,4117,1
201,00169E,410D,0000C8B2,00000239,00,11,19,B0,0D,010D,03E6,0A,0,02,C8B2,410D,1
201,00169E,4118,0000C8B4,0000023A,00,11,1A,B0,18,0118,03E6,0A,2,02,C8B4,4118,1
201,00169E,4124,0000C8B6,0000023B,00,11,1B,B0,24,0124,03E6,0A,2,02,C8B6,4124,1
201,00169E,01D6,0000C8B8,0000023C,00,11,1C,B0,D6,01D6,03E7,00,0,00,C8B8,01D6,1
201,00169E,01DC,0000C8BA,0000023D,00,11,1D,B0,DC,01DC,03E7,00,0,00,C8BA,01DC,1
201,00169E,01DB,0000C8BC,0000023E,00,11,1E,B0,DB,01DB,03E7,00,2,00,C8BC,01DB,1
201,00169E,01DF,0000C8BE,0000023F,00,11,1F,B0,DF,01DF,03E7,00,2,00,C8BE,01DF,1
201,00169E,01DC,0000C900,00000240,00,12,00,B0,DC,01DC,03E0,00,4,00,C900,01DC,1
201,00169E,01DA,0000C902,00000241,00,12,01,B0,DA,01DA,03E0,00,4,00,C902,01DA,1
201,00169E,01DC,0000C904,00000242,00,12,02,B0,DC,01DC,03E0,00,6,00,C904,01DC,1
201,00169E,01EE,0000C906,00000243,00,12,03,B0,EE,01EE,03E0,00,6,00,C906,01EE,1
201,00169E,0124,0000C908,00000244,00,12,04,B0,24,0124,03E1,0A,4,00,C908,0124,1
201,00169E,0124,0000C90A,00000245,00,12,05,B0,24,0124,03E1,0A,4,00,C90A,0124,1
201,00169E,0124,0000C90C,00000246,00,12,06,B0,24,0124,03E1,0A,6,00,C90C,0124,1
201,00169E,0124,0000C90E,00000247,00,12,07,B0,24,0124,03E1,0A,6,00,C90E,0124,1
201,00169E,0124,0000C910,00000248,00,12,08,B0,24,0124,03E2,0A,4,00,C910,0124,1
201,00169E,0124,0000C912,00000249,00,12,09,B0,24,0124,03E2,0A,4,00,C912,0124,1
201,00169E,0124,0000C914,0000024A,00,12,0A,B0,24,0124,03E2,0A,6,00,C914,0124,1
201,00169E,0124,0000C916,0000024B,00,12,0B,B0,24,0124,03E2,0A,6,00,C916,0124,1
201,00169E,0124,0000C918,0000024C,00,12,0C,B0,24,0124,03E3,0A,4,00,C918,0124,1
201,00169E,0124,0000C91A,0000024D,00,12,0D,B0,24,0124,03E3,0A,4,00,C91A,0124,1
201,00169E,0124,0000C91C,0000024E,00,12,0E,B0,24,0124,03E3,0A,6,00,C91C,0124,1
201,00169E,0124,0000C91E,0000024F,00,12,0F,B0,24,0124,03E3,0A,6,00,C91E,0124,1
201,00169E,0124,0000C920,00000250,00,12,10,B0,24,0124,03E4,0A,4,00,C920,0124,1
201,00169E,0124,0000C922,00000251,00,12,11,B0,24,0124,03E4,0A,4,00,C922,0124,1
201,00169E,0124,0000C924,00000252,00,12,12,B0,24,0124,03E4,0A,6,00,C924,0124,1
201,00169E,0124,0000C926,00000253,00,12,13,B0,24,0124,03E4,0A,6,00,C926,0124,1
201,00169E,0124,0000C928,00000254,00,12,14,B0,24,0124,03E5,0A,4,00,C928,0124,1
201,00169E,0124,0000C92A,00000255,00,12,15,B0,24,0124,03E5,0A,4,00,C92A,0124,1
201,00169E,0124,0000C92C,00000256,00,12,16,B0,24,0124,03E5,0A,6,00,C92C,0124,1
201,00169E,0124,0000C92E,00000257,00,12,17,B0,24,0124,03E5,0A,6,00,C92E,0124,1
201,00169E,0124,0000C930,00000258,00,12,18,B0,24,0124,03E6,0A,4,00,C930,0124,1
201,00169E,0124,0000C932,00000259,00,12,19,B0,24,0124,03E6,0A,4,00,C932,0124,1
201,00169E,0124,0000C934,0000025A,00,12,1A,B0,24,0124,03E6,0A,6,00,C934,0124,1
201,00169E,0124,0000C936,0000025B,00,12,1B,B0,24,0124,03E6,0A,6,00,C936,0124,1
201,00169E,01D6,0000C938,0000025C,00,12,1C,B0,D6,01D6,03E7,00,4,00,C938,01D6,1
201,00169E,01DE,0000C93A,0000025D,00,12,1D,B0,DE,01DE,03E7,00,4,00,C93A,01DE,1
201,00169E,01ED,0000C93C,0000025E,00,12,1E,B0,ED,01ED,03E7,00,6,00,C93C,01ED,1
201,00169E,01DD,0000C93E,0000025F,00,12,1F,B0,DD,01DD,03E7,00,6,00,C93E,01DD,1
201,00169E,01DC,0000C980,00000260,00,13,00,B0,DC,01DC,03E0,00,4,00,C980,01DC,1
201,00169E,01DA,0000C982,00000261,00,13,01,B0,DA,01DA,03E0,00,4,00,C982,01DA,1
201,00169E,01DE,0000C984,00000262,00,13,02,B0,DE,01DE,03E0,00,6,00,C984,01DE,1
201,00169E,01D7,0000C986,00000263,00,13,03,B0,D7,01D7,03E0,00,6,00,C986,01D7,1
201,00169E,0124,0000C988,00000264,00,13,04,B0,24,0124,03E1,0A,4,00,C988,0124,1
201,00169E,0124,0000C98A,00000265,00,13,05,B0,24,0124,03E1,0A,4,00,C98A,0124,1
201,00169E,0124,0000C98C,00000266,00,13,06,B0,24,0124,03E1,0A,6,00,C98C,0124,1
201,00169E,0124,0000C98E,00000267,00,13,07,B0,24,0124,03E1,0A,6,00,C98E,0124,1
201,00169E,0124,0000C990,00000268,00,13,08,B0,24,0124,03E2,0A,4,00,C990,0124,1
201,00169E,0124,0000C992,00000269,00,13,09,B0,24,0124,03E2,0A,4,00,C992,0124,1
201,00169E,0124,0000C994,0000026A,00,13,0A,B0,24,0124,03E2,0A,6,00,C994,0124,1
201,00169E,0124,0000C996,0000026B,00,13,0B,B0,24,0124,03E2,0A,6,00,C996,0124,1
201,00169E,0124,0000C998,0000026C,00,13,0C,B0,24,0124,03E3,0A,4,00,C998,0124,1
201,00169E,0124,0000C99A,0000026D,00,13,0D,B0,24,0124,03E3,0A,4,00,C99A,0124,1
201,00169E,0124,0000C99C,0000026E,00,13,0E,B0,24,0124,03E3,0A,6,00,C99C,0124,1
201,00169E,0124,0000C99E,0000026F,00,13,0F,B0,24,0124,03E3,0A,6,00,C99E,0124,1
201,00169E,0124,0000C9A0,00000270,00,13,10,B0,24,0124,03E4,0A,4,00,C9A0,0124,1
201,00169E,0124,0000C9A2,00000271,00,13,11,B0,24,0124,03E4,0A,4,00,C9A2,0124,1
201,00169E,0124,0000C9A4,00000272,00,13,12,B0,24,0124,03E4,0A,6,00,C9A4,0124,1
201,00169E,0124,0000C9A6,00000273,00,13,13,B0,24,0124,03E4,0A,6,00,C9A6,0124,1
201,00169E,0124,0000C9A8,00000274,00,13,14,B0,24,0124,03E5,0A,4,00,C9A8,0124,1
201,00169E,0124,0000C9AA,00000275,00,13,15,B0,24,0124,03E5,0A,4,00,C9AA,0124,1
201,00169E,0124,0000C9AC,00000276,00,13,16,B0,24,0124,03E5,0A,6,00,C9AC,0124,1
201,00169E,0124,0000C9AE,00000277,00,13,17,B0,24,0124,03E5,0A,6,00,C9AE,0124,1
201,00169E,0124,0000C9B0,00000278,00,13,18,B0,24,0124,03E6,0A,4,00,C9B0,0124,1
201,00169E,0124,0000C9B2,00000279,00,13,19,B0,24,0124,03E6,0A,4,00,C9B2,0124,1
201,00169E,0124,0000C9B4,0000027A,00,13,1A,B0,24,0124,03E6,0A,6,00,C9B4,0124,1
201,00169E,0124,0000C9B6,0000027B,00,13,1B,B0,24,0124,03E6,0A,6,00,C9B6,0124,1
201,00169E,01D6,0000C9B8,0000027C,00,13,1C,B0,D6,01D6,03E7,00,4,00,C9B8,01D6,1
201,00169E,01DE,0000C9BA,0000027D,00,13,1D,B0,DE,01DE,03E7,00,4,00,C9BA,01DE,1
201,00169E,01DB,0000C9BC,0000027E,00,13,1E,B0,DB,01DB,03E7,00,6,00,C9BC,01DB,1
201,00169E,01DD,0000C9BE,0000027F,00,13,1F,B0,DD,01DD,03E7,00,6,00,C9BE,01DD,1
201,00169E,01E1,0000CA00,00000280,00,14,00,B0,E1,01E1,03E8,00,0,00,CA00,01E1,1
201,00169E,01D9,0000CA02,00000281,00,14,01,B0,D9,01D9,03E8,00,0,00,CA02,01D9,1
201,00169E,01DC,0000CA04,00000282,00,14,02,B0,DC,01DC,03E8,00,2,00,CA04,01DC,1
201,00169E,01ED,0000CA06,00000283,00,14,03,B0,ED,01ED,03E8,00,2,00,CA06,01ED,1
201,00169E,01E0,0000CA08,00000284,00,14,04,B0,E0,01E0,03E9,00,0,00,CA08,01E0,1
201,00169E,01EF,0000CA0A,00000285,00,14,05,B0,EF,01EF,03E9,00,0,00,CA0A,01EF,1
201,00169E,0124,0000CA0C,00000286,00,14,06,B0,24,0124,03E9,00,2,00,CA0C,0124,1
201,00169E,0124,0000CA0E,00000287,00,14,07,B0,24,0124,03E9,00,2,00,CA0E,0124,1
201,00169E,0119,0000CA10,00000288,00,14,08,B0,19,0119,03EA,C0,0,00,CA10,0119,1
201,00169E,011E,0000CA12,00000289,00,14,09,B0,1E,011E,03EA,C0,0,00,CA12,011E,1
201,00169E,011C,0000CA14,0000028A,00,14,0A,B0,1C,011C,03EA,C0,2,00,CA14,011C,1
201,00169E,0111,0000CA16,0000028B,00,14,0B,B0,11,0111,03EA,C0,2,00,CA16,0111,1
201,00169E,0124,0000CA18,0000028C,00,14,0C,B0,24,0124,03EB,30,0,00,CA18,0124,1
201,00169E,011C,0000CA1A,0000028D,00,14,0D,B0,1C,011C,03EB,30,0,00,CA1A,011C,1
201,00169E,011D,0000CA1C,0000028E,00,14,0E,B0,1D,011D,03EB,30,2,00,CA1C,011D,1
201,00169E,010A,0000CA1E,0000028F,00,14,0F,B0,0A,010A,03EB,30,2,00,CA1E,010A,1
201,00169E,011B,0000CA20,00000290,00,14,10,B0,1B,011B,03EC,00,0,00,CA20,011B,1
201,00169E,011D,0000CA22,00000291,00,14,11,B0,1D,011D,03EC,00,0,00,CA22,011D,1
201,00169E,0124,0000CA24,00000292,00,14,12,B0,24,0124,03EC,00,2,00,CA24,0124,1
201,00169E,010B,0000CA26,00000293,00,14,13,B0,0B,010B,03EC,00,2,00,CA26,010B,1
201,00169E,011E,0000CA28,00000294,00,14,14,B0,1E,011E,03ED,00,0,00,CA28,011E,1
201,00169E,011D,0000CA2A,00000295,00,14,15,B0,1D,011D,03ED,00,0,00,CA2A,011D,1
201,00169E,011D,0000CA2C,00000296,00,14,16,B0,1D,011D,03ED,00,2,00,CA2C,011D,1
201,00169E,0118,0000CA2E,00000297,00,14,17,B0,18,0118,03ED,00,2,00,CA2E,0118,1
201,00169E,0117,0000CA30,00000298,00,14,18,B0,17,0117,03EE,00,0,00,CA30,0117,1
201,00169E,0124,0000CA32,00000299,00,14,19,B0,24,0124,03EE,00,0,00,CA32,0124,1
201,00169E,0124,0000CA34,0000029A,00,14,1A,B0,24,0124,03EE,00,2,00,CA34,0124,1
201,00169E,0124,0000CA36,0000029B,00,14,1B,B0,24,0124,03EE,00,2,00,CA36,0124,1
201,00169E,01D6,0000CA38,0000029C,00,14,1C,B0,D6,01D6,03EF,00,0,00,CA38,01D6,1
201,00169E,01D8,0000CA3A,0000029D,00,14,1D,B0,D8,01D8,03EF,00,0,00,CA3A,01D8,1
201,00169E,01E1,0000CA3C,0000029E,00,14,1E,B0,E1,01E1,03EF,00,2,00,CA3C,01E1,1
201,00169E,01D9,0000CA3E,0000029F,00,14,1F,B0,D9,01D9,03EF,00,2,00,CA3E,01D9,1
201,00169E,01DD,0000CA80,000002A0,00,15,00,B0,DD,01DD,03E8,00,0,00,CA80,01DD,1
201,00169E,01ED,0000CA82,000002A1,00,15,01,B0,ED,01ED,03E8,00,0,00,CA82,01ED,1
201,00169E,01DE,0000CA84,000002A2,00,15,02,B0,DE,01DE,03E8,00,2,00,CA84,01DE,1
201,00169E,01D8,0000CA86,000002A3,00,15,03,B0,D8,01D8,03E8,00,2,00,CA86,01D8,1
201,00169E,01E1,0000CA88,000002A4,00,15,04,B0,E1,01E1,03E9,00,0,00,CA88,01E1,1
201,00169E,01E1,0000CA8A,000002A5,00,15,05,B0,E1,01E1,03E9,00,0,00,CA8A,01E1,1
201,00169E,01D5,0000CA8C,000002A6,00,15,06,B0,D5,01D5,03E9,00,2,00,CA8C,01D5,1
201,00169E,0124,0000CA8E,000002A7,00,15,07,B0,24,0124,03E9,00,2,00,CA8E,0124,1
201,00169E,0124,0000CA90,000002A8,00,15,08,B0,24,0124,03EA,C0,0,00,CA90,0124,1
201,00169E,0124,0000CA92,000002A9,00,15,09,B0,24,0124,03EA,C0,0,00,CA92,0124,1
201,00169E,0124,0000CA94,000002AA,00,15,0A,B0,24,0124,03EA,C0,2,00,CA94,0124,1
201,00169E,0124,0000CA96,000002AB,00,15,0B,B0,24,0124,03EA,C0,2,00,CA96,0124,1
201,00169E,0124,0000CA98,000002AC,00,15,0C,B0,24,0124,03EB,30,0,00,CA98,0124,1
201,00169E,0124,0000CA9A,000002AD,00,15,0D,B0,24,0124,03EB,30,0,00,CA9A,0124,1
201,00169E,0124,0000CA9C,000002AE,00,15,0E,B0,24,0124,03EB,30,2,00,CA9C,0124,1
201,00169E,0124,0000CA9E,000002AF,00,15,0F,B0,24,0124,03EB,30,2,00,CA9E,0124,1
201,00169E,0124,0000CAA0,000002B0,00,15,10,B0,24,0124,03EC,00,0,00,CAA0,0124,1
201,00169E,0124,0000CAA2,000002B1,00,15,11,B0,24,0124,03EC,00,0,00,CAA2,0124,1
201,00169E,0124,0000CAA4,000002B2,00,15,12,B0,24,0124,03EC,00,2,00,CAA4,0124,1
201,00169E,0124,0000CAA6,000002B3,00,15,13,B0,24,0124,03EC,00,2,00,CAA6,0124,1
201,00169E,0124,0000CAA8,000002B4,00,15,14,B0,24,0124,03ED,00,0,00,CAA8,0124,1
201,00169E,0124,0000CAAA,000002B5,00,15,15,B0,24,0124,03ED,00,0,00,CAAA,0124,1
201,00169E,0124,0000CAAC,000002B6,00,15,16,B0,24,0124,03ED,00,2,00,CAAC,0124,1
201,00169E,0124,0000CAAE,000002B7,00,15,17,B0,24,0124,03ED,00,2,00,CAAE,0124,1
201,00169E,0124,0000CAB0,000002B8,00,15,18,B0,24,0124,03EE,00,0,00,CAB0,0124,1
201,00169E,0124,0000CAB2,000002B9,00,15,19,B0,24,0124,03EE,00,0,00,CAB2,0124,1
201,00169E,0124,0000CAB4,000002BA,00,15,1A,B0,24,0124,03EE,00,2,00,CAB4,0124,1
201,00169E,0124,0000CAB6,000002BB,00,15,1B,B0,24,0124,03EE,00,2,00,CAB6,0124,1
201,00169E,01D6,0000CAB8,000002BC,00,15,1C,B0,D6,01D6,03EF,00,0,00,CAB8,01D6,1
201,00169E,01DA,0000CABA,000002BD,00,15,1D,B0,DA,01DA,03EF,00,0,00,CABA,01DA,1
201,00169E,01DD,0000CABC,000002BE,00,15,1E,B0,DD,01DD,03EF,00,2,00,CABC,01DD,1
201,00169E,01ED,0000CABE,000002BF,00,15,1F,B0,ED,01ED,03EF,00,2,00,CABE,01ED,1
201,00169E,01DD,0000CB00,000002C0,00,16,00,B0,DD,01DD,03E8,00,4,00,CB00,01DD,1
201,00169E,01DB,0000CB02,000002C1,00,16,01,B0,DB,01DB,03E8,00,4,00,CB02,01DB,1
201,00169E,01DE,0000CB04,000002C2,00,16,02,B0,DE,01DE,03E8,00,6,00,CB04,01DE,1
201,00169E,01DA,0000CB06,000002C3,00,16,03,B0,DA,01DA,03E8,00,6,00,CB06,01DA,1
201,00169E,01DC,0000CB08,000002C4,00,16,04,B0,DC,01DC,03E9,00,4,00,CB08,01DC,1
201,00169E,01DD,0000CB0A,000002C5,00,16,05,B0,DD,01DD,03E9,00,4,00,CB0A,01DD,1
201,00169E,01D8,0000CB0C,000002C6,00,16,06,B0,D8,01D8,03E9,00,6,00,CB0C,01D8,1
201,00169E,01E0,0000CB0E,000002C7,00,16,07,B0,E0,01E0,03E9,00,6,00,CB0E,01E0,1
201,00169E,01E0,0000CB10,000002C8,00,16,08,B0,E0,01E0,03EA,C0,4,00,CB10,01E0,1
201,00169E,01EF,0000CB12,000002C9,00,16,09,B0,EF,01EF,03EA,C0,4,00,CB12,01EF,1
201,00169E,6124,0000CB14,000002CA,00,16,0A,B0,24,0124,03EA,C0,6,03,CB14,6124,1
201,00169E,6124,0000CB16,000002CB,00,16,0B,B0,24,0124,03EA,C0,6,03,CB16,6124,1
201,00169E,6124,0000CB18,000002CC,00,16,0C,B0,24,0124,03EB,30,4,03,CB18,6124,1
201,00169E,6124,0000CB1A,000002CD,00,16,0D,B0,24,0124,03EB,30,4,03,CB1A,6124,1
202,00169E,01D4,0000CB1C,000002CE,00,16,0E,B0,D4,01D4,03EB,30,6,00,CB1C,01D4,1
202,00169E,01E0,0000CB1E,000002CF,00,16,0F,B0,E0,01E0,03EB,30,6,00,CB1E,01E0,1
202,00169E,01E0,0000CB20,000002D0,00,16,10,B0,E0,01E0,03EC,00,4,00,CB20,01E0,1
202,00169E,01D5,0000CB22,000002D1,00,16,11,B0,D5,01D5,03EC,00,4,00,CB22,01D5,1
202,00169E,0124,0000CB24,000002D2,00,16,12,B0,24,0124,03EC,00,6,00,CB24,0124,1
202,00169E,0124,0000CB26,000002D3,00,16,13,B0,24,0124,03EC,00,6,00,CB26,0124,1
202,00169E,0124,0000CB28,000002D4,00,16,14,B0,24,0124,03ED,00,4,00,CB28,0124,1
202,00169E,0124,0000CB2A,000002D5,00,16,15,B0,24,0124,03ED,00,4,00,CB2A,0124,1
202,00169E,0124,0000CB2C,000002D6,00,16,16,B0,24,0124,03ED,00,6,00,CB2C,0124,1
202,00169E,0124,0000CB2E,000002D7,00,16,17,B0,24,0124,03ED,00,6,00,CB2E,0124,1
202,00169E,0124,0000CB30,000002D8,00,16,18,B0,24,0124,03EE,00,4,00,CB30,0124,1
202,00169E,0124,0000CB32,000002D9,00,16,19,B0,24,0124,03EE,00,4,00,CB32,0124,1
202,00169E,01D4,0000CB34,000002DA,00,16,1A,B0,D4,01D4,03EE,00,6,00,CB34,01D4,1
202,00169E,01EF,0000CB36,000002DB,00,16,1B,B0,EF,01EF,03EE,00,6,00,CB36,01EF,1
202,00169E,01DA,0000CB38,000002DC,00,16,1C,B0,DA,01DA,03EF,00,4,00,CB38,01DA,1
202,00169E,01DA,0000CB3A,000002DD,00,16,1D,B0,DA,01DA,03EF,00,4,00,CB3A,01DA,1
202,00169E,01DF,0000CB3C,000002DE,00,16,1E,B0,DF,01DF,03EF,00,6,00,CB3C,01DF,1
202,00169E,01DB,0000CB3E,000002DF,00,16,1F,B0,DB,01DB,03EF,00,6,00,CB3E,01DB,1
202,00169E,01DF,0000CB80,000002E0,00,17,00,B0,DF,01DF,03E8,00,4,00,CB80,01DF,1
202,00169E,01DB,0000CB82,000002E1,00,17,01,B0,DB,01DB,03E8,00,4,00,CB82,01DB,1
202,00169E,01DC,0000CB84,000002E2,00,17,02,B0,DC,01DC,03E8,00,6,00,CB84,01DC,1
202,00169E,01DA,0000CB86,000002E3,00,17,03,B0,DA,01DA,03E8,00,6,00,CB86,01DA,1
202,00169E,01DE,0000CB88,000002E4,00,17,04,B0,DE,01DE,03E9,00,4,00,CB88,01DE,1
202,00169E,01DF,0000CB8A,000002E5,00,17,05,B0,DF,01DF,03E9,00,4,00,CB8A,01DF,1
202,00169E,01DA,0000CB8C,000002E6,00,17,06,B0,DA,01DA,03E9,00,6,00,CB8C,01DA,1
202,00169E,01DC,0000CB8E,000002E7,00,17,07,B0,DC,01DC,03E9,00,6,00,CB8E,01DC,1
202,00169E,01DD,0000CB90,000002E8,00,17,08,B0,DD,01DD,03EA,C0,4,00,CB90,01DD,1
202,00169E,01DB,0000CB92,000002E9,00,17,09,B0,DB,01DB,03EA,C0,4,00,CB92,01DB,1
202,00169E,6126,0000CB94,000002EA,00,17,0A,B0,26,0126,03EA,C0,6,03,CB94,6126,1
202,00169E,6126,0000CB96,000002EB,00,17,0B,B0,26,0126,03EA,C0,6,03,CB96,6126,1
202,00169E,6126,0000CB98,000002EC,00,17,0C,B0,26,0126,03EB,30,4,03,CB98,6126,1
202,00169E,6126,0000CB9A,000002ED,00,17,0D,B0,26,0126,03EB,30,4,03,CB9A,6126,1
202,00169E,01DA,0000CB9C,000002EE,00,17,0E,B0,DA,01DA,03EB,30,6,00,CB9C,01DA,1
202,00169E,01DC,0000CB9E,000002EF,00,17,0F,B0,DC,01DC,03EB,30,6,00,CB9E,01DC,1
202,00169E,01DD,0000CBA0,000002F0,00,17,10,B0,DD,01DD,03EC,00,4,00,CBA0,01DD,1
202,00169E,01ED,0000CBA2,000002F1,00,17,11,B0,ED,01ED,03EC,00,4,00,CBA2,01ED,1
202,00169E,01E0,0000CBA4,000002F2,00,17,12,B0,E0,01E0,03EC,00,6,00,CBA4,01E0,1
202,00169E,01E0,0000CBA6,000002F3,00,17,13,B0,E0,01E0,03EC,00,6,00,CBA6,01E0,1
202,00169E,01EF,0000CBA8,000002F4,00,17,14,B0,EF,01EF,03ED,00,4,00,CBA8,01EF,1
202,00169E,0124,0000CBAA,000002F5,00,17,15,B0,24,0124,03ED,00,4,00,CBAA,0124,1
202,00169E,01D4,0000CBAC,000002F6,00,17,16,B0,D4,01D4,03ED,00,6,00,CBAC,01D4,1
202,00169E,01E0,0000CBAE,000002F7,00,17,17,B0,E0,01E0,03ED,00,6,00,CBAE,01E0,1
202,00169E,01E0,0000CBB0,000002F8,00,17,18,B0,E0,01E0,03EE,00,4,00,CBB0,01E0,1
202,00169E,01E0,0000CBB2,000002F9,00,17,19,B0,E0,01E0,03EE,00,4,00,CBB2,01E0,1
202,00169E,01D9,0000CBB4,000002FA,00,17,1A,B0,D9,01D9,03EE,00,6,00,CBB4,01D9,1
202,00169E,01DB,0000CBB6,000002FB,00,17,1B,B0,DB,01DB,03EE,00,6,00,CBB6,01DB,1
202,00169E,01DA,0000CBB8,000002FC,00,17,1C,B0,DA,01DA,03EF,00,4,00,CBB8,01DA,1
202,00169E,01DA,0000CBBA,000002FD,00,17,1D,B0,DA,01DA,03EF,00,4,00,CBBA,01DA,1
202,00169E,01DF,0000CBBC,000002FE,00,17,1E,B0,DF,01DF,03EF,00,6,00,CBBC,01DF,1
202,00169E,01DB,0000CBBE,000002FF,00,17,1F,B0,DB,01DB,03EF,00,6,00,CBBE,01DB,1
202,00169E,01ED,0000CC00,00000300,00,18,00,B0,ED,01ED,03F0,00,0,00,CC00,01ED,1
202,00169E,01D8,0000CC02,00000301,00,18,01,B0,D8,01D8,03F0,00,0,00,CC02,01D8,1
202,00169E,01E1,0000CC04,00000302,00,18,02,B0,E1,01E1,03F0,00,2,00,CC04,01E1,1
202,00169E,01D9,0000CC06,00000303,00,18,03,B0,D9,01D9,03F0,00,2,00,CC06,01D9,1
202,00169E,01DE,0000CC08,00000304,00,18,04,B0,DE,01DE,03F1,00,0,00,CC08,01DE,1
202,00169E,01D8,0000CC0A,00000305,00,18,05,B0,D8,01D8,03F1,00,0,00,CC0A,01D8,1
202,00169E,01E1,0000CC0C,00000306,00,18,06,B0,E1,01E1,03F1,00,2,00,CC0C,01E1,1
202,00169E,01D9,0000CC0E,00000307,00,18,07,B0,D9,01D9,03F1,00,2,00,CC0E,01D9,1
202,00169E,01DF,0000CC10,00000308,00,18,08,B0,DF,01DF,03F2,CC,0,00,CC10,01DF,1
202,00169E,01DB,0000CC12,00000309,00,18,09,B0,DB,01DB,03F2,CC,0,00,CC12,01DB,1
202,00169E,6126,0000CC14,0000030A,00,18,0A,B0,26,0126,03F2,CC,2,03,CC14,6126,1
202,00169E,6126,0000CC16,0000030B,00,18,0B,B0,26,0126,03F2,CC,2,03,CC16,6126,1
202,00169E,6126,0000CC18,0000030C,00,18,0C,B0,26,0126,03F3,33,0,03,CC18,6126,1
202,00169E,6126,0000CC1A,0000030D,00,18,0D,B0,26,0126,03F3,33,0,03,CC1A,6126,1
202,00169E,01DA,0000CC1C,0000030E,00,18,0E,B0,DA,01DA,03F3,33,2,00,CC1C,01DA,1
202,00169E,01DC,0000CC1E,0000030F,00,18,0F,B0,DC,01DC,03F3,33,2,00,CC1E,01DC,1
202,00169E,01D8,0000CC20,00000310,00,18,10,B0,D8,01D8,03F4,00,0,00,CC20,01D8,1
202,00169E,01E1,0000CC22,00000311,00,18,11,B0,E1,01E1,03F4,00,0,00,CC22,01E1,1
202,00169E,01D9,0000CC24,00000312,00,18,12,B0,D9,01D9,03F4,00,2,00,CC24,01D9,1
202,00169E,01DC,0000CC26,00000313,00,18,13,B0,DC,01DC,03F4,00,2,00,CC26,01DC,1
202,00169E,01D8,0000CC28,00000314,00,18,14,B0,D8,01D8,03F5,00,0,00,CC28,01D8,1
202,00169E,01E0,0000CC2A,00000315,00,18,15,B0,E0,01E0,03F5,00,0,00,CC2A,01E0,1
202,00169E,01D9,0000CC2C,00000316,00,18,16,B0,D9,01D9,03F5,00,2,00,CC2C,01D9,1
202,00169E,01DC,0000CC2E,00000317,00,18,17,B0,DC,01DC,03F5,00,2,00,CC2E,01DC,1
202,00169E,01DD,0000CC30,00000318,00,18,18,B0,DD,01DD,03F6,00,0,00,CC30,01DD,1
202,00169E,01DD,0000CC32,00000319,00,18,19,B0,DD,01DD,03F6,00,0,00,CC32,01DD,1
202,00169E,01D8,0000CC34,0000031A,00,18,1A,B0,D8,01D8,03F6,00,2,00,CC34,01D8,1
202,00169E,01E1,0000CC36,0000031B,00,18,1B,B0,E1,01E1,03F6,00,2,00,CC36,01E1,1
202,00169E,01E1,0000CC38,0000031C,00,18,1C,B0,E1,01E1,03F7,00,0,00,CC38,01E1,1
202,00169E,01D9,0000CC3A,0000031D,00,18,1D,B0,D9,01D9,03F7,00,0,00,CC3A,01D9,1
202,00169E,01DD,0000CC3C,0000031E,00,18,1E,B0,DD,01DD,03F7,00,2,00,CC3C,01DD,1
202,00169E,01ED,0000CC3E,0000031F,00,18,1F,B0,ED,01ED,03F7,00,2,00,CC3E,01ED,1
202,00169E,01ED,0000CC80,00000320,00,19,00,B0,ED,01ED,03F0,00,0,00,CC80,01ED,1
202,00169E,01DA,0000CC82,00000321,00,19,01,B0,DA,01DA,03F0,00,0,00,CC82,01DA,1
202,00169E,01DD,0000CC84,00000322,00,19,02,B0,DD,01DD,03F0,00,2,00,CC84,01DD,1
202,00169E,01ED,0000CC86,00000323,00,19,03,B0,ED,01ED,03F0,00,2,00,CC86,01ED,1
202,00169E,01DE,0000CC88,00000324,00,19,04,B0,DE,01DE,03F1,00,0,00,CC88,01DE,1
202,00169E,01DA,0000CC8A,00000325,00,19,05,B0,DA,01DA,03F1,00,0,00,CC8A,01DA,1
202,00169E,01DC,0000CC8C,00000326,00,19,06,B0,DC,01DC,03F1,00,2,00,CC8C,01DC,1
202,00169E,01DB,0000CC8E,00000327,00,19,07,B0,DB,01DB,03F1,00,2,00,CC8E,01DB,1
202,00169E,01DD,0000CC90,00000328,00,19,08,B0,DD,01DD,03F2,CC,0,00,CC90,01DD,1
202,00169E,01DB,0000CC92,00000329,00,19,09,B0,DB,01DB,03F2,CC,0,00,CC92,01DB,1
202,00169E,6126,0000CC94,0000032A,00,19,0A,B0,26,0126,03F2,CC,2,03,CC94,6126,1
202,00169E,6126,0000CC96,0000032B,00,19,0B,B0,26,0126,03F2,CC,2,03,CC96,6126,1
202,00169E,6126,0000CC98,0000032C,00,19,0C,B0,26,0126,03F3,33,0,03,CC98,6126,1
202,00169E,6126,0000CC9A,0000032D,00,19,0D,B0,26,0126,03F3,33,0,03,CC9A,6126,1
202,00169E,01DA,0000CC9C,0000032E,00,19,0E,B0,DA,01DA,03F3,33,2,00,CC9C,01DA,1
202,00169E,01DE,0000CC9E,0000032F,00,19,0F,B0,DE,01DE,03F3,33,2,00,CC9E,01DE,1
202,00169E,01DA,0000CCA0,00000330,00,19,10,B0,DA,01DA,03F4,00,0,00,CCA0,01DA,1
202,00169E,01DC,0000CCA2,00000331,00,19,11,B0,DC,01DC,03F4,00,0,00,CCA2,01DC,1
202,00169E,01DB,0000CCA4,00000332,00,19,12,B0,DB,01DB,03F4,00,2,00,CCA4,01DB,1
202,00169E,01DE,0000CCA6,00000333,00,19,13,B0,DE,01DE,03F4,00,2,00,CCA6,01DE,1
202,00169E,01DA,0000CCA8,00000334,00,19,14,B0,DA,01DA,03F5,00,0,00,CCA8,01DA,1
202,00169E,01DD,0000CCAA,00000335,00,19,15,B0,DD,01DD,03F5,00,0,00,CCAA,01DD,1
202,00169E,01ED,0000CCAC,00000336,00,19,16,B0,ED,01ED,03F5,00,2,00,CCAC,01ED,1
202,00169E,01DC,0000CCAE,00000337,00,19,17,B0,DC,01DC,03F5,00,2,00,CCAE,01DC,1
202,00169E,01DC,0000CCB0,00000338,00,19,18,B0,DC,01DC,03F6,00,0,00,CCB0,01DC,1
202,00169E,01DD,0000CCB2,00000339,00,19,19,B0,DD,01DD,03F6,00,0,00,CCB2,01DD,1
202,00169E,01DA,0000CCB4,0000033A,00,19,1A,B0,DA,01DA,03F6,00,2,00,CCB4,01DA,1
202,00169E,01DC,0000CCB6,0000033B,00,19,1B,B0,DC,01DC,03F6,00,2,00,CCB6,01DC,1
202,00169E,01DC,0000CCB8,0000033C,00,19,1C,B0,DC,01DC,03F7,00,0,00,CCB8,01DC,1
202,00169E,01DB,0000CCBA,0000033D,00,19,1D,B0,DB,01DB,03F7,00,0,00,CCBA,01DB,1
202,00169E,01DD,0000CCBC,0000033E,00,19,1E,B0,DD,01DD,03F7,00,2,00,CCBC,01DD,1
202,00169E,01ED,0000CCBE,0000033F,00,19,1F,B0,ED,01ED,03F7,00,2,00,CCBE,01ED,1
202,00169E,01ED,0000CD00,00000340,00,1A,00,B0,ED,01ED,03F0,00,4,00,CD00,01ED,1
202,00169E,01DA,0000CD02,00000341,00,1A,01,B0,DA,01DA,03F0,00,4,00,CD02,01DA,1
202,00169E,01DD,0000CD04,00000342,00,1A,02,B0,DD,01DD,03F0,00,6,00,CD04,01DD,1
202,00169E,01D8,0000CD06,00000343,00,1A,03,B0,D8,01D8,03F0,00,6,00,CD06,01D8,1
202,00169E,01E1,0000CD08,00000344,00,1A,04,B0,E1,01E1,03F1,00,4,00,CD08,01E1,1
202,00169E,01DA,0000CD0A,00000345,00,1A,05,B0,DA,01DA,03F1,00,4,00,CD0A,01DA,1
202,00169E,01DC,0000CD0C,00000346,00,1A,06,B0,DC,01DC,03F1,00,6,00,CD0C,01DC,1
202,00169E,01DB,0000CD0E,00000347,00,1A,07,B0,DB,01DB,03F1,00,6,00,CD0E,01DB,1
202,00169E,01DF,0000CD10,00000348,00,1A,08,B0,DF,01DF,03F2,CC,4,00,CD10,01DF,1
202,00169E,01DB,0000CD12,00000349,00,1A,09,B0,DB,01DB,03F2,CC,4,00,CD12,01DB,1
202,00169E,6126,0000CD14,0000034A,00,1A,0A,B0,26,0126,03F2,CC,6,03,CD14,6126,1
202,00169E,6126,0000CD16,0000034B,00,1A,0B,B0,26,0126,03F2,CC,6,03,CD16,6126,1
202,00169E,6126,0000CD18,0000034C,00,1A,0C,B0,26,0126,03F3,33,4,03,CD18,6126,1
202,00169E,6126,0000CD1A,0000034D,00,1A,0D,B0,26,0126,03F3,33,4,03,CD1A,6126,1
202,00169E,01DA,0000CD1C,0000034E,00,1A,0E,B0,DA,01DA,03F3,33,6,00,CD1C,01DA,1
202,00169E,01D8,0000CD1E,0000034F,00,1A,0F,B0,D8,01D8,03F3,33,6,00,CD1E,01D8,1
202,00169E,01D9,0000CD20,00000350,00,1A,10,B0,D9,01D9,03F4,00,4,00,CD20,01D9,1
202,00169E,01DC,0000CD22,00000351,00,1A,11,B0,DC,01DC,03F4,00,4,00,CD22,01DC,1
202,00169E,01DB,0000CD24,00000352,00,1A,12,B0,DB,01DB,03F4,00,6,00,CD24,01DB,1
202,00169E,01DC,0000CD26,00000353,00,1A,13,B0,DC,01DC,03F4,00,6,00,CD26,01DC,1
202,00169E,01DA,0000CD28,00000354,00,1A,14,B0,DA,01DA,03F5,00,4,00,CD28,01DA,1
202,00169E,01D8,0000CD2A,00000355,00,1A,15,B0,D8,01D8,03F5,00,4,00,CD2A,01D8,1
202,00169E,01E1,0000CD2C,00000356,00,1A,16,B0,E1,01E1,03F5,00,6,00,CD2C,01E1,1
202,00169E,01D9,0000CD2E,00000357,00,1A,17,B0,D9,01D9,03F5,00,6,00,CD2E,01D9,1
202,00169E,01DE,0000CD30,00000358,00,1A,18,B0,DE,01DE,03F6,00,4,00,CD30,01DE,1
202,00169E,01DF,0000CD32,00000359,00,1A,19,B0,DF,01DF,03F6,00,4,00,CD32,01DF,1
202,00169E,01DA,0000CD34,0000035A,00,1A,1A,B0,DA,01DA,03F6,00,6,00,CD34,01DA,1
202,00169E,01D8,0000CD36,0000035B,00,1A,1B,B0,D8,01D8,03F6,00,6,00,CD36,01D8,1
202,00169E,01E1,0000CD38,0000035C,00,1A,1C,B0,E1,01E1,03F7,00,4,00,CD38,01E1,1
202,00169E,01E1,0000CD3A,0000035D,00,1A,1D,B0,E1,01E1,03F7,00,4,00,CD3A,01E1,1
202,00169E,01D9,0000CD3C,0000035E,00,1A,1E,B0,D9,01D9,03F7,00,6,00,CD3C,01D9,1
202,00169E,01E1,0000CD3E,0000035F,00,1A,1F,B0,E1,01E1,03F7,00,6,00,CD3E,01E1,1
202,00169E,01ED,0000CD80,00000360,00,1B,00,B0,ED,01ED,03F0,00,4,00,CD80,01ED,1
202,00169E,01D9,0000CD82,00000361,00,1B,01,B0,D9,01D9,03F0,00,4,00,CD82,01D9,1
202,00169E,01DF,0000CD84,00000362,00,1B,02,B0,DF,01DF,03F0,00,6,00,CD84,01DF,1
202,00169E,01DA,0000CD86,00000363,00,1B,03,B0,DA,01DA,03F0,00,6,00,CD86,01DA,1
202,00169E,01DC,0000CD88,00000364,00,1B,04,B0,DC,01DC,03F1,00,4,00,CD88,01DC,1
202,00169E,01DA,0000CD8A,00000365,00,1B,05,B0,DA,01DA,03F1,00,4,00,CD8A,01DA,1
202,00169E,01DE,0000CD8C,00000366,00,1B,06,B0,DE,01DE,03F1,00,6,00,CD8C,01DE,1
202,00169E,01DB,0000CD8E,00000367,00,1B,07,B0,DB,01DB,03F1,00,6,00,CD8E,01DB,1
202,00169E,01DD,0000CD90,00000368,00,1B,08,B0,DD,01DD,03F2,CC,4,00,CD90,01DD,1
202,00169E,01DB,0000CD92,00000369,00,1B,09,B0,DB,01DB,03F2,CC,4,00,CD92,01DB,1
202,00169E,6126,0000CD94,0000036A,00,1B,0A,B0,26,0126,03F2,CC,6,03,CD94,6126,1
202,00169E,6126,0000CD96,0000036B,00,1B,0B,B0,26,0126,03F2,CC,6,03,CD96,6126,1
202,00169E,6126,0000CD98,0000036C,00,1B,0C,B0,26,0126,03F3,33,4,03,CD98,6126,1
202,00169E,6126,0000CD9A,0000036D,00,1B,0D,B0,26,0126,03F3,33,4,03,CD9A,6126,1
202,00169E,01DA,0000CD9C,0000036E,00,1B,0E,B0,DA,01DA,03F3,33,6,00,CD9C,01DA,1
202,00169E,01DA,0000CD9E,0000036F,00,1B,0F,B0,DA,01DA,03F3,33,6,00,CD9E,01DA,1
202,00169E,01ED,0000CDA0,00000370,00,1B,10,B0,ED,01ED,03F4,00,4,00,CDA0,01ED,1
202,00169E,01DE,0000CDA2,00000371,00,1B,11,B0,DE,01DE,03F4,00,4,00,CDA2,01DE,1
202,00169E,01D8,0000CDA4,00000372,00,1B,12,B0,D8,01D8,03F4,00,6,00,CDA4,01D8,1
202,00169E,01E1,0000CDA6,00000373,00,1B,13,B0,E1,01E1,03F4,00,6,00,CDA6,01E1,1
202,00169E,01E1,0000CDA8,00000374,00,1B,14,B0,E1,01E1,03F5,00,4,00,CDA8,01E1,1
202,00169E,01D9,0000CDAA,00000375,00,1B,15,B0,D9,01D9,03F5,00,4,00,CDAA,01D9,1
202,00169E,01DC,0000CDAC,00000376,00,1B,16,B0,DC,01DC,03F5,00,6,00,CDAC,01DC,1
202,00169E,01DB,0000CDAE,00000377,00,1B,17,B0,DB,01DB,03F5,00,6,00,CDAE,01DB,1
202,00169E,01DE,0000CDB0,00000378,00,1B,18,B0,DE,01DE,03F6,00,4,00,CDB0,01DE,1
202,00169E,01D8,0000CDB2,00000379,00,1B,19,B0,D8,01D8,03F6,00,4,00,CDB2,01D8,1
202,00169E,01E1,0000CDB4,0000037A,00,1B,1A,B0,E1,01E1,03F6,00,6,00,CDB4,01E1,1
202,00169E,01D9,0000CDB6,0000037B,00,1B,1B,B0,D9,01D9,03F6,00,6,00,CDB6,01D9,1
202,00169E,01DD,0000CDB8,0000037C,00,1B,1C,B0,DD,01DD,03F7,00,4,00,CDB8,01DD,1
202,00169E,01DD,0000CDBA,0000037D,00,1B,1D,B0,DD,01DD,03F7,00,4,00,CDBA,01DD,1
202,00169E,01DB,0000CDBC,0000037E,00,1B,1E,B0,DB,01DB,03F7,00,6,00,CDBC,01DB,1
202,00169E,01DC,0000CDBE,0000037F,00,1B,1F,B0,DC,01DC,03F7,00,6,00,CDBE,01DC,1
202,00169E,01DF,0000CE00,00000380,00,1C,00,B0,DF,01DF,03F8,00,0,00,CE00,01DF,1
202,00169E,01DB,0000CE02,00000381,00,1C,01,B0,DB,01DB,03F8,00,0,00,CE02,01DB,1
202,00169E,01DF,0000CE04,00000382,00,1C,02,B0,DF,01DF,03F8,00,2,00,CE04,01DF,1
202,00169E,01DA,0000CE06,00000383,00,1C,03,B0,DA,01DA,03F8,00,2,00,CE06,01DA,1
202,00169E,01DC,0000CE08,00000384,00,1C,04,B0,DC,01DC,03F9,20,0,00,CE08,01DC,1
202,00169E,01DB,0000CE0A,00000385,00,1C,05,B0,DB,01DB,03F9,20,0,00,CE0A,01DB,1
202,00169E,01DE,0000CE0C,00000386,00,1C,06,B0,DE,01DE,03F9,20,2,00,CE0C,01DE,1
203,00169E,01DB,0000CE0E,00000387,00,1C,07,B0,DB,01DB,03F9,20,2,00,CE0E,01DB,1
203,00169E,01DD,0000CE10,00000388,00,1C,08,B0,DD,01DD,03FA,FC,0,00,CE10,01DD,1
203,00169E,01DB,0000CE12,00000389,00,1C,09,B0,DB,01DB,03FA,FC,0,00,CE12,01DB,1
203,00169E,6126,0000CE14,0000038A,00,1C,0A,B0,26,0126,03FA,FC,2,03,CE14,6126,1
203,00169E,6126,0000CE16,0000038B,00,1C,0B,B0,26,0126,03FA,FC,2,03,CE16,6126,1
203,00169E,6126,0000CE18,0000038C,00,1C,0C,B0,26,0126,03FB,F3,0,03,CE18,6126,1
203,00169E,6126,0000CE1A,0000038D,00,1C,0D,B0,26,0126,03FB,F3,0,03,CE1A,6126,1
203,00169E,01DA,0000CE1C,0000038E,00,1C,0E,B0,DA,01DA,03FB,F3,2,00,CE1C,01DA,1
203,00169E,01DA,0000CE1E,0000038F,00,1C,0F,B0,DA,01DA,03FB,F3,2,00,CE1E,01DA,1
203,00169E,01DB,0000CE20,00000390,00,1C,10,B0,DB,01DB,03FC,00,0,00,CE20,01DB,1
203,00169E,01DD,0000CE22,00000391,00,1C,11,B0,DD,01DD,03FC,00,0,00,CE22,01DD,1
203,00169E,01DA,0000CE24,00000392,00,1C,12,B0,DA,01DA,03FC,00,2,00,CE24,01DA,1
203,00169E,01DE,0000CE26,00000393,00,1C,13,B0,DE,01DE,03FC,00,2,00,CE26,01DE,1
203,00169E,01D8,0000CE28,00000394,00,1C,14,B0,D8,01D8,03FD,00,0,00,CE28,01D8,1
203,00169E,01E1,0000CE2A,00000395,00,1C,15,B0,E1,01E1,03FD,00,0,00,CE2A,01E1,1
203,00169E,01D9,0000CE2C,00000396,00,1C,16,B0,D9,01D9,03FD,00,2,00,CE2C,01D9,1
203,00169E,01DB,0000CE2E,00000397,00,1C,17,B0,DB,01DB,03FD,00,2,00,CE2E,01DB,1
203,00169E,01DE,0000CE30,00000398,00,1C,18,B0,DE,01DE,03FE,F0,0,00,CE30,01DE,1
203,00169E,01DA,0000CE32,00000399,00,1C,19,B0,DA,01DA,03FE,F0,0,00,CE32,01DA,1
203,00169E,01DD,0000CE34,0000039A,00,1C,1A,B0,DD,01DD,03FE,F0,2,00,CE34,01DD,1
203,00169E,01DB,0000CE36,0000039B,00,1C,1B,B0,DB,01DB,03FE,F0,2,00,CE36,01DB,1
203,00169E,01DE,0000CE38,0000039C,00,1C,1C,B0,DE,01DE,03FF,F0,0,00,CE38,01DE,1
203,00169E,01DF,0000CE3A,0000039D,00,1C,1D,B0,DF,01DF,03FF,F0,0,00,CE3A,01DF,1
203,00169E,01D8,0000CE3C,0000039E,00,1C,1E,B0,D8,01D8,03FF,F0,2,00,CE3C,01D8,1
203,00169E,01E1,0000CE3E,0000039F,00,1C,1F,B0,E1,01E1,03FF,F0,2,00,CE3E,01E1,1
203,00169E,01DF,0000CE80,000003A0,00,1D,00,B0,DF,01DF,03F8,00,0,00,CE80,01DF,1
203,00169E,01DB,0000CE82,000003A1,00,1D,01,B0,DB,01DB,03F8,00,0,00,CE82,01DB,1
203,00169E,01DF,0000CE84,000003A2,00,1D,02,B0,DF,01DF,03F8,00,2,00,CE84,01DF,1
203,00169E,01DA,0000CE86,000003A3,00,1D,03,B0,DA,01DA,03F8,00,2,00,CE86,01DA,1
203,00169E,01DC,0000CE88,000003A4,00,1D,04,B0,DC,01DC,03F9,20,0,00,CE88,01DC,1
203,00169E,01DB,0000CE8A,000003A5,00,1D,05,B0,DB,01DB,03F9,20,0,00,CE8A,01DB,1
203,00169E,01DE,0000CE8C,000003A6,00,1D,06,B0,DE,01DE,03F9,20,2,00,CE8C,01DE,1
203,00169E,01DB,0000CE8E,000003A7,00,1D,07,B0,DB,01DB,03F9,20,2,00,CE8E,01DB,1
203,00169E,01DD,0000CE90,000003A8,00,1D,08,B0,DD,01DD,03FA,FC,0,00,CE90,01DD,1
203,00169E,01DB,0000CE92,000003A9,00,1D,09,B0,DB,01DB,03FA,FC,0,00,CE92,01DB,1
203,00169E,6126,0000CE94,000003AA,00,1D,0A,B0,26,0126,03FA,FC,2,03,CE94,6126,1
203,00169E,6126,0000CE96,000003AB,00,1D,0B,B0,26,0126,03FA,FC,2,03,CE96,6126,1
203,00169E,6126,0000CE98,000003AC,00,1D,0C,B0,26,0126,03FB,F3,0,03,CE98,6126,1
203,00169E,6126,0000CE9A,000003AD,00,1D,0D,B0,26,0126,03FB,F3,0,03,CE9A,6126,1
203,00169E,01DA,0000CE9C,000003AE,00,1D,0E,B0,DA,01DA,03FB,F3,2,00,CE9C,01DA,1
203,00169E,01DA,0000CE9E,000003AF,00,1D,0F,B0,DA,01DA,03FB,F3,2,00,CE9E,01DA,1
203,00169E,01DB,0000CEA0,000003B0,00,1D,10,B0,DB,01DB,03FC,00,0,00,CEA0,01DB,1
203,00169E,01DD,0000CEA2,000003B1,00,1D,11,B0,DD,01DD,03FC,00,0,00,CEA2,01DD,1
203,00169E,01DA,0000CEA4,000003B2,00,1D,12,B0,DA,01DA,03FC,00,2,00,CEA4,01DA,1
203,00169E,01DE,0000CEA6,000003B3,00,1D,13,B0,DE,01DE,03FC,00,2,00,CEA6,01DE,1
203,00169E,01DA,0000CEA8,000003B4,00,1D,14,B0,DA,01DA,03FD,00,0,00,CEA8,01DA,1
203,00169E,01DD,0000CEAA,000003B5,00,1D,15,B0,DD,01DD,03FD,00,0,00,CEAA,01DD,1
203,00169E,01DB,0000CEAC,000003B6,00,1D,16,B0,DB,01DB,03FD,00,2,00,CEAC,01DB,1
203,00169E,01DB,0000CEAE,000003B7,00,1D,17,B0,DB,01DB,03FD,00,2,00,CEAE,01DB,1
203,00169E,01DE,0000CEB0,000003B8,00,1D,18,B0,DE,01DE,03FE,F0,0,00,CEB0,01DE,1
203,00169E,01DA,0000CEB2,000003B9,00,1D,19,B0,DA,01DA,03FE,F0,0,00,CEB2,01DA,1
203,00169E,01DD,0000CEB4,000003BA,00,1D,1A,B0,DD,01DD,03FE,F0,2,00,CEB4,01DD,1
203,00169E,01DB,0000CEB6,000003BB,00,1D,1B,B0,DB,01DB,03FE,F0,2,00,CEB6,01DB,1
203,00169E,01DE,0000CEB8,000003BC,00,1D,1C,B0,DE,01DE,03FF,F0,0,00,CEB8,01DE,1
203,00169E,01DF,0000CEBA,000003BD,00,1D,1D,B0,DF,01DF,03FF,F0,0,00,CEBA,01DF,1
203,00169E,01DC,0000CEBC,000003BE,00,1D,1E,B0,DC,01DC,03FF,F0,2,00,CEBC,01DC,1
203,00169E,01DF,0000CEBE,000003BF,00,1D,1F,B0,DF,01DF,03FF,F0,2,00,CEBE,01DF,1
203,00114C,0400,0000C040,000003C0,00,1E,00,B0,05,0105,03F8,00,4,00,CF00,0105,0
203,001154,0400,0000C040,000003C0,00,1E,00,B0,05,0105,03F8,00,4,00,CF00,0105,0
203,00115C,0400,0000C040,000003C0,00,1E,00,B0,05,0105,03F8,00,4,00,CF00,0105,0
203,001164,0400,0000C040,000003C0,00,1E,00,B0,05,0105,03F8,00,4,00,CF00,0105,0
203,00116C,0400,0000C040,000003C0,00,1E,00,B0,05,0105,03F8,00,4,00,CF00,0105,0
203,001174,0400,0000C040,000003C0,00,1E,00,B0,05,0105,03F8,00,4,00,CF00,0105,0
203,00117C,0400,0000C040,000003C0,00,1E,00,B0,05,0105,03F8,00,4,00,CF00,0105,0
203,001184,0400,0000C040,000003C0,00,1E,00,B0,05,0105,03F8,00,4,00,CF00,0105,0
203,00114C,0400,0000C240,000003C0,00,1E,00,B0,05,0105,03F8,00,4,00,CF00,0105,0
203,001154,0400,0000C240,000003C0,00,1E,00,B0,05,0105,03F8,00,4,00,CF00,0105,0
203,00115C,0400,0000C240,000003C0,00,1E,00,B0,05,0105,03F8,00,4,00,CF00,0105,0
203,001164,0400,0000C240,000003C0,00,1E,00,B0,05,0105,03F8,00,4,00,CF00,0105,0
203,00116C,0400,0000C240,000003C0,00,1E,00,B0,05,0105,03F8,00,4,00,CF00,0105,0
203,001174,0400,0000C240,000003C0,00,1E,00,B0,05,0105,03F8,00,4,00,CF00,0105,0
203,00117C,0400,0000C240,000003C0,00,1E,00,B0,05,0105,03F8,00,4,00,CF00,0105,0
203,001184,0400,0000C240,000003C0,00,1E,00,B0,05,0105,03F8,00,4,00,CF00,0105,0
203,00114C,0400,0000C240,000003C0,00,1E,00,B0,05,0105,03F8,00,4,00,CF00,0105,0
203,001154,0400,0000C240,000003C0,00,1E,00,B0,05,0105,03F8,00,4,00,CF00,0105,0
203,00115C,0400,0000C240,000003C0,00,1E,00,B0,05,0105,03F8,00,4,00,CF00,0105,0
203,001164,0400,0000C240,000003C0,00,1E,00,B0,05,0105,03F8,00,4,00,CF00,0105,0
203,00116C,0400,0000C240,000003C0,00,1E,00,B0,05,0105,03F8,00,4,00,CF00,0105,0
203,001174,0400,0000C240,000003C0,00,1E,00,B0,05,0105,03F8,00,4,00,CF00,0105,0
203,00117C,0400,0000C240,000003C0,00,1E,00,B0,05,0105,03F8,00,4,00,CF00,0105,0
203,001184,0400,0000C240,000003C0,00,1E,00,B0,05,0105,03F8,00,4,00,CF00,0105,0
203,00114C,0400,0000C240,000003C0,00,1E,00,B0,05,0105,03F8,00,4,00,CF00,0105,0
203,001154,0400,0000C240,000003C0,00,1E,00,B0,05,0105,03F8,00,4,00,CF00,0105,0
203,00115C,0400,0000C240,000003C0,00,1E,00,B0,05,0105,03F8,00,4,00,CF00,0105,0
203,001164,0400,0000C240,000003C0,00,1E,00,B0,05,0105,03F8,00,4,00,CF00,0105,0
203,00116C,0400,0000C240,000003C0,00,1E,00,B0,05,0105,03F8,00,4,00,CF00,0105,0
203,001174,0400,0000C240,000003C0,00,1E,00,B0,05,0105,03F8,00,4,00,CF00,0105,0
203,00117C,0400,0000C240,000003C0,00,1E,00,B0,05,0105,03F8,00,4,00,CF00,0105,0
203,001184,0400,0000C240,000003C0,00,1E,00,B0,05,0105,03F8,00,4,00,CF00,0105,0
203,00114C,0400,0000C240,000003C0,00,1E,00,B0,05,0105,03F8,00,4,00,CF00,0105,0
203,001154,0400,0000C240,000003C0,00,1E,00,B0,05,0105,03F8,00,4,00,CF00,0105,0
203,00115C,0400,0000C240,000003C0,00,1E,00,B0,05,0105,03F8,00,4,00,CF00,0105,0
203,001164,0400,0000C240,000003C0,00,1E,00,B0,05,0105,03F8,00,4,00,CF00,0105,0
203,00116C,0400,0000C240,000003C0,00,1E,00,B0,05,0105,03F8,00,4,00,CF00,0105,0
203,001174,0400,0000C240,000003C0,00,1E,00,B0,05,0105,03F8,00,4,00,CF00,0105,0
203,00117C,0400,0000C240,000003C0,00,1E,00,B0,05,0105,03F8,00,4,00,CF00,0105,0
203,001184,0400,0000C240,000003C0,00,1E,00,B0,05,0105,03F8,00,4,00,CF00,0105,0
203,00114C,0400,0000C240,000003C0,00,1E,00,B0,05,0105,03F8,00,4,00,CF00,0105,0
203,001154,0400,0000C240,000003C0,00,1E,00,B0,05,0105,03F8,00,4,00,CF00,0105,0
203,00115C,0400,0000C240,000003C0,00,1E,00,B0,05,0105,03F8,00,4,00,CF00,0105,0
203,001164,0400,0000C240,000003C0,00,1E,00,B0,05,0105,03F8,00,4,00,CF00,0105,0
203,00116C,0400,0000C240,000003C0,00,1E,00,B0,05,0105,03F8,00,4,00,CF00,0105,0
203,001174,0400,0000C240,000003C0,00,1E,00,B0,05,0105,03F8,00,4,00,CF00,0105,0
203,00117C,0400,0000C240,000003C0,00,1E,00,B0,05,0105,03F8,00,4,00,CF00,0105,0
203,001184,0400,0000C240,000003C0,00,1E,00,B0,05,0105,03F8,00,4,00,CF00,0105,0
203,00114C,0400,0000C240,000003C0,00,1E,00,B0,05,0105,03F8,00,4,00,CF00,0105,0
203,001154,0400,0000C240,000003C0,00,1E,00,B0,05,0105,03F8,00,4,00,CF00,0105,0
203,00115C,0400,0000C240,000003C0,00,1E,00,B0,05,0105,03F8,00,4,00,CF00,0105,0
203,001164,0400,0000C240,000003C0,00,1E,00,B0,05,0105,03F8,00,4,00,CF00,0105,0
203,00116C,0400,0000C240,000003C0,00,1E,00,B0,05,0105,03F8,00,4,00,CF00,0105,0
203,001174,0400,0000C240,000003C0,00,1E,00,B0,05,0105,03F8,00,4,00,CF00,0105,0
203,00117C,0400,0000C240,000003C0,00,1E,00,B0,05,0105,03F8,00,4,00,CF00,0105,0
203,001184,0400,0000C240,000003C0,00,1E,00,B0,05,0105,03F8,00,4,00,CF00,0105,0
203,00114C,0400,0000C240,000003C0,00,1E,00,B0,05,0105,03F8,00,4,00,CF00,0105,0
203,001154,0400,0000C240,000003C0,00,1E,00,B0,05,0105,03F8,00,4,00,CF00,0105,0
203,00115C,0400,0000C240,000003C0,00,1E,00,B0,05,0105,03F8,00,4,00,CF00,0105,0
203,001164,0400,0000C240,000003C0,00,1E,00,B0,05,0105,03F8,00,4,00,CF00,0105,0
203,00116C,0400,0000C240,000003C0,00,1E,00,B0,05,0105,03F8,00,4,00,CF00,0105,0
203,001174,0400,0000C240,000003C0,00,1E,00,B0,05,0105,03F8,00,4,00,CF00,0105,0
203,00117C,0400,0000C240,000003C0,00,1E,00,B0,05,0105,03F8,00,4,00,CF00,0105,0
203,001184,0400,0000C240,000003C0,00,1E,00,B0,05,0105,03F8,00,4,00,CF00,0105,0
203,00114C,0400,0000C240,000003C0,00,1E,00,B0,05,0105,03F8,00,4,00,CF00,0105,0
203,001154,0400,0000C240,000003C0,00,1E,00,B0,05,0105,03F8,00,4,00,CF00,0105,0
203,00115C,0400,0000C240,000003C0,00,1E,00,B0,05,0105,03F8,00,4,00,CF00,0105,0
203,001164,0400,0000C240,000003C0,00,1E,00,B0,05,0105,03F8,00,4,00,CF00,0105,0
203,00116C,0400,0000C240,000003C0,00,1E,00,B0,05,0105,03F8,00,4,00,CF00,0105,0
203,001174,0400,0000C240,000003C0,00,1E,00,B0,05,0105,03F8,00,4,00,CF00,0105,0
203,00117C,0400,0000C240,000003C0,00,1E,00,B0,05,0105,03F8,00,4,00,CF00,0105,0
203,001184,0400,0000C240,000003C0,00,1E,00,B0,05,0105,03F8,00,4,00,CF00,0105,0
203,00114C,0400,0000C240,000003C0,00,1E,00,B0,05,0105,03F8,00,4,00,CF00,0105,0
203,001154,0400,0000C240,000003C0,00,1E,00,B0,05,0105,03F8,00,4,00,CF00,0105,0
203,00115C,0400,0000C240,000003C0,00,1E,00,B0,05,0105,03F8,00,4,00,CF00,0105,0
203,001164,0400,0000C240,000003C0,00,1E,00,B0,05,0105,03F8,00,4,00,CF00,0105,0
203,00116C,0400,0000C240,000003C0,00,1E,00,B0,05,0105,03F8,00,4,00,CF00,0105,0
203,001174,0400,0000C240,000003C0,00,1E,00,B0,05,0105,03F8,00,4,00,CF00,0105,0
203,00117C,0400,0000C240,000003C0,00,1E,00,B0,05,0105,03F8,00,4,00,CF00,0105,0
203,001184,0400,0000C240,000003C0,00,1E,00,B0,05,0105,03F8,00,4,00,CF00,0105,0
203,00114C,0400,0000C240,000003C0,00,1E,00,B0,05,0105,03F8,00,4,00,CF00,0105,0
203,001154,0400,0000C240,000003C0,00,1E,00,B0,05,0105,03F8,00,4,00,CF00,0105,0
203,00115C,0400,0000C240,000003C0,00,1E,00,B0,05,0105,03F8,00,4,00,CF00,0105,0
203,001164,0400,0000C240,000003C0,00,1E,00,B0,05,0105,03F8,00,4,00,CF00,0105,0
203,00116C,0400,0000C240,000003C0,00,1E,00,B0,05,0105,03F8,00,4,00,CF00,0105,0
203,001174,0400,0000C240,000003C0,00,1E,00,B0,05,0105,03F8,00,4,00,CF00,0105,0
203,00117C,0400,0000C240,000003C0,00,1E,00,B0,05,0105,03F8,00,4,00,CF00,0105,0
203,001184,0400,0000C240,000003C0,00,1E,00,B0,05,0105,03F8,00,4,00,CF00,0105,0
203,00114C,0400,0000C240,000003C0,00,1E,00,B0,05,0105,03F8,00,4,00,CF00,0105,0
203,001154,0400,0000C240,000003C0,00,1E,00,B0,05,0105,03F8,00,4,00,CF00,0105,0
203,00115C,0400,0000C240,000003C0,00,1E,00,B0,05,0105,03F8,00,4,00,CF00,0105,0
203,001164,0400,0000C240,000003C0,00,1E,00,B0,05,0105,03F8,00,4,00,CF00,0105,0
203,00116C,0400,0000C240,000003C0,00,1E,00,B0,05,0105,03F8,00,4,00,CF00,0105,0
203,001174,0400,0000C240,000003C0,00,1E,00,B0,05,0105,03F8,00,4,00,CF00,0105,0
203,00117C,0400,0000C240,000003C0,00,1E,00,B0,05,0105,03F8,00,4,00,CF00,0105,0
203,001184,0400,0000C240,000003C0,00,1E,00,B0,05,0105,03F8,00,4,00,CF00,0105,0
203,00114C,0400,0000C240,000003C0,00,1E,00,B0,05,0105,03F8,00,4,00,CF00,0105,0
203,001154,0400,0000C240,000003C0,00,1E,00,B0,05,0105,03F8,00,4,00,CF00,0105,0
203,00115C,0400,0000C240,000003C0,00,1E,00,B0,05,0105,03F8,00,4,00,CF00,0105,0
203,001164,0400,0000C240,000003C0,00,1E,00,B0,05,0105,03F8,00,4,00,CF00,0105,0
203,00116C,0400,0000C240,000003C0,00,1E,00,B0,05,0105,03F8,00,4,00,CF00,0105,0
203,001174,0400,0000C240,000003C0,00,1E,00,B0,05,0105,03F8,00,4,00,CF00,0105,0
203,00117C,0400,0000C240,000003C0,00,1E,00,B0,05,0105,03F8,00,4,00,CF00,0105,0
203,001184,0400,0000C240,000003C0,00,1E,00,B0,05,0105,03F8,00,4,00,CF00,0105,0
203,00114C,0400,0000C240,000003C0,00,1E,00,B0,05,0105,03F8,00,4,00,CF00,0105,0
203,001154,0400,0000C240,000003C0,00,1E,00,B0,05,0105,03F8,00,4,00,CF00,0105,0
203,00115C,0400,0000C240,000003C0,00,1E,00,B0,05,0105,03F8,00,4,00,CF00,0105,0
203,001164,0400,0000C240,000003C0,00,1E,00,B0,05,0105,03F8,00,4,00,CF00,0105,0
203,00116C,0400,0000C240,000003C0,00,1E,00,B0,05,0105,03F8,00,4,00,CF00,0105,0
203,001174,0400,0000C240,000003C0,00,1E,00,B0,05,0105,03F8,00,4,00,CF00,0105,0
203,00117C,0400,0000C240,000003C0,00,1E,00,B0,05,0105,03F8,00,4,00,CF00,0105,0
203,001184,0400,0000C240,000003C0,00,1E,00,B0,05,0105,03F8,00,4,00,CF00,0105,0
203,00114C,0400,0000C240,000003C0,00,1E,00,B0,05,0105,03F8,00,4,00,CF00,0105,0
203,001154,0400,0000C240,000003C0,00,1E,00,B0,05,0105,03F8,00,4,00,CF00,0105,0
203,00115C,0400,0000C240,000003C0,00,1E,00,B0,05,0105,03F8,00,4,00,CF00,0105,0
203,001164,0400,0000C240,000003C0,00,1E,00,B0,05,0105,03F8,00,4,00,CF00,0105,0
203,00116C,0400,0000C240,000003C0,00,1E,00,B0,05,0105,03F8,00,4,00,CF00,0105,0
203,001174,0400,0000C240,000003C0,00,1E,00,B0,05,0105,03F8,00,4,00,CF00,0105,0
203,00117C,0400,0000C240,000003C0,00,1E,00,B0,05,0105,03F8,00,4,00,CF00,0105,0
203,001184,0400,0000C240,000003C0,00,1E,00,B0,05,0105,03F8,00,4,00,CF00,0105,0
203,00114C,0400,0000C240,000003C0,00,1E,00,B0,05,0105,03F8,00,4,00,CF00,0105,0
203,001154,0400,0000C240,000003C0,00,1E,00,B0,05,0105,03F8,00,4,00,CF00,0105,0
203,00115C,0400,0000C240,000003C0,00,1E,00,B0,05,0105,03F8,00,4,00,CF00,0105,0
203,001164,0400,0000C240,000003C0,00,1E,00,B0,05,0105,03F8,00,4,00,CF00,0105,0
203,00116C,0400,0000C240,000003C0,00,1E,00,B0,05,0105,03F8,00,4,00,CF00,0105,0
203,001174,0400,0000C240,000003C0,00,1E,00,B0,05,0105,03F8,00,4,00,CF00,0105,0
203,00117C,0400,0000C240,000003C0,00,1E,00,B0,05,0105,03F8,00,4,00,CF00,0105,0
203,001184,0400,0000C240,000003C0,00,1E,00,B0,05,0105,03F8,00,4,00,CF00,0105,0
203,00114C,0400,0000C240,000003C0,00,1E,00,B0,05,0105,03F8,00,4,00,CF00,0105,0
203,001154,0400,0000C240,000003C0,00,1E,00,B0,05,0105,03F8,00,4,00,CF00,0105,0
203,00115C,0400,0000C240,000003C0,00,1E,00,B0,05,0105,03F8,00,4,00,CF00,0105,0
203,001164,0400,0000C240,000003C0,00,1E,00,B0,05,0105,03F8,00,4,00,CF00,0105,0
203,00116C,0400,0000C240,000003C0,00,1E,00,B0,05,0105,03F8,00,4,00,CF00,0105,0
203,001174,0400,0000C240,000003C0,00,1E,00,B0,05,0105,03F8,00,4,00,CF00,0105,0
203,00117C,0400,0000C240,000003C0,00,1E,00,B0,05,0105,03F8,00,4,00,CF00,0105,0
203,001184,0400,0000C240,000003C0,00,1E,00,B0,05,0105,03F8,00,4,00,CF00,0105,0
203,00114C,0400,0000C240,000003C0,00,1E,00,B0,05,0105,03F8,00,4,00,CF00,0105,0
203,001154,0400,0000C240,000003C0,00,1E,00,B0,05,0105,03F8,00,4,00,CF00,0105,0
203,00115C,0400,0000C240,000003C0,00,1E,00,B0,05,0105,03F8,00,4,00,CF00,0105,0
203,001164,0400,0000C240,000003C0,00,1E,00,B0,05,0105,03F8,00,4,00,CF00,0105,0
203,00116C,0400,0000C240,000003C0,00,1E,00,B0,05,0105,03F8,00,4,00,CF00,0105,0
203,001174,0400,0000C240,000003C0,00,1E,00,B0,05,0105,03F8,00,4,00,CF00,0105,0
203,00117C,0400,0000C240,000003C0,00,1E,00,B0,05,0105,03F8,00,4,00,CF00,0105,0
203,001184,0400,0000C240,000003C0,00,1E,00,B0,05,0105,03F8,00,4,00,CF00,0105,0
203,00114C,0400,0000C240,000003C0,00,1E,00,B0,05,0105,03F8,00,4,00,CF00,0105,0
203,001154,0400,0000C240,000003C0,00,1E,00,B0,05,0105,03F8,00,4,00,CF00,0105,0
203,00115C,0400,0000C240,000003C0,00,1E,00,B0,05,0105,03F8,00,4,00,CF00,0105,0
203,001164,0400,0000C240,000003C0,00,1E,00,B0,05,0105,03F8,00,4,00,CF00,0105,0
203,00116C,0400,0000C240,000003C0,00,1E,00,B0,05,0105,03F8,00,4,00,CF00,0105,0
203,001174,0400,0000C240,000003C0,00,1E,00,B0,05,0105,03F8,00,4,00,CF00,0105,0
203,00117C,0400,0000C240,000003C0,00,1E,00,B0,05,0105,03F8,00,4,00,CF00,0105,0
203,001184,0400,0000C240,000003C0,00,1E,00,B0,05,0105,03F8,00,4,00,CF00,0105,0
203,00114C,0400,0000C240,000003C0,00,1E,00,B0,05,0105,03F8,00,4,00,CF00,0105,0
203,001154,0400,0000C240,000003C0,00,1E,00,B0,05,0105,03F8,00,4,00,CF00,0105,0
203,00115C,0400,0000C240,000003C0,00,1E,00,B0,05,0105,03F8,00,4,00,CF00,0105,0
203,001164,0400,0000C240,000003C0,00,1E,00,B0,05,0105,03F8,00,4,00,CF00,0105,0
203,00116C,0400,0000C240,000003C0,00,1E,00,B0,05,0105,03F8,00,4,00,CF00,0105,0
203,001174,0400,0000C240,000003C0,00,1E,00,B0,05,0105,03F8,00,4,00,CF00,0105,0
203,00117C,0400,0000C240,000003C0,00,1E,00,B0,05,0105,03F8,00,4,00,CF00,0105,0
203,001184,0400,0000C240,000003C0,00,1E,00,B0,05,0105,03F8,00,4,00,CF00,0105,0
203,00114C,0400,0000C240,000003C0,00,1E,00,B0,05,0105,03F8,00,4,00,CF00,0105,0
203,001154,0400,0000C240,000003C0,00,1E,00,B0,05,0105,03F8,00,4,00,CF00,0105,0
203,00115C,0400,0000C240,000003C0,00,1E,00,B0,05,0105,03F8,00,4,00,CF00,0105,0
203,001164,0400,0000C240,000003C0,00,1E,00,B0,05,0105,03F8,00,4,00,CF00,0105,0
203,00116C,0400,0000C240,000003C0,00,1E,00,B0,05,0105,03F8,00,4,00,CF00,0105,0
203,001174,0400,0000C240,000003C0,00,1E,00,B0,05,0105,03F8,00,4,00,CF00,0105,0
203,00117C,0400,0000C240,000003C0,00,1E,00,B0,05,0105,03F8,00,4,00,CF00,0105,0
203,001184,0400,0000C240,000003C0,00,1E,00,B0,05,0105,03F8,00,4,00,CF00,0105,0
203,00114C,0400,0000C240,000003C0,00,1E,00,B0,05,0105,03F8,00,4,00,CF00,0105,0
203,001154,0400,0000C240,000003C0,00,1E,00,B0,05,0105,03F8,00,4,00,CF00,0105,0
203,00115C,0400,0000C240,000003C0,00,1E,00,B0,05,0105,03F8,00,4,00,CF00,0105,0
203,001164,0400,0000C240,000003C0,00,1E,00,B0,05,0105,03F8,00,4,00,CF00,0105,0
203,00116C,0400,0000C240,000003C0,00,1E,00,B0,05,0105,03F8,00,4,00,CF00,0105,0
203,001174,0400,0000C240,000003C0,00,1E,00,B0,05,0105,03F8,00,4,00,CF00,0105,0
203,00117C,0400,0000C240,000003C0,00,1E,00,B0,05,0105,03F8,00,4,00,CF00,0105,0
203,001184,0400,0000C240,000003C0,00,1E,00,B0,05,0105,03F8,00,4,00,CF00,0105,0
203,00114C,0400,0000C240,000003C0,00,1E,00,B0,05,0105,03F8,00,4,00,CF00,0105,0
203,001154,0400,0000C240,000003C0,00,1E,00,B0,05,0105,03F8,00,4,00,CF00,0105,0
203,00115C,0400,0000C240,000003C0,00,1E,00,B0,05,0105,03F8,00,4,00,CF00,0105,0
203,001164,0400,0000C240,000003C0,00,1E,00,B0,05,0105,03F8,00,4,00,CF00,0105,0
203,00116C,0400,0000C240,000003C0,00,1E,00,B0,05,0105,03F8,00,4,00,CF00,0105,0
203,001174,0400,0000C240,000003C0,00,1E,00,B0,05,0105,03F8,00,4,00,CF00,0105,0
203,00117C,0400,0000C240,000003C0,00,1E,00,B0,05,0105,03F8,00,4,00,CF00,0105,0
203,001184,0400,0000C240,000003C0,00,1E,00,B0,05,0105,03F8,00,4,00,CF00,0105,0
203,00114C,0400,0000C240,000003C0,00,1E,00,B0,05,0105,03F8,00,4,00,CF00,0105,0
203,001154,0400,0000C240,000003C0,00,1E,00,B0,05,0105,03F8,00,4,00,CF00,0105,0
203,00115C,0400,0000C240,000003C0,00,1E,00,B0,05,0105,03F8,00,4,00,CF00,0105,0
203,001164,0400,0000C240,000003C0,00,1E,00,B0,05,0105,03F8,00,4,00,CF00,0105,0
203,00116C,0400,0000C240,000003C0,00,1E,00,B0,05,0105,03F8,00,4,00,CF00,0105,0
203,001174,0400,0000C240,000003C0,00,1E,00,B0,05,0105,03F8,00,4,00,CF00,0105,0
203,00117C,0400,0000C240,000003C0,00,1E,00,B0,05,0105,03F8,00,4,00,CF00,0105,0
203,001184,0400,0000C240,000003C0,00,1E,00,B0,05,0105,03F8,00,4,00,CF00,0105,0
203,00114C,0400,0000C240,000003C0,00,1E,00,B0,05,0105,03F8,00,4,00,CF00,0105,0
203,001154,0400,0000C240,000003C0,00,1E,00,B0,05,0105,03F8,00,4,00,CF00,0105,0
203,00115C,0400,0000C240,000003C0,00,1E,00,B0,05,0105,03F8,00,4,00,CF00,0105,0
203,001164,0400,0000C240,000003C0,00,1E,00,B0,05,0105,03F8,00,4,00,CF00,0105,0
203,00116C,0400,0000C240,000003C0,00,1E,00,B0,05,0105,03F8,00,4,00,CF00,0105,0
203,001174,0400,0000C240,000003C0,00,1E,00,B0,05,0105,03F8,00,4,00,CF00,0105,0
203,00117C,0400,0000C240,000003C0,00,1E,00,B0,05,0105,03F8,00,4,00,CF00,0105,0
203,001184,0400,0000C240,000003C0,00,1E,00,B0,05,0105,03F8,00,4,00,CF00,0105,0
203,00114C,0400,0000C240,000003C0,00,1E,00,B0,05,0105,03F8,00,4,00,CF00,0105,0
203,001154,0400,0000C240,000003C0,00,1E,00,B0,05,0105,03F8,00,4,00,CF00,0105,0
203,00115C,0400,0000C240,000003C0,00,1E,00,B0,05,0105,03F8,00,4,00,CF00,0105,0
203,001164,0400,0000C240,000003C0,00,1E,00,B0,05,0105,03F8,00,4,00,CF00,0105,0
203,00116C,0400,0000C240,000003C0,00,1E,00,B0,05,0105,03F8,00,4,00,CF00,0105,0
203,001174,0400,0000C240,000003C0,00,1E,00,B0,05,0105,03F8,00,4,00,CF00,0105,0
203,00117C,0400,0000C240,000003C0,00,1E,00,B0,05,0105,03F8,00,4,00,CF00,0105,0
203,001184,0400,0000C240,000003C0,00,1E,00,B0,05,0105,03F8,00,4,00,CF00,0105,0
203,00114C,0400,0000C240,000003C0,00,1E,00,B0,05,0105,03F8,00,4,00,CF00,0105,0
203,001154,0400,0000C240,000003C0,00,1E,00,B0,05,0105,03F8,00,4,00,CF00,0105,0
203,00115C,0400,0000C240,000003C0,00,1E,00,B0,05,0105,03F8,00,4,00,CF00,0105,0
203,001164,0400,0000C240,000003C0,00,1E,00,B0,05,0105,03F8,00,4,00,CF00,0105,0
203,00116C,0400,0000C240,000003C0,00,1E,00,B0,05,0105,03F8,00,4,00,CF00,0105,0
203,001174,0400,0000C240,000003C0,00,1E,00,B0,05,0105,03F8,00,4,00,CF00,0105,0
203,00117C,0400,0000C240,000003C0,00,1E,00,B0,05,0105,03F8,00,4,00,CF00,0105,0
203,001184,0400,0000C240,000003C0,00,1E,00,B0,05,0105,03F8,00,4,00,CF00,0105,0
203,00114C,0400,0000C240,000003C0,00,1E,00,B0,05,0105,03F8,00,4,00,CF00,0105,0
203,001154,0400,0000C240,000003C0,00,1E,00,B0,05,0105,03F8,00,4,00,CF00,0105,0
203,00115C,0400,0000C240,000003C0,00,1E,00,B0,05,0105,03F8,00,4,00,CF00,0105,0
203,001164,0400,0000C240,000003C0,00,1E,00,B0,05,0105,03F8,00,4,00,CF00,0105,0
203,00116C,0400,0000C240,000003C0,00,1E,00,B0,05,0105,03F8,00,4,00,CF00,0105,0
203,001174,0400,0000C240,000003C0,00,1E,00,B0,05,0105,03F8,00,4,00,CF00,0105,0
203,00117C,0400,0000C240,000003C0,00,1E,00,B0,05,0105,03F8,00,4,00,CF00,0105,0
203,001184,0400,0000C240,000003C0,00,1E,00,B0,05,0105,03F8,00,4,00,CF00,0105,0
203,00114C,0400,0000C240,000003C0,00,1E,00,B0,05,0105,03F8,00,4,00,CF00,0105,0
203,001154,0400,0000C240,000003C0,00,1E,00,B0,05,0105,03F8,00,4,00,CF00,0105,0
203,00115C,0400,0000C240,000003C0,00,1E,00,B0,05,0105,03F8,00,4,00,CF00,0105,0
203,001164,0400,0000C240,000003C0,00,1E,00,B0,05,0105,03F8,00,4,00,CF00,0105,0
203,00116C,0400,0000C240,000003C0,00,1E,00,B0,05,0105,03F8,00,4,00,CF00,0105,0
203,001174,0400,0000C240,000003C0,00,1E,00,B0,05,0105,03F8,00,4,00,CF00,0105,0
203,00117C,0400,0000C240,000003C0,00,1E,00,B0,05,0105,03F8,00,4,00,CF00,0105,0
203,001184,0400,0000C240,000003C0,00,1E,00,B0,05,0105,03F8,00,4,00,CF00,0105,0
203,00114C,0400,0000C240,000003C0,00,1E,00,B0,05,0105,03F8,00,4,00,CF00,0105,0
203,001154,0400,0000C240,000003C0,00,1E,00,B0,05,0105,03F8,00,4,00,CF00,0105,0
203,00115C,0400,0000C240,000003C0,00,1E,00,B0,05,0105,03F8,00,4,00,CF00,0105,0
203,001164,0400,0000C240,000003C0,00,1E,00,B0,05,0105,03F8,00,4,00,CF00,0105,0
203,00116C,0400,0000C240,000003C0,00,1E,00,B0,05,0105,03F8,00,4,00,CF00,0105,0
203,001174,0400,0000C240,000003C0,00,1E,00,B0,05,0105,03F8,00,4,00,CF00,0105,0
203,00117C,0400,0000C240,000003C0,00,1E,00,B0,05,0105,03F8,00,4,00,CF00,0105,0
203,001184,0400,0000C240,000003C0,00,1E,00,B0,05,0105,03F8,00,4,00,CF00,0105,0
203,00114C,0400,0000C240,000003C0,00,1E,00,B0,05,0105,03F8,00,4,00,CF00,0105,0
203,001154,0400,0000C240,000003C0,00,1E,00,B0,05,0105,03F8,00,4,00,CF00,0105,0
203,00115C,0400,0000C240,000003C0,00,1E,00,B0,05,0105,03F8,00,4,00,CF00,0105,0
203,001164,0400,0000C240,000003C0,00,1E,00,B0,05,0105,03F8,00,4,00,CF00,0105,0
203,00116C,0400,0000C240,000003C0,00,1E,00,B0,05,0105,03F8,00,4,00,CF00,0105,0
203,001174,0400,0000C240,000003C0,00,1E,00,B0,05,0105,03F8,00,4,00,CF00,0105,0
203,00117C,0400,0000C240,000003C0,00,1E,00,B0,05,0105,03F8,00,4,00,CF00,0105,0
203,001184,0400,0000C240,000003C0,00,1E,00,B0,05,0105,03F8,00,4,00,CF00,0105,0
203,00114C,0400,0000C240,000003C0,00,1E,00,B0,05,0105,03F8,00,4,00,CF00,0105,0
203,001154,0400,0000C240,000003C0,00,1E,00,B0,05,0105,03F8,00,4,00,CF00,0105,0
203,00115C,0400,0000C240,000003C0,00,1E,00,B0,05,0105,03F8,00,4,00,CF00,0105,0
203,001164,0400,0000C240,000003C0,00,1E,00,B0,05,0105,03F8,00,4,00,CF00,0105,0
203,00116C,0400,0000C240,000003C0,00,1E,00,B0,05,0105,03F8,00,4,00,CF00,0105,0
203,001174,0400,0000C240,000003C0,00,1E,00,B0,05,0105,03F8,00,4,00,CF00,0105,0
203,00117C,0400,0000C240,000003C0,00,1E,00,B0,05,0105,03F8,00,4,00,CF00,0105,0
203,001184,0400,0000C240,000003C0,00,1E,00,B0,05,0105,03F8,00,4,00,CF00,0105,0
203,000CF2,DACA,0000DACA,000003CA,00,1E,0A,B0,5A,015A,03FA,FC,6,03,CF14,615A,0
203,000CF2,DACC,0000DACC,000003CC,00,1E,0C,B0,5A,015A,03FB,F3,4,03,CF18,615A,0
203,000CF2,D2CA,0000D2CA,000003CA,00,1E,0A,B0,5A,015A,03FA,FC,6,03,CF14,615A,0
203,000CF2,D2CC,0000D2CC,000003CC,00,1E,0C,B0,5A,015A,03FB,F3,4,03,CF18,615A,0
203,000CF2,CACA,0000CACA,000003CA,00,1E,0A,B0,5A,015A,03FA,FC,6,03,CF14,615A,0
203,000CF2,CACC,0000CACC,000003CC,00,1E,0C,B0,5A,015A,03FB,F3,4,03,CF18,615A,0
203,000CF2,C2CA,0000C2CA,000003CA,00,1E,0A,B0,5A,015A,03FA,FC,6,03,CF14,615A,0
203,000CF2,C2CC,0000C2CC,000003CC,00,1E,0C,B0,5A,015A,03FB,F3,4,03,CF18,615A,0
203,000CF2,C2CE,0000C2CE,000003CE,00,1E,0E,B0,9A,019A,03FB,F3,6,03,CF1C,619A,0
203,000CF2,C2D0,0000C2D0,000003D0,00,1E,10,B0,00,0100,03FC,00,4,00,CF20,0100,0
203,000CF2,C2D2,0000C2D2,000003D2,00,1E,12,B0,55,0155,03FC,00,6,00,CF24,0155,0
203,000CF2,C2D2,0000C2D2,000003D2,00,1E,12,B0,55,0155,03FC,00,6,00,CF24,0155,0
203,000CF2,C2D2,0000C2D2,000003D2,00,1E,12,B0,55,0155,03FC,00,6,00,CF24,0155,0
203,000CF2,C2D2,0000C2D2,000003D2,00,1E,12,B0,55,0155,03FC,00,6,00,CF24,0155,0
203,000CF2,C2D4,0000C2D4,000003D4,00,1E,14,B0,55,0155,03FD,00,4,00,CF28,0155,0
203,000CF2,C2D4,0000C2D4,000003D4,00,1E,14,B0,55,0155,03FD,00,4,00,CF28,0155,0
203,000CF2,C2D4,0000C2D4,000003D4,00,1E,14,B0,55,0155,03FD,00,4,00,CF28,0155,0
203,000CF2,C2D4,0000C2D4,000003D4,00,1E,14,B0,55,0155,03FD,00,4,00,CF28,0155,0
203,000CF2,C2D6,0000C2D6,000003D6,00,1E,16,B0,99,0199,03FD,00,6,00,CF2C,0199,0
203,000CF2,C2D6,0000C2D6,000003D6,00,1E,16,B0,99,0199,03FD,00,6,00,CF2C,0199,0
203,000CF2,C2D6,0000C2D6,000003D6,00,1E,16,B0,99,0199,03FD,00,6,00,CF2C,0199,0
203,000CF2,C2D6,0000C2D6,000003D6,00,1E,16,B0,99,0199,03FD,00,6,00,CF2C,0199,0
