=== TITLE TIMELINE ===
ROM=zelda_v564
SNAPSHOT frame=0 reason=state_change
  state gm=00 ready=00 script=00 sub=00 ppu_idx=00 ram_005C=00 auto=00 phase=00 frm=00 ctrl=00 mask=00 ctrl_shadow=00 mask_shadow=00 flush_done=00 vblank=00 mirror=00
  nt_row_04=00 00 00 00 00 00 00 00 00 00 00 00 00 00 00 00 00 00 00 00 00 00 00 00 00 00 00 00 00 00 00 00
  nt_row_07=00 00 00 00 00 00 00 00 00 00 00 00 00 00 00 00 00 00 00 00 00 00 00 00 00 00 00 00 00 00 00 00
  nt_row_08=00 00 00 00 00 00 00 00 00 00 00 00 00 00 00 00 00 00 00 00 00 00 00 00 00 00 00 00 00 00 00 00
  nt_row_11=00 00 00 00 00 00 00 00 00 00 00 00 00 00 00 00 00 00 00 00 00 00 00 00 00 00 00 00 00 00 00 00
  nt_row_13=00 00 00 00 00 00 00 00 00 00 00 00 00 00 00 00 00 00 00 00 00 00 00 00 00 00 00 00 00 00 00 00
  nt_row_17=00 00 00 00 00 00 00 00 00 00 00 00 00 00 00 00 00 00 00 00 00 00 00 00 00 00 00 00 00 00 00 00
  nt_row_20=00 00 00 00 00 00 00 00 00 00 00 00 00 00 00 00 00 00 00 00 00 00 00 00 00 00 00 00 00 00 00 00
  pal=0000000000000000000000000000000000000000000000000000000000000000
  chr_008=00000000000000000000000000000000
  chr_01C=00000000000000000000000000000000
  chr_108=00000000000000000000000000000000
  chr_11C=00000000000000000000000000000000
SNAPSHOT frame=1 reason=checkpoint
  state gm=00 ready=00 script=00 sub=00 ppu_idx=00 ram_005C=00 auto=00 phase=00 frm=00 ctrl=00 mask=00 ctrl_shadow=00 mask_shadow=00 flush_done=00 vblank=00 mirror=00
  nt_row_04=00 00 00 00 00 00 00 00 00 00 00 00 00 00 00 00 00 00 00 00 00 00 00 00 00 00 00 00 00 00 00 00
  nt_row_07=00 00 00 00 00 00 00 00 00 00 00 00 00 00 00 00 00 00 00 00 00 00 00 00 00 00 00 00 00 00 00 00
  nt_row_08=00 00 00 00 00 00 00 00 00 00 00 00 00 00 00 00 00 00 00 00 00 00 00 00 00 00 00 00 00 00 00 00
  nt_row_11=00 00 00 00 00 00 00 00 00 00 00 00 00 00 00 00 00 00 00 00 00 00 00 00 00 00 00 00 00 00 00 00
  nt_row_13=00 00 00 00 00 00 00 00 00 00 00 00 00 00 00 00 00 00 00 00 00 00 00 00 00 00 00 00 00 00 00 00
  nt_row_17=00 00 00 00 00 00 00 00 00 00 00 00 00 00 00 00 00 00 00 00 00 00 00 00 00 00 00 00 00 00 00 00
  nt_row_20=00 00 00 00 00 00 00 00 00 00 00 00 00 00 00 00 00 00 00 00 00 00 00 00 00 00 00 00 00 00 00 00
  pal=0000000000000000000000000000000000000000000000000000000000000000
  chr_008=00000000000000000000000000000000
  chr_01C=00000000000000000000000000000000
  chr_108=00000000000000000000000000000000
  chr_11C=00000000000000000000000000000000
SNAPSHOT frame=2 reason=checkpoint
  state gm=00 ready=00 script=00 sub=00 ppu_idx=00 ram_005C=00 auto=00 phase=00 frm=00 ctrl=00 mask=00 ctrl_shadow=00 mask_shadow=00 flush_done=00 vblank=00 mirror=00
  nt_row_04=00 00 00 00 00 00 00 00 00 00 00 00 00 00 00 00 00 00 00 00 00 00 00 00 00 00 00 00 00 00 00 00
  nt_row_07=00 00 00 00 00 00 00 00 00 00 00 00 00 00 00 00 00 00 00 00 00 00 00 00 00 00 00 00 00 00 00 00
  nt_row_08=00 00 00 00 00 00 00 00 00 00 00 00 00 00 00 00 00 00 00 00 00 00 00 00 00 00 00 00 00 00 00 00
  nt_row_11=00 00 00 00 00 00 00 00 00 00 00 00 00 00 00 00 00 00 00 00 00 00 00 00 00 00 00 00 00 00 00 00
  nt_row_13=00 00 00 00 00 00 00 00 00 00 00 00 00 00 00 00 00 00 00 00 00 00 00 00 00 00 00 00 00 00 00 00
  nt_row_17=00 00 00 00 00 00 00 00 00 00 00 00 00 00 00 00 00 00 00 00 00 00 00 00 00 00 00 00 00 00 00 00
  nt_row_20=00 00 00 00 00 00 00 00 00 00 00 00 00 00 00 00 00 00 00 00 00 00 00 00 00 00 00 00 00 00 00 00
  pal=0000000000000000000000000000000000000000000000000000000000000000
  chr_008=00000000000000000000000000000000
  chr_01C=00000000000000000000000000000000
  chr_108=00000000000000000000000000000000
  chr_11C=00000000000000000000000000000000
SNAPSHOT frame=5 reason=checkpoint
  state gm=00 ready=00 script=00 sub=00 ppu_idx=00 ram_005C=00 auto=00 phase=00 frm=00 ctrl=00 mask=00 ctrl_shadow=00 mask_shadow=00 flush_done=00 vblank=00 mirror=00
  nt_row_04=00 00 00 00 00 00 00 00 00 00 00 00 00 00 00 00 00 00 00 00 00 00 00 00 00 00 00 00 00 00 00 00
  nt_row_07=00 00 00 00 00 00 00 00 00 00 00 00 00 00 00 00 00 00 00 00 00 00 00 00 00 00 00 00 00 00 00 00
  nt_row_08=00 00 00 00 00 00 00 00 00 00 00 00 00 00 00 00 00 00 00 00 00 00 00 00 00 00 00 00 00 00 00 00
  nt_row_11=00 00 00 00 00 00 00 00 00 00 00 00 00 00 00 00 00 00 00 00 00 00 00 00 00 00 00 00 00 00 00 00
  nt_row_13=00 00 00 00 00 00 00 00 00 00 00 00 00 00 00 00 00 00 00 00 00 00 00 00 00 00 00 00 00 00 00 00
  nt_row_17=00 00 00 00 00 00 00 00 00 00 00 00 00 00 00 00 00 00 00 00 00 00 00 00 00 00 00 00 00 00 00 00
  nt_row_20=00 00 00 00 00 00 00 00 00 00 00 00 00 00 00 00 00 00 00 00 00 00 00 00 00 00 00 00 00 00 00 00
  pal=0000000000000000000000000000000000000000000000000000000000000000
  chr_008=00000000000000000000000000000000
  chr_01C=00000000000000000000000000000000
  chr_108=00000000000000000000000000000000
  chr_11C=00000000000000000000000000000000
SNAPSHOT frame=10 reason=checkpoint
  state gm=00 ready=00 script=00 sub=00 ppu_idx=00 ram_005C=00 auto=00 phase=00 frm=00 ctrl=00 mask=00 ctrl_shadow=00 mask_shadow=00 flush_done=00 vblank=00 mirror=00
  nt_row_04=00 00 00 00 00 00 00 00 00 00 00 00 00 00 00 00 00 00 00 00 00 00 00 00 00 00 00 00 00 00 00 00
  nt_row_07=00 00 00 00 00 00 00 00 00 00 00 00 00 00 00 00 00 00 00 00 00 00 00 00 00 00 00 00 00 00 00 00
  nt_row_08=00 00 00 00 00 00 00 00 00 00 00 00 00 00 00 00 00 00 00 00 00 00 00 00 00 00 00 00 00 00 00 00
  nt_row_11=00 00 00 00 00 00 00 00 00 00 00 00 00 00 00 00 00 00 00 00 00 00 00 00 00 00 00 00 00 00 00 00
  nt_row_13=00 00 00 00 00 00 00 00 00 00 00 00 00 00 00 00 00 00 00 00 00 00 00 00 00 00 00 00 00 00 00 00
  nt_row_17=00 00 00 00 00 00 00 00 00 00 00 00 00 00 00 00 00 00 00 00 00 00 00 00 00 00 00 00 00 00 00 00
  nt_row_20=00 00 00 00 00 00 00 00 00 00 00 00 00 00 00 00 00 00 00 00 00 00 00 00 00 00 00 00 00 00 00 00
  pal=0000000000000000000000000000000000000000000000000000000000000000
  chr_008=00000000000000000000000000000000
  chr_01C=00000000000000000000000000000000
  chr_108=00000000000000000000000000000000
  chr_11C=00000000000000000000000000000000
SNAPSHOT frame=14 reason=state_change
  state gm=00 ready=00 script=00 sub=00 ppu_idx=00 ram_005C=00 auto=00 phase=00 frm=00 ctrl=00 mask=00 ctrl_shadow=00 mask_shadow=00 flush_done=00 vblank=00 mirror=0C
  nt_row_04=00 00 00 00 00 00 00 00 00 00 00 00 00 00 00 00 00 00 00 00 00 00 00 00 00 00 00 00 00 00 00 00
  nt_row_07=00 00 00 00 00 00 00 00 00 00 00 00 00 00 00 00 00 00 00 00 00 00 00 00 00 00 00 00 00 00 00 00
  nt_row_08=00 00 00 00 00 00 00 00 00 00 00 00 00 00 00 00 00 00 00 00 00 00 00 00 00 00 00 00 00 00 00 00
  nt_row_11=00 00 00 00 00 00 00 00 00 00 00 00 00 00 00 00 00 00 00 00 00 00 00 00 00 00 00 00 00 00 00 00
  nt_row_13=00 00 00 00 00 00 00 00 00 00 00 00 00 00 00 00 00 00 00 00 00 00 00 00 00 00 00 00 00 00 00 00
  nt_row_17=00 00 00 00 00 00 00 00 00 00 00 00 00 00 00 00 00 00 00 00 00 00 00 00 00 00 00 00 00 00 00 00
  nt_row_20=00 00 00 00 00 00 00 00 00 00 00 00 00 00 00 00 00 00 00 00 00 00 00 00 00 00 00 00 00 00 00 00
  pal=0000000000000000000000000000000000000000000000000000000000000000
  chr_008=00000000000000000000000000000000
  chr_01C=00000000000000000000000000000000
  chr_108=00000000000000000000000000000000
  chr_11C=00000000000000000000000000000000
SNAPSHOT frame=16 reason=chr_change
  state gm=00 ready=00 script=00 sub=00 ppu_idx=00 ram_005C=00 auto=00 phase=00 frm=00 ctrl=00 mask=00 ctrl_shadow=00 mask_shadow=00 flush_done=00 vblank=00 mirror=0C
  nt_row_04=00 00 00 00 00 00 00 00 00 00 00 00 00 00 00 00 00 00 00 00 00 00 00 00 00 00 00 00 00 00 00 00
  nt_row_07=00 00 00 00 00 00 00 00 00 00 00 00 00 00 00 00 00 00 00 00 00 00 00 00 00 00 00 00 00 00 00 00
  nt_row_08=00 00 00 00 00 00 00 00 00 00 00 00 00 00 00 00 00 00 00 00 00 00 00 00 00 00 00 00 00 00 00 00
  nt_row_11=00 00 00 00 00 00 00 00 00 00 00 00 00 00 00 00 00 00 00 00 00 00 00 00 00 00 00 00 00 00 00 00
  nt_row_13=00 00 00 00 00 00 00 00 00 00 00 00 00 00 00 00 00 00 00 00 00 00 00 00 00 00 00 00 00 00 00 00
  nt_row_17=00 00 00 00 00 00 00 00 00 00 00 00 00 00 00 00 00 00 00 00 00 00 00 00 00 00 00 00 00 00 00 00
  nt_row_20=00 00 00 00 00 00 00 00 00 00 00 00 00 00 00 00 00 00 00 00 00 00 00 00 00 00 00 00 00 00 00 00
  pal=0000000000000000000000000000000000000000000000000000000000000000
  chr_008=070F0F0F0A0A20390000272F3D3F3F37
  chr_01C=00000000000000000000000000000000
  chr_108=78C4E47886867C000000000000000000
  chr_11C=78CCC07C06C67C000000000000000000
SNAPSHOT frame=17 reason=state_change
  state gm=00 ready=00 script=00 sub=00 ppu_idx=00 ram_005C=00 auto=00 phase=00 frm=01 ctrl=80 mask=1E ctrl_shadow=80 mask_shadow=1E flush_done=00 vblank=01 mirror=0C
  nt_row_04=00 00 00 00 00 00 00 00 00 00 00 00 00 00 00 00 00 00 00 00 00 00 00 00 00 00 00 00 00 00 00 00
  nt_row_07=00 00 00 00 00 00 00 00 00 00 00 00 00 00 00 00 00 00 00 00 00 00 00 00 00 00 00 00 00 00 00 00
  nt_row_08=00 00 00 00 00 00 00 00 00 00 00 00 00 00 00 00 00 00 00 00 00 00 00 00 00 00 00 00 00 00 00 00
  nt_row_11=00 00 00 00 00 00 00 00 00 00 00 00 00 00 00 00 00 00 00 00 00 00 00 00 00 00 00 00 00 00 00 00
  nt_row_13=00 00 00 00 00 00 00 00 00 00 00 00 00 00 00 00 00 00 00 00 00 00 00 00 00 00 00 00 00 00 00 00
  nt_row_17=00 00 00 00 00 00 00 00 00 00 00 00 00 00 00 00 00 00 00 00 00 00 00 00 00 00 00 00 00 00 00 00
  nt_row_20=00 00 00 00 00 00 00 00 00 00 00 00 00 00 00 00 00 00 00 00 00 00 00 00 00 00 00 00 00 00 00 00
  pal=0000000000000000000000000000000000000000000000000000000000000000
  chr_008=070F0F0F0A0A20390000272F3D3F3F37
  chr_01C=00000000000000000000000000000000
  chr_108=78C4E47886867C000000000000000000
  chr_11C=78CCC07C06C67C000000000000000000
SNAPSHOT frame=20 reason=checkpoint
  state gm=00 ready=00 script=00 sub=00 ppu_idx=00 ram_005C=00 auto=00 phase=00 frm=01 ctrl=80 mask=1E ctrl_shadow=80 mask_shadow=1E flush_done=00 vblank=01 mirror=0C
  nt_row_04=00 00 00 00 00 00 00 00 00 00 00 00 00 00 00 00 00 00 00 00 00 00 00 00 00 00 00 00 00 00 00 00
  nt_row_07=00 00 00 00 00 00 00 00 00 00 00 00 00 00 00 00 00 00 00 00 00 00 00 00 00 00 00 00 00 00 00 00
  nt_row_08=00 00 00 00 00 00 00 00 00 00 00 00 00 00 00 00 00 00 00 00 00 00 00 00 00 00 00 00 00 00 00 00
  nt_row_11=00 00 00 00 00 00 00 00 00 00 00 00 00 00 00 00 00 00 00 00 00 00 00 00 00 00 00 00 00 00 00 00
  nt_row_13=00 00 00 00 00 00 00 00 00 00 00 00 00 00 00 00 00 00 00 00 00 00 00 00 00 00 00 00 00 00 00 00
  nt_row_17=00 00 00 00 00 00 00 00 00 00 00 00 00 00 00 00 00 00 00 00 00 00 00 00 00 00 00 00 00 00 00 00
  nt_row_20=00 00 00 00 00 00 00 00 00 00 00 00 00 00 00 00 00 00 00 00 00 00 00 00 00 00 00 00 00 00 00 00
  pal=0000000000000000000000000000000000000000000000000000000000000000
  chr_008=070F0F0F0A0A20390000272F3D3F3F37
  chr_01C=00000000000000000000000000000000
  chr_108=78C4E47886867C000000000000000000
  chr_11C=78CCC07C06C67C000000000000000000
SNAPSHOT frame=40 reason=checkpoint
  state gm=00 ready=00 script=00 sub=00 ppu_idx=00 ram_005C=00 auto=00 phase=00 frm=01 ctrl=80 mask=1E ctrl_shadow=80 mask_shadow=1E flush_done=00 vblank=01 mirror=0C
  nt_row_04=00 00 00 00 00 00 00 00 00 00 00 00 00 00 00 00 00 00 00 00 00 00 00 00 00 00 00 00 00 00 00 00
  nt_row_07=00 00 00 00 00 00 00 00 00 00 00 00 00 00 00 00 00 00 00 00 00 00 00 00 00 00 00 00 00 00 00 00
  nt_row_08=00 00 00 00 00 00 00 00 00 00 00 00 00 00 00 00 00 00 00 00 00 00 00 00 00 00 00 00 00 00 00 00
  nt_row_11=00 00 00 00 00 00 00 00 00 00 00 00 00 00 00 00 00 00 00 00 00 00 00 00 00 00 00 00 00 00 00 00
  nt_row_13=00 00 00 00 00 00 00 00 00 00 00 00 00 00 00 00 00 00 00 00 00 00 00 00 00 00 00 00 00 00 00 00
  nt_row_17=00 00 00 00 00 00 00 00 00 00 00 00 00 00 00 00 00 00 00 00 00 00 00 00 00 00 00 00 00 00 00 00
  nt_row_20=00 00 00 00 00 00 00 00 00 00 00 00 00 00 00 00 00 00 00 00 00 00 00 00 00 00 00 00 00 00 00 00
  pal=0000000000000000000000000000000000000000000000000000000000000000
  chr_008=070F0F0F0A0A20390000272F3D3F3F37
  chr_01C=00000000000000000000000000000000
  chr_108=78C4E47886867C000000000000000000
  chr_11C=78CCC07C06C67C000000000000000000
SNAPSHOT frame=54 reason=state_change
  state gm=00 ready=00 script=00 sub=00 ppu_idx=00 ram_005C=00 auto=00 phase=00 frm=01 ctrl=80 mask=1E ctrl_shadow=80 mask_shadow=1E flush_done=01 vblank=01 mirror=0C
  nt_row_04=00 00 00 00 00 00 00 00 00 00 00 00 00 00 00 00 00 00 00 00 00 00 00 00 00 00 00 00 00 00 00 00
  nt_row_07=00 00 00 00 00 00 00 00 00 00 00 00 00 00 00 00 00 00 00 00 00 00 00 00 00 00 00 00 00 00 00 00
  nt_row_08=00 00 00 00 00 00 00 00 00 00 00 00 00 00 00 00 00 00 00 00 00 00 00 00 00 00 00 00 00 00 00 00
  nt_row_11=00 00 00 00 00 00 00 00 00 00 00 00 00 00 00 00 00 00 00 00 00 00 00 00 00 00 00 00 00 00 00 00
  nt_row_13=00 00 00 00 00 00 00 00 00 00 00 00 00 00 00 00 00 00 00 00 00 00 00 00 00 00 00 00 00 00 00 00
  nt_row_17=00 00 00 00 00 00 00 00 00 00 00 00 00 00 00 00 00 00 00 00 00 00 00 00 00 00 00 00 00 00 00 00
  nt_row_20=00 00 00 00 00 00 00 00 00 00 00 00 00 00 00 00 00 00 00 00 00 00 00 00 00 00 00 00 00 00 00 00
  pal=0000000000000000000000000000000000000000000000000000000000000000
  chr_008=070F0F0F0A0A20390000272F3D3F3F37
  chr_01C=00000000000000000000000000000000
  chr_108=78C4E47886867C000000000000000000
  chr_11C=78CCC07C06C67C000000000000000000
SNAPSHOT frame=55 reason=state_change
  state gm=00 ready=00 script=00 sub=00 ppu_idx=00 ram_005C=00 auto=00 phase=00 frm=02 ctrl=80 mask=00 ctrl_shadow=80 mask_shadow=00 flush_done=01 vblank=01 mirror=0C
  nt_row_04=00 00 00 00 00 00 00 00 00 00 00 00 00 00 00 00 00 00 00 00 00 00 00 00 00 00 00 00 00 00 00 00
  nt_row_07=00 00 00 00 00 00 00 00 00 00 00 00 00 00 00 00 00 00 00 00 00 00 00 00 00 00 00 00 00 00 00 00
  nt_row_08=00 00 00 00 00 00 00 00 00 00 00 00 00 00 00 00 00 00 00 00 00 00 00 00 00 00 00 00 00 00 00 00
  nt_row_11=00 00 00 00 00 00 00 00 00 00 00 00 00 00 00 00 00 00 00 00 00 00 00 00 00 00 00 00 00 00 00 00
  nt_row_13=00 00 00 00 00 00 00 00 00 00 00 00 00 00 00 00 00 00 00 00 00 00 00 00 00 00 00 00 00 00 00 00
  nt_row_17=00 00 00 00 00 00 00 00 00 00 00 00 00 00 00 00 00 00 00 00 00 00 00 00 00 00 00 00 00 00 00 00
  nt_row_20=00 00 00 00 00 00 00 00 00 00 00 00 00 00 00 00 00 00 00 00 00 00 00 00 00 00 00 00 00 00 00 00
  pal=0000000000000000000000000000000000000000000000000000000000000000
  chr_008=00000000000020390000272F3D3F3F37
  chr_01C=00000000000000000000000000000000
  chr_108=78C4E47886867C000000000000000000
  chr_11C=78CCC07C06C67C000000000000000000
SNAPSHOT frame=56 reason=chr_change
  state gm=00 ready=00 script=00 sub=00 ppu_idx=00 ram_005C=00 auto=00 phase=00 frm=02 ctrl=80 mask=00 ctrl_shadow=80 mask_shadow=00 flush_done=01 vblank=01 mirror=0C
  nt_row_04=00 00 00 00 00 00 00 00 00 00 00 00 00 00 00 00 00 00 00 00 00 00 00 00 00 00 00 00 00 00 00 00
  nt_row_07=00 00 00 00 00 00 00 00 00 00 00 00 00 00 00 00 00 00 00 00 00 00 00 00 00 00 00 00 00 00 00 00
  nt_row_08=00 00 00 00 00 00 00 00 00 00 00 00 00 00 00 00 00 00 00 00 00 00 00 00 00 00 00 00 00 00 00 00
  nt_row_11=00 00 00 00 00 00 00 00 00 00 00 00 00 00 00 00 00 00 00 00 00 00 00 00 00 00 00 00 00 00 00 00
  nt_row_13=00 00 00 00 00 00 00 00 00 00 00 00 00 00 00 00 00 00 00 00 00 00 00 00 00 00 00 00 00 00 00 00
  nt_row_17=00 00 00 00 00 00 00 00 00 00 00 00 00 00 00 00 00 00 00 00 00 00 00 00 00 00 00 00 00 00 00 00
  nt_row_20=00 00 00 00 00 00 00 00 00 00 00 00 00 00 00 00 00 00 00 00 00 00 00 00 00 00 00 00 00 00 00 00
  pal=0000000000000000000000000000000000000000000000000000000000000000
  chr_008=00000000000000000000000000000000
  chr_01C=00000000000000000000000000000000
  chr_108=78C4E47886867C000000000000000000
  chr_11C=78CCC07C06C67C000000000000000000
SNAPSHOT frame=60 reason=checkpoint
  state gm=00 ready=00 script=00 sub=00 ppu_idx=00 ram_005C=00 auto=00 phase=00 frm=02 ctrl=80 mask=00 ctrl_shadow=80 mask_shadow=00 flush_done=01 vblank=01 mirror=0C
  nt_row_04=00 00 00 00 00 00 00 00 00 00 00 00 00 00 00 00 00 00 00 00 00 00 00 00 00 00 00 00 00 00 00 00
  nt_row_07=00 00 00 00 00 00 00 00 00 00 00 00 00 00 00 00 00 00 00 00 00 00 00 00 00 00 00 00 00 00 00 00
  nt_row_08=00 00 00 00 00 00 00 00 00 00 00 00 00 00 00 00 00 00 00 00 00 00 00 00 00 00 00 00 00 00 00 00
  nt_row_11=00 00 00 00 00 00 00 00 00 00 00 00 00 00 00 00 00 00 00 00 00 00 00 00 00 00 00 00 00 00 00 00
  nt_row_13=00 00 00 00 00 00 00 00 00 00 00 00 00 00 00 00 00 00 00 00 00 00 00 00 00 00 00 00 00 00 00 00
  nt_row_17=00 00 00 00 00 00 00 00 00 00 00 00 00 00 00 00 00 00 00 00 00 00 00 00 00 00 00 00 00 00 00 00
  nt_row_20=00 00 00 00 00 00 00 00 00 00 00 00 00 00 00 00 00 00 00 00 00 00 00 00 00 00 00 00 00 00 00 00
  pal=0000000000000000000000000000000000000000000000000000000000000000
  chr_008=00000000000000000000000000000000
  chr_01C=00000000000000000000000000000000
  chr_108=78C4E47886867C000000000000000000
  chr_11C=78CCC07C06C67C000000000000000000
SNAPSHOT frame=76 reason=state_change
  state gm=00 ready=00 script=00 sub=00 ppu_idx=00 ram_005C=00 auto=00 phase=00 frm=02 ctrl=80 mask=1E ctrl_shadow=80 mask_shadow=1E flush_done=01 vblank=01 mirror=0C
  nt_row_04=00 00 00 00 00 00 00 00 00 00 00 00 00 00 00 00 00 00 00 00 00 00 00 00 00 00 00 00 00 00 00 00
  nt_row_07=00 00 00 00 00 00 00 00 00 00 00 00 00 00 00 00 00 00 00 00 00 00 00 00 00 00 00 00 00 00 00 00
  nt_row_08=00 00 00 00 00 00 00 00 00 00 00 00 00 00 00 00 00 00 00 00 00 00 00 00 00 00 00 00 00 00 00 00
  nt_row_11=00 00 00 00 00 00 00 00 00 00 00 00 00 00 00 00 00 00 00 00 00 00 00 00 00 00 00 00 00 00 00 00
  nt_row_13=00 00 00 00 00 00 00 00 00 00 00 00 00 00 00 00 00 00 00 00 00 00 00 00 00 00 00 00 00 00 00 00
  nt_row_17=00 00 00 00 00 00 00 00 00 00 00 00 00 00 00 00 00 00 00 00 00 00 00 00 00 00 00 00 00 00 00 00
  nt_row_20=00 00 00 00 00 00 00 00 00 00 00 00 00 00 00 00 00 00 00 00 00 00 00 00 00 00 00 00 00 00 00 00
  pal=0000000000000000000000000000000000000000000000000000000000000000
  chr_008=00000000000000000000000000000000
  chr_01C=00000000000000000000000000000000
  chr_108=78C4E47886867C000000000000000000
  chr_11C=78CCC07C06C67C000000000000000000
SNAPSHOT frame=77 reason=state_change
  state gm=00 ready=00 script=00 sub=00 ppu_idx=00 ram_005C=00 auto=00 phase=00 frm=04 ctrl=B0 mask=00 ctrl_shadow=B0 mask_shadow=00 flush_done=01 vblank=01 mirror=0C
  nt_row_04=00 00 00 00 00 00 00 00 00 00 00 00 00 00 00 00 00 00 00 00 00 00 00 00 00 00 00 00 00 00 00 00
  nt_row_07=00 00 00 00 00 00 00 00 00 00 00 00 00 00 00 00 00 00 00 00 00 00 00 00 00 00 00 00 00 00 00 00
  nt_row_08=00 00 00 00 00 00 00 00 00 00 00 00 00 00 00 00 00 00 00 00 00 00 00 00 00 00 00 00 00 00 00 00
  nt_row_11=00 00 00 00 00 00 00 00 00 00 00 00 00 00 00 00 00 00 00 00 00 00 00 00 00 00 00 00 00 00 00 00
  nt_row_13=00 00 00 00 00 00 00 00 00 00 00 00 00 00 00 00 00 00 00 00 00 00 00 00 00 00 00 00 00 00 00 00
  nt_row_17=00 00 00 00 00 00 00 00 00 00 00 00 00 00 00 00 00 00 00 00 00 00 00 00 00 00 00 00 00 00 00 00
  nt_row_20=00 00 00 00 00 00 00 00 00 00 00 00 00 00 00 00 00 00 00 00 00 00 00 00 00 00 00 00 00 00 00 00
  pal=0000000000000000000000000000000000000000000000000000000000000000
  chr_008=00000000000000000000000000000000
  chr_01C=00000000000000000000000000000000
  chr_108=78C4E47886867C000000000000000000
  chr_11C=78CCC07C06C67C000000000000000000
SNAPSHOT frame=78 reason=nt_change
  state gm=00 ready=00 script=00 sub=00 ppu_idx=00 ram_005C=00 auto=00 phase=00 frm=04 ctrl=B0 mask=00 ctrl_shadow=B0 mask_shadow=00 flush_done=01 vblank=01 mirror=0C
  nt_row_04=24 24 24 24 24 24 24 24 24 24 24 24 24 24 24 24 24 24 24 24 24 24 24 24 24 24 24 24 24 24 24 24
  nt_row_07=24 24 24 24 24 24 24 24 24 24 24 24 24 24 24 24 24 24 24 24 24 24 24 24 24 24 24 24 24 24 24 24
  nt_row_08=24 24 24 24 24 24 24 24 24 24 24 24 24 24 24 24 24 24 24 24 24 24 24 24 24 24 24 24 24 00 00 00
  nt_row_11=00 00 00 00 00 00 00 00 00 00 00 00 00 00 00 00 00 00 00 00 00 00 00 00 00 00 00 00 00 00 00 00
  nt_row_13=00 00 00 00 00 00 00 00 00 00 00 00 00 00 00 00 00 00 00 00 00 00 00 00 00 00 00 00 00 00 00 00
  nt_row_17=00 00 00 00 00 00 00 00 00 00 00 00 00 00 00 00 00 00 00 00 00 00 00 00 00 00 00 00 00 00 00 00
  nt_row_20=00 00 00 00 00 00 00 00 00 00 00 00 00 00 00 00 00 00 00 00 00 00 00 00 00 00 00 00 00 00 00 00
  pal=0000000000000000000000000000000000000000000000000000000000000000
  chr_008=00000000000000000000000000000000
  chr_01C=00000000000000000000000000000000
  chr_108=78C4E47886867C000000000000000000
  chr_11C=78CCC07C06C67C000000000000000000
SNAPSHOT frame=79 reason=nt_change
  state gm=00 ready=00 script=00 sub=00 ppu_idx=00 ram_005C=00 auto=00 phase=00 frm=04 ctrl=B0 mask=00 ctrl_shadow=B0 mask_shadow=00 flush_done=01 vblank=01 mirror=0C
  nt_row_04=24 24 24 24 24 24 24 24 24 24 24 24 24 24 24 24 24 24 24 24 24 24 24 24 24 24 24 24 24 24 24 24
  nt_row_07=24 24 24 24 24 24 24 24 24 24 24 24 24 24 24 24 24 24 24 24 24 24 24 24 24 24 24 24 24 24 24 24
  nt_row_08=24 24 24 24 24 24 24 24 24 24 24 24 24 24 24 24 24 24 24 24 24 24 24 24 24 24 24 24 24 24 24 24
  nt_row_11=24 24 24 24 24 24 24 24 24 24 24 24 24 24 24 24 24 24 24 24 24 24 24 24 24 24 24 24 24 24 24 24
  nt_row_13=24 24 24 24 24 24 24 24 24 24 24 24 24 24 24 24 24 24 24 24 24 24 24 24 24 24 24 24 24 24 24 24
  nt_row_17=00 00 00 00 00 00 00 00 00 00 00 00 00 00 00 00 00 00 00 00 00 00 00 00 00 00 00 00 00 00 00 00
  nt_row_20=00 00 00 00 00 00 00 00 00 00 00 00 00 00 00 00 00 00 00 00 00 00 00 00 00 00 00 00 00 00 00 00
  pal=0000000000000000000000000000000000000000000000000000000000000000
  chr_008=00000000000000000000000000000000
  chr_01C=00000000000000000000000000000000
  chr_108=78C4E47886867C000000000000000000
  chr_11C=78CCC07C06C67C000000000000000000
SNAPSHOT frame=80 reason=nt_change
  state gm=00 ready=00 script=00 sub=00 ppu_idx=00 ram_005C=00 auto=00 phase=00 frm=04 ctrl=B0 mask=00 ctrl_shadow=B0 mask_shadow=00 flush_done=01 vblank=01 mirror=0C
  nt_row_04=24 24 24 24 24 24 24 24 24 24 24 24 24 24 24 24 24 24 24 24 24 24 24 24 24 24 24 24 24 24 24 24
  nt_row_07=24 24 24 24 24 24 24 24 24 24 24 24 24 24 24 24 24 24 24 24 24 24 24 24 24 24 24 24 24 24 24 24
  nt_row_08=24 24 24 24 24 24 24 24 24 24 24 24 24 24 24 24 24 24 24 24 24 24 24 24 24 24 24 24 24 24 24 24
  nt_row_11=24 24 24 24 24 24 24 24 24 24 24 24 24 24 24 24 24 24 24 24 24 24 24 24 24 24 24 24 24 24 24 24
  nt_row_13=24 24 24 24 24 24 24 24 24 24 24 24 24 24 24 24 24 24 24 24 24 24 24 24 24 24 24 24 24 24 24 24
  nt_row_17=24 24 24 24 24 24 24 24 24 24 24 24 24 24 24 24 24 24 24 24 24 24 24 24 24 24 24 24 24 24 24 24
  nt_row_20=24 24 24 24 24 24 24 24 24 24 24 24 24 24 24 00 00 00 00 00 00 00 00 00 00 00 00 00 00 00 00 00
  pal=0000000000000000000000000000000000000000000000000000000000000000
  chr_008=00000000000000000000000000000000
  chr_01C=00000000000000000000000000000000
  chr_108=78C4E47886867C000000000000000000
  chr_11C=78CCC07C06C67C000000000000000000
SNAPSHOT frame=81 reason=nt_change
  state gm=00 ready=00 script=00 sub=00 ppu_idx=00 ram_005C=00 auto=00 phase=00 frm=04 ctrl=B0 mask=00 ctrl_shadow=B0 mask_shadow=00 flush_done=01 vblank=01 mirror=0C
  nt_row_04=24 24 24 24 24 24 24 24 24 24 24 24 24 24 24 24 24 24 24 24 24 24 24 24 24 24 24 24 24 24 24 24
  nt_row_07=24 24 24 24 24 24 24 24 24 24 24 24 24 24 24 24 24 24 24 24 24 24 24 24 24 24 24 24 24 24 24 24
  nt_row_08=24 24 24 24 24 24 24 24 24 24 24 24 24 24 24 24 24 24 24 24 24 24 24 24 24 24 24 24 24 24 24 24
  nt_row_11=24 24 24 24 24 24 24 24 24 24 24 24 24 24 24 24 24 24 24 24 24 24 24 24 24 24 24 24 24 24 24 24
  nt_row_13=24 24 24 24 24 24 24 24 24 24 24 24 24 24 24 24 24 24 24 24 24 24 24 24 24 24 24 24 24 24 24 24
  nt_row_17=24 24 24 24 24 24 24 24 24 24 24 24 24 24 24 24 24 24 24 24 24 24 24 24 24 24 24 24 24 24 24 24
  nt_row_20=24 24 24 24 24 24 24 24 24 24 24 24 24 24 24 24 24 24 24 24 24 24 24 24 24 24 24 24 24 24 24 24
  pal=0000000000000000000000000000000000000000000000000000000000000000
  chr_008=00000000000000000000000000000000
  chr_01C=00000000000000000000000000000000
  chr_108=78C4E47886867C000000000000000000
  chr_11C=78CCC07C06C67C000000000000000000
SNAPSHOT frame=88 reason=state_change
  state gm=00 ready=00 script=00 sub=00 ppu_idx=00 ram_005C=00 auto=00 phase=01 frm=04 ctrl=B0 mask=00 ctrl_shadow=B0 mask_shadow=00 flush_done=00 vblank=01 mirror=0C
  nt_row_04=24 24 24 24 24 24 24 24 24 24 24 24 24 24 24 24 24 24 24 24 24 24 24 24 24 24 24 24 24 24 24 24
  nt_row_07=24 24 24 24 24 24 24 24 24 24 24 24 24 24 24 24 24 24 24 24 24 24 24 24 24 24 24 24 24 24 24 24
  nt_row_08=24 24 24 24 24 24 24 24 24 24 24 24 24 24 24 24 24 24 24 24 24 24 24 24 24 24 24 24 24 24 24 24
  nt_row_11=24 24 24 24 24 24 24 24 24 24 24 24 24 24 24 24 24 24 24 24 24 24 24 24 24 24 24 24 24 24 24 24
  nt_row_13=24 24 24 24 24 24 24 24 24 24 24 24 24 24 24 24 24 24 24 24 24 24 24 24 24 24 24 24 24 24 24 24
  nt_row_17=24 24 24 24 24 24 24 24 24 24 24 24 24 24 24 24 24 24 24 24 24 24 24 24 24 24 24 24 24 24 24 24
  nt_row_20=24 24 24 24 24 24 24 24 24 24 24 24 24 24 24 24 24 24 24 24 24 24 24 24 24 24 24 24 24 24 24 24
  pal=0000000000000000000000000000000000000000000000000000000000000000
  chr_008=00000000000000000000000000000000
  chr_01C=00000000000000000000000000000000
  chr_108=78C4E47886867C000000000000000000
  chr_11C=78CCC07C06C67C000000000000000000
SNAPSHOT frame=90 reason=checkpoint
  state gm=00 ready=00 script=00 sub=00 ppu_idx=00 ram_005C=00 auto=00 phase=01 frm=04 ctrl=B0 mask=00 ctrl_shadow=B0 mask_shadow=00 flush_done=00 vblank=01 mirror=0C
  nt_row_04=24 24 24 24 24 24 24 24 24 24 24 24 24 24 24 24 24 24 24 24 24 24 24 24 24 24 24 24 24 24 24 24
  nt_row_07=24 24 24 24 24 24 24 24 24 24 24 24 24 24 24 24 24 24 24 24 24 24 24 24 24 24 24 24 24 24 24 24
  nt_row_08=24 24 24 24 24 24 24 24 24 24 24 24 24 24 24 24 24 24 24 24 24 24 24 24 24 24 24 24 24 24 24 24
  nt_row_11=24 24 24 24 24 24 24 24 24 24 24 24 24 24 24 24 24 24 24 24 24 24 24 24 24 24 24 24 24 24 24 24
  nt_row_13=24 24 24 24 24 24 24 24 24 24 24 24 24 24 24 24 24 24 24 24 24 24 24 24 24 24 24 24 24 24 24 24
  nt_row_17=24 24 24 24 24 24 24 24 24 24 24 24 24 24 24 24 24 24 24 24 24 24 24 24 24 24 24 24 24 24 24 24
  nt_row_20=24 24 24 24 24 24 24 24 24 24 24 24 24 24 24 24 24 24 24 24 24 24 24 24 24 24 24 24 24 24 24 24
  pal=0000000000000000000000000000000000000000000000000000000000000000
  chr_008=00000000000000000000000000000000
  chr_01C=00000000000000000000000000000000
  chr_108=78C4E47886867C000000000000000000
  chr_11C=78CCC07C06C67C000000000000000000
SNAPSHOT frame=120 reason=checkpoint
  state gm=00 ready=00 script=00 sub=00 ppu_idx=00 ram_005C=00 auto=00 phase=01 frm=04 ctrl=B0 mask=00 ctrl_shadow=B0 mask_shadow=00 flush_done=00 vblank=01 mirror=0C
  nt_row_04=24 24 24 24 24 24 24 24 24 24 24 24 24 24 24 24 24 24 24 24 24 24 24 24 24 24 24 24 24 24 24 24
  nt_row_07=24 24 24 24 24 24 24 24 24 24 24 24 24 24 24 24 24 24 24 24 24 24 24 24 24 24 24 24 24 24 24 24
  nt_row_08=24 24 24 24 24 24 24 24 24 24 24 24 24 24 24 24 24 24 24 24 24 24 24 24 24 24 24 24 24 24 24 24
  nt_row_11=24 24 24 24 24 24 24 24 24 24 24 24 24 24 24 24 24 24 24 24 24 24 24 24 24 24 24 24 24 24 24 24
  nt_row_13=24 24 24 24 24 24 24 24 24 24 24 24 24 24 24 24 24 24 24 24 24 24 24 24 24 24 24 24 24 24 24 24
  nt_row_17=24 24 24 24 24 24 24 24 24 24 24 24 24 24 24 24 24 24 24 24 24 24 24 24 24 24 24 24 24 24 24 24
  nt_row_20=24 24 24 24 24 24 24 24 24 24 24 24 24 24 24 24 24 24 24 24 24 24 24 24 24 24 24 24 24 24 24 24
  pal=0000000000000000000000000000000000000000000000000000000000000000
  chr_008=00000000000000000000000000000000
  chr_01C=00000000000000000000000000000000
  chr_108=78C4E47886867C000000000000000000
  chr_11C=78CCC07C06C67C000000000000000000
SNAPSHOT frame=126 reason=state_change
  state gm=00 ready=00 script=00 sub=00 ppu_idx=00 ram_005C=00 auto=00 phase=02 frm=05 ctrl=00 mask=00 ctrl_shadow=B0 mask_shadow=00 flush_done=00 vblank=00 mirror=0C
  nt_row_04=24 24 24 24 24 24 24 24 24 24 24 24 24 24 24 24 24 24 24 24 24 24 24 24 24 24 24 24 24 24 24 24
  nt_row_07=24 24 24 24 24 24 24 24 24 24 24 24 24 24 24 24 24 24 24 24 24 24 24 24 24 24 24 24 24 24 24 24
  nt_row_08=24 24 24 24 24 24 24 24 24 24 24 24 24 24 24 24 24 24 24 24 24 24 24 24 24 24 24 24 24 24 24 24
  nt_row_11=24 24 24 24 24 24 24 24 24 24 24 24 24 24 24 24 24 24 24 24 24 24 24 24 24 24 24 24 24 24 24 24
  nt_row_13=24 24 24 24 24 24 24 24 24 24 24 24 24 24 24 24 24 24 24 24 24 24 24 24 24 24 24 24 24 24 24 24
  nt_row_17=24 24 24 24 24 24 24 24 24 24 24 24 24 24 24 24 24 24 24 24 24 24 24 24 24 24 24 24 24 24 24 24
  nt_row_20=24 24 24 24 24 24 24 24 24 24 24 24 24 24 24 24 24 24 24 24 24 24 24 24 24 24 24 24 24 24 24 24
  pal=0000000000000000000000000000000000000000000000000000000000000000
  chr_008=00000000000000000000000000000000
  chr_01C=00000000000000000000000000000000
  chr_108=78C4E47886867C000000000000000000
  chr_11C=78CCC07C06C67C000000000000000000
SNAPSHOT frame=127 reason=state_change
  state gm=00 ready=00 script=00 sub=00 ppu_idx=00 ram_005C=00 auto=00 phase=02 frm=05 ctrl=80 mask=1E ctrl_shadow=80 mask_shadow=1E flush_done=00 vblank=01 mirror=0C
  nt_row_04=24 24 24 24 24 24 24 24 24 24 24 24 24 24 24 24 24 24 24 24 24 24 24 24 24 24 24 24 24 24 24 24
  nt_row_07=24 24 24 24 24 24 24 24 24 24 24 24 24 24 24 24 24 24 24 24 24 24 24 24 24 24 24 24 24 24 24 24
  nt_row_08=24 24 24 24 24 24 24 24 24 24 24 24 24 24 24 24 24 24 24 24 24 24 24 24 24 24 24 24 24 24 24 24
  nt_row_11=24 24 24 24 24 24 24 24 24 24 24 24 24 24 24 24 24 24 24 24 24 24 24 24 24 24 24 24 24 24 24 24
  nt_row_13=24 24 24 24 24 24 24 24 24 24 24 24 24 24 24 24 24 24 24 24 24 24 24 24 24 24 24 24 24 24 24 24
  nt_row_17=24 24 24 24 24 24 24 24 24 24 24 24 24 24 24 24 24 24 24 24 24 24 24 24 24 24 24 24 24 24 24 24
  nt_row_20=24 24 24 24 24 24 24 24 24 24 24 24 24 24 24 24 24 24 24 24 24 24 24 24 24 24 24 24 24 24 24 24
  pal=0000000000000000000000000000000000000000000000000000000000000000
  chr_008=00000000000000000000000000000000
  chr_01C=00000000000000000000000000000000
  chr_108=78C4E47886867C000000000000000000
  chr_11C=78CCC07C06C67C000000000000000000
SNAPSHOT frame=132 reason=state_change
  state gm=00 ready=00 script=00 sub=00 ppu_idx=00 ram_005C=00 auto=00 phase=02 frm=06 ctrl=80 mask=1E ctrl_shadow=80 mask_shadow=1E flush_done=00 vblank=01 mirror=0C
  nt_row_04=24 24 24 24 24 24 24 24 24 24 24 24 24 24 24 24 24 24 24 24 24 24 24 24 24 24 24 24 24 24 24 24
  nt_row_07=24 24 24 24 24 24 24 24 24 24 24 24 24 24 24 24 24 24 24 24 24 24 24 24 24 24 24 24 24 24 24 24
  nt_row_08=24 24 24 24 24 24 24 24 24 24 24 24 24 24 24 24 24 24 24 24 24 24 24 24 24 24 24 24 24 24 24 24
  nt_row_11=24 24 24 24 24 24 24 24 24 24 24 24 24 24 24 24 24 24 24 24 24 24 24 24 24 24 24 24 24 24 24 24
  nt_row_13=24 24 24 24 24 24 24 24 24 24 24 24 24 24 24 24 24 24 24 24 24 24 24 24 24 24 24 24 24 24 24 24
  nt_row_17=24 24 24 24 24 24 24 24 24 24 24 24 24 24 24 24 24 24 24 24 24 24 24 24 24 24 24 24 24 24 24 24
  nt_row_20=24 24 24 24 24 24 24 24 24 24 24 24 24 24 24 24 24 24 24 24 24 24 24 24 24 24 24 24 24 24 24 24
  pal=360F00103617270F36081A2836303B2200303B160017270F00081A2800303B22
  chr_008=00000000000000000000000000000000
  chr_01C=00000000000000000000000000000000
  chr_108=78C4E47886867C000000000000000000
  chr_11C=78CCC07C06C67C000000000000000000
SNAPSHOT frame=133 reason=state_change
  state gm=00 ready=00 script=00 sub=00 ppu_idx=00 ram_005C=00 auto=00 phase=02 frm=07 ctrl=80 mask=00 ctrl_shadow=80 mask_shadow=00 flush_done=00 vblank=01 mirror=0C
  nt_row_04=24 24 24 24 24 24 24 24 24 24 24 24 24 24 24 24 24 24 24 24 24 24 24 24 24 24 24 24 24 24 24 24
  nt_row_07=24 24 24 24 24 24 24 24 24 24 24 24 24 24 24 24 24 24 24 24 24 24 24 24 24 24 24 24 24 24 24 24
  nt_row_08=24 24 24 24 24 24 24 24 24 24 24 24 24 24 24 24 24 24 24 24 24 24 24 24 24 24 24 24 24 24 24 24
  nt_row_11=24 24 24 24 24 24 24 24 24 24 24 24 24 24 24 24 24 24 24 24 24 24 24 24 24 24 24 24 24 24 24 24
  nt_row_13=24 24 24 24 24 24 24 24 24 24 24 24 24 24 24 24 24 24 24 24 24 24 24 24 24 24 24 24 24 24 24 24
  nt_row_17=24 24 24 24 24 24 24 24 24 24 24 24 24 24 24 24 24 24 24 24 24 24 24 24 24 24 24 24 24 24 24 24
  nt_row_20=24 24 24 24 24 24 24 24 24 24 24 24 24 24 24 24 24 24 24 24 24 24 24 24 24 24 24 24 24 24 24 24
  pal=360F00103617270F36081A2836303B2200303B160017270F00081A2800303B22
  chr_008=00000000000000000000000000000000
  chr_01C=00000000000000000000000000000000
  chr_108=78C4E47886867C000000000000000000
  chr_11C=78CCC07C06C67C000000000000000000
SNAPSHOT frame=135 reason=chr_change
  state gm=00 ready=00 script=00 sub=00 ppu_idx=00 ram_005C=00 auto=00 phase=02 frm=07 ctrl=80 mask=00 ctrl_shadow=80 mask_shadow=00 flush_done=00 vblank=01 mirror=0C
  nt_row_04=24 24 24 24 24 24 24 24 24 24 24 24 24 24 24 24 24 24 24 24 24 24 24 24 24 24 24 24 24 24 24 24
  nt_row_07=24 24 24 24 24 24 24 24 24 24 24 24 24 24 24 24 24 24 24 24 24 24 24 24 24 24 24 24 24 24 24 24
  nt_row_08=24 24 24 24 24 24 24 24 24 24 24 24 24 24 24 24 24 24 24 24 24 24 24 24 24 24 24 24 24 24 24 24
  nt_row_11=24 24 24 24 24 24 24 24 24 24 24 24 24 24 24 24 24 24 24 24 24 24 24 24 24 24 24 24 24 24 24 24
  nt_row_13=24 24 24 24 24 24 24 24 24 24 24 24 24 24 24 24 24 24 24 24 24 24 24 24 24 24 24 24 24 24 24 24
  nt_row_17=24 24 24 24 24 24 24 24 24 24 24 24 24 24 24 24 24 24 24 24 24 24 24 24 24 24 24 24 24 24 24 24
  nt_row_20=24 24 24 24 24 24 24 24 24 24 24 24 24 24 24 24 24 24 24 24 24 24 24 24 24 24 24 24 24 24 24 24
  pal=360F00103617270F36081A2836303B2200303B160017270F00081A2800303B22
  chr_008=00000000000000000000000000000000
  chr_01C=24242424242424242424242424242424
  chr_108=78C4E47886867C000000000000000000
  chr_11C=78CCC07C06C67C000000000000000000
SNAPSHOT frame=145 reason=chr_change
  state gm=00 ready=00 script=00 sub=00 ppu_idx=00 ram_005C=00 auto=00 phase=02 frm=07 ctrl=80 mask=00 ctrl_shadow=80 mask_shadow=00 flush_done=00 vblank=01 mirror=0C
  nt_row_04=24 24 24 24 24 24 24 24 24 24 24 24 24 24 24 24 24 24 24 24 24 24 24 24 24 24 24 24 24 24 24 24
  nt_row_07=24 24 24 24 24 24 24 24 24 24 24 24 24 24 24 24 24 24 24 24 24 24 24 24 24 24 24 24 24 24 24 24
  nt_row_08=24 24 24 24 24 24 24 24 24 24 24 24 24 24 24 24 24 24 24 24 24 24 24 24 24 24 24 24 24 24 24 24
  nt_row_11=24 24 24 24 24 24 24 24 24 24 24 24 24 24 24 24 24 24 24 24 24 24 24 24 24 24 24 24 24 24 24 24
  nt_row_13=24 24 24 24 24 24 24 24 24 24 24 24 24 24 24 24 24 24 24 24 24 24 24 24 24 24 24 24 24 24 24 24
  nt_row_17=24 24 24 24 24 24 24 24 24 24 24 24 24 24 24 24 24 24 24 24 24 24 24 24 24 24 24 24 24 24 24 24
  nt_row_20=24 24 24 24 24 24 24 24 24 24 24 24 24 24 24 24 24 24 24 24 24 24 24 24 24 24 24 24 24 24 24 24
  pal=360F00103617270F36081A2836303B2200303B160017270F00081A2800303B22
  chr_008=00000000000000000000000000000000
  chr_01C=00000000000000000000000000000000
  chr_108=78C4E47886867C000000000000000000
  chr_11C=78CCC07C06C67C000000000000000000
SNAPSHOT frame=153 reason=nt_change
  state gm=00 ready=00 script=00 sub=00 ppu_idx=00 ram_005C=00 auto=00 phase=02 frm=07 ctrl=80 mask=00 ctrl_shadow=80 mask_shadow=00 flush_done=00 vblank=01 mirror=0C
  nt_row_04=00 00 00 00 00 00 00 00 00 00 00 00 00 00 00 00 00 00 00 00 00 00 00 00 00 00 00 00 00 00 00 00
  nt_row_07=24 24 24 24 24 24 24 24 24 24 24 24 24 24 24 24 24 24 24 24 24 24 24 24 24 24 24 24 24 24 24 24
  nt_row_08=24 24 24 24 24 24 24 24 24 24 24 24 24 24 24 24 24 24 24 24 24 24 24 24 24 24 24 24 24 24 24 24
  nt_row_11=24 24 24 24 24 24 24 24 24 24 24 24 24 24 24 24 24 24 24 24 24 24 24 24 24 24 24 24 24 24 24 24
  nt_row_13=24 24 24 24 24 24 24 24 24 24 24 24 24 24 24 24 24 24 24 24 24 24 24 24 24 24 24 24 24 24 24 24
  nt_row_17=24 24 24 24 24 24 24 24 24 24 24 24 24 24 24 24 24 24 24 24 24 24 24 24 24 24 24 24 24 24 24 24
  nt_row_20=24 24 24 24 24 24 24 24 24 24 24 24 24 24 24 24 24 24 24 24 24 24 24 24 24 24 24 24 24 24 24 24
  pal=360F00103617270F36081A2836303B2200303B160017270F00081A2800303B22
  chr_008=00000000000000000000000000000000
  chr_01C=00000000000000000000000000000000
  chr_108=78C4E47886867C000000000000000000
  chr_11C=78CCC07C06C67C000000000000000000
SNAPSHOT frame=154 reason=state_change
  state gm=00 ready=00 script=00 sub=00 ppu_idx=00 ram_005C=00 auto=00 phase=02 frm=08 ctrl=80 mask=1E ctrl_shadow=80 mask_shadow=1E flush_done=00 vblank=01 mirror=0C
  nt_row_04=00 00 00 00 00 00 00 00 00 00 00 00 00 00 00 00 00 00 00 00 00 00 00 00 00 00 00 00 00 00 00 00
  nt_row_07=00 00 00 00 00 00 00 00 00 00 00 00 00 00 00 00 00 00 00 00 00 00 00 00 00 00 00 00 00 00 00 24
  nt_row_08=24 24 24 24 24 24 24 24 24 24 24 24 24 24 24 24 24 24 24 24 24 24 24 24 24 24 24 24 24 24 24 24
  nt_row_11=24 24 24 24 24 24 24 24 24 24 24 24 24 24 24 24 24 24 24 24 24 24 24 24 24 24 24 24 24 24 24 24
  nt_row_13=24 24 24 24 24 24 24 24 24 24 24 24 24 24 24 24 24 24 24 24 24 24 24 24 24 24 24 24 24 24 24 24
  nt_row_17=24 24 24 24 24 24 24 24 24 24 24 24 24 24 24 24 24 24 24 24 24 24 24 24 24 24 24 24 24 24 24 24
  nt_row_20=24 24 24 24 24 24 24 24 24 24 24 24 24 24 24 24 24 24 24 24 24 24 24 24 24 24 24 24 24 24 24 24
  pal=360F00103617270F36081A2836303B2200303B160017270F00081A2800303B22
  chr_008=00000000000000000000000000000000
  chr_01C=00000000000000000000000000000000
  chr_108=78C4E47886867C000000000000000000
  chr_11C=78CCC07C06C67C000000000000000000
SNAPSHOT frame=180 reason=checkpoint
  state gm=00 ready=00 script=00 sub=00 ppu_idx=00 ram_005C=00 auto=00 phase=02 frm=08 ctrl=80 mask=1E ctrl_shadow=80 mask_shadow=1E flush_done=00 vblank=01 mirror=0C
  nt_row_04=00 00 00 00 00 00 00 00 00 00 00 00 00 00 00 00 00 00 00 00 00 00 00 00 00 00 00 00 00 00 00 00
  nt_row_07=00 00 00 00 00 00 00 00 00 00 00 00 00 00 00 00 00 00 00 00 00 00 00 00 00 00 00 00 00 00 00 24
  nt_row_08=24 24 24 24 24 24 24 24 24 24 24 24 24 24 24 24 24 24 24 24 24 24 24 24 24 24 24 24 24 24 24 24
  nt_row_11=24 24 24 24 24 24 24 24 24 24 24 24 24 24 24 24 24 24 24 24 24 24 24 24 24 24 24 24 24 24 24 24
  nt_row_13=24 24 24 24 24 24 24 24 24 24 24 24 24 24 24 24 24 24 24 24 24 24 24 24 24 24 24 24 24 24 24 24
  nt_row_17=24 24 24 24 24 24 24 24 24 24 24 24 24 24 24 24 24 24 24 24 24 24 24 24 24 24 24 24 24 24 24 24
  nt_row_20=24 24 24 24 24 24 24 24 24 24 24 24 24 24 24 24 24 24 24 24 24 24 24 24 24 24 24 24 24 24 24 24
  pal=360F00103617270F36081A2836303B2200303B160017270F00081A2800303B22
  chr_008=00000000000000000000000000000000
  chr_01C=00000000000000000000000000000000
  chr_108=78C4E47886867C000000000000000000
  chr_11C=78CCC07C06C67C000000000000000000
SNAPSHOT frame=198 reason=state_change
  state gm=00 ready=01 script=00 sub=00 ppu_idx=10 ram_005C=00 auto=00 phase=00 frm=09 ctrl=80 mask=00 ctrl_shadow=80 mask_shadow=00 flush_done=00 vblank=01 mirror=0C
  nt_row_04=00 00 00 00 00 00 00 00 00 00 00 00 00 00 00 00 00 00 00 00 00 00 00 00 00 00 00 00 00 00 00 00
  nt_row_07=00 00 00 00 00 00 00 00 00 00 00 00 00 00 00 00 00 00 00 00 00 00 00 00 00 00 00 00 00 00 00 24
  nt_row_08=24 24 24 24 24 24 24 24 24 24 24 24 24 24 24 24 24 24 24 24 24 24 24 24 24 24 24 24 24 24 24 24
  nt_row_11=24 24 24 24 24 24 24 24 24 24 24 24 24 24 24 24 24 24 24 24 24 24 24 24 24 24 24 24 24 24 24 24
  nt_row_13=24 24 24 24 24 24 24 24 24 24 24 24 24 24 24 24 24 24 24 24 24 24 24 24 24 24 24 24 24 24 24 24
  nt_row_17=24 24 24 24 24 24 24 24 24 24 24 24 24 24 24 24 24 24 24 24 24 24 24 24 24 24 24 24 24 24 24 24
  nt_row_20=24 24 24 24 24 24 24 24 24 24 24 24 24 24 24 24 24 24 24 24 24 24 24 24 24 24 24 24 24 24 24 24
  pal=360F00103617270F36081A2836303B2200303B160017270F00081A2800303B22
  chr_008=00000000000000000000000000000000
  chr_01C=00000000000000000000000000000000
  chr_108=78C4E47886867C000000000000000000
  chr_11C=78CCC07C06C67C000000000000000000
SNAPSHOT frame=236 reason=state_change
  state gm=00 ready=01 script=00 sub=00 ppu_idx=10 ram_005C=00 auto=00 phase=00 frm=09 ctrl=80 mask=00 ctrl_shadow=80 mask_shadow=00 flush_done=01 vblank=01 mirror=0C
  nt_row_04=00 00 00 00 00 00 00 00 00 00 00 00 00 00 00 00 00 00 00 00 00 00 00 00 00 00 00 00 00 00 00 00
  nt_row_07=00 00 00 00 00 00 00 00 00 00 00 00 00 00 00 00 00 00 00 00 00 00 00 00 00 00 00 00 00 00 00 24
  nt_row_08=24 24 24 24 24 24 24 24 24 24 24 24 24 24 24 24 24 24 24 24 24 24 24 24 24 24 24 24 24 24 24 24
  nt_row_11=24 24 24 24 24 24 24 24 24 24 24 24 24 24 24 24 24 24 24 24 24 24 24 24 24 24 24 24 24 24 24 24
  nt_row_13=24 24 24 24 24 24 24 24 24 24 24 24 24 24 24 24 24 24 24 24 24 24 24 24 24 24 24 24 24 24 24 24
  nt_row_17=24 24 24 24 24 24 24 24 24 24 24 24 24 24 24 24 24 24 24 24 24 24 24 24 24 24 24 24 24 24 24 24
  nt_row_20=24 24 24 24 24 24 24 24 24 24 24 24 24 24 24 24 24 24 24 24 24 24 24 24 24 24 24 24 24 24 24 24
  pal=360F00103617270F36081A2836303B2200303B160017270F00081A2800303B22
  chr_008=00000000000000000000000000000000
  chr_01C=00000000000000000000000000000000
  chr_108=78C4E47886867C000000000000000000
  chr_11C=78CCC07C06C67C000000000000000000
SNAPSHOT frame=237 reason=nt_change
  state gm=00 ready=01 script=00 sub=00 ppu_idx=10 ram_005C=00 auto=00 phase=00 frm=09 ctrl=80 mask=00 ctrl_shadow=80 mask_shadow=00 flush_done=01 vblank=01 mirror=0C
  nt_row_04=DC EE 24 24 24 24 24 24 24 24 24 24 24 24 24 24 24 24 24 24 24 24 24 24 24 24 24 24 24 24 D6 DB
  nt_row_07=DE EE 24 24 24 E3 24 24 71 72 73 74 75 76 77 78 79 79 79 7A 7B 24 24 24 24 24 E2 24 24 24 D6 DB
  nt_row_08=DE D8 EF 24 24 E2 24 24 24 24 24 24 24 24 24 24 24 24 24 24 24 24 24 24 24 24 24 24 24 24 24 24
  nt_row_11=24 24 24 24 24 24 24 24 24 24 24 24 24 24 24 24 24 24 24 24 24 24 24 24 24 24 24 24 24 24 24 24
  nt_row_13=24 24 24 24 24 24 24 24 24 24 24 24 24 24 24 24 24 24 24 24 24 24 24 24 24 24 24 24 24 24 24 24
  nt_row_17=24 24 24 24 24 24 24 24 24 24 24 24 24 24 24 24 24 24 24 24 24 24 24 24 24 24 24 24 24 24 24 24
  nt_row_20=24 24 24 24 24 24 24 24 24 24 24 24 24 24 24 24 24 24 24 24 24 24 24 24 24 24 24 24 24 24 24 24
  pal=360F00103617270F36081A2836303B2200303B160017270F00081A2800303B22
  chr_008=00000000000000000000000000000000
  chr_01C=00000000000000000000000000000000
  chr_108=78C4E47886867C000000000000000000
  chr_11C=78CCC07C06C67C000000000000000000
SNAPSHOT frame=238 reason=nt_change
  state gm=00 ready=01 script=00 sub=00 ppu_idx=10 ram_005C=00 auto=00 phase=00 frm=09 ctrl=80 mask=00 ctrl_shadow=80 mask_shadow=00 flush_done=01 vblank=01 mirror=0C
  nt_row_04=DC EE 24 24 24 24 24 24 24 24 24 24 24 24 24 24 24 24 24 24 24 24 24 24 24 24 24 24 24 24 D6 DB
  nt_row_07=DE EE 24 24 24 E3 24 24 71 72 73 74 75 76 77 78 79 79 79 7A 7B 24 24 24 24 24 E2 24 24 24 D6 DB
  nt_row_08=DE D8 EF 24 24 E2 24 7C 7D 7E 7F 80 81 82 83 84 85 86 87 88 89 8A 8B 24 24 24 E3 24 24 24 D6 DF
  nt_row_11=DE DB D7 24 24 E3 70 AF B0 B1 B2 B3 B4 B5 B6 B7 B8 B9 BA BB BC BD BE BF C0 24 E2 24 24 D6 DB DB
  nt_row_13=DE DB EE 24 24 E3 24 C6 C7 C8 C8 C8 24 C9 CA CB 24 24 24 24 24 24 24 24 24 24 24 24 24 24 24 24
  nt_row_17=24 24 24 24 24 24 24 24 24 24 24 24 24 24 24 24 24 24 24 24 24 24 24 24 24 24 24 24 24 24 24 24
  nt_row_20=24 24 24 24 24 24 24 24 24 24 24 24 24 24 24 24 24 24 24 24 24 24 24 24 24 24 24 24 24 24 24 24
  pal=360F00103617270F36081A2836303B2200303B160017270F00081A2800303B22
  chr_008=00000000000000000000000000000000
  chr_01C=00000000000000000000000000000000
  chr_108=78C4E47886867C000000000000000000
  chr_11C=78CCC07C06C67C000000000000000000
SNAPSHOT frame=239 reason=nt_change
  state gm=00 ready=01 script=00 sub=00 ppu_idx=10 ram_005C=00 auto=00 phase=00 frm=09 ctrl=80 mask=00 ctrl_shadow=80 mask_shadow=00 flush_done=01 vblank=01 mirror=0C
  nt_row_04=DC EE 24 24 24 24 24 24 24 24 24 24 24 24 24 24 24 24 24 24 24 24 24 24 24 24 24 24 24 24 D6 DB
  nt_row_07=DE EE 24 24 24 E3 24 24 71 72 73 74 75 76 77 78 79 79 79 7A 7B 24 24 24 24 24 E2 24 24 24 D6 DB
  nt_row_08=DE D8 EF 24 24 E2 24 7C 7D 7E 7F 80 81 82 83 84 85 86 87 88 89 8A 8B 24 24 24 E3 24 24 24 D6 DF
  nt_row_11=DE DB D7 24 24 E3 70 AF B0 B1 B2 B3 B4 B5 B6 B7 B8 B9 BA BB BC BD BE BF C0 24 E2 24 24 D6 DB DB
  nt_row_13=DE DB EE 24 24 E3 24 C6 C7 C8 C8 C8 24 C9 CA CB CC CD C8 C8 C8 C8 E8 E9 D3 24 E2 24 24 D6 DB DB
  nt_row_17=DC DA DC D7 24 24 24 24 24 24 24 24 24 F0 01 09 08 06 24 17 12 17 1D 0E 17 0D 18 24 D6 DC DB DF
  nt_row_20=24 24 24 24 24 24 24 24 24 24 24 24 24 24 24 24 24 24 24 24 24 24 24 24 24 24 24 24 24 24 24 24
  pal=360F00103617270F36081A2836303B2200303B160017270F00081A2800303B22
  chr_008=00000000000000000000000000000000
  chr_01C=00000000000000000000000000000000
  chr_108=78C4E47886867C000000000000000000
  chr_11C=78CCC07C06C67C000000000000000000
SNAPSHOT frame=240 reason=nt_change
  state gm=00 ready=01 script=00 sub=00 ppu_idx=10 ram_005C=00 auto=00 phase=00 frm=09 ctrl=80 mask=00 ctrl_shadow=80 mask_shadow=00 flush_done=01 vblank=01 mirror=0C
  nt_row_04=DC EE 24 24 24 24 24 24 24 24 24 24 24 24 24 24 24 24 24 24 24 24 24 24 24 24 24 24 24 24 D6 DB
  nt_row_07=DE EE 24 24 24 E3 24 24 71 72 73 74 75 76 77 78 79 79 79 7A 7B 24 24 24 24 24 E2 24 24 24 D6 DB
  nt_row_08=DE D8 EF 24 24 E2 24 7C 7D 7E 7F 80 81 82 83 84 85 86 87 88 89 8A 8B 24 24 24 E3 24 24 24 D6 DF
  nt_row_11=DE DB D7 24 24 E3 70 AF B0 B1 B2 B3 B4 B5 B6 B7 B8 B9 BA BB BC BD BE BF C0 24 E2 24 24 D6 DB DB
  nt_row_13=DE DB EE 24 24 E3 24 C6 C7 C8 C8 C8 24 C9 CA CB CC CD C8 C8 C8 C8 E8 E9 D3 24 E2 24 24 D6 DB DB
  nt_row_17=DC DA DC D7 24 24 24 24 24 24 24 24 24 F0 01 09 08 06 24 17 12 17 1D 0E 17 0D 18 24 D6 DC DB DF
  nt_row_20=E1 D9 DC ED E0 EF 24 24 19 1E 1C 11 24 1C 1D 0A 1B 1D 24 0B 1E 1D 1D 18 17 24 24 24 D6 D8 E1 D9
  pal=360F00103617270F36081A2836303B2200303B160017270F00081A2800303B22
  chr_008=00000000000000000000000000000000
  chr_01C=00000000000000000000000000000000
  chr_108=78C4E47886867C000000000000000000
  chr_11C=78CCC07C06C67C000000000000000000
SNAPSHOT frame=242 reason=state_change
  state gm=00 ready=01 script=00 sub=00 ppu_idx=00 ram_005C=00 auto=00 phase=00 frm=0A ctrl=80 mask=1E ctrl_shadow=80 mask_shadow=1E flush_done=01 vblank=01 mirror=0C
  nt_row_04=DC EE 24 24 24 24 24 24 24 24 24 24 24 24 24 24 24 24 24 24 24 24 24 24 24 24 24 24 24 24 D6 DB
  nt_row_07=DE EE 24 24 24 E3 24 24 71 72 73 74 75 76 77 78 79 79 79 7A 7B 24 24 24 24 24 E2 24 24 24 D6 DB
  nt_row_08=DE D8 EF 24 24 E2 24 7C 7D 7E 7F 80 81 82 83 84 85 86 87 88 89 8A 8B 24 24 24 E3 24 24 24 D6 DF
  nt_row_11=DE DB D7 24 24 E3 70 AF B0 B1 B2 B3 B4 B5 B6 B7 B8 B9 BA BB BC BD BE BF C0 24 E2 24 24 D6 DB DB
  nt_row_13=DE DB EE 24 24 E3 24 C6 C7 C8 C8 C8 24 C9 CA CB CC CD C8 C8 C8 C8 E8 E9 D3 24 E2 24 24 D6 DB DB
  nt_row_17=DC DA DC D7 24 24 24 24 24 24 24 24 24 F0 01 09 08 06 24 17 12 17 1D 0E 17 0D 18 24 D6 DC DB DF
  nt_row_20=E1 D9 DC ED E0 EF 24 24 19 1E 1C 11 24 1C 1D 0A 1B 1D 24 0B 1E 1D 1D 18 17 24 24 24 D6 D8 E1 D9
  pal=360F00103617270F36081A2836303B2200303B160017270F00081A2800303B22
  chr_008=00000000000000000000000000000000
  chr_01C=00000000000000000000000000000000
  chr_108=78C4E47886867C000000000000000000
  chr_11C=78CCC07C06C67C000000000000000000
SNAPSHOT frame=248 reason=state_change
  state gm=00 ready=01 script=00 sub=00 ppu_idx=00 ram_005C=00 auto=00 phase=00 frm=0C ctrl=80 mask=1E ctrl_shadow=80 mask_shadow=1E flush_done=01 vblank=01 mirror=0C
  nt_row_04=DC EE 24 24 24 24 24 24 24 24 24 24 24 24 24 24 24 24 24 24 24 24 24 24 24 24 24 24 24 24 D6 DB
  nt_row_07=DE EE 24 24 24 E3 24 24 71 72 73 74 75 76 77 78 79 79 79 7A 7B 24 24 24 24 24 E2 24 24 24 D6 DB
  nt_row_08=DE D8 EF 24 24 E2 24 7C 7D 7E 7F 80 81 82 83 84 85 86 87 88 89 8A 8B 24 24 24 E3 24 24 24 D6 DF
  nt_row_11=DE DB D7 24 24 E3 70 AF B0 B1 B2 B3 B4 B5 B6 B7 B8 B9 BA BB BC BD BE BF C0 24 E2 24 24 D6 DB DB
  nt_row_13=DE DB EE 24 24 E3 24 C6 C7 C8 C8 C8 24 C9 CA CB CC CD C8 C8 C8 C8 E8 E9 D3 24 E2 24 24 D6 DB DB
  nt_row_17=DC DA DC D7 24 24 24 24 24 24 24 24 24 F0 01 09 08 06 24 17 12 17 1D 0E 17 0D 18 24 D6 DC DB DF
  nt_row_20=E1 D9 DC ED E0 EF 24 24 19 1E 1C 11 24 1C 1D 0A 1B 1D 24 0B 1E 1D 1D 18 17 24 24 24 D6 D8 E1 D9
  pal=360F00103617270F36081A2836303B2200303B160017270F00081A2800303B22
  chr_008=00000000000000000000000000000000
  chr_01C=00000000000000000000000000000000
  chr_108=78C4E47886867C000000000000000000
  chr_11C=78CCC07C06C67C000000000000000000
SNAPSHOT frame=249 reason=state_change
  state gm=00 ready=00 script=00 sub=00 ppu_idx=00 ram_005C=00 auto=00 phase=00 frm=00 ctrl=80 mask=06 ctrl_shadow=80 mask_shadow=06 flush_done=01 vblank=00 mirror=0C
  nt_row_04=DC EE 24 24 24 24 24 24 24 24 24 24 24 24 24 24 24 24 24 24 24 24 24 24 24 24 24 24 24 24 D6 DB
  nt_row_07=DE EE 24 24 24 E3 24 24 71 72 73 74 75 76 77 78 79 79 79 7A 7B 24 24 24 24 24 E2 24 24 24 D6 DB
  nt_row_08=DE D8 EF 24 24 E2 24 7C 7D 7E 7F 80 81 82 83 84 85 86 87 88 89 8A 8B 24 24 24 E3 24 24 24 D6 DF
  nt_row_11=DE DB D7 24 24 E3 70 AF B0 B1 B2 B3 B4 B5 B6 B7 B8 B9 BA BB BC BD BE BF C0 24 E2 24 24 D6 DB DB
  nt_row_13=DE DB EE 24 24 E3 24 C6 C7 C8 C8 C8 24 C9 CA CB CC CD C8 C8 C8 C8 E8 E9 D3 24 E2 24 24 D6 DB DB
  nt_row_17=DC DA DC D7 24 24 24 24 24 24 24 24 24 F0 01 09 08 06 24 17 12 17 1D 0E 17 0D 18 24 D6 DC DB DF
  nt_row_20=E1 D9 DC ED E0 EF 24 24 19 1E 1C 11 24 1C 1D 0A 1B 1D 24 0B 1E 1D 1D 18 17 24 24 24 D6 D8 E1 D9
  pal=360F00103617270F36081A2836303B2200303B160017270F00081A2800303B22
  chr_008=00000000000000000000000000000000
  chr_01C=00000000000000000000000000000000
  chr_108=78C4E47886867C000000000000000000
  chr_11C=78CCC07C06C67C000000000000000000
SNAPSHOT frame=250 reason=state_change
  state gm=00 ready=00 script=00 sub=00 ppu_idx=00 ram_005C=00 auto=00 phase=00 frm=01 ctrl=80 mask=00 ctrl_shadow=80 mask_shadow=00 flush_done=01 vblank=01 mirror=0C
  nt_row_04=DC EE 24 24 24 24 24 24 24 24 24 24 24 24 24 24 24 24 24 24 24 24 24 24 24 24 24 24 24 24 D6 DB
  nt_row_07=DE EE 24 24 24 E3 24 24 71 72 73 74 75 76 77 78 79 79 79 7A 7B 24 24 24 24 24 E2 24 24 24 D6 DB
  nt_row_08=DE D8 EF 24 24 E2 24 7C 7D 7E 7F 80 81 82 83 84 85 86 87 88 89 8A 8B 24 24 24 E3 24 24 24 D6 DF
  nt_row_11=DE DB D7 24 24 E3 70 AF B0 B1 B2 B3 B4 B5 B6 B7 B8 B9 BA BB BC BD BE BF C0 24 E2 24 24 D6 DB DB
  nt_row_13=DE DB EE 24 24 E3 24 C6 C7 C8 C8 C8 24 C9 CA CB CC CD C8 C8 C8 C8 E8 E9 D3 24 E2 24 24 D6 DB DB
  nt_row_17=DC DA DC D7 24 24 24 24 24 24 24 24 24 F0 01 09 08 06 24 17 12 17 1D 0E 17 0D 18 24 D6 DC DB DF
  nt_row_20=E1 D9 DC ED E0 EF 24 24 19 1E 1C 11 24 1C 1D 0A 1B 1D 24 0B 1E 1D 1D 18 17 24 24 24 D6 D8 E1 D9
  pal=360F00103617270F36081A2836303B2200303B160017270F00081A2800303B22
  chr_008=00000000000000000000000000000000
  chr_01C=00000000000000000000000000000000
  chr_108=78C4E47886867C000000000000000000
  chr_11C=78CCC07C06C67C000000000000000000
SNAPSHOT frame=252 reason=chr_change
  state gm=00 ready=00 script=00 sub=00 ppu_idx=00 ram_005C=00 auto=00 phase=00 frm=01 ctrl=80 mask=00 ctrl_shadow=80 mask_shadow=00 flush_done=01 vblank=01 mirror=0C
  nt_row_04=DC EE 24 24 24 24 24 24 24 24 24 24 24 24 24 24 24 24 24 24 24 24 24 24 24 24 24 24 24 24 D6 DB
  nt_row_07=DE EE 24 24 24 E3 24 24 71 72 73 74 75 76 77 78 79 79 79 7A 7B 24 24 24 24 24 E2 24 24 24 D6 DB
  nt_row_08=DE D8 EF 24 24 E2 24 7C 7D 7E 7F 80 81 82 83 84 85 86 87 88 89 8A 8B 24 24 24 E3 24 24 24 D6 DF
  nt_row_11=DE DB D7 24 24 E3 70 AF B0 B1 B2 B3 B4 B5 B6 B7 B8 B9 BA BB BC BD BE BF C0 24 E2 24 24 D6 DB DB
  nt_row_13=DE DB EE 24 24 E3 24 C6 C7 C8 C8 C8 24 C9 CA CB CC CD C8 C8 C8 C8 E8 E9 D3 24 E2 24 24 D6 DB DB
  nt_row_17=DC DA DC D7 24 24 24 24 24 24 24 24 24 F0 01 09 08 06 24 17 12 17 1D 0E 17 0D 18 24 D6 DC DB DF
  nt_row_20=E1 D9 DC ED E0 EF 24 24 19 1E 1C 11 24 1C 1D 0A 1B 1D 24 0B 1E 1D 1D 18 17 24 24 24 D6 D8 E1 D9
  pal=360F00103617270F36081A2836303B2200303B160017270F00081A2800303B22
  chr_008=00000000000000000000000000000000
  chr_01C=24E0D524242424242424242424242424
  chr_108=78C4E47886867C000000000000000000
  chr_11C=78CCC07C06C67C000000000000000000
SNAPSHOT frame=262 reason=chr_change
  state gm=00 ready=00 script=00 sub=00 ppu_idx=00 ram_005C=00 auto=00 phase=00 frm=01 ctrl=80 mask=00 ctrl_shadow=80 mask_shadow=00 flush_done=01 vblank=01 mirror=0C
  nt_row_04=DC EE 24 24 24 24 24 24 24 24 24 24 24 24 24 24 24 24 24 24 24 24 24 24 24 24 24 24 24 24 D6 DB
  nt_row_07=DE EE 24 24 24 E3 24 24 71 72 73 74 75 76 77 78 79 79 79 7A 7B 24 24 24 24 24 E2 24 24 24 D6 DB
  nt_row_08=DE D8 EF 24 24 E2 24 7C 7D 7E 7F 80 81 82 83 84 85 86 87 88 89 8A 8B 24 24 24 E3 24 24 24 D6 DF
  nt_row_11=DE DB D7 24 24 E3 70 AF B0 B1 B2 B3 B4 B5 B6 B7 B8 B9 BA BB BC BD BE BF C0 24 E2 24 24 D6 DB DB
  nt_row_13=DE DB EE 24 24 E3 24 C6 C7 C8 C8 C8 24 C9 CA CB CC CD C8 C8 C8 C8 E8 E9 D3 24 E2 24 24 D6 DB DB
  nt_row_17=DC DA DC D7 24 24 24 24 24 24 24 24 24 F0 01 09 08 06 24 17 12 17 1D 0E 17 0D 18 24 D6 DC DB DF
  nt_row_20=E1 D9 DC ED E0 EF 24 24 19 1E 1C 11 24 1C 1D 0A 1B 1D 24 0B 1E 1D 1D 18 17 24 24 24 D6 D8 E1 D9
  pal=360F00103617270F36081A2836303B2200303B160017270F00081A2800303B22
  chr_008=00000000000000000000000000000000
  chr_01C=00000000000000000000000000000000
  chr_108=78C4E47886867C000000000000000000
  chr_11C=78CCC07C06C67C000000000000000000
SNAPSHOT frame=270 reason=nt_change
  state gm=00 ready=00 script=00 sub=00 ppu_idx=00 ram_005C=00 auto=00 phase=00 frm=01 ctrl=80 mask=00 ctrl_shadow=80 mask_shadow=00 flush_done=01 vblank=01 mirror=0C
  nt_row_04=00 00 00 00 00 00 00 00 00 00 00 00 00 00 00 00 00 00 00 00 00 00 00 00 00 00 00 00 00 00 00 00
  nt_row_07=DE EE 24 24 24 E3 24 24 71 72 73 74 75 76 77 78 79 79 79 7A 7B 24 24 24 24 24 E2 24 24 24 D6 DB
  nt_row_08=DE D8 EF 24 24 E2 24 7C 7D 7E 7F 80 81 82 83 84 85 86 87 88 89 8A 8B 24 24 24 E3 24 24 24 D6 DF
  nt_row_11=DE DB D7 24 24 E3 70 AF B0 B1 B2 B3 B4 B5 B6 B7 B8 B9 BA BB BC BD BE BF C0 24 E2 24 24 D6 DB DB
  nt_row_13=DE DB EE 24 24 E3 24 C6 C7 C8 C8 C8 24 C9 CA CB CC CD C8 C8 C8 C8 E8 E9 D3 24 E2 24 24 D6 DB DB
  nt_row_17=DC DA DC D7 24 24 24 24 24 24 24 24 24 F0 01 09 08 06 24 17 12 17 1D 0E 17 0D 18 24 D6 DC DB DF
  nt_row_20=E1 D9 DC ED E0 EF 24 24 19 1E 1C 11 24 1C 1D 0A 1B 1D 24 0B 1E 1D 1D 18 17 24 24 24 D6 D8 E1 D9
  pal=360F00103617270F36081A2836303B2200303B160017270F00081A2800303B22
  chr_008=00000000000000000000000000000000
  chr_01C=00000000000000000000000000000000
  chr_108=78C4E47886867C000000000000000000
  chr_11C=78CCC07C06C67C000000000000000000
SNAPSHOT frame=271 reason=state_change
  state gm=00 ready=00 script=00 sub=00 ppu_idx=00 ram_005C=00 auto=00 phase=00 frm=02 ctrl=80 mask=1E ctrl_shadow=80 mask_shadow=1E flush_done=01 vblank=01 mirror=0C
  nt_row_04=00 00 00 00 00 00 00 00 00 00 00 00 00 00 00 00 00 00 00 00 00 00 00 00 00 00 00 00 00 00 00 00
  nt_row_07=00 00 00 00 00 00 00 00 00 00 00 00 00 00 00 00 00 00 00 00 00 00 00 00 00 00 00 00 00 00 00 DB
  nt_row_08=DE D8 EF 24 24 E2 24 7C 7D 7E 7F 80 81 82 83 84 85 86 87 88 89 8A 8B 24 24 24 E3 24 24 24 D6 DF
  nt_row_11=DE DB D7 24 24 E3 70 AF B0 B1 B2 B3 B4 B5 B6 B7 B8 B9 BA BB BC BD BE BF C0 24 E2 24 24 D6 DB DB
  nt_row_13=DE DB EE 24 24 E3 24 C6 C7 C8 C8 C8 24 C9 CA CB CC CD C8 C8 C8 C8 E8 E9 D3 24 E2 24 24 D6 DB DB
  nt_row_17=DC DA DC D7 24 24 24 24 24 24 24 24 24 F0 01 09 08 06 24 17 12 17 1D 0E 17 0D 18 24 D6 DC DB DF
  nt_row_20=E1 D9 DC ED E0 EF 24 24 19 1E 1C 11 24 1C 1D 0A 1B 1D 24 0B 1E 1D 1D 18 17 24 24 24 D6 D8 E1 D9
  pal=360F00103617270F36081A2836303B2200303B160017270F00081A2800303B22
  chr_008=00000000000000000000000000000000
  chr_01C=00000000000000000000000000000000
  chr_108=78C4E47886867C000000000000000000
  chr_11C=78CCC07C06C67C000000000000000000
SNAPSHOT frame=277 reason=state_change
  state gm=00 ready=00 script=00 sub=00 ppu_idx=00 ram_005C=00 auto=00 phase=00 frm=03 ctrl=B0 mask=00 ctrl_shadow=B0 mask_shadow=00 flush_done=01 vblank=01 mirror=0C
  nt_row_04=00 00 00 00 00 00 00 00 00 00 00 00 00 00 00 00 00 00 00 00 00 00 00 00 00 00 00 00 00 00 00 00
  nt_row_07=00 00 00 00 00 00 00 00 00 00 00 00 00 00 00 00 00 00 00 00 00 00 00 00 00 00 00 00 00 00 00 DB
  nt_row_08=DE D8 EF 24 24 E2 24 7C 7D 7E 7F 80 81 82 83 84 85 86 87 88 89 8A 8B 24 24 24 E3 24 24 24 D6 DF
  nt_row_11=DE DB D7 24 24 E3 70 AF B0 B1 B2 B3 B4 B5 B6 B7 B8 B9 BA BB BC BD BE BF C0 24 E2 24 24 D6 DB DB
  nt_row_13=DE DB EE 24 24 E3 24 C6 C7 C8 C8 C8 24 C9 CA CB CC CD C8 C8 C8 C8 E8 E9 D3 24 E2 24 24 D6 DB DB
  nt_row_17=DC DA DC D7 24 24 24 24 24 24 24 24 24 F0 01 09 08 06 24 17 12 17 1D 0E 17 0D 18 24 D6 DC DB DF
  nt_row_20=E1 D9 DC ED E0 EF 24 24 19 1E 1C 11 24 1C 1D 0A 1B 1D 24 0B 1E 1D 1D 18 17 24 24 24 D6 D8 E1 D9
  pal=360F00103617270F36081A2836303B2200303B160017270F00081A2800303B22
  chr_008=00000000000000000000000000000000
  chr_01C=00000000000000000000000000000000
  chr_108=78C4E47886867C000000000000000000
  chr_11C=78CCC07C06C67C000000000000000000
SNAPSHOT frame=278 reason=nt_change
  state gm=00 ready=00 script=00 sub=00 ppu_idx=00 ram_005C=00 auto=00 phase=00 frm=03 ctrl=B0 mask=00 ctrl_shadow=B0 mask_shadow=00 flush_done=01 vblank=01 mirror=0C
  nt_row_04=24 24 24 24 24 24 24 24 24 24 24 24 24 24 24 24 24 24 24 24 24 24 24 24 24 24 24 24 24 24 24 24
  nt_row_07=00 00 00 00 00 00 00 00 00 00 00 00 00 00 00 00 00 00 00 00 00 00 00 00 00 00 00 00 00 00 00 DB
  nt_row_08=DE D8 EF 24 24 E2 24 7C 7D 7E 7F 80 81 82 83 84 85 86 87 88 89 8A 8B 24 24 24 E3 24 24 24 D6 DF
  nt_row_11=DE DB D7 24 24 E3 70 AF B0 B1 B2 B3 B4 B5 B6 B7 B8 B9 BA BB BC BD BE BF C0 24 E2 24 24 D6 DB DB
  nt_row_13=DE DB EE 24 24 E3 24 C6 C7 C8 C8 C8 24 C9 CA CB CC CD C8 C8 C8 C8 E8 E9 D3 24 E2 24 24 D6 DB DB
  nt_row_17=DC DA DC D7 24 24 24 24 24 24 24 24 24 F0 01 09 08 06 24 17 12 17 1D 0E 17 0D 18 24 D6 DC DB DF
  nt_row_20=E1 D9 DC ED E0 EF 24 24 19 1E 1C 11 24 1C 1D 0A 1B 1D 24 0B 1E 1D 1D 18 17 24 24 24 D6 D8 E1 D9
  pal=360F00103617270F36081A2836303B2200303B160017270F00081A2800303B22
  chr_008=00000000000000000000000000000000
  chr_01C=00000000000000000000000000000000
  chr_108=78C4E47886867C000000000000000000
  chr_11C=78CCC07C06C67C000000000000000000
SNAPSHOT frame=279 reason=nt_change
  state gm=00 ready=00 script=00 sub=00 ppu_idx=00 ram_005C=00 auto=00 phase=00 frm=03 ctrl=B0 mask=00 ctrl_shadow=B0 mask_shadow=00 flush_done=01 vblank=01 mirror=0C
  nt_row_04=24 24 24 24 24 24 24 24 24 24 24 24 24 24 24 24 24 24 24 24 24 24 24 24 24 24 24 24 24 24 24 24
  nt_row_07=24 24 24 24 24 24 24 24 24 24 24 24 24 24 24 24 24 24 24 24 24 24 24 24 24 24 24 24 24 24 24 24
  nt_row_08=24 24 24 24 24 24 24 24 24 24 24 24 24 24 24 24 24 24 24 24 24 24 24 24 24 24 24 24 24 24 24 24
  nt_row_11=24 24 24 24 24 24 24 24 24 24 24 24 24 24 24 24 24 24 24 24 24 24 24 24 24 24 24 24 24 24 24 24
  nt_row_13=DE DB EE 24 24 E3 24 C6 C7 C8 C8 C8 24 C9 CA CB CC CD C8 C8 C8 C8 E8 E9 D3 24 E2 24 24 D6 DB DB
  nt_row_17=DC DA DC D7 24 24 24 24 24 24 24 24 24 F0 01 09 08 06 24 17 12 17 1D 0E 17 0D 18 24 D6 DC DB DF
  nt_row_20=E1 D9 DC ED E0 EF 24 24 19 1E 1C 11 24 1C 1D 0A 1B 1D 24 0B 1E 1D 1D 18 17 24 24 24 D6 D8 E1 D9
  pal=360F00103617270F36081A2836303B2200303B160017270F00081A2800303B22
  chr_008=00000000000000000000000000000000
  chr_01C=00000000000000000000000000000000
  chr_108=78C4E47886867C000000000000000000
  chr_11C=78CCC07C06C67C000000000000000000
SNAPSHOT frame=280 reason=nt_change
  state gm=00 ready=00 script=00 sub=00 ppu_idx=00 ram_005C=00 auto=00 phase=00 frm=03 ctrl=B0 mask=00 ctrl_shadow=B0 mask_shadow=00 flush_done=01 vblank=01 mirror=0C
  nt_row_04=24 24 24 24 24 24 24 24 24 24 24 24 24 24 24 24 24 24 24 24 24 24 24 24 24 24 24 24 24 24 24 24
  nt_row_07=24 24 24 24 24 24 24 24 24 24 24 24 24 24 24 24 24 24 24 24 24 24 24 24 24 24 24 24 24 24 24 24
  nt_row_08=24 24 24 24 24 24 24 24 24 24 24 24 24 24 24 24 24 24 24 24 24 24 24 24 24 24 24 24 24 24 24 24
  nt_row_11=24 24 24 24 24 24 24 24 24 24 24 24 24 24 24 24 24 24 24 24 24 24 24 24 24 24 24 24 24 24 24 24
  nt_row_13=24 24 24 24 24 24 24 24 24 24 24 24 24 24 24 24 24 24 24 24 24 24 24 24 24 24 24 24 24 24 24 24
  nt_row_17=24 24 24 24 24 24 24 24 24 24 24 24 24 24 24 24 24 24 24 24 24 24 24 24 24 24 24 24 24 24 24 24
  nt_row_20=E1 D9 DC ED E0 EF 24 24 19 1E 1C 11 24 1C 1D 0A 1B 1D 24 0B 1E 1D 1D 18 17 24 24 24 D6 D8 E1 D9
  pal=360F00103617270F36081A2836303B2200303B160017270F00081A2800303B22
  chr_008=00000000000000000000000000000000
  chr_01C=00000000000000000000000000000000
  chr_108=78C4E47886867C000000000000000000
  chr_11C=78CCC07C06C67C000000000000000000
SNAPSHOT frame=281 reason=nt_change
  state gm=00 ready=00 script=00 sub=00 ppu_idx=00 ram_005C=00 auto=00 phase=00 frm=03 ctrl=B0 mask=00 ctrl_shadow=B0 mask_shadow=00 flush_done=01 vblank=01 mirror=0C
  nt_row_04=24 24 24 24 24 24 24 24 24 24 24 24 24 24 24 24 24 24 24 24 24 24 24 24 24 24 24 24 24 24 24 24
  nt_row_07=24 24 24 24 24 24 24 24 24 24 24 24 24 24 24 24 24 24 24 24 24 24 24 24 24 24 24 24 24 24 24 24
  nt_row_08=24 24 24 24 24 24 24 24 24 24 24 24 24 24 24 24 24 24 24 24 24 24 24 24 24 24 24 24 24 24 24 24
  nt_row_11=24 24 24 24 24 24 24 24 24 24 24 24 24 24 24 24 24 24 24 24 24 24 24 24 24 24 24 24 24 24 24 24
  nt_row_13=24 24 24 24 24 24 24 24 24 24 24 24 24 24 24 24 24 24 24 24 24 24 24 24 24 24 24 24 24 24 24 24
  nt_row_17=24 24 24 24 24 24 24 24 24 24 24 24 24 24 24 24 24 24 24 24 24 24 24 24 24 24 24 24 24 24 24 24
  nt_row_20=24 24 24 24 24 24 24 24 24 24 24 24 24 24 24 24 24 24 24 24 24 24 24 24 24 24 24 24 24 24 24 24
  pal=360F00103617270F36081A2836303B2200303B160017270F00081A2800303B22
  chr_008=00000000000000000000000000000000
  chr_01C=00000000000000000000000000000000
  chr_108=78C4E47886867C000000000000000000
  chr_11C=78CCC07C06C67C000000000000000000
SNAPSHOT frame=289 reason=state_change
  state gm=00 ready=00 script=00 sub=00 ppu_idx=00 ram_005C=00 auto=00 phase=02 frm=04 ctrl=B0 mask=00 ctrl_shadow=B0 mask_shadow=00 flush_done=00 vblank=01 mirror=0C
  nt_row_04=24 24 24 24 24 24 24 24 24 24 24 24 24 24 24 24 24 24 24 24 24 24 24 24 24 24 24 24 24 24 24 24
  nt_row_07=24 24 24 24 24 24 24 24 24 24 24 24 24 24 24 24 24 24 24 24 24 24 24 24 24 24 24 24 24 24 24 24
  nt_row_08=24 24 24 24 24 24 24 24 24 24 24 24 24 24 24 24 24 24 24 24 24 24 24 24 24 24 24 24 24 24 24 24
  nt_row_11=24 24 24 24 24 24 24 24 24 24 24 24 24 24 24 24 24 24 24 24 24 24 24 24 24 24 24 24 24 24 24 24
  nt_row_13=24 24 24 24 24 24 24 24 24 24 24 24 24 24 24 24 24 24 24 24 24 24 24 24 24 24 24 24 24 24 24 24
  nt_row_17=24 24 24 24 24 24 24 24 24 24 24 24 24 24 24 24 24 24 24 24 24 24 24 24 24 24 24 24 24 24 24 24
  nt_row_20=24 24 24 24 24 24 24 24 24 24 24 24 24 24 24 24 24 24 24 24 24 24 24 24 24 24 24 24 24 24 24 24
  pal=360F00103617270F36081A2836303B2200303B160017270F00081A2800303B22
  chr_008=00000000000000000000000000000000
  chr_01C=00000000000000000000000000000000
  chr_108=78C4E47886867C000000000000000000
  chr_11C=78CCC07C06C67C000000000000000000
SNAPSHOT frame=327 reason=state_change
  state gm=00 ready=00 script=00 sub=00 ppu_idx=00 ram_005C=00 auto=00 phase=02 frm=04 ctrl=B0 mask=1E ctrl_shadow=B0 mask_shadow=1E flush_done=00 vblank=01 mirror=0C
  nt_row_04=24 24 24 24 24 24 24 24 24 24 24 24 24 24 24 24 24 24 24 24 24 24 24 24 24 24 24 24 24 24 24 24
  nt_row_07=24 24 24 24 24 24 24 24 24 24 24 24 24 24 24 24 24 24 24 24 24 24 24 24 24 24 24 24 24 24 24 24
  nt_row_08=24 24 24 24 24 24 24 24 24 24 24 24 24 24 24 24 24 24 24 24 24 24 24 24 24 24 24 24 24 24 24 24
  nt_row_11=24 24 24 24 24 24 24 24 24 24 24 24 24 24 24 24 24 24 24 24 24 24 24 24 24 24 24 24 24 24 24 24
  nt_row_13=24 24 24 24 24 24 24 24 24 24 24 24 24 24 24 24 24 24 24 24 24 24 24 24 24 24 24 24 24 24 24 24
  nt_row_17=24 24 24 24 24 24 24 24 24 24 24 24 24 24 24 24 24 24 24 24 24 24 24 24 24 24 24 24 24 24 24 24
  nt_row_20=24 24 24 24 24 24 24 24 24 24 24 24 24 24 24 24 24 24 24 24 24 24 24 24 24 24 24 24 24 24 24 24
  pal=360F00103617270F36081A2836303B2200303B160017270F00081A2800303B22
  chr_008=00000000000000000000000000000000
  chr_01C=00000000000000000000000000000000
  chr_108=78C4E47886867C000000000000000000
  chr_11C=78CCC07C06C67C000000000000000000
SNAPSHOT frame=333 reason=state_change
  state gm=00 ready=01 script=00 sub=00 ppu_idx=10 ram_005C=00 auto=00 phase=00 frm=05 ctrl=B0 mask=00 ctrl_shadow=B0 mask_shadow=00 flush_done=00 vblank=01 mirror=0C
  nt_row_04=24 24 24 24 24 24 24 24 24 24 24 24 24 24 24 24 24 24 24 24 24 24 24 24 24 24 24 24 24 24 24 24
  nt_row_07=24 24 24 24 24 24 24 24 24 24 24 24 24 24 24 24 24 24 24 24 24 24 24 24 24 24 24 24 24 24 24 24
  nt_row_08=24 24 24 24 24 24 24 24 24 24 24 24 24 24 24 24 24 24 24 24 24 24 24 24 24 24 24 24 24 24 24 24
  nt_row_11=24 24 24 24 24 24 24 24 24 24 24 24 24 24 24 24 24 24 24 24 24 24 24 24 24 24 24 24 24 24 24 24
  nt_row_13=24 24 24 24 24 24 24 24 24 24 24 24 24 24 24 24 24 24 24 24 24 24 24 24 24 24 24 24 24 24 24 24
  nt_row_17=24 24 24 24 24 24 24 24 24 24 24 24 24 24 24 24 24 24 24 24 24 24 24 24 24 24 24 24 24 24 24 24
  nt_row_20=24 24 24 24 24 24 24 24 24 24 24 24 24 24 24 24 24 24 24 24 24 24 24 24 24 24 24 24 24 24 24 24
  pal=360F00103617270F36081A2836303B2200303B160017270F00081A2800303B22
  chr_008=00000000000000000000000000000000
  chr_01C=00000000000000000000000000000000
  chr_108=78C4E47886867C000000000000000000
  chr_11C=78CCC07C06C67C000000000000000000
SNAPSHOT frame=360 reason=checkpoint
  state gm=00 ready=01 script=00 sub=00 ppu_idx=10 ram_005C=00 auto=00 phase=00 frm=05 ctrl=B0 mask=00 ctrl_shadow=B0 mask_shadow=00 flush_done=00 vblank=01 mirror=0C
  nt_row_04=24 24 24 24 24 24 24 24 24 24 24 24 24 24 24 24 24 24 24 24 24 24 24 24 24 24 24 24 24 24 24 24
  nt_row_07=24 24 24 24 24 24 24 24 24 24 24 24 24 24 24 24 24 24 24 24 24 24 24 24 24 24 24 24 24 24 24 24
  nt_row_08=24 24 24 24 24 24 24 24 24 24 24 24 24 24 24 24 24 24 24 24 24 24 24 24 24 24 24 24 24 24 24 24
  nt_row_11=24 24 24 24 24 24 24 24 24 24 24 24 24 24 24 24 24 24 24 24 24 24 24 24 24 24 24 24 24 24 24 24
  nt_row_13=24 24 24 24 24 24 24 24 24 24 24 24 24 24 24 24 24 24 24 24 24 24 24 24 24 24 24 24 24 24 24 24
  nt_row_17=24 24 24 24 24 24 24 24 24 24 24 24 24 24 24 24 24 24 24 24 24 24 24 24 24 24 24 24 24 24 24 24
  nt_row_20=24 24 24 24 24 24 24 24 24 24 24 24 24 24 24 24 24 24 24 24 24 24 24 24 24 24 24 24 24 24 24 24
  pal=360F00103617270F36081A2836303B2200303B160017270F00081A2800303B22
  chr_008=00000000000000000000000000000000
  chr_01C=00000000000000000000000000000000
  chr_108=78C4E47886867C000000000000000000
  chr_11C=78CCC07C06C67C000000000000000000
SNAPSHOT frame=370 reason=state_change
  state gm=00 ready=01 script=00 sub=00 ppu_idx=10 ram_005C=00 auto=00 phase=00 frm=05 ctrl=B0 mask=00 ctrl_shadow=B0 mask_shadow=00 flush_done=01 vblank=01 mirror=0C
  nt_row_04=24 24 24 24 24 24 24 24 24 24 24 24 24 24 24 24 24 24 24 24 24 24 24 24 24 24 24 24 24 24 24 24
  nt_row_07=24 24 24 24 24 24 24 24 24 24 24 24 24 24 24 24 24 24 24 24 24 24 24 24 24 24 24 24 24 24 24 24
  nt_row_08=24 24 24 24 24 24 24 24 24 24 24 24 24 24 24 24 24 24 24 24 24 24 24 24 24 24 24 24 24 24 24 24
  nt_row_11=24 24 24 24 24 24 24 24 24 24 24 24 24 24 24 24 24 24 24 24 24 24 24 24 24 24 24 24 24 24 24 24
  nt_row_13=24 24 24 24 24 24 24 24 24 24 24 24 24 24 24 24 24 24 24 24 24 24 24 24 24 24 24 24 24 24 24 24
  nt_row_17=24 24 24 24 24 24 24 24 24 24 24 24 24 24 24 24 24 24 24 24 24 24 24 24 24 24 24 24 24 24 24 24
  nt_row_20=24 24 24 24 24 24 24 24 24 24 24 24 24 24 24 24 24 24 24 24 24 24 24 24 24 24 24 24 24 24 24 24
  pal=360F00103617270F36081A2836303B2200303B160017270F00081A2800303B22
  chr_008=00000000000000000000000000000000
  chr_01C=00000000000000000000000000000000
  chr_108=78C4E47886867C000000000000000000
  chr_11C=78CCC07C06C67C000000000000000000
SNAPSHOT frame=371 reason=nt_change
  state gm=00 ready=01 script=00 sub=00 ppu_idx=10 ram_005C=00 auto=00 phase=00 frm=05 ctrl=B0 mask=00 ctrl_shadow=B0 mask_shadow=00 flush_done=01 vblank=01 mirror=0C
  nt_row_04=DC EE 24 24 24 24 24 24 24 24 24 24 24 24 24 24 24 24 24 24 24 24 24 24 24 24 24 24 24 24 D6 DB
  nt_row_07=24 24 24 24 24 24 24 24 24 24 24 24 24 24 24 24 24 24 24 24 24 24 24 24 24 24 24 24 24 24 24 24
  nt_row_08=24 24 24 24 24 24 24 24 24 24 24 24 24 24 24 24 24 24 24 24 24 24 24 24 24 24 24 24 24 24 24 24
  nt_row_11=24 24 24 24 24 24 24 24 24 24 24 24 24 24 24 24 24 24 24 24 24 24 24 24 24 24 24 24 24 24 24 24
  nt_row_13=24 24 24 24 24 24 24 24 24 24 24 24 24 24 24 24 24 24 24 24 24 24 24 24 24 24 24 24 24 24 24 24
  nt_row_17=24 24 24 24 24 24 24 24 24 24 24 24 24 24 24 24 24 24 24 24 24 24 24 24 24 24 24 24 24 24 24 24
  nt_row_20=24 24 24 24 24 24 24 24 24 24 24 24 24 24 24 24 24 24 24 24 24 24 24 24 24 24 24 24 24 24 24 24
  pal=360F00103617270F36081A2836303B2200303B160017270F00081A2800303B22
  chr_008=00000000000000000000000000000000
  chr_01C=00000000000000000000000000000000
  chr_108=78C4E47886867C000000000000000000
  chr_11C=78CCC07C06C67C000000000000000000
SNAPSHOT frame=372 reason=nt_change
  state gm=00 ready=01 script=00 sub=00 ppu_idx=10 ram_005C=00 auto=00 phase=00 frm=05 ctrl=B0 mask=00 ctrl_shadow=B0 mask_shadow=00 flush_done=01 vblank=01 mirror=0C
  nt_row_04=DC EE 24 24 24 24 24 24 24 24 24 24 24 24 24 24 24 24 24 24 24 24 24 24 24 24 24 24 24 24 D6 DB
  nt_row_07=DE EE 24 24 24 E3 24 24 71 72 73 74 75 76 77 78 79 79 79 7A 7B 24 24 24 24 24 E2 24 24 24 D6 DB
  nt_row_08=DE D8 EF 24 24 E2 24 7C 7D 7E 7F 80 81 82 83 84 85 86 87 88 89 8A 8B 24 24 24 E3 24 24 24 D6 DF
  nt_row_11=24 24 24 24 24 24 24 24 24 24 24 24 24 24 24 24 24 24 24 24 24 24 24 24 24 24 24 24 24 24 24 24
  nt_row_13=24 24 24 24 24 24 24 24 24 24 24 24 24 24 24 24 24 24 24 24 24 24 24 24 24 24 24 24 24 24 24 24
  nt_row_17=24 24 24 24 24 24 24 24 24 24 24 24 24 24 24 24 24 24 24 24 24 24 24 24 24 24 24 24 24 24 24 24
  nt_row_20=24 24 24 24 24 24 24 24 24 24 24 24 24 24 24 24 24 24 24 24 24 24 24 24 24 24 24 24 24 24 24 24
  pal=360F00103617270F36081A2836303B2200303B160017270F00081A2800303B22
  chr_008=00000000000000000000000000000000
  chr_01C=00000000000000000000000000000000
  chr_108=78C4E47886867C000000000000000000
  chr_11C=78CCC07C06C67C000000000000000000
SNAPSHOT frame=373 reason=nt_change
  state gm=00 ready=01 script=00 sub=00 ppu_idx=10 ram_005C=00 auto=00 phase=00 frm=05 ctrl=B0 mask=00 ctrl_shadow=B0 mask_shadow=00 flush_done=01 vblank=01 mirror=0C
  nt_row_04=DC EE 24 24 24 24 24 24 24 24 24 24 24 24 24 24 24 24 24 24 24 24 24 24 24 24 24 24 24 24 D6 DB
  nt_row_07=DE EE 24 24 24 E3 24 24 71 72 73 74 75 76 77 78 79 79 79 7A 7B 24 24 24 24 24 E2 24 24 24 D6 DB
  nt_row_08=DE D8 EF 24 24 E2 24 7C 7D 7E 7F 80 81 82 83 84 85 86 87 88 89 8A 8B 24 24 24 E3 24 24 24 D6 DF
  nt_row_11=DE DB D7 24 24 E3 70 AF B0 B1 B2 B3 B4 B5 B6 B7 B8 B9 BA BB BC BD BE BF C0 24 E2 24 24 D6 DB DB
  nt_row_13=DE DB EE 24 24 E3 24 C6 C7 C8 C8 C8 24 C9 CA CB CC CD C8 C8 C8 C8 E8 E9 D3 24 E2 24 24 D6 DB DB
  nt_row_17=24 24 24 24 24 24 24 24 24 24 24 24 24 24 24 24 24 24 24 24 24 24 24 24 24 24 24 24 24 24 24 24
  nt_row_20=24 24 24 24 24 24 24 24 24 24 24 24 24 24 24 24 24 24 24 24 24 24 24 24 24 24 24 24 24 24 24 24
  pal=360F00103617270F36081A2836303B2200303B160017270F00081A2800303B22
  chr_008=00000000000000000000000000000000
  chr_01C=00000000000000000000000000000000
  chr_108=78C4E47886867C000000000000000000
  chr_11C=78CCC07C06C67C000000000000000000
SNAPSHOT frame=374 reason=nt_change
  state gm=00 ready=01 script=00 sub=00 ppu_idx=10 ram_005C=00 auto=00 phase=00 frm=05 ctrl=B0 mask=00 ctrl_shadow=B0 mask_shadow=00 flush_done=01 vblank=01 mirror=0C
  nt_row_04=DC EE 24 24 24 24 24 24 24 24 24 24 24 24 24 24 24 24 24 24 24 24 24 24 24 24 24 24 24 24 D6 DB
  nt_row_07=DE EE 24 24 24 E3 24 24 71 72 73 74 75 76 77 78 79 79 79 7A 7B 24 24 24 24 24 E2 24 24 24 D6 DB
  nt_row_08=DE D8 EF 24 24 E2 24 7C 7D 7E 7F 80 81 82 83 84 85 86 87 88 89 8A 8B 24 24 24 E3 24 24 24 D6 DF
  nt_row_11=DE DB D7 24 24 E3 70 AF B0 B1 B2 B3 B4 B5 B6 B7 B8 B9 BA BB BC BD BE BF C0 24 E2 24 24 D6 DB DB
  nt_row_13=DE DB EE 24 24 E3 24 C6 C7 C8 C8 C8 24 C9 CA CB CC CD C8 C8 C8 C8 E8 E9 D3 24 E2 24 24 D6 DB DB
  nt_row_17=DC DA DC D7 24 24 24 24 24 24 24 24 24 F0 01 09 08 06 24 17 12 17 1D 0E 17 0D 18 24 D6 DC DB DF
  nt_row_20=E1 D9 DC ED E0 EF 24 24 19 1E 1C 11 24 1C 1D 0A 1B 1D 24 0B 1E 1D 1D 18 17 24 24 24 D6 D8 E1 D9
  pal=360F00103617270F36081A2836303B2200303B160017270F00081A2800303B22
  chr_008=00000000000000000000000000000000
  chr_01C=00000000000000000000000000000000
  chr_108=78C4E47886867C000000000000000000
  chr_11C=78CCC07C06C67C000000000000000000
SNAPSHOT frame=377 reason=state_change
  state gm=00 ready=01 script=00 sub=00 ppu_idx=00 ram_005C=00 auto=00 phase=00 frm=06 ctrl=B0 mask=1E ctrl_shadow=B0 mask_shadow=1E flush_done=01 vblank=01 mirror=0C
  nt_row_04=DC EE 24 24 24 24 24 24 24 24 24 24 24 24 24 24 24 24 24 24 24 24 24 24 24 24 24 24 24 24 D6 DB
  nt_row_07=DE EE 24 24 24 E3 24 24 71 72 73 74 75 76 77 78 79 79 79 7A 7B 24 24 24 24 24 E2 24 24 24 D6 DB
  nt_row_08=DE D8 EF 24 24 E2 24 7C 7D 7E 7F 80 81 82 83 84 85 86 87 88 89 8A 8B 24 24 24 E3 24 24 24 D6 DF
  nt_row_11=DE DB D7 24 24 E3 70 AF B0 B1 B2 B3 B4 B5 B6 B7 B8 B9 BA BB BC BD BE BF C0 24 E2 24 24 D6 DB DB
  nt_row_13=DE DB EE 24 24 E3 24 C6 C7 C8 C8 C8 24 C9 CA CB CC CD C8 C8 C8 C8 E8 E9 D3 24 E2 24 24 D6 DB DB
  nt_row_17=DC DA DC D7 24 24 24 24 24 24 24 24 24 F0 01 09 08 06 24 17 12 17 1D 0E 17 0D 18 24 D6 DC DB DF
  nt_row_20=E1 D9 DC ED E0 EF 24 24 19 1E 1C 11 24 1C 1D 0A 1B 1D 24 0B 1E 1D 1D 18 17 24 24 24 D6 D8 E1 D9
  pal=360F00103617270F36081A2836303B2200303B160017270F00081A2800303B22
  chr_008=00000000000000000000000000000000
  chr_01C=00000000000000000000000000000000
  chr_108=78C4E47886867C000000000000000000
  chr_11C=78CCC07C06C67C000000000000000000
SNAPSHOT frame=383 reason=state_change
  state gm=00 ready=01 script=00 sub=00 ppu_idx=00 ram_005C=00 auto=00 phase=00 frm=08 ctrl=B0 mask=1E ctrl_shadow=B0 mask_shadow=1E flush_done=01 vblank=01 mirror=0C
  nt_row_04=DC EE 24 24 24 24 24 24 24 24 24 24 24 24 24 24 24 24 24 24 24 24 24 24 24 24 24 24 24 24 D6 DB
  nt_row_07=DE EE 24 24 24 E3 24 24 71 72 73 74 75 76 77 78 79 79 79 7A 7B 24 24 24 24 24 E2 24 24 24 D6 DB
  nt_row_08=DE D8 EF 24 24 E2 24 7C 7D 7E 7F 80 81 82 83 84 85 86 87 88 89 8A 8B 24 24 24 E3 24 24 24 D6 DF
  nt_row_11=DE DB D7 24 24 E3 70 AF B0 B1 B2 B3 B4 B5 B6 B7 B8 B9 BA BB BC BD BE BF C0 24 E2 24 24 D6 DB DB
  nt_row_13=DE DB EE 24 24 E3 24 C6 C7 C8 C8 C8 24 C9 CA CB CC CD C8 C8 C8 C8 E8 E9 D3 24 E2 24 24 D6 DB DB
  nt_row_17=DC DA DC D7 24 24 24 24 24 24 24 24 24 F0 01 09 08 06 24 17 12 17 1D 0E 17 0D 18 24 D6 DC DB DF
  nt_row_20=E1 D9 DC ED E0 EF 24 24 19 1E 1C 11 24 1C 1D 0A 1B 1D 24 0B 1E 1D 1D 18 17 24 24 24 D6 D8 E1 D9
  pal=360F00103617270F36081A2836303B2200303B160017270F00081A2800303B22
  chr_008=00000000000000000000000000000000
  chr_01C=00000000000000000000000000000000
  chr_108=78C4E47886867C000000000000000000
  chr_11C=78CCC07C06C67C000000000000000000
SNAPSHOT frame=384 reason=state_change
  state gm=00 ready=01 script=00 sub=00 ppu_idx=00 ram_005C=00 auto=00 phase=00 frm=09 ctrl=B0 mask=00 ctrl_shadow=B0 mask_shadow=00 flush_done=01 vblank=00 mirror=0C
  nt_row_04=DC EE 24 24 24 24 24 24 24 24 24 24 24 24 24 24 24 24 24 24 24 24 24 24 24 24 24 24 24 24 D6 DB
  nt_row_07=DE EE 24 24 24 E3 24 24 71 72 73 74 75 76 77 78 79 79 79 7A 7B 24 24 24 24 24 E2 24 24 24 D6 DB
  nt_row_08=DE D8 EF 24 24 E2 24 7C 7D 7E 7F 80 81 82 83 84 85 86 87 88 89 8A 8B 24 24 24 E3 24 24 24 D6 DF
  nt_row_11=DE DB D7 24 24 E3 70 AF B0 B1 B2 B3 B4 B5 B6 B7 B8 B9 BA BB BC BD BE BF C0 24 E2 24 24 D6 DB DB
  nt_row_13=DE DB EE 24 24 E3 24 C6 C7 C8 C8 C8 24 C9 CA CB CC CD C8 C8 C8 C8 E8 E9 D3 24 E2 24 24 D6 DB DB
  nt_row_17=DC DA DC D7 24 24 24 24 24 24 24 24 24 F0 01 09 08 06 24 17 12 17 1D 0E 17 0D 18 24 D6 DC DB DF
  nt_row_20=E1 D9 DC ED E0 EF 24 24 19 1E 1C 11 24 1C 1D 0A 1B 1D 24 0B 1E 1D 1D 18 17 24 24 24 D6 D8 E1 D9
  pal=360F00103617270F36081A2836303B2200303B160017270F00081A2800303B22
  chr_008=00000000000000000000000000000000
  chr_01C=00000000000000000000000000000000
  chr_108=78C4E47886867C000000000000000000
  chr_11C=78CCC07C06C67C000000000000000000
SNAPSHOT frame=385 reason=state_change
  state gm=00 ready=01 script=00 sub=00 ppu_idx=00 ram_005C=00 auto=00 phase=00 frm=09 ctrl=B0 mask=1E ctrl_shadow=B0 mask_shadow=1E flush_done=01 vblank=01 mirror=0C
  nt_row_04=DC EE 24 24 24 24 24 24 24 24 24 24 24 24 24 24 24 24 24 24 24 24 24 24 24 24 24 24 24 24 D6 DB
  nt_row_07=DE EE 24 24 24 E3 24 24 71 72 73 74 75 76 77 78 79 79 79 7A 7B 24 24 24 24 24 E2 24 24 24 D6 DB
  nt_row_08=DE D8 EF 24 24 E2 24 7C 7D 7E 7F 80 81 82 83 84 85 86 87 88 89 8A 8B 24 24 24 E3 24 24 24 D6 DF
  nt_row_11=DE DB D7 24 24 E3 70 AF B0 B1 B2 B3 B4 B5 B6 B7 B8 B9 BA BB BC BD BE BF C0 24 E2 24 24 D6 DB DB
  nt_row_13=DE DB EE 24 24 E3 24 C6 C7 C8 C8 C8 24 C9 CA CB CC CD C8 C8 C8 C8 E8 E9 D3 24 E2 24 24 D6 DB DB
  nt_row_17=DC DA DC D7 24 24 24 24 24 24 24 24 24 F0 01 09 08 06 24 17 12 17 1D 0E 17 0D 18 24 D6 DC DB DF
  nt_row_20=E1 D9 DC ED E0 EF 24 24 19 1E 1C 11 24 1C 1D 0A 1B 1D 24 0B 1E 1D 1D 18 17 24 24 24 D6 D8 E1 D9
  pal=360F00103617270F36081A2836303B2200303B160017270F00081A2800303B22
  chr_008=00000000000000000000000000000000
  chr_01C=00000000000000000000000000000000
  chr_108=78C4E47886867C000000000000000000
  chr_11C=78CCC07C06C67C000000000000000000
SNAPSHOT frame=390 reason=state_change
  state gm=00 ready=01 script=00 sub=00 ppu_idx=00 ram_005C=00 auto=00 phase=00 frm=0A ctrl=B0 mask=1E ctrl_shadow=B0 mask_shadow=1E flush_done=01 vblank=01 mirror=0C
  nt_row_04=DC EE 24 24 24 24 24 24 24 24 24 24 24 24 24 24 24 24 24 24 24 24 24 24 24 24 24 24 24 24 D6 DB
  nt_row_07=DE EE 24 24 24 E3 24 24 71 72 73 74 75 76 77 78 79 79 79 7A 7B 24 24 24 24 24 E2 24 24 24 D6 DB
  nt_row_08=DE D8 EF 24 24 E2 24 7C 7D 7E 7F 80 81 82 83 84 85 86 87 88 89 8A 8B 24 24 24 E3 24 24 24 D6 DF
  nt_row_11=DE DB D7 24 24 E3 70 AF B0 B1 B2 B3 B4 B5 B6 B7 B8 B9 BA BB BC BD BE BF C0 24 E2 24 24 D6 DB DB
  nt_row_13=DE DB EE 24 24 E3 24 C6 C7 C8 C8 C8 24 C9 CA CB CC CD C8 C8 C8 C8 E8 E9 D3 24 E2 24 24 D6 DB DB
  nt_row_17=DC DA DC D7 24 24 24 24 24 24 24 24 24 F0 01 09 08 06 24 17 12 17 1D 0E 17 0D 18 24 D6 DC DB DF
  nt_row_20=E1 D9 DC ED E0 EF 24 24 19 1E 1C 11 24 1C 1D 0A 1B 1D 24 0B 1E 1D 1D 18 17 24 24 24 D6 D8 E1 D9
  pal=360F00103617270F36081A2836303B2200303B160017270F00081A2800303B22
  chr_008=00000000000000000000000000000000
  chr_01C=00000000000000000000000000000000
  chr_108=78C4E47886867C000000000000000000
  chr_11C=78CCC07C06C67C000000000000000000
SNAPSHOT frame=391 reason=state_change
  state gm=00 ready=01 script=00 sub=00 ppu_idx=00 ram_005C=00 auto=00 phase=00 frm=0B ctrl=B0 mask=1E ctrl_shadow=B0 mask_shadow=1E flush_done=01 vblank=00 mirror=0D
  nt_row_04=DC EE 24 24 24 24 24 24 24 24 24 24 24 24 24 24 24 24 24 24 24 24 24 24 24 24 24 24 24 24 D6 DB
  nt_row_07=DE EE 24 24 24 E3 24 24 71 72 73 74 75 76 77 78 79 79 79 7A 7B 24 24 24 24 24 E2 24 24 24 D6 DB
  nt_row_08=DE D8 EF 24 24 E2 24 7C 7D 7E 7F 80 81 82 83 84 85 86 87 88 89 8A 8B 24 24 24 E3 24 24 24 D6 DF
  nt_row_11=DE DB D7 24 24 E3 70 AF B0 B1 B2 B3 B4 B5 B6 B7 B8 B9 BA BB BC BD BE BF C0 24 E2 24 24 D6 DB DB
  nt_row_13=DE DB EE 24 24 E3 24 C6 C7 C8 C8 C8 24 C9 CA CB CC CD C8 C8 C8 C8 E8 E9 D3 24 E2 24 24 D6 DB DB
  nt_row_17=DC DA DC D7 24 24 24 24 24 24 24 24 24 F0 01 09 08 06 24 17 12 17 1D 0E 17 0D 18 24 D6 DC DB DF
  nt_row_20=E1 D9 DC ED E0 EF 24 24 19 1E 1C 11 24 1C 1D 0A 1B 1D 24 0B 1E 1D 1D 18 17 24 24 24 D6 D8 E1 D9
  pal=360F00103617270F36081A2836303B2200303B160017270F00081A2800303B22
  chr_008=00000000000000000000000000000000
  chr_01C=00000000000000000000000000000000
  chr_108=78C4E47886867C000000000000000000
  chr_11C=78CCC07C06C67C000000000000000000
SNAPSHOT frame=392 reason=state_change
  state gm=00 ready=01 script=00 sub=00 ppu_idx=00 ram_005C=00 auto=00 phase=00 frm=0B ctrl=B0 mask=1E ctrl_shadow=B0 mask_shadow=1E flush_done=01 vblank=01 mirror=0D
  nt_row_04=DC EE 24 24 24 24 24 24 24 24 24 24 24 24 24 24 24 24 24 24 24 24 24 24 24 24 24 24 24 24 D6 DB
  nt_row_07=DE EE 24 24 24 E3 24 24 71 72 73 74 75 76 77 78 79 79 79 7A 7B 24 24 24 24 24 E2 24 24 24 D6 DB
  nt_row_08=DE D8 EF 24 24 E2 24 7C 7D 7E 7F 80 81 82 83 84 85 86 87 88 89 8A 8B 24 24 24 E3 24 24 24 D6 DF
  nt_row_11=DE DB D7 24 24 E3 70 AF B0 B1 B2 B3 B4 B5 B6 B7 B8 B9 BA BB BC BD BE BF C0 24 E2 24 24 D6 DB DB
  nt_row_13=DE DB EE 24 24 E3 24 C6 C7 C8 C8 C8 24 C9 CA CB CC CD C8 C8 C8 C8 E8 E9 D3 24 E2 24 24 D6 DB DB
  nt_row_17=DC DA DC D7 24 24 24 24 24 24 24 24 24 F0 01 09 08 06 24 17 12 17 1D 0E 17 0D 18 24 D6 DC DB DF
  nt_row_20=E1 D9 DC ED E0 EF 24 24 19 1E 1C 11 24 1C 1D 0A 1B 1D 24 0B 1E 1D 1D 18 17 24 24 24 D6 D8 E1 D9
  pal=360F00103617270F36081A2836303B2200303B160017270F00081A2800303B22
  chr_008=00000000000000000000000000000000
  chr_01C=00000000000000000000000000000000
  chr_108=78C4E47886867C000000000000000000
  chr_11C=78CCC07C06C67C000000000000000000
SNAPSHOT frame=397 reason=state_change
  state gm=00 ready=01 script=00 sub=00 ppu_idx=00 ram_005C=00 auto=00 phase=00 frm=0C ctrl=B0 mask=1E ctrl_shadow=B0 mask_shadow=1E flush_done=01 vblank=01 mirror=0D
  nt_row_04=DC EE 24 24 24 24 24 24 24 24 24 24 24 24 24 24 24 24 24 24 24 24 24 24 24 24 24 24 24 24 D6 DB
  nt_row_07=DE EE 24 24 24 E3 24 24 71 72 73 74 75 76 77 78 79 79 79 7A 7B 24 24 24 24 24 E2 24 24 24 D6 DB
  nt_row_08=DE D8 EF 24 24 E2 24 7C 7D 7E 7F 80 81 82 83 84 85 86 87 88 89 8A 8B 24 24 24 E3 24 24 24 D6 DF
  nt_row_11=DE DB D7 24 24 E3 70 AF B0 B1 B2 B3 B4 B5 B6 B7 B8 B9 BA BB BC BD BE BF C0 24 E2 24 24 D6 DB DB
  nt_row_13=DE DB EE 24 24 E3 24 C6 C7 C8 C8 C8 24 C9 CA CB CC CD C8 C8 C8 C8 E8 E9 D3 24 E2 24 24 D6 DB DB
  nt_row_17=DC DA DC D7 24 24 24 24 24 24 24 24 24 F0 01 09 08 06 24 17 12 17 1D 0E 17 0D 18 24 D6 DC DB DF
  nt_row_20=E1 D9 DC ED E0 EF 24 24 19 1E 1C 11 24 1C 1D 0A 1B 1D 24 0B 1E 1D 1D 18 17 24 24 24 D6 D8 E1 D9
  pal=360F00103617270F36081A2836303B2200303B160017270F00081A2800303B22
  chr_008=00000000000000000000000000000000
  chr_01C=00000000000000000000000000000000
  chr_108=78C4E47886867C000000000000000000
  chr_11C=78CCC07C06C67C000000000000000000
SNAPSHOT frame=398 reason=state_change
  state gm=00 ready=01 script=00 sub=00 ppu_idx=00 ram_005C=00 auto=00 phase=00 frm=0D ctrl=B0 mask=1E ctrl_shadow=B0 mask_shadow=1E flush_done=01 vblank=00 mirror=0D
  nt_row_04=DC EE 24 24 24 24 24 24 24 24 24 24 24 24 24 24 24 24 24 24 24 24 24 24 24 24 24 24 24 24 D6 DB
  nt_row_07=DE EE 24 24 24 E3 24 24 71 72 73 74 75 76 77 78 79 79 79 7A 7B 24 24 24 24 24 E2 24 24 24 D6 DB
  nt_row_08=DE D8 EF 24 24 E2 24 7C 7D 7E 7F 80 81 82 83 84 85 86 87 88 89 8A 8B 24 24 24 E3 24 24 24 D6 DF
  nt_row_11=DE DB D7 24 24 E3 70 AF B0 B1 B2 B3 B4 B5 B6 B7 B8 B9 BA BB BC BD BE BF C0 24 E2 24 24 D6 DB DB
  nt_row_13=DE DB EE 24 24 E3 24 C6 C7 C8 C8 C8 24 C9 CA CB CC CD C8 C8 C8 C8 E8 E9 D3 24 E2 24 24 D6 DB DB
  nt_row_17=DC DA DC D7 24 24 24 24 24 24 24 24 24 F0 01 09 08 06 24 17 12 17 1D 0E 17 0D 18 24 D6 DC DB DF
  nt_row_20=E1 D9 DC ED E0 EF 24 24 19 1E 1C 11 24 1C 1D 0A 1B 1D 24 0B 1E 1D 1D 18 17 24 24 24 D6 D8 E1 D9
  pal=360F00103617270F36081A2836303B2200303B160017270F00081A2800303B22
  chr_008=00000000000000000000000000000000
  chr_01C=00000000000000000000000000000000
  chr_108=78C4E47886867C000000000000000000
  chr_11C=78CCC07C06C67C000000000000000000
SNAPSHOT frame=399 reason=state_change
  state gm=00 ready=01 script=00 sub=00 ppu_idx=00 ram_005C=00 auto=00 phase=00 frm=0E ctrl=B0 mask=1E ctrl_shadow=B0 mask_shadow=1E flush_done=01 vblank=00 mirror=0D
  nt_row_04=DC EE 24 24 24 24 24 24 24 24 24 24 24 24 24 24 24 24 24 24 24 24 24 24 24 24 24 24 24 24 D6 DB
  nt_row_07=DE EE 24 24 24 E3 24 24 71 72 73 74 75 76 77 78 79 79 79 7A 7B 24 24 24 24 24 E2 24 24 24 D6 DB
  nt_row_08=DE D8 EF 24 24 E2 24 7C 7D 7E 7F 80 81 82 83 84 85 86 87 88 89 8A 8B 24 24 24 E3 24 24 24 D6 DF
  nt_row_11=DE DB D7 24 24 E3 70 AF B0 B1 B2 B3 B4 B5 B6 B7 B8 B9 BA BB BC BD BE BF C0 24 E2 24 24 D6 DB DB
  nt_row_13=DE DB EE 24 24 E3 24 C6 C7 C8 C8 C8 24 C9 CA CB CC CD C8 C8 C8 C8 E8 E9 D3 24 E2 24 24 D6 DB DB
  nt_row_17=DC DA DC D7 24 24 24 24 24 24 24 24 24 F0 01 09 08 06 24 17 12 17 1D 0E 17 0D 18 24 D6 DC DB DF
  nt_row_20=E1 D9 DC ED E0 EF 24 24 19 1E 1C 11 24 1C 1D 0A 1B 1D 24 0B 1E 1D 1D 18 17 24 24 24 D6 D8 E1 D9
  pal=360F00103617270F36081A2836303B2200303B160017270F00081A2800303B22
  chr_008=00000000000000000000000000000000
  chr_01C=00000000000000000000000000000000
  chr_108=78C4E47886867C000000000000000000
  chr_11C=78CCC07C06C67C000000000000000000
SNAPSHOT frame=400 reason=state_change
  state gm=00 ready=01 script=00 sub=00 ppu_idx=00 ram_005C=00 auto=00 phase=00 frm=0F ctrl=B0 mask=1E ctrl_shadow=B0 mask_shadow=1E flush_done=01 vblank=00 mirror=0D
  nt_row_04=DC EE 24 24 24 24 24 24 24 24 24 24 24 24 24 24 24 24 24 24 24 24 24 24 24 24 24 24 24 24 D6 DB
  nt_row_07=DE EE 24 24 24 E3 24 24 71 72 73 74 75 76 77 78 79 79 79 7A 7B 24 24 24 24 24 E2 24 24 24 D6 DB
  nt_row_08=DE D8 EF 24 24 E2 24 7C 7D 7E 7F 80 81 82 83 84 85 86 87 88 89 8A 8B 24 24 24 E3 24 24 24 D6 DF
  nt_row_11=DE DB D7 24 24 E3 70 AF B0 B1 B2 B3 B4 B5 B6 B7 B8 B9 BA BB BC BD BE BF C0 24 E2 24 24 D6 DB DB
  nt_row_13=DE DB EE 24 24 E3 24 C6 C7 C8 C8 C8 24 C9 CA CB CC CD C8 C8 C8 C8 E8 E9 D3 24 E2 24 24 D6 DB DB
  nt_row_17=DC DA DC D7 24 24 24 24 24 24 24 24 24 F0 01 09 08 06 24 17 12 17 1D 0E 17 0D 18 24 D6 DC DB DF
  nt_row_20=E1 D9 DC ED E0 EF 24 24 19 1E 1C 11 24 1C 1D 0A 1B 1D 24 0B 1E 1D 1D 18 17 24 24 24 D6 D8 E1 D9
  pal=360F00103617270F36081A2836303B2200303B160017270F00081A2800303B22
  chr_008=00000000000000000000000000000000
  chr_01C=00000000000000000000000000000000
  chr_108=78C4E47886867C000000000000000000
  chr_11C=78CCC07C06C67C000000000000000000
SNAPSHOT frame=401 reason=state_change
  state gm=00 ready=01 script=00 sub=00 ppu_idx=00 ram_005C=00 auto=00 phase=00 frm=10 ctrl=B0 mask=1E ctrl_shadow=B0 mask_shadow=1E flush_done=01 vblank=00 mirror=0D
  nt_row_04=DC EE 24 24 24 24 24 24 24 24 24 24 24 24 24 24 24 24 24 24 24 24 24 24 24 24 24 24 24 24 D6 DB
  nt_row_07=DE EE 24 24 24 E3 24 24 71 72 73 74 75 76 77 78 79 79 79 7A 7B 24 24 24 24 24 E2 24 24 24 D6 DB
  nt_row_08=DE D8 EF 24 24 E2 24 7C 7D 7E 7F 80 81 82 83 84 85 86 87 88 89 8A 8B 24 24 24 E3 24 24 24 D6 DF
  nt_row_11=DE DB D7 24 24 E3 70 AF B0 B1 B2 B3 B4 B5 B6 B7 B8 B9 BA BB BC BD BE BF C0 24 E2 24 24 D6 DB DB
  nt_row_13=DE DB EE 24 24 E3 24 C6 C7 C8 C8 C8 24 C9 CA CB CC CD C8 C8 C8 C8 E8 E9 D3 24 E2 24 24 D6 DB DB
  nt_row_17=DC DA DC D7 24 24 24 24 24 24 24 24 24 F0 01 09 08 06 24 17 12 17 1D 0E 17 0D 18 24 D6 DC DB DF
  nt_row_20=E1 D9 DC ED E0 EF 24 24 19 1E 1C 11 24 1C 1D 0A 1B 1D 24 0B 1E 1D 1D 18 17 24 24 24 D6 D8 E1 D9
  pal=360F00103617270F36081A2836303B2200303B160017270F00081A2800303B22
  chr_008=00000000000000000000000000000000
  chr_01C=00000000000000000000000000000000
  chr_108=78C4E47886867C000000000000000000
  chr_11C=78CCC07C06C67C000000000000000000
SNAPSHOT frame=402 reason=state_change
  state gm=00 ready=01 script=00 sub=00 ppu_idx=00 ram_005C=00 auto=00 phase=00 frm=11 ctrl=B0 mask=1E ctrl_shadow=B0 mask_shadow=1E flush_done=01 vblank=00 mirror=0D
  nt_row_04=DC EE 24 24 24 24 24 24 24 24 24 24 24 24 24 24 24 24 24 24 24 24 24 24 24 24 24 24 24 24 D6 DB
  nt_row_07=DE EE 24 24 24 E3 24 24 71 72 73 74 75 76 77 78 79 79 79 7A 7B 24 24 24 24 24 E2 24 24 24 D6 DB
  nt_row_08=DE D8 EF 24 24 E2 24 7C 7D 7E 7F 80 81 82 83 84 85 86 87 88 89 8A 8B 24 24 24 E3 24 24 24 D6 DF
  nt_row_11=DE DB D7 24 24 E3 70 AF B0 B1 B2 B3 B4 B5 B6 B7 B8 B9 BA BB BC BD BE BF C0 24 E2 24 24 D6 DB DB
  nt_row_13=DE DB EE 24 24 E3 24 C6 C7 C8 C8 C8 24 C9 CA CB CC CD C8 C8 C8 C8 E8 E9 D3 24 E2 24 24 D6 DB DB
  nt_row_17=DC DA DC D7 24 24 24 24 24 24 24 24 24 F0 01 09 08 06 24 17 12 17 1D 0E 17 0D 18 24 D6 DC DB DF
  nt_row_20=E1 D9 DC ED E0 EF 24 24 19 1E 1C 11 24 1C 1D 0A 1B 1D 24 0B 1E 1D 1D 18 17 24 24 24 D6 D8 E1 D9
  pal=360F00103617270F36081A2836303B2200303B160017270F00081A2800303B22
  chr_008=00000000000000000000000000000000
  chr_01C=00000000000000000000000000000000
  chr_108=78C4E47886867C000000000000000000
  chr_11C=78CCC07C06C67C000000000000000000
SNAPSHOT frame=403 reason=state_change
  state gm=00 ready=01 script=00 sub=00 ppu_idx=00 ram_005C=00 auto=00 phase=00 frm=12 ctrl=B0 mask=1E ctrl_shadow=B0 mask_shadow=1E flush_done=01 vblank=00 mirror=10
  nt_row_04=DC EE 24 24 24 24 24 24 24 24 24 24 24 24 24 24 24 24 24 24 24 24 24 24 24 24 24 24 24 24 D6 DB
  nt_row_07=DE EE 24 24 24 E3 24 24 71 72 73 74 75 76 77 78 79 79 79 7A 7B 24 24 24 24 24 E2 24 24 24 D6 DB
  nt_row_08=DE D8 EF 24 24 E2 24 7C 7D 7E 7F 80 81 82 83 84 85 86 87 88 89 8A 8B 24 24 24 E3 24 24 24 D6 DF
  nt_row_11=DE DB D7 24 24 E3 70 AF B0 B1 B2 B3 B4 B5 B6 B7 B8 B9 BA BB BC BD BE BF C0 24 E2 24 24 D6 DB DB
  nt_row_13=DE DB EE 24 24 E3 24 C6 C7 C8 C8 C8 24 C9 CA CB CC CD C8 C8 C8 C8 E8 E9 D3 24 E2 24 24 D6 DB DB
  nt_row_17=DC DA DC D7 24 24 24 24 24 24 24 24 24 F0 01 09 08 06 24 17 12 17 1D 0E 17 0D 18 24 D6 DC DB DF
  nt_row_20=E1 D9 DC ED E0 EF 24 24 19 1E 1C 11 24 1C 1D 0A 1B 1D 24 0B 1E 1D 1D 18 17 24 24 24 D6 D8 E1 D9
  pal=360F00103617270F36081A2836303B2200303B160017270F00081A2800303B22
  chr_008=00000000000000000000000000000000
  chr_01C=00000000000000000000000000000000
  chr_108=78C4E47886867C000000000000000000
  chr_11C=78CCC07C06C67C000000000000000000
SNAPSHOT frame=404 reason=state_change
  state gm=00 ready=01 script=00 sub=00 ppu_idx=00 ram_005C=00 auto=00 phase=00 frm=12 ctrl=B0 mask=1E ctrl_shadow=B0 mask_shadow=1E flush_done=01 vblank=01 mirror=10
  nt_row_04=DC EE 24 24 24 24 24 24 24 24 24 24 24 24 24 24 24 24 24 24 24 24 24 24 24 24 24 24 24 24 D6 DB
  nt_row_07=DE EE 24 24 24 E3 24 24 71 72 73 74 75 76 77 78 79 79 79 7A 7B 24 24 24 24 24 E2 24 24 24 D6 DB
  nt_row_08=DE D8 EF 24 24 E2 24 7C 7D 7E 7F 80 81 82 83 84 85 86 87 88 89 8A 8B 24 24 24 E3 24 24 24 D6 DF
  nt_row_11=DE DB D7 24 24 E3 70 AF B0 B1 B2 B3 B4 B5 B6 B7 B8 B9 BA BB BC BD BE BF C0 24 E2 24 24 D6 DB DB
  nt_row_13=DE DB EE 24 24 E3 24 C6 C7 C8 C8 C8 24 C9 CA CB CC CD C8 C8 C8 C8 E8 E9 D3 24 E2 24 24 D6 DB DB
  nt_row_17=DC DA DC D7 24 24 24 24 24 24 24 24 24 F0 01 09 08 06 24 17 12 17 1D 0E 17 0D 18 24 D6 DC DB DF
  nt_row_20=E1 D9 DC ED E0 EF 24 24 19 1E 1C 11 24 1C 1D 0A 1B 1D 24 0B 1E 1D 1D 18 17 24 24 24 D6 D8 E1 D9
  pal=360F00103617270F36081A2836303B2200303B160017270F00081A2800303B22
  chr_008=00000000000000000000000000000000
  chr_01C=00000000000000000000000000000000
  chr_108=78C4E47886867C000000000000000000
  chr_11C=78CCC07C06C67C000000000000000000
SNAPSHOT frame=409 reason=state_change
  state gm=00 ready=01 script=00 sub=00 ppu_idx=00 ram_005C=00 auto=00 phase=00 frm=13 ctrl=B0 mask=1E ctrl_shadow=B0 mask_shadow=1E flush_done=01 vblank=01 mirror=10
  nt_row_04=DC EE 24 24 24 24 24 24 24 24 24 24 24 24 24 24 24 24 24 24 24 24 24 24 24 24 24 24 24 24 D6 DB
  nt_row_07=DE EE 24 24 24 E3 24 24 71 72 73 74 75 76 77 78 79 79 79 7A 7B 24 24 24 24 24 E2 24 24 24 D6 DB
  nt_row_08=DE D8 EF 24 24 E2 24 7C 7D 7E 7F 80 81 82 83 84 85 86 87 88 89 8A 8B 24 24 24 E3 24 24 24 D6 DF
  nt_row_11=DE DB D7 24 24 E3 70 AF B0 B1 B2 B3 B4 B5 B6 B7 B8 B9 BA BB BC BD BE BF C0 24 E2 24 24 D6 DB DB
  nt_row_13=DE DB EE 24 24 E3 24 C6 C7 C8 C8 C8 24 C9 CA CB CC CD C8 C8 C8 C8 E8 E9 D3 24 E2 24 24 D6 DB DB
  nt_row_17=DC DA DC D7 24 24 24 24 24 24 24 24 24 F0 01 09 08 06 24 17 12 17 1D 0E 17 0D 18 24 D6 DC DB DF
  nt_row_20=E1 D9 DC ED E0 EF 24 24 19 1E 1C 11 24 1C 1D 0A 1B 1D 24 0B 1E 1D 1D 18 17 24 24 24 D6 D8 E1 D9
  pal=360F00103617270F36081A2836303B2200303B160017270F00081A2800303B22
  chr_008=00000000000000000000000000000000
  chr_01C=00000000000000000000000000000000
  chr_108=78C4E47886867C000000000000000000
  chr_11C=78CCC07C06C67C000000000000000000
SNAPSHOT frame=410 reason=state_change
  state gm=00 ready=01 script=00 sub=00 ppu_idx=00 ram_005C=00 auto=00 phase=00 frm=15 ctrl=B0 mask=1E ctrl_shadow=B0 mask_shadow=1E flush_done=01 vblank=00 mirror=10
  nt_row_04=DC EE 24 24 24 24 24 24 24 24 24 24 24 24 24 24 24 24 24 24 24 24 24 24 24 24 24 24 24 24 D6 DB
  nt_row_07=DE EE 24 24 24 E3 24 24 71 72 73 74 75 76 77 78 79 79 79 7A 7B 24 24 24 24 24 E2 24 24 24 D6 DB
  nt_row_08=DE D8 EF 24 24 E2 24 7C 7D 7E 7F 80 81 82 83 84 85 86 87 88 89 8A 8B 24 24 24 E3 24 24 24 D6 DF
  nt_row_11=DE DB D7 24 24 E3 70 AF B0 B1 B2 B3 B4 B5 B6 B7 B8 B9 BA BB BC BD BE BF C0 24 E2 24 24 D6 DB DB
  nt_row_13=DE DB EE 24 24 E3 24 C6 C7 C8 C8 C8 24 C9 CA CB CC CD C8 C8 C8 C8 E8 E9 D3 24 E2 24 24 D6 DB DB
  nt_row_17=DC DA DC D7 24 24 24 24 24 24 24 24 24 F0 01 09 08 06 24 17 12 17 1D 0E 17 0D 18 24 D6 DC DB DF
  nt_row_20=E1 D9 DC ED E0 EF 24 24 19 1E 1C 11 24 1C 1D 0A 1B 1D 24 0B 1E 1D 1D 18 17 24 24 24 D6 D8 E1 D9
  pal=360F00103617270F36081A2836303B2200303B160017270F00081A2800303B22
  chr_008=00000000000000000000000000000000
  chr_01C=00000000000000000000000000000000
  chr_108=78C4E47886867C000000000000000000
  chr_11C=78CCC07C06C67C000000000000000000
SNAPSHOT frame=411 reason=state_change
  state gm=00 ready=01 script=00 sub=00 ppu_idx=00 ram_005C=00 auto=00 phase=00 frm=16 ctrl=B0 mask=1E ctrl_shadow=B0 mask_shadow=1E flush_done=01 vblank=00 mirror=10
  nt_row_04=DC EE 24 24 24 24 24 24 24 24 24 24 24 24 24 24 24 24 24 24 24 24 24 24 24 24 24 24 24 24 D6 DB
  nt_row_07=DE EE 24 24 24 E3 24 24 71 72 73 74 75 76 77 78 79 79 79 7A 7B 24 24 24 24 24 E2 24 24 24 D6 DB
  nt_row_08=DE D8 EF 24 24 E2 24 7C 7D 7E 7F 80 81 82 83 84 85 86 87 88 89 8A 8B 24 24 24 E3 24 24 24 D6 DF
  nt_row_11=DE DB D7 24 24 E3 70 AF B0 B1 B2 B3 B4 B5 B6 B7 B8 B9 BA BB BC BD BE BF C0 24 E2 24 24 D6 DB DB
  nt_row_13=DE DB EE 24 24 E3 24 C6 C7 C8 C8 C8 24 C9 CA CB CC CD C8 C8 C8 C8 E8 E9 D3 24 E2 24 24 D6 DB DB
  nt_row_17=DC DA DC D7 24 24 24 24 24 24 24 24 24 F0 01 09 08 06 24 17 12 17 1D 0E 17 0D 18 24 D6 DC DB DF
  nt_row_20=E1 D9 DC ED E0 EF 24 24 19 1E 1C 11 24 1C 1D 0A 1B 1D 24 0B 1E 1D 1D 18 17 24 24 24 D6 D8 E1 D9
  pal=360F00103617270F36081A2836303B2200303B160017270F00081A2800303B22
  chr_008=00000000000000000000000000000000
  chr_01C=00000000000000000000000000000000
  chr_108=78C4E47886867C000000000000000000
  chr_11C=78CCC07C06C67C000000000000000000
SNAPSHOT frame=412 reason=state_change
  state gm=00 ready=01 script=00 sub=00 ppu_idx=00 ram_005C=00 auto=00 phase=00 frm=17 ctrl=B0 mask=1E ctrl_shadow=B0 mask_shadow=1E flush_done=01 vblank=00 mirror=10
  nt_row_04=DC EE 24 24 24 24 24 24 24 24 24 24 24 24 24 24 24 24 24 24 24 24 24 24 24 24 24 24 24 24 D6 DB
  nt_row_07=DE EE 24 24 24 E3 24 24 71 72 73 74 75 76 77 78 79 79 79 7A 7B 24 24 24 24 24 E2 24 24 24 D6 DB
  nt_row_08=DE D8 EF 24 24 E2 24 7C 7D 7E 7F 80 81 82 83 84 85 86 87 88 89 8A 8B 24 24 24 E3 24 24 24 D6 DF
  nt_row_11=DE DB D7 24 24 E3 70 AF B0 B1 B2 B3 B4 B5 B6 B7 B8 B9 BA BB BC BD BE BF C0 24 E2 24 24 D6 DB DB
  nt_row_13=DE DB EE 24 24 E3 24 C6 C7 C8 C8 C8 24 C9 CA CB CC CD C8 C8 C8 C8 E8 E9 D3 24 E2 24 24 D6 DB DB
  nt_row_17=DC DA DC D7 24 24 24 24 24 24 24 24 24 F0 01 09 08 06 24 17 12 17 1D 0E 17 0D 18 24 D6 DC DB DF
  nt_row_20=E1 D9 DC ED E0 EF 24 24 19 1E 1C 11 24 1C 1D 0A 1B 1D 24 0B 1E 1D 1D 18 17 24 24 24 D6 D8 E1 D9
  pal=360F00103617270F36081A2836303B2200303B160017270F00081A2800303B22
  chr_008=00000000000000000000000000000000
  chr_01C=00000000000000000000000000000000
  chr_108=78C4E47886867C000000000000000000
  chr_11C=78CCC07C06C67C000000000000000000
SNAPSHOT frame=413 reason=state_change
  state gm=00 ready=01 script=00 sub=00 ppu_idx=00 ram_005C=00 auto=00 phase=00 frm=18 ctrl=B0 mask=1E ctrl_shadow=B0 mask_shadow=1E flush_done=01 vblank=00 mirror=10
  nt_row_04=DC EE 24 24 24 24 24 24 24 24 24 24 24 24 24 24 24 24 24 24 24 24 24 24 24 24 24 24 24 24 D6 DB
  nt_row_07=DE EE 24 24 24 E3 24 24 71 72 73 74 75 76 77 78 79 79 79 7A 7B 24 24 24 24 24 E2 24 24 24 D6 DB
  nt_row_08=DE D8 EF 24 24 E2 24 7C 7D 7E 7F 80 81 82 83 84 85 86 87 88 89 8A 8B 24 24 24 E3 24 24 24 D6 DF
  nt_row_11=DE DB D7 24 24 E3 70 AF B0 B1 B2 B3 B4 B5 B6 B7 B8 B9 BA BB BC BD BE BF C0 24 E2 24 24 D6 DB DB
  nt_row_13=DE DB EE 24 24 E3 24 C6 C7 C8 C8 C8 24 C9 CA CB CC CD C8 C8 C8 C8 E8 E9 D3 24 E2 24 24 D6 DB DB
  nt_row_17=DC DA DC D7 24 24 24 24 24 24 24 24 24 F0 01 09 08 06 24 17 12 17 1D 0E 17 0D 18 24 D6 DC DB DF
  nt_row_20=E1 D9 DC ED E0 EF 24 24 19 1E 1C 11 24 1C 1D 0A 1B 1D 24 0B 1E 1D 1D 18 17 24 24 24 D6 D8 E1 D9
  pal=360F00103617270F36081A2836303B2200303B160017270F00081A2800303B22
  chr_008=00000000000000000000000000000000
  chr_01C=00000000000000000000000000000000
  chr_108=78C4E47886867C000000000000000000
  chr_11C=78CCC07C06C67C000000000000000000
SNAPSHOT frame=414 reason=state_change
  state gm=00 ready=01 script=00 sub=00 ppu_idx=00 ram_005C=00 auto=00 phase=00 frm=19 ctrl=B0 mask=1E ctrl_shadow=B0 mask_shadow=1E flush_done=01 vblank=00 mirror=10
  nt_row_04=DC EE 24 24 24 24 24 24 24 24 24 24 24 24 24 24 24 24 24 24 24 24 24 24 24 24 24 24 24 24 D6 DB
  nt_row_07=DE EE 24 24 24 E3 24 24 71 72 73 74 75 76 77 78 79 79 79 7A 7B 24 24 24 24 24 E2 24 24 24 D6 DB
  nt_row_08=DE D8 EF 24 24 E2 24 7C 7D 7E 7F 80 81 82 83 84 85 86 87 88 89 8A 8B 24 24 24 E3 24 24 24 D6 DF
  nt_row_11=DE DB D7 24 24 E3 70 AF B0 B1 B2 B3 B4 B5 B6 B7 B8 B9 BA BB BC BD BE BF C0 24 E2 24 24 D6 DB DB
  nt_row_13=DE DB EE 24 24 E3 24 C6 C7 C8 C8 C8 24 C9 CA CB CC CD C8 C8 C8 C8 E8 E9 D3 24 E2 24 24 D6 DB DB
  nt_row_17=DC DA DC D7 24 24 24 24 24 24 24 24 24 F0 01 09 08 06 24 17 12 17 1D 0E 17 0D 18 24 D6 DC DB DF
  nt_row_20=E1 D9 DC ED E0 EF 24 24 19 1E 1C 11 24 1C 1D 0A 1B 1D 24 0B 1E 1D 1D 18 17 24 24 24 D6 D8 E1 D9
  pal=360F00103617270F36081A2836303B2200303B160017270F00081A2800303B22
  chr_008=00000000000000000000000000000000
  chr_01C=00000000000000000000000000000000
  chr_108=78C4E47886867C000000000000000000
  chr_11C=78CCC07C06C67C000000000000000000
SNAPSHOT frame=415 reason=state_change
  state gm=00 ready=01 script=00 sub=00 ppu_idx=00 ram_005C=00 auto=00 phase=00 frm=1A ctrl=B0 mask=1E ctrl_shadow=B0 mask_shadow=1E flush_done=01 vblank=00 mirror=10
  nt_row_04=DC EE 24 24 24 24 24 24 24 24 24 24 24 24 24 24 24 24 24 24 24 24 24 24 24 24 24 24 24 24 D6 DB
  nt_row_07=DE EE 24 24 24 E3 24 24 71 72 73 74 75 76 77 78 79 79 79 7A 7B 24 24 24 24 24 E2 24 24 24 D6 DB
  nt_row_08=DE D8 EF 24 24 E2 24 7C 7D 7E 7F 80 81 82 83 84 85 86 87 88 89 8A 8B 24 24 24 E3 24 24 24 D6 DF
  nt_row_11=DE DB D7 24 24 E3 70 AF B0 B1 B2 B3 B4 B5 B6 B7 B8 B9 BA BB BC BD BE BF C0 24 E2 24 24 D6 DB DB
  nt_row_13=DE DB EE 24 24 E3 24 C6 C7 C8 C8 C8 24 C9 CA CB CC CD C8 C8 C8 C8 E8 E9 D3 24 E2 24 24 D6 DB DB
  nt_row_17=DC DA DC D7 24 24 24 24 24 24 24 24 24 F0 01 09 08 06 24 17 12 17 1D 0E 17 0D 18 24 D6 DC DB DF
  nt_row_20=E1 D9 DC ED E0 EF 24 24 19 1E 1C 11 24 1C 1D 0A 1B 1D 24 0B 1E 1D 1D 18 17 24 24 24 D6 D8 E1 D9
  pal=360F00103617270F36081A2836303B2200303B160017270F00081A2800303B22
  chr_008=00000000000000000000000000000000
  chr_01C=00000000000000000000000000000000
  chr_108=78C4E47886867C000000000000000000
  chr_11C=78CCC07C06C67C000000000000000000
SNAPSHOT frame=416 reason=state_change
  state gm=00 ready=01 script=00 sub=00 ppu_idx=00 ram_005C=00 auto=00 phase=00 frm=1B ctrl=B0 mask=1E ctrl_shadow=B0 mask_shadow=1E flush_done=01 vblank=00 mirror=10
  nt_row_04=DC EE 24 24 24 24 24 24 24 24 24 24 24 24 24 24 24 24 24 24 24 24 24 24 24 24 24 24 24 24 D6 DB
  nt_row_07=DE EE 24 24 24 E3 24 24 71 72 73 74 75 76 77 78 79 79 79 7A 7B 24 24 24 24 24 E2 24 24 24 D6 DB
  nt_row_08=DE D8 EF 24 24 E2 24 7C 7D 7E 7F 80 81 82 83 84 85 86 87 88 89 8A 8B 24 24 24 E3 24 24 24 D6 DF
  nt_row_11=DE DB D7 24 24 E3 70 AF B0 B1 B2 B3 B4 B5 B6 B7 B8 B9 BA BB BC BD BE BF C0 24 E2 24 24 D6 DB DB
  nt_row_13=DE DB EE 24 24 E3 24 C6 C7 C8 C8 C8 24 C9 CA CB CC CD C8 C8 C8 C8 E8 E9 D3 24 E2 24 24 D6 DB DB
  nt_row_17=DC DA DC D7 24 24 24 24 24 24 24 24 24 F0 01 09 08 06 24 17 12 17 1D 0E 17 0D 18 24 D6 DC DB DF
  nt_row_20=E1 D9 DC ED E0 EF 24 24 19 1E 1C 11 24 1C 1D 0A 1B 1D 24 0B 1E 1D 1D 18 17 24 24 24 D6 D8 E1 D9
  pal=360F00103617270F36081A2836303B2200303B160017270F00081A2800303B22
  chr_008=00000000000000000000000000000000
  chr_01C=00000000000000000000000000000000
  chr_108=78C4E47886867C000000000000000000
  chr_11C=78CCC07C06C67C000000000000000000
SNAPSHOT frame=417 reason=state_change
  state gm=00 ready=01 script=00 sub=00 ppu_idx=00 ram_005C=00 auto=00 phase=00 frm=1C ctrl=B0 mask=1E ctrl_shadow=B0 mask_shadow=1E flush_done=01 vblank=00 mirror=10
  nt_row_04=DC EE 24 24 24 24 24 24 24 24 24 24 24 24 24 24 24 24 24 24 24 24 24 24 24 24 24 24 24 24 D6 DB
  nt_row_07=DE EE 24 24 24 E3 24 24 71 72 73 74 75 76 77 78 79 79 79 7A 7B 24 24 24 24 24 E2 24 24 24 D6 DB
  nt_row_08=DE D8 EF 24 24 E2 24 7C 7D 7E 7F 80 81 82 83 84 85 86 87 88 89 8A 8B 24 24 24 E3 24 24 24 D6 DF
  nt_row_11=DE DB D7 24 24 E3 70 AF B0 B1 B2 B3 B4 B5 B6 B7 B8 B9 BA BB BC BD BE BF C0 24 E2 24 24 D6 DB DB
  nt_row_13=DE DB EE 24 24 E3 24 C6 C7 C8 C8 C8 24 C9 CA CB CC CD C8 C8 C8 C8 E8 E9 D3 24 E2 24 24 D6 DB DB
  nt_row_17=DC DA DC D7 24 24 24 24 24 24 24 24 24 F0 01 09 08 06 24 17 12 17 1D 0E 17 0D 18 24 D6 DC DB DF
  nt_row_20=E1 D9 DC ED E0 EF 24 24 19 1E 1C 11 24 1C 1D 0A 1B 1D 24 0B 1E 1D 1D 18 17 24 24 24 D6 D8 E1 D9
  pal=360F00103617270F36081A2836303B2200303B160017270F00081A2800303B22
  chr_008=00000000000000000000000000000000
  chr_01C=00000000000000000000000000000000
  chr_108=78C4E47886867C000000000000000000
  chr_11C=78CCC07C06C67C000000000000000000
SNAPSHOT frame=418 reason=state_change
  state gm=00 ready=01 script=00 sub=00 ppu_idx=00 ram_005C=00 auto=00 phase=00 frm=1D ctrl=B0 mask=1E ctrl_shadow=B0 mask_shadow=1E flush_done=01 vblank=00 mirror=10
  nt_row_04=DC EE 24 24 24 24 24 24 24 24 24 24 24 24 24 24 24 24 24 24 24 24 24 24 24 24 24 24 24 24 D6 DB
  nt_row_07=DE EE 24 24 24 E3 24 24 71 72 73 74 75 76 77 78 79 79 79 7A 7B 24 24 24 24 24 E2 24 24 24 D6 DB
  nt_row_08=DE D8 EF 24 24 E2 24 7C 7D 7E 7F 80 81 82 83 84 85 86 87 88 89 8A 8B 24 24 24 E3 24 24 24 D6 DF
  nt_row_11=DE DB D7 24 24 E3 70 AF B0 B1 B2 B3 B4 B5 B6 B7 B8 B9 BA BB BC BD BE BF C0 24 E2 24 24 D6 DB DB
  nt_row_13=DE DB EE 24 24 E3 24 C6 C7 C8 C8 C8 24 C9 CA CB CC CD C8 C8 C8 C8 E8 E9 D3 24 E2 24 24 D6 DB DB
  nt_row_17=DC DA DC D7 24 24 24 24 24 24 24 24 24 F0 01 09 08 06 24 17 12 17 1D 0E 17 0D 18 24 D6 DC DB DF
  nt_row_20=E1 D9 DC ED E0 EF 24 24 19 1E 1C 11 24 1C 1D 0A 1B 1D 24 0B 1E 1D 1D 18 17 24 24 24 D6 D8 E1 D9
  pal=360F00103617270F36081A2836303B2200303B160017270F00081A2800303B22
  chr_008=00000000000000000000000000000000
  chr_01C=00000000000000000000000000000000
  chr_108=78C4E47886867C000000000000000000
  chr_11C=78CCC07C06C67C000000000000000000
SNAPSHOT frame=419 reason=state_change
  state gm=00 ready=01 script=00 sub=00 ppu_idx=00 ram_005C=00 auto=00 phase=00 frm=1E ctrl=B0 mask=1E ctrl_shadow=B0 mask_shadow=1E flush_done=01 vblank=00 mirror=10
  nt_row_04=DC EE 24 24 24 24 24 24 24 24 24 24 24 24 24 24 24 24 24 24 24 24 24 24 24 24 24 24 24 24 D6 DB
  nt_row_07=DE EE 24 24 24 E3 24 24 71 72 73 74 75 76 77 78 79 79 79 7A 7B 24 24 24 24 24 E2 24 24 24 D6 DB
  nt_row_08=DE D8 EF 24 24 E2 24 7C 7D 7E 7F 80 81 82 83 84 85 86 87 88 89 8A 8B 24 24 24 E3 24 24 24 D6 DF
  nt_row_11=DE DB D7 24 24 E3 70 AF B0 B1 B2 B3 B4 B5 B6 B7 B8 B9 BA BB BC BD BE BF C0 24 E2 24 24 D6 DB DB
  nt_row_13=DE DB EE 24 24 E3 24 C6 C7 C8 C8 C8 24 C9 CA CB CC CD C8 C8 C8 C8 E8 E9 D3 24 E2 24 24 D6 DB DB
  nt_row_17=DC DA DC D7 24 24 24 24 24 24 24 24 24 F0 01 09 08 06 24 17 12 17 1D 0E 17 0D 18 24 D6 DC DB DF
  nt_row_20=E1 D9 DC ED E0 EF 24 24 19 1E 1C 11 24 1C 1D 0A 1B 1D 24 0B 1E 1D 1D 18 17 24 24 24 D6 D8 E1 D9
  pal=360F00103617270F36081A2836303B2200303B160017270F00081A2800303B22
  chr_008=00000000000000000000000000000000
  chr_01C=00000000000000000000000000000000
  chr_108=78C4E47886867C000000000000000000
  chr_11C=78CCC07C06C67C000000000000000000
SNAPSHOT frame=420 reason=state_change
  state gm=00 ready=01 script=00 sub=00 ppu_idx=00 ram_005C=00 auto=00 phase=00 frm=1F ctrl=B0 mask=1E ctrl_shadow=B0 mask_shadow=1E flush_done=01 vblank=00 mirror=10
  nt_row_04=DC EE 24 24 24 24 24 24 24 24 24 24 24 24 24 24 24 24 24 24 24 24 24 24 24 24 24 24 24 24 D6 DB
  nt_row_07=DE EE 24 24 24 E3 24 24 71 72 73 74 75 76 77 78 79 79 79 7A 7B 24 24 24 24 24 E2 24 24 24 D6 DB
  nt_row_08=DE D8 EF 24 24 E2 24 7C 7D 7E 7F 80 81 82 83 84 85 86 87 88 89 8A 8B 24 24 24 E3 24 24 24 D6 DF
  nt_row_11=DE DB D7 24 24 E3 70 AF B0 B1 B2 B3 B4 B5 B6 B7 B8 B9 BA BB BC BD BE BF C0 24 E2 24 24 D6 DB DB
  nt_row_13=DE DB EE 24 24 E3 24 C6 C7 C8 C8 C8 24 C9 CA CB CC CD C8 C8 C8 C8 E8 E9 D3 24 E2 24 24 D6 DB DB
  nt_row_17=DC DA DC D7 24 24 24 24 24 24 24 24 24 F0 01 09 08 06 24 17 12 17 1D 0E 17 0D 18 24 D6 DC DB DF
  nt_row_20=E1 D9 DC ED E0 EF 24 24 19 1E 1C 11 24 1C 1D 0A 1B 1D 24 0B 1E 1D 1D 18 17 24 24 24 D6 D8 E1 D9
  pal=360F00103617270F36081A2836303B2200303B160017270F00081A2800303B22
  chr_008=00000000000000000000000000000000
  chr_01C=00000000000000000000000000000000
  chr_108=78C4E47886867C000000000000000000
  chr_11C=78CCC07C06C67C000000000000000000
SNAPSHOT frame=421 reason=state_change
  state gm=00 ready=01 script=00 sub=00 ppu_idx=00 ram_005C=00 auto=00 phase=00 frm=20 ctrl=B0 mask=1E ctrl_shadow=B0 mask_shadow=1E flush_done=01 vblank=00 mirror=10
  nt_row_04=DC EE 24 24 24 24 24 24 24 24 24 24 24 24 24 24 24 24 24 24 24 24 24 24 24 24 24 24 24 24 D6 DB
  nt_row_07=DE EE 24 24 24 E3 24 24 71 72 73 74 75 76 77 78 79 79 79 7A 7B 24 24 24 24 24 E2 24 24 24 D6 DB
  nt_row_08=DE D8 EF 24 24 E2 24 7C 7D 7E 7F 80 81 82 83 84 85 86 87 88 89 8A 8B 24 24 24 E3 24 24 24 D6 DF
  nt_row_11=DE DB D7 24 24 E3 70 AF B0 B1 B2 B3 B4 B5 B6 B7 B8 B9 BA BB BC BD BE BF C0 24 E2 24 24 D6 DB DB
  nt_row_13=DE DB EE 24 24 E3 24 C6 C7 C8 C8 C8 24 C9 CA CB CC CD C8 C8 C8 C8 E8 E9 D3 24 E2 24 24 D6 DB DB
  nt_row_17=DC DA DC D7 24 24 24 24 24 24 24 24 24 F0 01 09 08 06 24 17 12 17 1D 0E 17 0D 18 24 D6 DC DB DF
  nt_row_20=E1 D9 DC ED E0 EF 24 24 19 1E 1C 11 24 1C 1D 0A 1B 1D 24 0B 1E 1D 1D 18 17 24 24 24 D6 D8 E1 D9
  pal=360F00103617270F36081A2836303B2200303B160017270F00081A2800303B22
  chr_008=00000000000000000000000000000000
  chr_01C=00000000000000000000000000000000
  chr_108=78C4E47886867C000000000000000000
  chr_11C=78CCC07C06C67C000000000000000000
SNAPSHOT frame=422 reason=state_change
  state gm=00 ready=01 script=00 sub=00 ppu_idx=00 ram_005C=00 auto=00 phase=00 frm=21 ctrl=B0 mask=1E ctrl_shadow=B0 mask_shadow=1E flush_done=01 vblank=00 mirror=10
  nt_row_04=DC EE 24 24 24 24 24 24 24 24 24 24 24 24 24 24 24 24 24 24 24 24 24 24 24 24 24 24 24 24 D6 DB
  nt_row_07=DE EE 24 24 24 E3 24 24 71 72 73 74 75 76 77 78 79 79 79 7A 7B 24 24 24 24 24 E2 24 24 24 D6 DB
  nt_row_08=DE D8 EF 24 24 E2 24 7C 7D 7E 7F 80 81 82 83 84 85 86 87 88 89 8A 8B 24 24 24 E3 24 24 24 D6 DF
  nt_row_11=DE DB D7 24 24 E3 70 AF B0 B1 B2 B3 B4 B5 B6 B7 B8 B9 BA BB BC BD BE BF C0 24 E2 24 24 D6 DB DB
  nt_row_13=DE DB EE 24 24 E3 24 C6 C7 C8 C8 C8 24 C9 CA CB CC CD C8 C8 C8 C8 E8 E9 D3 24 E2 24 24 D6 DB DB
  nt_row_17=DC DA DC D7 24 24 24 24 24 24 24 24 24 F0 01 09 08 06 24 17 12 17 1D 0E 17 0D 18 24 D6 DC DB DF
  nt_row_20=E1 D9 DC ED E0 EF 24 24 19 1E 1C 11 24 1C 1D 0A 1B 1D 24 0B 1E 1D 1D 18 17 24 24 24 D6 D8 E1 D9
  pal=360F00103617270F36081A2836303B2200303B160017270F00081A2800303B22
  chr_008=00000000000000000000000000000000
  chr_01C=00000000000000000000000000000000
  chr_108=78C4E47886867C000000000000000000
  chr_11C=78CCC07C06C67C000000000000000000
SNAPSHOT frame=423 reason=state_change
  state gm=00 ready=01 script=00 sub=00 ppu_idx=00 ram_005C=00 auto=00 phase=00 frm=22 ctrl=B0 mask=1E ctrl_shadow=B0 mask_shadow=1E flush_done=01 vblank=00 mirror=10
  nt_row_04=DC EE 24 24 24 24 24 24 24 24 24 24 24 24 24 24 24 24 24 24 24 24 24 24 24 24 24 24 24 24 D6 DB
  nt_row_07=DE EE 24 24 24 E3 24 24 71 72 73 74 75 76 77 78 79 79 79 7A 7B 24 24 24 24 24 E2 24 24 24 D6 DB
  nt_row_08=DE D8 EF 24 24 E2 24 7C 7D 7E 7F 80 81 82 83 84 85 86 87 88 89 8A 8B 24 24 24 E3 24 24 24 D6 DF
  nt_row_11=DE DB D7 24 24 E3 70 AF B0 B1 B2 B3 B4 B5 B6 B7 B8 B9 BA BB BC BD BE BF C0 24 E2 24 24 D6 DB DB
  nt_row_13=DE DB EE 24 24 E3 24 C6 C7 C8 C8 C8 24 C9 CA CB CC CD C8 C8 C8 C8 E8 E9 D3 24 E2 24 24 D6 DB DB
  nt_row_17=DC DA DC D7 24 24 24 24 24 24 24 24 24 F0 01 09 08 06 24 17 12 17 1D 0E 17 0D 18 24 D6 DC DB DF
  nt_row_20=E1 D9 DC ED E0 EF 24 24 19 1E 1C 11 24 1C 1D 0A 1B 1D 24 0B 1E 1D 1D 18 17 24 24 24 D6 D8 E1 D9
  pal=360F00103617270F36081A2836303B2200303B160017270F00081A2800303B22
  chr_008=00000000000000000000000000000000
  chr_01C=00000000000000000000000000000000
  chr_108=78C4E47886867C000000000000000000
  chr_11C=78CCC07C06C67C000000000000000000
SNAPSHOT frame=424 reason=state_change
  state gm=00 ready=01 script=00 sub=00 ppu_idx=00 ram_005C=00 auto=00 phase=00 frm=23 ctrl=B0 mask=1E ctrl_shadow=B0 mask_shadow=1E flush_done=01 vblank=00 mirror=10
  nt_row_04=DC EE 24 24 24 24 24 24 24 24 24 24 24 24 24 24 24 24 24 24 24 24 24 24 24 24 24 24 24 24 D6 DB
  nt_row_07=DE EE 24 24 24 E3 24 24 71 72 73 74 75 76 77 78 79 79 79 7A 7B 24 24 24 24 24 E2 24 24 24 D6 DB
  nt_row_08=DE D8 EF 24 24 E2 24 7C 7D 7E 7F 80 81 82 83 84 85 86 87 88 89 8A 8B 24 24 24 E3 24 24 24 D6 DF
  nt_row_11=DE DB D7 24 24 E3 70 AF B0 B1 B2 B3 B4 B5 B6 B7 B8 B9 BA BB BC BD BE BF C0 24 E2 24 24 D6 DB DB
  nt_row_13=DE DB EE 24 24 E3 24 C6 C7 C8 C8 C8 24 C9 CA CB CC CD C8 C8 C8 C8 E8 E9 D3 24 E2 24 24 D6 DB DB
  nt_row_17=DC DA DC D7 24 24 24 24 24 24 24 24 24 F0 01 09 08 06 24 17 12 17 1D 0E 17 0D 18 24 D6 DC DB DF
  nt_row_20=E1 D9 DC ED E0 EF 24 24 19 1E 1C 11 24 1C 1D 0A 1B 1D 24 0B 1E 1D 1D 18 17 24 24 24 D6 D8 E1 D9
  pal=360F00103617270F36081A2836303B2200303B160017270F00081A2800303B22
  chr_008=00000000000000000000000000000000
  chr_01C=00000000000000000000000000000000
  chr_108=78C4E47886867C000000000000000000
  chr_11C=78CCC07C06C67C000000000000000000
SNAPSHOT frame=425 reason=state_change
  state gm=00 ready=01 script=00 sub=00 ppu_idx=00 ram_005C=00 auto=00 phase=00 frm=24 ctrl=B0 mask=1E ctrl_shadow=B0 mask_shadow=1E flush_done=01 vblank=00 mirror=10
  nt_row_04=DC EE 24 24 24 24 24 24 24 24 24 24 24 24 24 24 24 24 24 24 24 24 24 24 24 24 24 24 24 24 D6 DB
  nt_row_07=DE EE 24 24 24 E3 24 24 71 72 73 74 75 76 77 78 79 79 79 7A 7B 24 24 24 24 24 E2 24 24 24 D6 DB
  nt_row_08=DE D8 EF 24 24 E2 24 7C 7D 7E 7F 80 81 82 83 84 85 86 87 88 89 8A 8B 24 24 24 E3 24 24 24 D6 DF
  nt_row_11=DE DB D7 24 24 E3 70 AF B0 B1 B2 B3 B4 B5 B6 B7 B8 B9 BA BB BC BD BE BF C0 24 E2 24 24 D6 DB DB
  nt_row_13=DE DB EE 24 24 E3 24 C6 C7 C8 C8 C8 24 C9 CA CB CC CD C8 C8 C8 C8 E8 E9 D3 24 E2 24 24 D6 DB DB
  nt_row_17=DC DA DC D7 24 24 24 24 24 24 24 24 24 F0 01 09 08 06 24 17 12 17 1D 0E 17 0D 18 24 D6 DC DB DF
  nt_row_20=E1 D9 DC ED E0 EF 24 24 19 1E 1C 11 24 1C 1D 0A 1B 1D 24 0B 1E 1D 1D 18 17 24 24 24 D6 D8 E1 D9
  pal=360F00103617270F36081A2836303B2200303B160017270F00081A2800303B22
  chr_008=00000000000000000000000000000000
  chr_01C=00000000000000000000000000000000
  chr_108=78C4E47886867C000000000000000000
  chr_11C=78CCC07C06C67C000000000000000000
SNAPSHOT frame=426 reason=state_change
  state gm=00 ready=01 script=00 sub=00 ppu_idx=00 ram_005C=00 auto=00 phase=00 frm=25 ctrl=B0 mask=1E ctrl_shadow=B0 mask_shadow=1E flush_done=01 vblank=00 mirror=10
  nt_row_04=DC EE 24 24 24 24 24 24 24 24 24 24 24 24 24 24 24 24 24 24 24 24 24 24 24 24 24 24 24 24 D6 DB
  nt_row_07=DE EE 24 24 24 E3 24 24 71 72 73 74 75 76 77 78 79 79 79 7A 7B 24 24 24 24 24 E2 24 24 24 D6 DB
  nt_row_08=DE D8 EF 24 24 E2 24 7C 7D 7E 7F 80 81 82 83 84 85 86 87 88 89 8A 8B 24 24 24 E3 24 24 24 D6 DF
  nt_row_11=DE DB D7 24 24 E3 70 AF B0 B1 B2 B3 B4 B5 B6 B7 B8 B9 BA BB BC BD BE BF C0 24 E2 24 24 D6 DB DB
  nt_row_13=DE DB EE 24 24 E3 24 C6 C7 C8 C8 C8 24 C9 CA CB CC CD C8 C8 C8 C8 E8 E9 D3 24 E2 24 24 D6 DB DB
  nt_row_17=DC DA DC D7 24 24 24 24 24 24 24 24 24 F0 01 09 08 06 24 17 12 17 1D 0E 17 0D 18 24 D6 DC DB DF
  nt_row_20=E1 D9 DC ED E0 EF 24 24 19 1E 1C 11 24 1C 1D 0A 1B 1D 24 0B 1E 1D 1D 18 17 24 24 24 D6 D8 E1 D9
  pal=360F00103617270F36081A2836303B2200303B160017270F00081A2800303B22
  chr_008=00000000000000000000000000000000
  chr_01C=00000000000000000000000000000000
  chr_108=78C4E47886867C000000000000000000
  chr_11C=78CCC07C06C67C000000000000000000
SNAPSHOT frame=427 reason=state_change
  state gm=00 ready=01 script=00 sub=00 ppu_idx=00 ram_005C=00 auto=00 phase=00 frm=26 ctrl=B0 mask=1E ctrl_shadow=B0 mask_shadow=1E flush_done=01 vblank=00 mirror=10
  nt_row_04=DC EE 24 24 24 24 24 24 24 24 24 24 24 24 24 24 24 24 24 24 24 24 24 24 24 24 24 24 24 24 D6 DB
  nt_row_07=DE EE 24 24 24 E3 24 24 71 72 73 74 75 76 77 78 79 79 79 7A 7B 24 24 24 24 24 E2 24 24 24 D6 DB
  nt_row_08=DE D8 EF 24 24 E2 24 7C 7D 7E 7F 80 81 82 83 84 85 86 87 88 89 8A 8B 24 24 24 E3 24 24 24 D6 DF
  nt_row_11=DE DB D7 24 24 E3 70 AF B0 B1 B2 B3 B4 B5 B6 B7 B8 B9 BA BB BC BD BE BF C0 24 E2 24 24 D6 DB DB
  nt_row_13=DE DB EE 24 24 E3 24 C6 C7 C8 C8 C8 24 C9 CA CB CC CD C8 C8 C8 C8 E8 E9 D3 24 E2 24 24 D6 DB DB
  nt_row_17=DC DA DC D7 24 24 24 24 24 24 24 24 24 F0 01 09 08 06 24 17 12 17 1D 0E 17 0D 18 24 D6 DC DB DF
  nt_row_20=E1 D9 DC ED E0 EF 24 24 19 1E 1C 11 24 1C 1D 0A 1B 1D 24 0B 1E 1D 1D 18 17 24 24 24 D6 D8 E1 D9
  pal=360F00103617270F36081A2836303B2200303B160017270F00081A2800303B22
  chr_008=00000000000000000000000000000000
  chr_01C=00000000000000000000000000000000
  chr_108=78C4E47886867C000000000000000000
  chr_11C=78CCC07C06C67C000000000000000000
SNAPSHOT frame=428 reason=state_change
  state gm=00 ready=01 script=00 sub=00 ppu_idx=00 ram_005C=00 auto=00 phase=00 frm=27 ctrl=B0 mask=1E ctrl_shadow=B0 mask_shadow=1E flush_done=01 vblank=00 mirror=10
  nt_row_04=DC EE 24 24 24 24 24 24 24 24 24 24 24 24 24 24 24 24 24 24 24 24 24 24 24 24 24 24 24 24 D6 DB
  nt_row_07=DE EE 24 24 24 E3 24 24 71 72 73 74 75 76 77 78 79 79 79 7A 7B 24 24 24 24 24 E2 24 24 24 D6 DB
  nt_row_08=DE D8 EF 24 24 E2 24 7C 7D 7E 7F 80 81 82 83 84 85 86 87 88 89 8A 8B 24 24 24 E3 24 24 24 D6 DF
  nt_row_11=DE DB D7 24 24 E3 70 AF B0 B1 B2 B3 B4 B5 B6 B7 B8 B9 BA BB BC BD BE BF C0 24 E2 24 24 D6 DB DB
  nt_row_13=DE DB EE 24 24 E3 24 C6 C7 C8 C8 C8 24 C9 CA CB CC CD C8 C8 C8 C8 E8 E9 D3 24 E2 24 24 D6 DB DB
  nt_row_17=DC DA DC D7 24 24 24 24 24 24 24 24 24 F0 01 09 08 06 24 17 12 17 1D 0E 17 0D 18 24 D6 DC DB DF
  nt_row_20=E1 D9 DC ED E0 EF 24 24 19 1E 1C 11 24 1C 1D 0A 1B 1D 24 0B 1E 1D 1D 18 17 24 24 24 D6 D8 E1 D9
  pal=360F00103617270F36081A2836303B2200303B160017270F00081A2800303B22
  chr_008=00000000000000000000000000000000
  chr_01C=00000000000000000000000000000000
  chr_108=78C4E47886867C000000000000000000
  chr_11C=78CCC07C06C67C000000000000000000
SNAPSHOT frame=429 reason=state_change
  state gm=00 ready=01 script=00 sub=00 ppu_idx=00 ram_005C=00 auto=00 phase=00 frm=28 ctrl=B0 mask=1E ctrl_shadow=B0 mask_shadow=1E flush_done=01 vblank=00 mirror=10
  nt_row_04=DC EE 24 24 24 24 24 24 24 24 24 24 24 24 24 24 24 24 24 24 24 24 24 24 24 24 24 24 24 24 D6 DB
  nt_row_07=DE EE 24 24 24 E3 24 24 71 72 73 74 75 76 77 78 79 79 79 7A 7B 24 24 24 24 24 E2 24 24 24 D6 DB
  nt_row_08=DE D8 EF 24 24 E2 24 7C 7D 7E 7F 80 81 82 83 84 85 86 87 88 89 8A 8B 24 24 24 E3 24 24 24 D6 DF
  nt_row_11=DE DB D7 24 24 E3 70 AF B0 B1 B2 B3 B4 B5 B6 B7 B8 B9 BA BB BC BD BE BF C0 24 E2 24 24 D6 DB DB
  nt_row_13=DE DB EE 24 24 E3 24 C6 C7 C8 C8 C8 24 C9 CA CB CC CD C8 C8 C8 C8 E8 E9 D3 24 E2 24 24 D6 DB DB
  nt_row_17=DC DA DC D7 24 24 24 24 24 24 24 24 24 F0 01 09 08 06 24 17 12 17 1D 0E 17 0D 18 24 D6 DC DB DF
  nt_row_20=E1 D9 DC ED E0 EF 24 24 19 1E 1C 11 24 1C 1D 0A 1B 1D 24 0B 1E 1D 1D 18 17 24 24 24 D6 D8 E1 D9
  pal=360F00103617270F36081A2836303B2200303B160017270F00081A2800303B22
  chr_008=00000000000000000000000000000000
  chr_01C=00000000000000000000000000000000
  chr_108=78C4E47886867C000000000000000000
  chr_11C=78CCC07C06C67C000000000000000000
SNAPSHOT frame=430 reason=state_change
  state gm=00 ready=01 script=00 sub=00 ppu_idx=00 ram_005C=00 auto=00 phase=00 frm=29 ctrl=B0 mask=1E ctrl_shadow=B0 mask_shadow=1E flush_done=01 vblank=00 mirror=10
  nt_row_04=DC EE 24 24 24 24 24 24 24 24 24 24 24 24 24 24 24 24 24 24 24 24 24 24 24 24 24 24 24 24 D6 DB
  nt_row_07=DE EE 24 24 24 E3 24 24 71 72 73 74 75 76 77 78 79 79 79 7A 7B 24 24 24 24 24 E2 24 24 24 D6 DB
  nt_row_08=DE D8 EF 24 24 E2 24 7C 7D 7E 7F 80 81 82 83 84 85 86 87 88 89 8A 8B 24 24 24 E3 24 24 24 D6 DF
  nt_row_11=DE DB D7 24 24 E3 70 AF B0 B1 B2 B3 B4 B5 B6 B7 B8 B9 BA BB BC BD BE BF C0 24 E2 24 24 D6 DB DB
  nt_row_13=DE DB EE 24 24 E3 24 C6 C7 C8 C8 C8 24 C9 CA CB CC CD C8 C8 C8 C8 E8 E9 D3 24 E2 24 24 D6 DB DB
  nt_row_17=DC DA DC D7 24 24 24 24 24 24 24 24 24 F0 01 09 08 06 24 17 12 17 1D 0E 17 0D 18 24 D6 DC DB DF
  nt_row_20=E1 D9 DC ED E0 EF 24 24 19 1E 1C 11 24 1C 1D 0A 1B 1D 24 0B 1E 1D 1D 18 17 24 24 24 D6 D8 E1 D9
  pal=360F00103617270F36081A2836303B2200303B160017270F00081A2800303B22
  chr_008=00000000000000000000000000000000
  chr_01C=00000000000000000000000000000000
  chr_108=78C4E47886867C000000000000000000
  chr_11C=78CCC07C06C67C000000000000000000
SNAPSHOT frame=431 reason=state_change
  state gm=00 ready=01 script=00 sub=00 ppu_idx=00 ram_005C=00 auto=00 phase=00 frm=2A ctrl=B0 mask=1E ctrl_shadow=B0 mask_shadow=1E flush_done=01 vblank=00 mirror=10
  nt_row_04=DC EE 24 24 24 24 24 24 24 24 24 24 24 24 24 24 24 24 24 24 24 24 24 24 24 24 24 24 24 24 D6 DB
  nt_row_07=DE EE 24 24 24 E3 24 24 71 72 73 74 75 76 77 78 79 79 79 7A 7B 24 24 24 24 24 E2 24 24 24 D6 DB
  nt_row_08=DE D8 EF 24 24 E2 24 7C 7D 7E 7F 80 81 82 83 84 85 86 87 88 89 8A 8B 24 24 24 E3 24 24 24 D6 DF
  nt_row_11=DE DB D7 24 24 E3 70 AF B0 B1 B2 B3 B4 B5 B6 B7 B8 B9 BA BB BC BD BE BF C0 24 E2 24 24 D6 DB DB
  nt_row_13=DE DB EE 24 24 E3 24 C6 C7 C8 C8 C8 24 C9 CA CB CC CD C8 C8 C8 C8 E8 E9 D3 24 E2 24 24 D6 DB DB
  nt_row_17=DC DA DC D7 24 24 24 24 24 24 24 24 24 F0 01 09 08 06 24 17 12 17 1D 0E 17 0D 18 24 D6 DC DB DF
  nt_row_20=E1 D9 DC ED E0 EF 24 24 19 1E 1C 11 24 1C 1D 0A 1B 1D 24 0B 1E 1D 1D 18 17 24 24 24 D6 D8 E1 D9
  pal=360F00103617270F36081A2836303B2200303B160017270F00081A2800303B22
  chr_008=00000000000000000000000000000000
  chr_01C=00000000000000000000000000000000
  chr_108=78C4E47886867C000000000000000000
  chr_11C=78CCC07C06C67C000000000000000000
SNAPSHOT frame=432 reason=state_change
  state gm=00 ready=01 script=00 sub=00 ppu_idx=00 ram_005C=00 auto=00 phase=00 frm=2B ctrl=B0 mask=1E ctrl_shadow=B0 mask_shadow=1E flush_done=01 vblank=00 mirror=10
  nt_row_04=DC EE 24 24 24 24 24 24 24 24 24 24 24 24 24 24 24 24 24 24 24 24 24 24 24 24 24 24 24 24 D6 DB
  nt_row_07=DE EE 24 24 24 E3 24 24 71 72 73 74 75 76 77 78 79 79 79 7A 7B 24 24 24 24 24 E2 24 24 24 D6 DB
  nt_row_08=DE D8 EF 24 24 E2 24 7C 7D 7E 7F 80 81 82 83 84 85 86 87 88 89 8A 8B 24 24 24 E3 24 24 24 D6 DF
  nt_row_11=DE DB D7 24 24 E3 70 AF B0 B1 B2 B3 B4 B5 B6 B7 B8 B9 BA BB BC BD BE BF C0 24 E2 24 24 D6 DB DB
  nt_row_13=DE DB EE 24 24 E3 24 C6 C7 C8 C8 C8 24 C9 CA CB CC CD C8 C8 C8 C8 E8 E9 D3 24 E2 24 24 D6 DB DB
  nt_row_17=DC DA DC D7 24 24 24 24 24 24 24 24 24 F0 01 09 08 06 24 17 12 17 1D 0E 17 0D 18 24 D6 DC DB DF
  nt_row_20=E1 D9 DC ED E0 EF 24 24 19 1E 1C 11 24 1C 1D 0A 1B 1D 24 0B 1E 1D 1D 18 17 24 24 24 D6 D8 E1 D9
  pal=360F00103617270F36081A2836303B2200303B160017270F00081A2800303B22
  chr_008=00000000000000000000000000000000
  chr_01C=00000000000000000000000000000000
  chr_108=78C4E47886867C000000000000000000
  chr_11C=78CCC07C06C67C000000000000000000
SNAPSHOT frame=433 reason=state_change
  state gm=00 ready=01 script=00 sub=00 ppu_idx=00 ram_005C=00 auto=00 phase=00 frm=2C ctrl=B0 mask=1E ctrl_shadow=B0 mask_shadow=1E flush_done=01 vblank=00 mirror=10
  nt_row_04=DC EE 24 24 24 24 24 24 24 24 24 24 24 24 24 24 24 24 24 24 24 24 24 24 24 24 24 24 24 24 D6 DB
  nt_row_07=DE EE 24 24 24 E3 24 24 71 72 73 74 75 76 77 78 79 79 79 7A 7B 24 24 24 24 24 E2 24 24 24 D6 DB
  nt_row_08=DE D8 EF 24 24 E2 24 7C 7D 7E 7F 80 81 82 83 84 85 86 87 88 89 8A 8B 24 24 24 E3 24 24 24 D6 DF
  nt_row_11=DE DB D7 24 24 E3 70 AF B0 B1 B2 B3 B4 B5 B6 B7 B8 B9 BA BB BC BD BE BF C0 24 E2 24 24 D6 DB DB
  nt_row_13=DE DB EE 24 24 E3 24 C6 C7 C8 C8 C8 24 C9 CA CB CC CD C8 C8 C8 C8 E8 E9 D3 24 E2 24 24 D6 DB DB
  nt_row_17=DC DA DC D7 24 24 24 24 24 24 24 24 24 F0 01 09 08 06 24 17 12 17 1D 0E 17 0D 18 24 D6 DC DB DF
  nt_row_20=E1 D9 DC ED E0 EF 24 24 19 1E 1C 11 24 1C 1D 0A 1B 1D 24 0B 1E 1D 1D 18 17 24 24 24 D6 D8 E1 D9
  pal=360F00103617270F36081A2836303B2200303B160017270F00081A2800303B22
  chr_008=00000000000000000000000000000000
  chr_01C=00000000000000000000000000000000
  chr_108=78C4E47886867C000000000000000000
  chr_11C=78CCC07C06C67C000000000000000000
SNAPSHOT frame=434 reason=state_change
  state gm=00 ready=01 script=00 sub=00 ppu_idx=00 ram_005C=00 auto=00 phase=00 frm=2D ctrl=B0 mask=1E ctrl_shadow=B0 mask_shadow=1E flush_done=01 vblank=00 mirror=10
  nt_row_04=DC EE 24 24 24 24 24 24 24 24 24 24 24 24 24 24 24 24 24 24 24 24 24 24 24 24 24 24 24 24 D6 DB
  nt_row_07=DE EE 24 24 24 E3 24 24 71 72 73 74 75 76 77 78 79 79 79 7A 7B 24 24 24 24 24 E2 24 24 24 D6 DB
  nt_row_08=DE D8 EF 24 24 E2 24 7C 7D 7E 7F 80 81 82 83 84 85 86 87 88 89 8A 8B 24 24 24 E3 24 24 24 D6 DF
  nt_row_11=DE DB D7 24 24 E3 70 AF B0 B1 B2 B3 B4 B5 B6 B7 B8 B9 BA BB BC BD BE BF C0 24 E2 24 24 D6 DB DB
  nt_row_13=DE DB EE 24 24 E3 24 C6 C7 C8 C8 C8 24 C9 CA CB CC CD C8 C8 C8 C8 E8 E9 D3 24 E2 24 24 D6 DB DB
  nt_row_17=DC DA DC D7 24 24 24 24 24 24 24 24 24 F0 01 09 08 06 24 17 12 17 1D 0E 17 0D 18 24 D6 DC DB DF
  nt_row_20=E1 D9 DC ED E0 EF 24 24 19 1E 1C 11 24 1C 1D 0A 1B 1D 24 0B 1E 1D 1D 18 17 24 24 24 D6 D8 E1 D9
  pal=360F00103617270F36081A2836303B2200303B160017270F00081A2800303B22
  chr_008=00000000000000000000000000000000
  chr_01C=00000000000000000000000000000000
  chr_108=78C4E47886867C000000000000000000
  chr_11C=78CCC07C06C67C000000000000000000
SNAPSHOT frame=435 reason=state_change
  state gm=00 ready=01 script=00 sub=00 ppu_idx=00 ram_005C=00 auto=00 phase=00 frm=2E ctrl=B0 mask=1E ctrl_shadow=B0 mask_shadow=1E flush_done=01 vblank=00 mirror=10
  nt_row_04=DC EE 24 24 24 24 24 24 24 24 24 24 24 24 24 24 24 24 24 24 24 24 24 24 24 24 24 24 24 24 D6 DB
  nt_row_07=DE EE 24 24 24 E3 24 24 71 72 73 74 75 76 77 78 79 79 79 7A 7B 24 24 24 24 24 E2 24 24 24 D6 DB
  nt_row_08=DE D8 EF 24 24 E2 24 7C 7D 7E 7F 80 81 82 83 84 85 86 87 88 89 8A 8B 24 24 24 E3 24 24 24 D6 DF
  nt_row_11=DE DB D7 24 24 E3 70 AF B0 B1 B2 B3 B4 B5 B6 B7 B8 B9 BA BB BC BD BE BF C0 24 E2 24 24 D6 DB DB
  nt_row_13=DE DB EE 24 24 E3 24 C6 C7 C8 C8 C8 24 C9 CA CB CC CD C8 C8 C8 C8 E8 E9 D3 24 E2 24 24 D6 DB DB
  nt_row_17=DC DA DC D7 24 24 24 24 24 24 24 24 24 F0 01 09 08 06 24 17 12 17 1D 0E 17 0D 18 24 D6 DC DB DF
  nt_row_20=E1 D9 DC ED E0 EF 24 24 19 1E 1C 11 24 1C 1D 0A 1B 1D 24 0B 1E 1D 1D 18 17 24 24 24 D6 D8 E1 D9
  pal=360F00103617270F36081A2836303B2200303B160017270F00081A2800303B22
  chr_008=00000000000000000000000000000000
  chr_01C=00000000000000000000000000000000
  chr_108=78C4E47886867C000000000000000000
  chr_11C=78CCC07C06C67C000000000000000000
SNAPSHOT frame=436 reason=state_change
  state gm=00 ready=01 script=00 sub=00 ppu_idx=00 ram_005C=00 auto=00 phase=00 frm=2F ctrl=B0 mask=1E ctrl_shadow=B0 mask_shadow=1E flush_done=01 vblank=00 mirror=10
  nt_row_04=DC EE 24 24 24 24 24 24 24 24 24 24 24 24 24 24 24 24 24 24 24 24 24 24 24 24 24 24 24 24 D6 DB
  nt_row_07=DE EE 24 24 24 E3 24 24 71 72 73 74 75 76 77 78 79 79 79 7A 7B 24 24 24 24 24 E2 24 24 24 D6 DB
  nt_row_08=DE D8 EF 24 24 E2 24 7C 7D 7E 7F 80 81 82 83 84 85 86 87 88 89 8A 8B 24 24 24 E3 24 24 24 D6 DF
  nt_row_11=DE DB D7 24 24 E3 70 AF B0 B1 B2 B3 B4 B5 B6 B7 B8 B9 BA BB BC BD BE BF C0 24 E2 24 24 D6 DB DB
  nt_row_13=DE DB EE 24 24 E3 24 C6 C7 C8 C8 C8 24 C9 CA CB CC CD C8 C8 C8 C8 E8 E9 D3 24 E2 24 24 D6 DB DB
  nt_row_17=DC DA DC D7 24 24 24 24 24 24 24 24 24 F0 01 09 08 06 24 17 12 17 1D 0E 17 0D 18 24 D6 DC DB DF
  nt_row_20=E1 D9 DC ED E0 EF 24 24 19 1E 1C 11 24 1C 1D 0A 1B 1D 24 0B 1E 1D 1D 18 17 24 24 24 D6 D8 E1 D9
  pal=360F00103617270F36081A2836303B2200303B160017270F00081A2800303B22
  chr_008=00000000000000000000000000000000
  chr_01C=00000000000000000000000000000000
  chr_108=78C4E47886867C000000000000000000
  chr_11C=78CCC07C06C67C000000000000000000
SNAPSHOT frame=437 reason=state_change
  state gm=00 ready=01 script=00 sub=00 ppu_idx=00 ram_005C=00 auto=00 phase=00 frm=30 ctrl=B0 mask=1E ctrl_shadow=B0 mask_shadow=1E flush_done=01 vblank=00 mirror=10
  nt_row_04=DC EE 24 24 24 24 24 24 24 24 24 24 24 24 24 24 24 24 24 24 24 24 24 24 24 24 24 24 24 24 D6 DB
  nt_row_07=DE EE 24 24 24 E3 24 24 71 72 73 74 75 76 77 78 79 79 79 7A 7B 24 24 24 24 24 E2 24 24 24 D6 DB
  nt_row_08=DE D8 EF 24 24 E2 24 7C 7D 7E 7F 80 81 82 83 84 85 86 87 88 89 8A 8B 24 24 24 E3 24 24 24 D6 DF
  nt_row_11=DE DB D7 24 24 E3 70 AF B0 B1 B2 B3 B4 B5 B6 B7 B8 B9 BA BB BC BD BE BF C0 24 E2 24 24 D6 DB DB
  nt_row_13=DE DB EE 24 24 E3 24 C6 C7 C8 C8 C8 24 C9 CA CB CC CD C8 C8 C8 C8 E8 E9 D3 24 E2 24 24 D6 DB DB
  nt_row_17=DC DA DC D7 24 24 24 24 24 24 24 24 24 F0 01 09 08 06 24 17 12 17 1D 0E 17 0D 18 24 D6 DC DB DF
  nt_row_20=E1 D9 DC ED E0 EF 24 24 19 1E 1C 11 24 1C 1D 0A 1B 1D 24 0B 1E 1D 1D 18 17 24 24 24 D6 D8 E1 D9
  pal=360F00103617270F36081A2836303B2200303B160017270F00081A2800303B22
  chr_008=00000000000000000000000000000000
  chr_01C=00000000000000000000000000000000
  chr_108=78C4E47886867C000000000000000000
  chr_11C=78CCC07C06C67C000000000000000000
SNAPSHOT frame=438 reason=state_change
  state gm=00 ready=01 script=00 sub=00 ppu_idx=00 ram_005C=00 auto=00 phase=00 frm=31 ctrl=B0 mask=1E ctrl_shadow=B0 mask_shadow=1E flush_done=01 vblank=00 mirror=10
  nt_row_04=DC EE 24 24 24 24 24 24 24 24 24 24 24 24 24 24 24 24 24 24 24 24 24 24 24 24 24 24 24 24 D6 DB
  nt_row_07=DE EE 24 24 24 E3 24 24 71 72 73 74 75 76 77 78 79 79 79 7A 7B 24 24 24 24 24 E2 24 24 24 D6 DB
  nt_row_08=DE D8 EF 24 24 E2 24 7C 7D 7E 7F 80 81 82 83 84 85 86 87 88 89 8A 8B 24 24 24 E3 24 24 24 D6 DF
  nt_row_11=DE DB D7 24 24 E3 70 AF B0 B1 B2 B3 B4 B5 B6 B7 B8 B9 BA BB BC BD BE BF C0 24 E2 24 24 D6 DB DB
  nt_row_13=DE DB EE 24 24 E3 24 C6 C7 C8 C8 C8 24 C9 CA CB CC CD C8 C8 C8 C8 E8 E9 D3 24 E2 24 24 D6 DB DB
  nt_row_17=DC DA DC D7 24 24 24 24 24 24 24 24 24 F0 01 09 08 06 24 17 12 17 1D 0E 17 0D 18 24 D6 DC DB DF
  nt_row_20=E1 D9 DC ED E0 EF 24 24 19 1E 1C 11 24 1C 1D 0A 1B 1D 24 0B 1E 1D 1D 18 17 24 24 24 D6 D8 E1 D9
  pal=360F00103617270F36081A2836303B2200303B160017270F00081A2800303B22
  chr_008=00000000000000000000000000000000
  chr_01C=00000000000000000000000000000000
  chr_108=78C4E47886867C000000000000000000
  chr_11C=78CCC07C06C67C000000000000000000
SNAPSHOT frame=439 reason=state_change
  state gm=00 ready=01 script=00 sub=00 ppu_idx=00 ram_005C=00 auto=00 phase=00 frm=32 ctrl=B0 mask=1E ctrl_shadow=B0 mask_shadow=1E flush_done=01 vblank=00 mirror=10
  nt_row_04=DC EE 24 24 24 24 24 24 24 24 24 24 24 24 24 24 24 24 24 24 24 24 24 24 24 24 24 24 24 24 D6 DB
  nt_row_07=DE EE 24 24 24 E3 24 24 71 72 73 74 75 76 77 78 79 79 79 7A 7B 24 24 24 24 24 E2 24 24 24 D6 DB
  nt_row_08=DE D8 EF 24 24 E2 24 7C 7D 7E 7F 80 81 82 83 84 85 86 87 88 89 8A 8B 24 24 24 E3 24 24 24 D6 DF
  nt_row_11=DE DB D7 24 24 E3 70 AF B0 B1 B2 B3 B4 B5 B6 B7 B8 B9 BA BB BC BD BE BF C0 24 E2 24 24 D6 DB DB
  nt_row_13=DE DB EE 24 24 E3 24 C6 C7 C8 C8 C8 24 C9 CA CB CC CD C8 C8 C8 C8 E8 E9 D3 24 E2 24 24 D6 DB DB
  nt_row_17=DC DA DC D7 24 24 24 24 24 24 24 24 24 F0 01 09 08 06 24 17 12 17 1D 0E 17 0D 18 24 D6 DC DB DF
  nt_row_20=E1 D9 DC ED E0 EF 24 24 19 1E 1C 11 24 1C 1D 0A 1B 1D 24 0B 1E 1D 1D 18 17 24 24 24 D6 D8 E1 D9
  pal=360F00103617270F36081A2836303B2200303B160017270F00081A2800303B22
  chr_008=00000000000000000000000000000000
  chr_01C=00000000000000000000000000000000
  chr_108=78C4E47886867C000000000000000000
  chr_11C=78CCC07C06C67C000000000000000000
SNAPSHOT frame=440 reason=state_change
  state gm=00 ready=01 script=00 sub=00 ppu_idx=00 ram_005C=00 auto=00 phase=00 frm=33 ctrl=B0 mask=1E ctrl_shadow=B0 mask_shadow=1E flush_done=01 vblank=00 mirror=10
  nt_row_04=DC EE 24 24 24 24 24 24 24 24 24 24 24 24 24 24 24 24 24 24 24 24 24 24 24 24 24 24 24 24 D6 DB
  nt_row_07=DE EE 24 24 24 E3 24 24 71 72 73 74 75 76 77 78 79 79 79 7A 7B 24 24 24 24 24 E2 24 24 24 D6 DB
  nt_row_08=DE D8 EF 24 24 E2 24 7C 7D 7E 7F 80 81 82 83 84 85 86 87 88 89 8A 8B 24 24 24 E3 24 24 24 D6 DF
  nt_row_11=DE DB D7 24 24 E3 70 AF B0 B1 B2 B3 B4 B5 B6 B7 B8 B9 BA BB BC BD BE BF C0 24 E2 24 24 D6 DB DB
  nt_row_13=DE DB EE 24 24 E3 24 C6 C7 C8 C8 C8 24 C9 CA CB CC CD C8 C8 C8 C8 E8 E9 D3 24 E2 24 24 D6 DB DB
  nt_row_17=DC DA DC D7 24 24 24 24 24 24 24 24 24 F0 01 09 08 06 24 17 12 17 1D 0E 17 0D 18 24 D6 DC DB DF
  nt_row_20=E1 D9 DC ED E0 EF 24 24 19 1E 1C 11 24 1C 1D 0A 1B 1D 24 0B 1E 1D 1D 18 17 24 24 24 D6 D8 E1 D9
  pal=360F00103617270F36081A2836303B2200303B160017270F00081A2800303B22
  chr_008=00000000000000000000000000000000
  chr_01C=00000000000000000000000000000000
  chr_108=78C4E47886867C000000000000000000
  chr_11C=78CCC07C06C67C000000000000000000
SNAPSHOT frame=441 reason=state_change
  state gm=00 ready=01 script=00 sub=00 ppu_idx=00 ram_005C=00 auto=00 phase=00 frm=34 ctrl=B0 mask=1E ctrl_shadow=B0 mask_shadow=1E flush_done=01 vblank=00 mirror=10
  nt_row_04=DC EE 24 24 24 24 24 24 24 24 24 24 24 24 24 24 24 24 24 24 24 24 24 24 24 24 24 24 24 24 D6 DB
  nt_row_07=DE EE 24 24 24 E3 24 24 71 72 73 74 75 76 77 78 79 79 79 7A 7B 24 24 24 24 24 E2 24 24 24 D6 DB
  nt_row_08=DE D8 EF 24 24 E2 24 7C 7D 7E 7F 80 81 82 83 84 85 86 87 88 89 8A 8B 24 24 24 E3 24 24 24 D6 DF
  nt_row_11=DE DB D7 24 24 E3 70 AF B0 B1 B2 B3 B4 B5 B6 B7 B8 B9 BA BB BC BD BE BF C0 24 E2 24 24 D6 DB DB
  nt_row_13=DE DB EE 24 24 E3 24 C6 C7 C8 C8 C8 24 C9 CA CB CC CD C8 C8 C8 C8 E8 E9 D3 24 E2 24 24 D6 DB DB
  nt_row_17=DC DA DC D7 24 24 24 24 24 24 24 24 24 F0 01 09 08 06 24 17 12 17 1D 0E 17 0D 18 24 D6 DC DB DF
  nt_row_20=E1 D9 DC ED E0 EF 24 24 19 1E 1C 11 24 1C 1D 0A 1B 1D 24 0B 1E 1D 1D 18 17 24 24 24 D6 D8 E1 D9
  pal=360F00103617270F36081A2836303B2200303B160017270F00081A2800303B22
  chr_008=00000000000000000000000000000000
  chr_01C=00000000000000000000000000000000
  chr_108=78C4E47886867C000000000000000000
  chr_11C=78CCC07C06C67C000000000000000000
SNAPSHOT frame=442 reason=state_change
  state gm=00 ready=01 script=00 sub=00 ppu_idx=00 ram_005C=00 auto=00 phase=00 frm=35 ctrl=B0 mask=1E ctrl_shadow=B0 mask_shadow=1E flush_done=01 vblank=00 mirror=10
  nt_row_04=DC EE 24 24 24 24 24 24 24 24 24 24 24 24 24 24 24 24 24 24 24 24 24 24 24 24 24 24 24 24 D6 DB
  nt_row_07=DE EE 24 24 24 E3 24 24 71 72 73 74 75 76 77 78 79 79 79 7A 7B 24 24 24 24 24 E2 24 24 24 D6 DB
  nt_row_08=DE D8 EF 24 24 E2 24 7C 7D 7E 7F 80 81 82 83 84 85 86 87 88 89 8A 8B 24 24 24 E3 24 24 24 D6 DF
  nt_row_11=DE DB D7 24 24 E3 70 AF B0 B1 B2 B3 B4 B5 B6 B7 B8 B9 BA BB BC BD BE BF C0 24 E2 24 24 D6 DB DB
  nt_row_13=DE DB EE 24 24 E3 24 C6 C7 C8 C8 C8 24 C9 CA CB CC CD C8 C8 C8 C8 E8 E9 D3 24 E2 24 24 D6 DB DB
  nt_row_17=DC DA DC D7 24 24 24 24 24 24 24 24 24 F0 01 09 08 06 24 17 12 17 1D 0E 17 0D 18 24 D6 DC DB DF
  nt_row_20=E1 D9 DC ED E0 EF 24 24 19 1E 1C 11 24 1C 1D 0A 1B 1D 24 0B 1E 1D 1D 18 17 24 24 24 D6 D8 E1 D9
  pal=360F00103617270F36081A2836303B2200303B160017270F00081A2800303B22
  chr_008=00000000000000000000000000000000
  chr_01C=00000000000000000000000000000000
  chr_108=78C4E47886867C000000000000000000
  chr_11C=78CCC07C06C67C000000000000000000
SNAPSHOT frame=443 reason=state_change
  state gm=00 ready=01 script=00 sub=00 ppu_idx=00 ram_005C=00 auto=00 phase=00 frm=36 ctrl=B0 mask=1E ctrl_shadow=B0 mask_shadow=1E flush_done=01 vblank=00 mirror=10
  nt_row_04=DC EE 24 24 24 24 24 24 24 24 24 24 24 24 24 24 24 24 24 24 24 24 24 24 24 24 24 24 24 24 D6 DB
  nt_row_07=DE EE 24 24 24 E3 24 24 71 72 73 74 75 76 77 78 79 79 79 7A 7B 24 24 24 24 24 E2 24 24 24 D6 DB
  nt_row_08=DE D8 EF 24 24 E2 24 7C 7D 7E 7F 80 81 82 83 84 85 86 87 88 89 8A 8B 24 24 24 E3 24 24 24 D6 DF
  nt_row_11=DE DB D7 24 24 E3 70 AF B0 B1 B2 B3 B4 B5 B6 B7 B8 B9 BA BB BC BD BE BF C0 24 E2 24 24 D6 DB DB
  nt_row_13=DE DB EE 24 24 E3 24 C6 C7 C8 C8 C8 24 C9 CA CB CC CD C8 C8 C8 C8 E8 E9 D3 24 E2 24 24 D6 DB DB
  nt_row_17=DC DA DC D7 24 24 24 24 24 24 24 24 24 F0 01 09 08 06 24 17 12 17 1D 0E 17 0D 18 24 D6 DC DB DF
  nt_row_20=E1 D9 DC ED E0 EF 24 24 19 1E 1C 11 24 1C 1D 0A 1B 1D 24 0B 1E 1D 1D 18 17 24 24 24 D6 D8 E1 D9
  pal=360F00103617270F36081A2836303B2200303B160017270F00081A2800303B22
  chr_008=00000000000000000000000000000000
  chr_01C=00000000000000000000000000000000
  chr_108=78C4E47886867C000000000000000000
  chr_11C=78CCC07C06C67C000000000000000000
SNAPSHOT frame=444 reason=state_change
  state gm=00 ready=01 script=00 sub=00 ppu_idx=00 ram_005C=00 auto=00 phase=00 frm=37 ctrl=B0 mask=1E ctrl_shadow=B0 mask_shadow=1E flush_done=01 vblank=00 mirror=10
  nt_row_04=DC EE 24 24 24 24 24 24 24 24 24 24 24 24 24 24 24 24 24 24 24 24 24 24 24 24 24 24 24 24 D6 DB
  nt_row_07=DE EE 24 24 24 E3 24 24 71 72 73 74 75 76 77 78 79 79 79 7A 7B 24 24 24 24 24 E2 24 24 24 D6 DB
  nt_row_08=DE D8 EF 24 24 E2 24 7C 7D 7E 7F 80 81 82 83 84 85 86 87 88 89 8A 8B 24 24 24 E3 24 24 24 D6 DF
  nt_row_11=DE DB D7 24 24 E3 70 AF B0 B1 B2 B3 B4 B5 B6 B7 B8 B9 BA BB BC BD BE BF C0 24 E2 24 24 D6 DB DB
  nt_row_13=DE DB EE 24 24 E3 24 C6 C7 C8 C8 C8 24 C9 CA CB CC CD C8 C8 C8 C8 E8 E9 D3 24 E2 24 24 D6 DB DB
  nt_row_17=DC DA DC D7 24 24 24 24 24 24 24 24 24 F0 01 09 08 06 24 17 12 17 1D 0E 17 0D 18 24 D6 DC DB DF
  nt_row_20=E1 D9 DC ED E0 EF 24 24 19 1E 1C 11 24 1C 1D 0A 1B 1D 24 0B 1E 1D 1D 18 17 24 24 24 D6 D8 E1 D9
  pal=360F00103617270F36081A2836303B2200303B160017270F00081A2800303B22
  chr_008=00000000000000000000000000000000
  chr_01C=00000000000000000000000000000000
  chr_108=78C4E47886867C000000000000000000
  chr_11C=78CCC07C06C67C000000000000000000
SNAPSHOT frame=445 reason=state_change
  state gm=00 ready=01 script=00 sub=00 ppu_idx=00 ram_005C=00 auto=00 phase=00 frm=38 ctrl=B0 mask=1E ctrl_shadow=B0 mask_shadow=1E flush_done=01 vblank=00 mirror=10
  nt_row_04=DC EE 24 24 24 24 24 24 24 24 24 24 24 24 24 24 24 24 24 24 24 24 24 24 24 24 24 24 24 24 D6 DB
  nt_row_07=DE EE 24 24 24 E3 24 24 71 72 73 74 75 76 77 78 79 79 79 7A 7B 24 24 24 24 24 E2 24 24 24 D6 DB
  nt_row_08=DE D8 EF 24 24 E2 24 7C 7D 7E 7F 80 81 82 83 84 85 86 87 88 89 8A 8B 24 24 24 E3 24 24 24 D6 DF
  nt_row_11=DE DB D7 24 24 E3 70 AF B0 B1 B2 B3 B4 B5 B6 B7 B8 B9 BA BB BC BD BE BF C0 24 E2 24 24 D6 DB DB
  nt_row_13=DE DB EE 24 24 E3 24 C6 C7 C8 C8 C8 24 C9 CA CB CC CD C8 C8 C8 C8 E8 E9 D3 24 E2 24 24 D6 DB DB
  nt_row_17=DC DA DC D7 24 24 24 24 24 24 24 24 24 F0 01 09 08 06 24 17 12 17 1D 0E 17 0D 18 24 D6 DC DB DF
  nt_row_20=E1 D9 DC ED E0 EF 24 24 19 1E 1C 11 24 1C 1D 0A 1B 1D 24 0B 1E 1D 1D 18 17 24 24 24 D6 D8 E1 D9
  pal=360F00103617270F36081A2836303B2200303B160017270F00081A2800303B22
  chr_008=00000000000000000000000000000000
  chr_01C=00000000000000000000000000000000
  chr_108=78C4E47886867C000000000000000000
  chr_11C=78CCC07C06C67C000000000000000000
SNAPSHOT frame=446 reason=state_change
  state gm=00 ready=01 script=00 sub=00 ppu_idx=00 ram_005C=00 auto=00 phase=00 frm=39 ctrl=B0 mask=1E ctrl_shadow=B0 mask_shadow=1E flush_done=01 vblank=00 mirror=10
  nt_row_04=DC EE 24 24 24 24 24 24 24 24 24 24 24 24 24 24 24 24 24 24 24 24 24 24 24 24 24 24 24 24 D6 DB
  nt_row_07=DE EE 24 24 24 E3 24 24 71 72 73 74 75 76 77 78 79 79 79 7A 7B 24 24 24 24 24 E2 24 24 24 D6 DB
  nt_row_08=DE D8 EF 24 24 E2 24 7C 7D 7E 7F 80 81 82 83 84 85 86 87 88 89 8A 8B 24 24 24 E3 24 24 24 D6 DF
  nt_row_11=DE DB D7 24 24 E3 70 AF B0 B1 B2 B3 B4 B5 B6 B7 B8 B9 BA BB BC BD BE BF C0 24 E2 24 24 D6 DB DB
  nt_row_13=DE DB EE 24 24 E3 24 C6 C7 C8 C8 C8 24 C9 CA CB CC CD C8 C8 C8 C8 E8 E9 D3 24 E2 24 24 D6 DB DB
  nt_row_17=DC DA DC D7 24 24 24 24 24 24 24 24 24 F0 01 09 08 06 24 17 12 17 1D 0E 17 0D 18 24 D6 DC DB DF
  nt_row_20=E1 D9 DC ED E0 EF 24 24 19 1E 1C 11 24 1C 1D 0A 1B 1D 24 0B 1E 1D 1D 18 17 24 24 24 D6 D8 E1 D9
  pal=360F00103617270F36081A2836303B2200303B160017270F00081A2800303B22
  chr_008=00000000000000000000000000000000
  chr_01C=00000000000000000000000000000000
  chr_108=78C4E47886867C000000000000000000
  chr_11C=78CCC07C06C67C000000000000000000
SNAPSHOT frame=447 reason=state_change
  state gm=00 ready=01 script=00 sub=00 ppu_idx=00 ram_005C=00 auto=00 phase=00 frm=3A ctrl=B0 mask=1E ctrl_shadow=B0 mask_shadow=1E flush_done=01 vblank=00 mirror=10
  nt_row_04=DC EE 24 24 24 24 24 24 24 24 24 24 24 24 24 24 24 24 24 24 24 24 24 24 24 24 24 24 24 24 D6 DB
  nt_row_07=DE EE 24 24 24 E3 24 24 71 72 73 74 75 76 77 78 79 79 79 7A 7B 24 24 24 24 24 E2 24 24 24 D6 DB
  nt_row_08=DE D8 EF 24 24 E2 24 7C 7D 7E 7F 80 81 82 83 84 85 86 87 88 89 8A 8B 24 24 24 E3 24 24 24 D6 DF
  nt_row_11=DE DB D7 24 24 E3 70 AF B0 B1 B2 B3 B4 B5 B6 B7 B8 B9 BA BB BC BD BE BF C0 24 E2 24 24 D6 DB DB
  nt_row_13=DE DB EE 24 24 E3 24 C6 C7 C8 C8 C8 24 C9 CA CB CC CD C8 C8 C8 C8 E8 E9 D3 24 E2 24 24 D6 DB DB
  nt_row_17=DC DA DC D7 24 24 24 24 24 24 24 24 24 F0 01 09 08 06 24 17 12 17 1D 0E 17 0D 18 24 D6 DC DB DF
  nt_row_20=E1 D9 DC ED E0 EF 24 24 19 1E 1C 11 24 1C 1D 0A 1B 1D 24 0B 1E 1D 1D 18 17 24 24 24 D6 D8 E1 D9
  pal=360F00103617270F36081A2836303B2200303B160017270F00081A2800303B22
  chr_008=00000000000000000000000000000000
  chr_01C=00000000000000000000000000000000
  chr_108=78C4E47886867C000000000000000000
  chr_11C=78CCC07C06C67C000000000000000000
SNAPSHOT frame=448 reason=state_change
  state gm=00 ready=01 script=00 sub=00 ppu_idx=00 ram_005C=00 auto=00 phase=00 frm=3B ctrl=B0 mask=1E ctrl_shadow=B0 mask_shadow=1E flush_done=01 vblank=00 mirror=10
  nt_row_04=DC EE 24 24 24 24 24 24 24 24 24 24 24 24 24 24 24 24 24 24 24 24 24 24 24 24 24 24 24 24 D6 DB
  nt_row_07=DE EE 24 24 24 E3 24 24 71 72 73 74 75 76 77 78 79 79 79 7A 7B 24 24 24 24 24 E2 24 24 24 D6 DB
  nt_row_08=DE D8 EF 24 24 E2 24 7C 7D 7E 7F 80 81 82 83 84 85 86 87 88 89 8A 8B 24 24 24 E3 24 24 24 D6 DF
  nt_row_11=DE DB D7 24 24 E3 70 AF B0 B1 B2 B3 B4 B5 B6 B7 B8 B9 BA BB BC BD BE BF C0 24 E2 24 24 D6 DB DB
  nt_row_13=DE DB EE 24 24 E3 24 C6 C7 C8 C8 C8 24 C9 CA CB CC CD C8 C8 C8 C8 E8 E9 D3 24 E2 24 24 D6 DB DB
  nt_row_17=DC DA DC D7 24 24 24 24 24 24 24 24 24 F0 01 09 08 06 24 17 12 17 1D 0E 17 0D 18 24 D6 DC DB DF
  nt_row_20=E1 D9 DC ED E0 EF 24 24 19 1E 1C 11 24 1C 1D 0A 1B 1D 24 0B 1E 1D 1D 18 17 24 24 24 D6 D8 E1 D9
  pal=360F00103617270F36081A2836303B2200303B160017270F00081A2800303B22
  chr_008=00000000000000000000000000000000
  chr_01C=00000000000000000000000000000000
  chr_108=78C4E47886867C000000000000000000
  chr_11C=78CCC07C06C67C000000000000000000
SNAPSHOT frame=449 reason=state_change
  state gm=00 ready=01 script=00 sub=00 ppu_idx=00 ram_005C=00 auto=00 phase=00 frm=3C ctrl=B0 mask=1E ctrl_shadow=B0 mask_shadow=1E flush_done=01 vblank=00 mirror=10
  nt_row_04=DC EE 24 24 24 24 24 24 24 24 24 24 24 24 24 24 24 24 24 24 24 24 24 24 24 24 24 24 24 24 D6 DB
  nt_row_07=DE EE 24 24 24 E3 24 24 71 72 73 74 75 76 77 78 79 79 79 7A 7B 24 24 24 24 24 E2 24 24 24 D6 DB
  nt_row_08=DE D8 EF 24 24 E2 24 7C 7D 7E 7F 80 81 82 83 84 85 86 87 88 89 8A 8B 24 24 24 E3 24 24 24 D6 DF
  nt_row_11=DE DB D7 24 24 E3 70 AF B0 B1 B2 B3 B4 B5 B6 B7 B8 B9 BA BB BC BD BE BF C0 24 E2 24 24 D6 DB DB
  nt_row_13=DE DB EE 24 24 E3 24 C6 C7 C8 C8 C8 24 C9 CA CB CC CD C8 C8 C8 C8 E8 E9 D3 24 E2 24 24 D6 DB DB
  nt_row_17=DC DA DC D7 24 24 24 24 24 24 24 24 24 F0 01 09 08 06 24 17 12 17 1D 0E 17 0D 18 24 D6 DC DB DF
  nt_row_20=E1 D9 DC ED E0 EF 24 24 19 1E 1C 11 24 1C 1D 0A 1B 1D 24 0B 1E 1D 1D 18 17 24 24 24 D6 D8 E1 D9
  pal=360F00103617270F36081A2836303B2200303B160017270F00081A2800303B22
  chr_008=00000000000000000000000000000000
  chr_01C=00000000000000000000000000000000
  chr_108=78C4E47886867C000000000000000000
  chr_11C=78CCC07C06C67C000000000000000000
SNAPSHOT frame=450 reason=state_change
  state gm=00 ready=01 script=00 sub=00 ppu_idx=00 ram_005C=00 auto=00 phase=00 frm=3D ctrl=B0 mask=1E ctrl_shadow=B0 mask_shadow=1E flush_done=01 vblank=00 mirror=10
  nt_row_04=DC EE 24 24 24 24 24 24 24 24 24 24 24 24 24 24 24 24 24 24 24 24 24 24 24 24 24 24 24 24 D6 DB
  nt_row_07=DE EE 24 24 24 E3 24 24 71 72 73 74 75 76 77 78 79 79 79 7A 7B 24 24 24 24 24 E2 24 24 24 D6 DB
  nt_row_08=DE D8 EF 24 24 E2 24 7C 7D 7E 7F 80 81 82 83 84 85 86 87 88 89 8A 8B 24 24 24 E3 24 24 24 D6 DF
  nt_row_11=DE DB D7 24 24 E3 70 AF B0 B1 B2 B3 B4 B5 B6 B7 B8 B9 BA BB BC BD BE BF C0 24 E2 24 24 D6 DB DB
  nt_row_13=DE DB EE 24 24 E3 24 C6 C7 C8 C8 C8 24 C9 CA CB CC CD C8 C8 C8 C8 E8 E9 D3 24 E2 24 24 D6 DB DB
  nt_row_17=DC DA DC D7 24 24 24 24 24 24 24 24 24 F0 01 09 08 06 24 17 12 17 1D 0E 17 0D 18 24 D6 DC DB DF
  nt_row_20=E1 D9 DC ED E0 EF 24 24 19 1E 1C 11 24 1C 1D 0A 1B 1D 24 0B 1E 1D 1D 18 17 24 24 24 D6 D8 E1 D9
  pal=360F00103617270F36081A2836303B2200303B160017270F00081A2800303B22
  chr_008=00000000000000000000000000000000
  chr_01C=00000000000000000000000000000000
  chr_108=78C4E47886867C000000000000000000
  chr_11C=78CCC07C06C67C000000000000000000
SNAPSHOT frame=451 reason=state_change
  state gm=00 ready=01 script=00 sub=00 ppu_idx=00 ram_005C=00 auto=00 phase=00 frm=3E ctrl=B0 mask=1E ctrl_shadow=B0 mask_shadow=1E flush_done=01 vblank=00 mirror=10
  nt_row_04=DC EE 24 24 24 24 24 24 24 24 24 24 24 24 24 24 24 24 24 24 24 24 24 24 24 24 24 24 24 24 D6 DB
  nt_row_07=DE EE 24 24 24 E3 24 24 71 72 73 74 75 76 77 78 79 79 79 7A 7B 24 24 24 24 24 E2 24 24 24 D6 DB
  nt_row_08=DE D8 EF 24 24 E2 24 7C 7D 7E 7F 80 81 82 83 84 85 86 87 88 89 8A 8B 24 24 24 E3 24 24 24 D6 DF
  nt_row_11=DE DB D7 24 24 E3 70 AF B0 B1 B2 B3 B4 B5 B6 B7 B8 B9 BA BB BC BD BE BF C0 24 E2 24 24 D6 DB DB
  nt_row_13=DE DB EE 24 24 E3 24 C6 C7 C8 C8 C8 24 C9 CA CB CC CD C8 C8 C8 C8 E8 E9 D3 24 E2 24 24 D6 DB DB
  nt_row_17=DC DA DC D7 24 24 24 24 24 24 24 24 24 F0 01 09 08 06 24 17 12 17 1D 0E 17 0D 18 24 D6 DC DB DF
  nt_row_20=E1 D9 DC ED E0 EF 24 24 19 1E 1C 11 24 1C 1D 0A 1B 1D 24 0B 1E 1D 1D 18 17 24 24 24 D6 D8 E1 D9
  pal=360F00103617270F36081A2836303B2200303B160017270F00081A2800303B22
  chr_008=00000000000000000000000000000000
  chr_01C=00000000000000000000000000000000
  chr_108=78C4E47886867C000000000000000000
  chr_11C=78CCC07C06C67C000000000000000000
SNAPSHOT frame=452 reason=state_change
  state gm=00 ready=01 script=00 sub=00 ppu_idx=00 ram_005C=00 auto=00 phase=00 frm=3F ctrl=B0 mask=1E ctrl_shadow=B0 mask_shadow=1E flush_done=01 vblank=00 mirror=10
  nt_row_04=DC EE 24 24 24 24 24 24 24 24 24 24 24 24 24 24 24 24 24 24 24 24 24 24 24 24 24 24 24 24 D6 DB
  nt_row_07=DE EE 24 24 24 E3 24 24 71 72 73 74 75 76 77 78 79 79 79 7A 7B 24 24 24 24 24 E2 24 24 24 D6 DB
  nt_row_08=DE D8 EF 24 24 E2 24 7C 7D 7E 7F 80 81 82 83 84 85 86 87 88 89 8A 8B 24 24 24 E3 24 24 24 D6 DF
  nt_row_11=DE DB D7 24 24 E3 70 AF B0 B1 B2 B3 B4 B5 B6 B7 B8 B9 BA BB BC BD BE BF C0 24 E2 24 24 D6 DB DB
  nt_row_13=DE DB EE 24 24 E3 24 C6 C7 C8 C8 C8 24 C9 CA CB CC CD C8 C8 C8 C8 E8 E9 D3 24 E2 24 24 D6 DB DB
  nt_row_17=DC DA DC D7 24 24 24 24 24 24 24 24 24 F0 01 09 08 06 24 17 12 17 1D 0E 17 0D 18 24 D6 DC DB DF
  nt_row_20=E1 D9 DC ED E0 EF 24 24 19 1E 1C 11 24 1C 1D 0A 1B 1D 24 0B 1E 1D 1D 18 17 24 24 24 D6 D8 E1 D9
  pal=360F00103617270F36081A2836303B2200303B160017270F00081A2800303B22
  chr_008=00000000000000000000000000000000
  chr_01C=00000000000000000000000000000000
  chr_108=78C4E47886867C000000000000000000
  chr_11C=78CCC07C06C67C000000000000000000
SNAPSHOT frame=453 reason=state_change
  state gm=00 ready=01 script=00 sub=00 ppu_idx=00 ram_005C=00 auto=00 phase=00 frm=40 ctrl=B0 mask=1E ctrl_shadow=B0 mask_shadow=1E flush_done=01 vblank=00 mirror=10
  nt_row_04=DC EE 24 24 24 24 24 24 24 24 24 24 24 24 24 24 24 24 24 24 24 24 24 24 24 24 24 24 24 24 D6 DB
  nt_row_07=DE EE 24 24 24 E3 24 24 71 72 73 74 75 76 77 78 79 79 79 7A 7B 24 24 24 24 24 E2 24 24 24 D6 DB
  nt_row_08=DE D8 EF 24 24 E2 24 7C 7D 7E 7F 80 81 82 83 84 85 86 87 88 89 8A 8B 24 24 24 E3 24 24 24 D6 DF
  nt_row_11=DE DB D7 24 24 E3 70 AF B0 B1 B2 B3 B4 B5 B6 B7 B8 B9 BA BB BC BD BE BF C0 24 E2 24 24 D6 DB DB
  nt_row_13=DE DB EE 24 24 E3 24 C6 C7 C8 C8 C8 24 C9 CA CB CC CD C8 C8 C8 C8 E8 E9 D3 24 E2 24 24 D6 DB DB
  nt_row_17=DC DA DC D7 24 24 24 24 24 24 24 24 24 F0 01 09 08 06 24 17 12 17 1D 0E 17 0D 18 24 D6 DC DB DF
  nt_row_20=E1 D9 DC ED E0 EF 24 24 19 1E 1C 11 24 1C 1D 0A 1B 1D 24 0B 1E 1D 1D 18 17 24 24 24 D6 D8 E1 D9
  pal=360F00103617270F36081A2836303B2200303B160017270F00081A2800303B22
  chr_008=00000000000000000000000000000000
  chr_01C=00000000000000000000000000000000
  chr_108=78C4E47886867C000000000000000000
  chr_11C=78CCC07C06C67C000000000000000000
SNAPSHOT frame=454 reason=state_change
  state gm=00 ready=01 script=00 sub=00 ppu_idx=00 ram_005C=00 auto=00 phase=00 frm=41 ctrl=B0 mask=1E ctrl_shadow=B0 mask_shadow=1E flush_done=01 vblank=00 mirror=10
  nt_row_04=DC EE 24 24 24 24 24 24 24 24 24 24 24 24 24 24 24 24 24 24 24 24 24 24 24 24 24 24 24 24 D6 DB
  nt_row_07=DE EE 24 24 24 E3 24 24 71 72 73 74 75 76 77 78 79 79 79 7A 7B 24 24 24 24 24 E2 24 24 24 D6 DB
  nt_row_08=DE D8 EF 24 24 E2 24 7C 7D 7E 7F 80 81 82 83 84 85 86 87 88 89 8A 8B 24 24 24 E3 24 24 24 D6 DF
  nt_row_11=DE DB D7 24 24 E3 70 AF B0 B1 B2 B3 B4 B5 B6 B7 B8 B9 BA BB BC BD BE BF C0 24 E2 24 24 D6 DB DB
  nt_row_13=DE DB EE 24 24 E3 24 C6 C7 C8 C8 C8 24 C9 CA CB CC CD C8 C8 C8 C8 E8 E9 D3 24 E2 24 24 D6 DB DB
  nt_row_17=DC DA DC D7 24 24 24 24 24 24 24 24 24 F0 01 09 08 06 24 17 12 17 1D 0E 17 0D 18 24 D6 DC DB DF
  nt_row_20=E1 D9 DC ED E0 EF 24 24 19 1E 1C 11 24 1C 1D 0A 1B 1D 24 0B 1E 1D 1D 18 17 24 24 24 D6 D8 E1 D9
  pal=360F00103617270F36081A2836303B2200303B160017270F00081A2800303B22
  chr_008=00000000000000000000000000000000
  chr_01C=00000000000000000000000000000000
  chr_108=78C4E47886867C000000000000000000
  chr_11C=78CCC07C06C67C000000000000000000
SNAPSHOT frame=455 reason=state_change
  state gm=00 ready=01 script=00 sub=00 ppu_idx=00 ram_005C=00 auto=00 phase=00 frm=42 ctrl=B0 mask=1E ctrl_shadow=B0 mask_shadow=1E flush_done=01 vblank=00 mirror=10
  nt_row_04=DC EE 24 24 24 24 24 24 24 24 24 24 24 24 24 24 24 24 24 24 24 24 24 24 24 24 24 24 24 24 D6 DB
  nt_row_07=DE EE 24 24 24 E3 24 24 71 72 73 74 75 76 77 78 79 79 79 7A 7B 24 24 24 24 24 E2 24 24 24 D6 DB
  nt_row_08=DE D8 EF 24 24 E2 24 7C 7D 7E 7F 80 81 82 83 84 85 86 87 88 89 8A 8B 24 24 24 E3 24 24 24 D6 DF
  nt_row_11=DE DB D7 24 24 E3 70 AF B0 B1 B2 B3 B4 B5 B6 B7 B8 B9 BA BB BC BD BE BF C0 24 E2 24 24 D6 DB DB
  nt_row_13=DE DB EE 24 24 E3 24 C6 C7 C8 C8 C8 24 C9 CA CB CC CD C8 C8 C8 C8 E8 E9 D3 24 E2 24 24 D6 DB DB
  nt_row_17=DC DA DC D7 24 24 24 24 24 24 24 24 24 F0 01 09 08 06 24 17 12 17 1D 0E 17 0D 18 24 D6 DC DB DF
  nt_row_20=E1 D9 DC ED E0 EF 24 24 19 1E 1C 11 24 1C 1D 0A 1B 1D 24 0B 1E 1D 1D 18 17 24 24 24 D6 D8 E1 D9
  pal=360F00103617270F36081A2836303B2200303B160017270F00081A2800303B22
  chr_008=00000000000000000000000000000000
  chr_01C=00000000000000000000000000000000
  chr_108=78C4E47886867C000000000000000000
  chr_11C=78CCC07C06C67C000000000000000000
SNAPSHOT frame=456 reason=state_change
  state gm=00 ready=01 script=00 sub=00 ppu_idx=00 ram_005C=00 auto=00 phase=00 frm=43 ctrl=B0 mask=1E ctrl_shadow=B0 mask_shadow=1E flush_done=01 vblank=00 mirror=10
  nt_row_04=DC EE 24 24 24 24 24 24 24 24 24 24 24 24 24 24 24 24 24 24 24 24 24 24 24 24 24 24 24 24 D6 DB
  nt_row_07=DE EE 24 24 24 E3 24 24 71 72 73 74 75 76 77 78 79 79 79 7A 7B 24 24 24 24 24 E2 24 24 24 D6 DB
  nt_row_08=DE D8 EF 24 24 E2 24 7C 7D 7E 7F 80 81 82 83 84 85 86 87 88 89 8A 8B 24 24 24 E3 24 24 24 D6 DF
  nt_row_11=DE DB D7 24 24 E3 70 AF B0 B1 B2 B3 B4 B5 B6 B7 B8 B9 BA BB BC BD BE BF C0 24 E2 24 24 D6 DB DB
  nt_row_13=DE DB EE 24 24 E3 24 C6 C7 C8 C8 C8 24 C9 CA CB CC CD C8 C8 C8 C8 E8 E9 D3 24 E2 24 24 D6 DB DB
  nt_row_17=DC DA DC D7 24 24 24 24 24 24 24 24 24 F0 01 09 08 06 24 17 12 17 1D 0E 17 0D 18 24 D6 DC DB DF
  nt_row_20=E1 D9 DC ED E0 EF 24 24 19 1E 1C 11 24 1C 1D 0A 1B 1D 24 0B 1E 1D 1D 18 17 24 24 24 D6 D8 E1 D9
  pal=360F00103617270F36081A2836303B2200303B160017270F00081A2800303B22
  chr_008=00000000000000000000000000000000
  chr_01C=00000000000000000000000000000000
  chr_108=78C4E47886867C000000000000000000
  chr_11C=78CCC07C06C67C000000000000000000
SNAPSHOT frame=457 reason=state_change
  state gm=00 ready=01 script=00 sub=00 ppu_idx=00 ram_005C=00 auto=00 phase=00 frm=44 ctrl=B0 mask=1E ctrl_shadow=B0 mask_shadow=1E flush_done=01 vblank=00 mirror=10
  nt_row_04=DC EE 24 24 24 24 24 24 24 24 24 24 24 24 24 24 24 24 24 24 24 24 24 24 24 24 24 24 24 24 D6 DB
  nt_row_07=DE EE 24 24 24 E3 24 24 71 72 73 74 75 76 77 78 79 79 79 7A 7B 24 24 24 24 24 E2 24 24 24 D6 DB
  nt_row_08=DE D8 EF 24 24 E2 24 7C 7D 7E 7F 80 81 82 83 84 85 86 87 88 89 8A 8B 24 24 24 E3 24 24 24 D6 DF
  nt_row_11=DE DB D7 24 24 E3 70 AF B0 B1 B2 B3 B4 B5 B6 B7 B8 B9 BA BB BC BD BE BF C0 24 E2 24 24 D6 DB DB
  nt_row_13=DE DB EE 24 24 E3 24 C6 C7 C8 C8 C8 24 C9 CA CB CC CD C8 C8 C8 C8 E8 E9 D3 24 E2 24 24 D6 DB DB
  nt_row_17=DC DA DC D7 24 24 24 24 24 24 24 24 24 F0 01 09 08 06 24 17 12 17 1D 0E 17 0D 18 24 D6 DC DB DF
  nt_row_20=E1 D9 DC ED E0 EF 24 24 19 1E 1C 11 24 1C 1D 0A 1B 1D 24 0B 1E 1D 1D 18 17 24 24 24 D6 D8 E1 D9
  pal=360F00103617270F36081A2836303B2200303B160017270F00081A2800303B22
  chr_008=00000000000000000000000000000000
  chr_01C=00000000000000000000000000000000
  chr_108=78C4E47886867C000000000000000000
  chr_11C=78CCC07C06C67C000000000000000000
SNAPSHOT frame=458 reason=state_change
  state gm=00 ready=01 script=00 sub=00 ppu_idx=00 ram_005C=00 auto=00 phase=00 frm=45 ctrl=B0 mask=1E ctrl_shadow=B0 mask_shadow=1E flush_done=01 vblank=00 mirror=10
  nt_row_04=DC EE 24 24 24 24 24 24 24 24 24 24 24 24 24 24 24 24 24 24 24 24 24 24 24 24 24 24 24 24 D6 DB
  nt_row_07=DE EE 24 24 24 E3 24 24 71 72 73 74 75 76 77 78 79 79 79 7A 7B 24 24 24 24 24 E2 24 24 24 D6 DB
  nt_row_08=DE D8 EF 24 24 E2 24 7C 7D 7E 7F 80 81 82 83 84 85 86 87 88 89 8A 8B 24 24 24 E3 24 24 24 D6 DF
  nt_row_11=DE DB D7 24 24 E3 70 AF B0 B1 B2 B3 B4 B5 B6 B7 B8 B9 BA BB BC BD BE BF C0 24 E2 24 24 D6 DB DB
  nt_row_13=DE DB EE 24 24 E3 24 C6 C7 C8 C8 C8 24 C9 CA CB CC CD C8 C8 C8 C8 E8 E9 D3 24 E2 24 24 D6 DB DB
  nt_row_17=DC DA DC D7 24 24 24 24 24 24 24 24 24 F0 01 09 08 06 24 17 12 17 1D 0E 17 0D 18 24 D6 DC DB DF
  nt_row_20=E1 D9 DC ED E0 EF 24 24 19 1E 1C 11 24 1C 1D 0A 1B 1D 24 0B 1E 1D 1D 18 17 24 24 24 D6 D8 E1 D9
  pal=360F00103617270F36081A2836303B2200303B160017270F00081A2800303B22
  chr_008=00000000000000000000000000000000
  chr_01C=00000000000000000000000000000000
  chr_108=78C4E47886867C000000000000000000
  chr_11C=78CCC07C06C67C000000000000000000
SNAPSHOT frame=459 reason=state_change
  state gm=00 ready=01 script=00 sub=00 ppu_idx=00 ram_005C=00 auto=00 phase=00 frm=46 ctrl=B0 mask=1E ctrl_shadow=B0 mask_shadow=1E flush_done=01 vblank=00 mirror=10
  nt_row_04=DC EE 24 24 24 24 24 24 24 24 24 24 24 24 24 24 24 24 24 24 24 24 24 24 24 24 24 24 24 24 D6 DB
  nt_row_07=DE EE 24 24 24 E3 24 24 71 72 73 74 75 76 77 78 79 79 79 7A 7B 24 24 24 24 24 E2 24 24 24 D6 DB
  nt_row_08=DE D8 EF 24 24 E2 24 7C 7D 7E 7F 80 81 82 83 84 85 86 87 88 89 8A 8B 24 24 24 E3 24 24 24 D6 DF
  nt_row_11=DE DB D7 24 24 E3 70 AF B0 B1 B2 B3 B4 B5 B6 B7 B8 B9 BA BB BC BD BE BF C0 24 E2 24 24 D6 DB DB
  nt_row_13=DE DB EE 24 24 E3 24 C6 C7 C8 C8 C8 24 C9 CA CB CC CD C8 C8 C8 C8 E8 E9 D3 24 E2 24 24 D6 DB DB
  nt_row_17=DC DA DC D7 24 24 24 24 24 24 24 24 24 F0 01 09 08 06 24 17 12 17 1D 0E 17 0D 18 24 D6 DC DB DF
  nt_row_20=E1 D9 DC ED E0 EF 24 24 19 1E 1C 11 24 1C 1D 0A 1B 1D 24 0B 1E 1D 1D 18 17 24 24 24 D6 D8 E1 D9
  pal=360F00103617270F36081A2836303B2200303B160017270F00081A2800303B22
  chr_008=00000000000000000000000000000000
  chr_01C=00000000000000000000000000000000
  chr_108=78C4E47886867C000000000000000000
  chr_11C=78CCC07C06C67C000000000000000000
SNAPSHOT frame=460 reason=state_change
  state gm=00 ready=01 script=00 sub=00 ppu_idx=00 ram_005C=00 auto=00 phase=00 frm=47 ctrl=B0 mask=1E ctrl_shadow=B0 mask_shadow=1E flush_done=01 vblank=00 mirror=10
  nt_row_04=DC EE 24 24 24 24 24 24 24 24 24 24 24 24 24 24 24 24 24 24 24 24 24 24 24 24 24 24 24 24 D6 DB
  nt_row_07=DE EE 24 24 24 E3 24 24 71 72 73 74 75 76 77 78 79 79 79 7A 7B 24 24 24 24 24 E2 24 24 24 D6 DB
  nt_row_08=DE D8 EF 24 24 E2 24 7C 7D 7E 7F 80 81 82 83 84 85 86 87 88 89 8A 8B 24 24 24 E3 24 24 24 D6 DF
  nt_row_11=DE DB D7 24 24 E3 70 AF B0 B1 B2 B3 B4 B5 B6 B7 B8 B9 BA BB BC BD BE BF C0 24 E2 24 24 D6 DB DB
  nt_row_13=DE DB EE 24 24 E3 24 C6 C7 C8 C8 C8 24 C9 CA CB CC CD C8 C8 C8 C8 E8 E9 D3 24 E2 24 24 D6 DB DB
  nt_row_17=DC DA DC D7 24 24 24 24 24 24 24 24 24 F0 01 09 08 06 24 17 12 17 1D 0E 17 0D 18 24 D6 DC DB DF
  nt_row_20=E1 D9 DC ED E0 EF 24 24 19 1E 1C 11 24 1C 1D 0A 1B 1D 24 0B 1E 1D 1D 18 17 24 24 24 D6 D8 E1 D9
  pal=360F00103617270F36081A2836303B2200303B160017270F00081A2800303B22
  chr_008=00000000000000000000000000000000
  chr_01C=00000000000000000000000000000000
  chr_108=78C4E47886867C000000000000000000
  chr_11C=78CCC07C06C67C000000000000000000
SNAPSHOT frame=461 reason=state_change
  state gm=00 ready=01 script=00 sub=00 ppu_idx=00 ram_005C=00 auto=00 phase=00 frm=48 ctrl=B0 mask=1E ctrl_shadow=B0 mask_shadow=1E flush_done=01 vblank=00 mirror=10
  nt_row_04=DC EE 24 24 24 24 24 24 24 24 24 24 24 24 24 24 24 24 24 24 24 24 24 24 24 24 24 24 24 24 D6 DB
  nt_row_07=DE EE 24 24 24 E3 24 24 71 72 73 74 75 76 77 78 79 79 79 7A 7B 24 24 24 24 24 E2 24 24 24 D6 DB
  nt_row_08=DE D8 EF 24 24 E2 24 7C 7D 7E 7F 80 81 82 83 84 85 86 87 88 89 8A 8B 24 24 24 E3 24 24 24 D6 DF
  nt_row_11=DE DB D7 24 24 E3 70 AF B0 B1 B2 B3 B4 B5 B6 B7 B8 B9 BA BB BC BD BE BF C0 24 E2 24 24 D6 DB DB
  nt_row_13=DE DB EE 24 24 E3 24 C6 C7 C8 C8 C8 24 C9 CA CB CC CD C8 C8 C8 C8 E8 E9 D3 24 E2 24 24 D6 DB DB
  nt_row_17=DC DA DC D7 24 24 24 24 24 24 24 24 24 F0 01 09 08 06 24 17 12 17 1D 0E 17 0D 18 24 D6 DC DB DF
  nt_row_20=E1 D9 DC ED E0 EF 24 24 19 1E 1C 11 24 1C 1D 0A 1B 1D 24 0B 1E 1D 1D 18 17 24 24 24 D6 D8 E1 D9
  pal=360F00103617270F36081A2836303B2200303B160017270F00081A2800303B22
  chr_008=00000000000000000000000000000000
  chr_01C=00000000000000000000000000000000
  chr_108=78C4E47886867C000000000000000000
  chr_11C=78CCC07C06C67C000000000000000000
SNAPSHOT frame=462 reason=state_change
  state gm=00 ready=01 script=00 sub=00 ppu_idx=00 ram_005C=00 auto=00 phase=00 frm=49 ctrl=B0 mask=1E ctrl_shadow=B0 mask_shadow=1E flush_done=01 vblank=00 mirror=10
  nt_row_04=DC EE 24 24 24 24 24 24 24 24 24 24 24 24 24 24 24 24 24 24 24 24 24 24 24 24 24 24 24 24 D6 DB
  nt_row_07=DE EE 24 24 24 E3 24 24 71 72 73 74 75 76 77 78 79 79 79 7A 7B 24 24 24 24 24 E2 24 24 24 D6 DB
  nt_row_08=DE D8 EF 24 24 E2 24 7C 7D 7E 7F 80 81 82 83 84 85 86 87 88 89 8A 8B 24 24 24 E3 24 24 24 D6 DF
  nt_row_11=DE DB D7 24 24 E3 70 AF B0 B1 B2 B3 B4 B5 B6 B7 B8 B9 BA BB BC BD BE BF C0 24 E2 24 24 D6 DB DB
  nt_row_13=DE DB EE 24 24 E3 24 C6 C7 C8 C8 C8 24 C9 CA CB CC CD C8 C8 C8 C8 E8 E9 D3 24 E2 24 24 D6 DB DB
  nt_row_17=DC DA DC D7 24 24 24 24 24 24 24 24 24 F0 01 09 08 06 24 17 12 17 1D 0E 17 0D 18 24 D6 DC DB DF
  nt_row_20=E1 D9 DC ED E0 EF 24 24 19 1E 1C 11 24 1C 1D 0A 1B 1D 24 0B 1E 1D 1D 18 17 24 24 24 D6 D8 E1 D9
  pal=360F00103617270F36081A2836303B2200303B160017270F00081A2800303B22
  chr_008=00000000000000000000000000000000
  chr_01C=00000000000000000000000000000000
  chr_108=78C4E47886867C000000000000000000
  chr_11C=78CCC07C06C67C000000000000000000
SNAPSHOT frame=463 reason=state_change
  state gm=00 ready=01 script=00 sub=00 ppu_idx=00 ram_005C=00 auto=00 phase=00 frm=4A ctrl=B0 mask=1E ctrl_shadow=B0 mask_shadow=1E flush_done=01 vblank=00 mirror=10
  nt_row_04=DC EE 24 24 24 24 24 24 24 24 24 24 24 24 24 24 24 24 24 24 24 24 24 24 24 24 24 24 24 24 D6 DB
  nt_row_07=DE EE 24 24 24 E3 24 24 71 72 73 74 75 76 77 78 79 79 79 7A 7B 24 24 24 24 24 E2 24 24 24 D6 DB
  nt_row_08=DE D8 EF 24 24 E2 24 7C 7D 7E 7F 80 81 82 83 84 85 86 87 88 89 8A 8B 24 24 24 E3 24 24 24 D6 DF
  nt_row_11=DE DB D7 24 24 E3 70 AF B0 B1 B2 B3 B4 B5 B6 B7 B8 B9 BA BB BC BD BE BF C0 24 E2 24 24 D6 DB DB
  nt_row_13=DE DB EE 24 24 E3 24 C6 C7 C8 C8 C8 24 C9 CA CB CC CD C8 C8 C8 C8 E8 E9 D3 24 E2 24 24 D6 DB DB
  nt_row_17=DC DA DC D7 24 24 24 24 24 24 24 24 24 F0 01 09 08 06 24 17 12 17 1D 0E 17 0D 18 24 D6 DC DB DF
  nt_row_20=E1 D9 DC ED E0 EF 24 24 19 1E 1C 11 24 1C 1D 0A 1B 1D 24 0B 1E 1D 1D 18 17 24 24 24 D6 D8 E1 D9
  pal=360F00103617270F36081A2836303B2200303B160017270F00081A2800303B22
  chr_008=00000000000000000000000000000000
  chr_01C=00000000000000000000000000000000
  chr_108=78C4E47886867C000000000000000000
  chr_11C=78CCC07C06C67C000000000000000000
SNAPSHOT frame=464 reason=state_change
  state gm=00 ready=01 script=00 sub=00 ppu_idx=00 ram_005C=00 auto=00 phase=00 frm=4B ctrl=B0 mask=1E ctrl_shadow=B0 mask_shadow=1E flush_done=01 vblank=00 mirror=10
  nt_row_04=DC EE 24 24 24 24 24 24 24 24 24 24 24 24 24 24 24 24 24 24 24 24 24 24 24 24 24 24 24 24 D6 DB
  nt_row_07=DE EE 24 24 24 E3 24 24 71 72 73 74 75 76 77 78 79 79 79 7A 7B 24 24 24 24 24 E2 24 24 24 D6 DB
  nt_row_08=DE D8 EF 24 24 E2 24 7C 7D 7E 7F 80 81 82 83 84 85 86 87 88 89 8A 8B 24 24 24 E3 24 24 24 D6 DF
  nt_row_11=DE DB D7 24 24 E3 70 AF B0 B1 B2 B3 B4 B5 B6 B7 B8 B9 BA BB BC BD BE BF C0 24 E2 24 24 D6 DB DB
  nt_row_13=DE DB EE 24 24 E3 24 C6 C7 C8 C8 C8 24 C9 CA CB CC CD C8 C8 C8 C8 E8 E9 D3 24 E2 24 24 D6 DB DB
  nt_row_17=DC DA DC D7 24 24 24 24 24 24 24 24 24 F0 01 09 08 06 24 17 12 17 1D 0E 17 0D 18 24 D6 DC DB DF
  nt_row_20=E1 D9 DC ED E0 EF 24 24 19 1E 1C 11 24 1C 1D 0A 1B 1D 24 0B 1E 1D 1D 18 17 24 24 24 D6 D8 E1 D9
  pal=360F00103617270F36081A2836303B2200303B160017270F00081A2800303B22
  chr_008=00000000000000000000000000000000
  chr_01C=00000000000000000000000000000000
  chr_108=78C4E47886867C000000000000000000
  chr_11C=78CCC07C06C67C000000000000000000
SNAPSHOT frame=465 reason=state_change
  state gm=00 ready=01 script=00 sub=00 ppu_idx=00 ram_005C=00 auto=00 phase=00 frm=4C ctrl=B0 mask=1E ctrl_shadow=B0 mask_shadow=1E flush_done=01 vblank=00 mirror=10
  nt_row_04=DC EE 24 24 24 24 24 24 24 24 24 24 24 24 24 24 24 24 24 24 24 24 24 24 24 24 24 24 24 24 D6 DB
  nt_row_07=DE EE 24 24 24 E3 24 24 71 72 73 74 75 76 77 78 79 79 79 7A 7B 24 24 24 24 24 E2 24 24 24 D6 DB
  nt_row_08=DE D8 EF 24 24 E2 24 7C 7D 7E 7F 80 81 82 83 84 85 86 87 88 89 8A 8B 24 24 24 E3 24 24 24 D6 DF
  nt_row_11=DE DB D7 24 24 E3 70 AF B0 B1 B2 B3 B4 B5 B6 B7 B8 B9 BA BB BC BD BE BF C0 24 E2 24 24 D6 DB DB
  nt_row_13=DE DB EE 24 24 E3 24 C6 C7 C8 C8 C8 24 C9 CA CB CC CD C8 C8 C8 C8 E8 E9 D3 24 E2 24 24 D6 DB DB
  nt_row_17=DC DA DC D7 24 24 24 24 24 24 24 24 24 F0 01 09 08 06 24 17 12 17 1D 0E 17 0D 18 24 D6 DC DB DF
  nt_row_20=E1 D9 DC ED E0 EF 24 24 19 1E 1C 11 24 1C 1D 0A 1B 1D 24 0B 1E 1D 1D 18 17 24 24 24 D6 D8 E1 D9
  pal=360F00103617270F36081A2836303B2200303B160017270F00081A2800303B22
  chr_008=00000000000000000000000000000000
  chr_01C=00000000000000000000000000000000
  chr_108=78C4E47886867C000000000000000000
  chr_11C=78CCC07C06C67C000000000000000000
SNAPSHOT frame=466 reason=state_change
  state gm=00 ready=01 script=00 sub=00 ppu_idx=00 ram_005C=00 auto=00 phase=00 frm=4D ctrl=B0 mask=1E ctrl_shadow=B0 mask_shadow=1E flush_done=01 vblank=00 mirror=10
  nt_row_04=DC EE 24 24 24 24 24 24 24 24 24 24 24 24 24 24 24 24 24 24 24 24 24 24 24 24 24 24 24 24 D6 DB
  nt_row_07=DE EE 24 24 24 E3 24 24 71 72 73 74 75 76 77 78 79 79 79 7A 7B 24 24 24 24 24 E2 24 24 24 D6 DB
  nt_row_08=DE D8 EF 24 24 E2 24 7C 7D 7E 7F 80 81 82 83 84 85 86 87 88 89 8A 8B 24 24 24 E3 24 24 24 D6 DF
  nt_row_11=DE DB D7 24 24 E3 70 AF B0 B1 B2 B3 B4 B5 B6 B7 B8 B9 BA BB BC BD BE BF C0 24 E2 24 24 D6 DB DB
  nt_row_13=DE DB EE 24 24 E3 24 C6 C7 C8 C8 C8 24 C9 CA CB CC CD C8 C8 C8 C8 E8 E9 D3 24 E2 24 24 D6 DB DB
  nt_row_17=DC DA DC D7 24 24 24 24 24 24 24 24 24 F0 01 09 08 06 24 17 12 17 1D 0E 17 0D 18 24 D6 DC DB DF
  nt_row_20=E1 D9 DC ED E0 EF 24 24 19 1E 1C 11 24 1C 1D 0A 1B 1D 24 0B 1E 1D 1D 18 17 24 24 24 D6 D8 E1 D9
  pal=360F00103617270F36081A2836303B2200303B160017270F00081A2800303B22
  chr_008=00000000000000000000000000000000
  chr_01C=00000000000000000000000000000000
  chr_108=78C4E47886867C000000000000000000
  chr_11C=78CCC07C06C67C000000000000000000
SNAPSHOT frame=467 reason=state_change
  state gm=00 ready=01 script=00 sub=00 ppu_idx=00 ram_005C=00 auto=00 phase=00 frm=4E ctrl=B0 mask=1E ctrl_shadow=B0 mask_shadow=1E flush_done=01 vblank=00 mirror=10
  nt_row_04=DC EE 24 24 24 24 24 24 24 24 24 24 24 24 24 24 24 24 24 24 24 24 24 24 24 24 24 24 24 24 D6 DB
  nt_row_07=DE EE 24 24 24 E3 24 24 71 72 73 74 75 76 77 78 79 79 79 7A 7B 24 24 24 24 24 E2 24 24 24 D6 DB
  nt_row_08=DE D8 EF 24 24 E2 24 7C 7D 7E 7F 80 81 82 83 84 85 86 87 88 89 8A 8B 24 24 24 E3 24 24 24 D6 DF
  nt_row_11=DE DB D7 24 24 E3 70 AF B0 B1 B2 B3 B4 B5 B6 B7 B8 B9 BA BB BC BD BE BF C0 24 E2 24 24 D6 DB DB
  nt_row_13=DE DB EE 24 24 E3 24 C6 C7 C8 C8 C8 24 C9 CA CB CC CD C8 C8 C8 C8 E8 E9 D3 24 E2 24 24 D6 DB DB
  nt_row_17=DC DA DC D7 24 24 24 24 24 24 24 24 24 F0 01 09 08 06 24 17 12 17 1D 0E 17 0D 18 24 D6 DC DB DF
  nt_row_20=E1 D9 DC ED E0 EF 24 24 19 1E 1C 11 24 1C 1D 0A 1B 1D 24 0B 1E 1D 1D 18 17 24 24 24 D6 D8 E1 D9
  pal=360F00103617270F36081A2836303B2200303B160017270F00081A2800303B22
  chr_008=00000000000000000000000000000000
  chr_01C=00000000000000000000000000000000
  chr_108=78C4E47886867C000000000000000000
  chr_11C=78CCC07C06C67C000000000000000000
SNAPSHOT frame=468 reason=state_change
  state gm=00 ready=01 script=00 sub=00 ppu_idx=00 ram_005C=00 auto=00 phase=00 frm=4F ctrl=B0 mask=1E ctrl_shadow=B0 mask_shadow=1E flush_done=01 vblank=00 mirror=10
  nt_row_04=DC EE 24 24 24 24 24 24 24 24 24 24 24 24 24 24 24 24 24 24 24 24 24 24 24 24 24 24 24 24 D6 DB
  nt_row_07=DE EE 24 24 24 E3 24 24 71 72 73 74 75 76 77 78 79 79 79 7A 7B 24 24 24 24 24 E2 24 24 24 D6 DB
  nt_row_08=DE D8 EF 24 24 E2 24 7C 7D 7E 7F 80 81 82 83 84 85 86 87 88 89 8A 8B 24 24 24 E3 24 24 24 D6 DF
  nt_row_11=DE DB D7 24 24 E3 70 AF B0 B1 B2 B3 B4 B5 B6 B7 B8 B9 BA BB BC BD BE BF C0 24 E2 24 24 D6 DB DB
  nt_row_13=DE DB EE 24 24 E3 24 C6 C7 C8 C8 C8 24 C9 CA CB CC CD C8 C8 C8 C8 E8 E9 D3 24 E2 24 24 D6 DB DB
  nt_row_17=DC DA DC D7 24 24 24 24 24 24 24 24 24 F0 01 09 08 06 24 17 12 17 1D 0E 17 0D 18 24 D6 DC DB DF
  nt_row_20=E1 D9 DC ED E0 EF 24 24 19 1E 1C 11 24 1C 1D 0A 1B 1D 24 0B 1E 1D 1D 18 17 24 24 24 D6 D8 E1 D9
  pal=360F00103617270F36081A2836303B2200303B160017270F00081A2800303B22
  chr_008=00000000000000000000000000000000
  chr_01C=00000000000000000000000000000000
  chr_108=78C4E47886867C000000000000000000
  chr_11C=78CCC07C06C67C000000000000000000
SNAPSHOT frame=469 reason=state_change
  state gm=00 ready=01 script=00 sub=00 ppu_idx=00 ram_005C=00 auto=00 phase=00 frm=50 ctrl=B0 mask=1E ctrl_shadow=B0 mask_shadow=1E flush_done=01 vblank=00 mirror=10
  nt_row_04=DC EE 24 24 24 24 24 24 24 24 24 24 24 24 24 24 24 24 24 24 24 24 24 24 24 24 24 24 24 24 D6 DB
  nt_row_07=DE EE 24 24 24 E3 24 24 71 72 73 74 75 76 77 78 79 79 79 7A 7B 24 24 24 24 24 E2 24 24 24 D6 DB
  nt_row_08=DE D8 EF 24 24 E2 24 7C 7D 7E 7F 80 81 82 83 84 85 86 87 88 89 8A 8B 24 24 24 E3 24 24 24 D6 DF
  nt_row_11=DE DB D7 24 24 E3 70 AF B0 B1 B2 B3 B4 B5 B6 B7 B8 B9 BA BB BC BD BE BF C0 24 E2 24 24 D6 DB DB
  nt_row_13=DE DB EE 24 24 E3 24 C6 C7 C8 C8 C8 24 C9 CA CB CC CD C8 C8 C8 C8 E8 E9 D3 24 E2 24 24 D6 DB DB
  nt_row_17=DC DA DC D7 24 24 24 24 24 24 24 24 24 F0 01 09 08 06 24 17 12 17 1D 0E 17 0D 18 24 D6 DC DB DF
  nt_row_20=E1 D9 DC ED E0 EF 24 24 19 1E 1C 11 24 1C 1D 0A 1B 1D 24 0B 1E 1D 1D 18 17 24 24 24 D6 D8 E1 D9
  pal=360F00103617270F36081A2836303B2200303B160017270F00081A2800303B22
  chr_008=00000000000000000000000000000000
  chr_01C=00000000000000000000000000000000
  chr_108=78C4E47886867C000000000000000000
  chr_11C=78CCC07C06C67C000000000000000000
SNAPSHOT frame=470 reason=state_change
  state gm=00 ready=01 script=00 sub=00 ppu_idx=00 ram_005C=00 auto=00 phase=00 frm=51 ctrl=B0 mask=1E ctrl_shadow=B0 mask_shadow=1E flush_done=01 vblank=00 mirror=10
  nt_row_04=DC EE 24 24 24 24 24 24 24 24 24 24 24 24 24 24 24 24 24 24 24 24 24 24 24 24 24 24 24 24 D6 DB
  nt_row_07=DE EE 24 24 24 E3 24 24 71 72 73 74 75 76 77 78 79 79 79 7A 7B 24 24 24 24 24 E2 24 24 24 D6 DB
  nt_row_08=DE D8 EF 24 24 E2 24 7C 7D 7E 7F 80 81 82 83 84 85 86 87 88 89 8A 8B 24 24 24 E3 24 24 24 D6 DF
  nt_row_11=DE DB D7 24 24 E3 70 AF B0 B1 B2 B3 B4 B5 B6 B7 B8 B9 BA BB BC BD BE BF C0 24 E2 24 24 D6 DB DB
  nt_row_13=DE DB EE 24 24 E3 24 C6 C7 C8 C8 C8 24 C9 CA CB CC CD C8 C8 C8 C8 E8 E9 D3 24 E2 24 24 D6 DB DB
  nt_row_17=DC DA DC D7 24 24 24 24 24 24 24 24 24 F0 01 09 08 06 24 17 12 17 1D 0E 17 0D 18 24 D6 DC DB DF
  nt_row_20=E1 D9 DC ED E0 EF 24 24 19 1E 1C 11 24 1C 1D 0A 1B 1D 24 0B 1E 1D 1D 18 17 24 24 24 D6 D8 E1 D9
  pal=360F00103617270F36081A2836303B2200303B160017270F00081A2800303B22
  chr_008=00000000000000000000000000000000
  chr_01C=00000000000000000000000000000000
  chr_108=78C4E47886867C000000000000000000
  chr_11C=78CCC07C06C67C000000000000000000
SNAPSHOT frame=471 reason=state_change
  state gm=00 ready=01 script=00 sub=00 ppu_idx=00 ram_005C=00 auto=00 phase=00 frm=52 ctrl=B0 mask=1E ctrl_shadow=B0 mask_shadow=1E flush_done=01 vblank=00 mirror=10
  nt_row_04=DC EE 24 24 24 24 24 24 24 24 24 24 24 24 24 24 24 24 24 24 24 24 24 24 24 24 24 24 24 24 D6 DB
  nt_row_07=DE EE 24 24 24 E3 24 24 71 72 73 74 75 76 77 78 79 79 79 7A 7B 24 24 24 24 24 E2 24 24 24 D6 DB
  nt_row_08=DE D8 EF 24 24 E2 24 7C 7D 7E 7F 80 81 82 83 84 85 86 87 88 89 8A 8B 24 24 24 E3 24 24 24 D6 DF
  nt_row_11=DE DB D7 24 24 E3 70 AF B0 B1 B2 B3 B4 B5 B6 B7 B8 B9 BA BB BC BD BE BF C0 24 E2 24 24 D6 DB DB
  nt_row_13=DE DB EE 24 24 E3 24 C6 C7 C8 C8 C8 24 C9 CA CB CC CD C8 C8 C8 C8 E8 E9 D3 24 E2 24 24 D6 DB DB
  nt_row_17=DC DA DC D7 24 24 24 24 24 24 24 24 24 F0 01 09 08 06 24 17 12 17 1D 0E 17 0D 18 24 D6 DC DB DF
  nt_row_20=E1 D9 DC ED E0 EF 24 24 19 1E 1C 11 24 1C 1D 0A 1B 1D 24 0B 1E 1D 1D 18 17 24 24 24 D6 D8 E1 D9
  pal=360F00103617270F36081A2836303B2200303B160017270F00081A2800303B22
  chr_008=00000000000000000000000000000000
  chr_01C=00000000000000000000000000000000
  chr_108=78C4E47886867C000000000000000000
  chr_11C=78CCC07C06C67C000000000000000000
SNAPSHOT frame=472 reason=state_change
  state gm=00 ready=01 script=00 sub=00 ppu_idx=00 ram_005C=00 auto=00 phase=00 frm=53 ctrl=B0 mask=1E ctrl_shadow=B0 mask_shadow=1E flush_done=01 vblank=00 mirror=10
  nt_row_04=DC EE 24 24 24 24 24 24 24 24 24 24 24 24 24 24 24 24 24 24 24 24 24 24 24 24 24 24 24 24 D6 DB
  nt_row_07=DE EE 24 24 24 E3 24 24 71 72 73 74 75 76 77 78 79 79 79 7A 7B 24 24 24 24 24 E2 24 24 24 D6 DB
  nt_row_08=DE D8 EF 24 24 E2 24 7C 7D 7E 7F 80 81 82 83 84 85 86 87 88 89 8A 8B 24 24 24 E3 24 24 24 D6 DF
  nt_row_11=DE DB D7 24 24 E3 70 AF B0 B1 B2 B3 B4 B5 B6 B7 B8 B9 BA BB BC BD BE BF C0 24 E2 24 24 D6 DB DB
  nt_row_13=DE DB EE 24 24 E3 24 C6 C7 C8 C8 C8 24 C9 CA CB CC CD C8 C8 C8 C8 E8 E9 D3 24 E2 24 24 D6 DB DB
  nt_row_17=DC DA DC D7 24 24 24 24 24 24 24 24 24 F0 01 09 08 06 24 17 12 17 1D 0E 17 0D 18 24 D6 DC DB DF
  nt_row_20=E1 D9 DC ED E0 EF 24 24 19 1E 1C 11 24 1C 1D 0A 1B 1D 24 0B 1E 1D 1D 18 17 24 24 24 D6 D8 E1 D9
  pal=360F00103617270F36081A2836303B2200303B160017270F00081A2800303B22
  chr_008=00000000000000000000000000000000
  chr_01C=00000000000000000000000000000000
  chr_108=78C4E47886867C000000000000000000
  chr_11C=78CCC07C06C67C000000000000000000
SNAPSHOT frame=473 reason=state_change
  state gm=00 ready=01 script=00 sub=00 ppu_idx=00 ram_005C=00 auto=00 phase=00 frm=54 ctrl=B0 mask=1E ctrl_shadow=B0 mask_shadow=1E flush_done=01 vblank=00 mirror=10
  nt_row_04=DC EE 24 24 24 24 24 24 24 24 24 24 24 24 24 24 24 24 24 24 24 24 24 24 24 24 24 24 24 24 D6 DB
  nt_row_07=DE EE 24 24 24 E3 24 24 71 72 73 74 75 76 77 78 79 79 79 7A 7B 24 24 24 24 24 E2 24 24 24 D6 DB
  nt_row_08=DE D8 EF 24 24 E2 24 7C 7D 7E 7F 80 81 82 83 84 85 86 87 88 89 8A 8B 24 24 24 E3 24 24 24 D6 DF
  nt_row_11=DE DB D7 24 24 E3 70 AF B0 B1 B2 B3 B4 B5 B6 B7 B8 B9 BA BB BC BD BE BF C0 24 E2 24 24 D6 DB DB
  nt_row_13=DE DB EE 24 24 E3 24 C6 C7 C8 C8 C8 24 C9 CA CB CC CD C8 C8 C8 C8 E8 E9 D3 24 E2 24 24 D6 DB DB
  nt_row_17=DC DA DC D7 24 24 24 24 24 24 24 24 24 F0 01 09 08 06 24 17 12 17 1D 0E 17 0D 18 24 D6 DC DB DF
  nt_row_20=E1 D9 DC ED E0 EF 24 24 19 1E 1C 11 24 1C 1D 0A 1B 1D 24 0B 1E 1D 1D 18 17 24 24 24 D6 D8 E1 D9
  pal=360F00103617270F36081A2836303B2200303B160017270F00081A2800303B22
  chr_008=00000000000000000000000000000000
  chr_01C=00000000000000000000000000000000
  chr_108=78C4E47886867C000000000000000000
  chr_11C=78CCC07C06C67C000000000000000000
SNAPSHOT frame=474 reason=state_change
  state gm=00 ready=01 script=00 sub=00 ppu_idx=00 ram_005C=00 auto=00 phase=00 frm=55 ctrl=B0 mask=1E ctrl_shadow=B0 mask_shadow=1E flush_done=01 vblank=00 mirror=10
  nt_row_04=DC EE 24 24 24 24 24 24 24 24 24 24 24 24 24 24 24 24 24 24 24 24 24 24 24 24 24 24 24 24 D6 DB
  nt_row_07=DE EE 24 24 24 E3 24 24 71 72 73 74 75 76 77 78 79 79 79 7A 7B 24 24 24 24 24 E2 24 24 24 D6 DB
  nt_row_08=DE D8 EF 24 24 E2 24 7C 7D 7E 7F 80 81 82 83 84 85 86 87 88 89 8A 8B 24 24 24 E3 24 24 24 D6 DF
  nt_row_11=DE DB D7 24 24 E3 70 AF B0 B1 B2 B3 B4 B5 B6 B7 B8 B9 BA BB BC BD BE BF C0 24 E2 24 24 D6 DB DB
  nt_row_13=DE DB EE 24 24 E3 24 C6 C7 C8 C8 C8 24 C9 CA CB CC CD C8 C8 C8 C8 E8 E9 D3 24 E2 24 24 D6 DB DB
  nt_row_17=DC DA DC D7 24 24 24 24 24 24 24 24 24 F0 01 09 08 06 24 17 12 17 1D 0E 17 0D 18 24 D6 DC DB DF
  nt_row_20=E1 D9 DC ED E0 EF 24 24 19 1E 1C 11 24 1C 1D 0A 1B 1D 24 0B 1E 1D 1D 18 17 24 24 24 D6 D8 E1 D9
  pal=360F00103617270F36081A2836303B2200303B160017270F00081A2800303B22
  chr_008=00000000000000000000000000000000
  chr_01C=00000000000000000000000000000000
  chr_108=78C4E47886867C000000000000000000
  chr_11C=78CCC07C06C67C000000000000000000
SNAPSHOT frame=475 reason=state_change
  state gm=00 ready=01 script=00 sub=00 ppu_idx=00 ram_005C=00 auto=00 phase=00 frm=56 ctrl=B0 mask=1E ctrl_shadow=B0 mask_shadow=1E flush_done=01 vblank=00 mirror=10
  nt_row_04=DC EE 24 24 24 24 24 24 24 24 24 24 24 24 24 24 24 24 24 24 24 24 24 24 24 24 24 24 24 24 D6 DB
  nt_row_07=DE EE 24 24 24 E3 24 24 71 72 73 74 75 76 77 78 79 79 79 7A 7B 24 24 24 24 24 E2 24 24 24 D6 DB
  nt_row_08=DE D8 EF 24 24 E2 24 7C 7D 7E 7F 80 81 82 83 84 85 86 87 88 89 8A 8B 24 24 24 E3 24 24 24 D6 DF
  nt_row_11=DE DB D7 24 24 E3 70 AF B0 B1 B2 B3 B4 B5 B6 B7 B8 B9 BA BB BC BD BE BF C0 24 E2 24 24 D6 DB DB
  nt_row_13=DE DB EE 24 24 E3 24 C6 C7 C8 C8 C8 24 C9 CA CB CC CD C8 C8 C8 C8 E8 E9 D3 24 E2 24 24 D6 DB DB
  nt_row_17=DC DA DC D7 24 24 24 24 24 24 24 24 24 F0 01 09 08 06 24 17 12 17 1D 0E 17 0D 18 24 D6 DC DB DF
  nt_row_20=E1 D9 DC ED E0 EF 24 24 19 1E 1C 11 24 1C 1D 0A 1B 1D 24 0B 1E 1D 1D 18 17 24 24 24 D6 D8 E1 D9
  pal=360F00103617270F36081A2836303B2200303B160017270F00081A2800303B22
  chr_008=00000000000000000000000000000000
  chr_01C=00000000000000000000000000000000
  chr_108=78C4E47886867C000000000000000000
  chr_11C=78CCC07C06C67C000000000000000000
SNAPSHOT frame=476 reason=state_change
  state gm=00 ready=01 script=00 sub=00 ppu_idx=00 ram_005C=00 auto=00 phase=00 frm=57 ctrl=B0 mask=1E ctrl_shadow=B0 mask_shadow=1E flush_done=01 vblank=00 mirror=10
  nt_row_04=DC EE 24 24 24 24 24 24 24 24 24 24 24 24 24 24 24 24 24 24 24 24 24 24 24 24 24 24 24 24 D6 DB
  nt_row_07=DE EE 24 24 24 E3 24 24 71 72 73 74 75 76 77 78 79 79 79 7A 7B 24 24 24 24 24 E2 24 24 24 D6 DB
  nt_row_08=DE D8 EF 24 24 E2 24 7C 7D 7E 7F 80 81 82 83 84 85 86 87 88 89 8A 8B 24 24 24 E3 24 24 24 D6 DF
  nt_row_11=DE DB D7 24 24 E3 70 AF B0 B1 B2 B3 B4 B5 B6 B7 B8 B9 BA BB BC BD BE BF C0 24 E2 24 24 D6 DB DB
  nt_row_13=DE DB EE 24 24 E3 24 C6 C7 C8 C8 C8 24 C9 CA CB CC CD C8 C8 C8 C8 E8 E9 D3 24 E2 24 24 D6 DB DB
  nt_row_17=DC DA DC D7 24 24 24 24 24 24 24 24 24 F0 01 09 08 06 24 17 12 17 1D 0E 17 0D 18 24 D6 DC DB DF
  nt_row_20=E1 D9 DC ED E0 EF 24 24 19 1E 1C 11 24 1C 1D 0A 1B 1D 24 0B 1E 1D 1D 18 17 24 24 24 D6 D8 E1 D9
  pal=360F00103617270F36081A2836303B2200303B160017270F00081A2800303B22
  chr_008=00000000000000000000000000000000
  chr_01C=00000000000000000000000000000000
  chr_108=78C4E47886867C000000000000000000
  chr_11C=78CCC07C06C67C000000000000000000
SNAPSHOT frame=477 reason=state_change
  state gm=00 ready=01 script=00 sub=00 ppu_idx=00 ram_005C=00 auto=00 phase=00 frm=58 ctrl=B0 mask=1E ctrl_shadow=B0 mask_shadow=1E flush_done=01 vblank=00 mirror=10
  nt_row_04=DC EE 24 24 24 24 24 24 24 24 24 24 24 24 24 24 24 24 24 24 24 24 24 24 24 24 24 24 24 24 D6 DB
  nt_row_07=DE EE 24 24 24 E3 24 24 71 72 73 74 75 76 77 78 79 79 79 7A 7B 24 24 24 24 24 E2 24 24 24 D6 DB
  nt_row_08=DE D8 EF 24 24 E2 24 7C 7D 7E 7F 80 81 82 83 84 85 86 87 88 89 8A 8B 24 24 24 E3 24 24 24 D6 DF
  nt_row_11=DE DB D7 24 24 E3 70 AF B0 B1 B2 B3 B4 B5 B6 B7 B8 B9 BA BB BC BD BE BF C0 24 E2 24 24 D6 DB DB
  nt_row_13=DE DB EE 24 24 E3 24 C6 C7 C8 C8 C8 24 C9 CA CB CC CD C8 C8 C8 C8 E8 E9 D3 24 E2 24 24 D6 DB DB
  nt_row_17=DC DA DC D7 24 24 24 24 24 24 24 24 24 F0 01 09 08 06 24 17 12 17 1D 0E 17 0D 18 24 D6 DC DB DF
  nt_row_20=E1 D9 DC ED E0 EF 24 24 19 1E 1C 11 24 1C 1D 0A 1B 1D 24 0B 1E 1D 1D 18 17 24 24 24 D6 D8 E1 D9
  pal=360F00103617270F36081A2836303B2200303B160017270F00081A2800303B22
  chr_008=00000000000000000000000000000000
  chr_01C=00000000000000000000000000000000
  chr_108=78C4E47886867C000000000000000000
  chr_11C=78CCC07C06C67C000000000000000000
SNAPSHOT frame=478 reason=state_change
  state gm=00 ready=01 script=00 sub=00 ppu_idx=00 ram_005C=00 auto=00 phase=00 frm=59 ctrl=B0 mask=1E ctrl_shadow=B0 mask_shadow=1E flush_done=01 vblank=00 mirror=10
  nt_row_04=DC EE 24 24 24 24 24 24 24 24 24 24 24 24 24 24 24 24 24 24 24 24 24 24 24 24 24 24 24 24 D6 DB
  nt_row_07=DE EE 24 24 24 E3 24 24 71 72 73 74 75 76 77 78 79 79 79 7A 7B 24 24 24 24 24 E2 24 24 24 D6 DB
  nt_row_08=DE D8 EF 24 24 E2 24 7C 7D 7E 7F 80 81 82 83 84 85 86 87 88 89 8A 8B 24 24 24 E3 24 24 24 D6 DF
  nt_row_11=DE DB D7 24 24 E3 70 AF B0 B1 B2 B3 B4 B5 B6 B7 B8 B9 BA BB BC BD BE BF C0 24 E2 24 24 D6 DB DB
  nt_row_13=DE DB EE 24 24 E3 24 C6 C7 C8 C8 C8 24 C9 CA CB CC CD C8 C8 C8 C8 E8 E9 D3 24 E2 24 24 D6 DB DB
  nt_row_17=DC DA DC D7 24 24 24 24 24 24 24 24 24 F0 01 09 08 06 24 17 12 17 1D 0E 17 0D 18 24 D6 DC DB DF
  nt_row_20=E1 D9 DC ED E0 EF 24 24 19 1E 1C 11 24 1C 1D 0A 1B 1D 24 0B 1E 1D 1D 18 17 24 24 24 D6 D8 E1 D9
  pal=360F00103617270F36081A2836303B2200303B160017270F00081A2800303B22
  chr_008=00000000000000000000000000000000
  chr_01C=00000000000000000000000000000000
  chr_108=78C4E47886867C000000000000000000
  chr_11C=78CCC07C06C67C000000000000000000
SNAPSHOT frame=479 reason=state_change
  state gm=00 ready=01 script=00 sub=00 ppu_idx=00 ram_005C=00 auto=00 phase=00 frm=5A ctrl=B0 mask=1E ctrl_shadow=B0 mask_shadow=1E flush_done=01 vblank=00 mirror=10
  nt_row_04=DC EE 24 24 24 24 24 24 24 24 24 24 24 24 24 24 24 24 24 24 24 24 24 24 24 24 24 24 24 24 D6 DB
  nt_row_07=DE EE 24 24 24 E3 24 24 71 72 73 74 75 76 77 78 79 79 79 7A 7B 24 24 24 24 24 E2 24 24 24 D6 DB
  nt_row_08=DE D8 EF 24 24 E2 24 7C 7D 7E 7F 80 81 82 83 84 85 86 87 88 89 8A 8B 24 24 24 E3 24 24 24 D6 DF
  nt_row_11=DE DB D7 24 24 E3 70 AF B0 B1 B2 B3 B4 B5 B6 B7 B8 B9 BA BB BC BD BE BF C0 24 E2 24 24 D6 DB DB
  nt_row_13=DE DB EE 24 24 E3 24 C6 C7 C8 C8 C8 24 C9 CA CB CC CD C8 C8 C8 C8 E8 E9 D3 24 E2 24 24 D6 DB DB
  nt_row_17=DC DA DC D7 24 24 24 24 24 24 24 24 24 F0 01 09 08 06 24 17 12 17 1D 0E 17 0D 18 24 D6 DC DB DF
  nt_row_20=E1 D9 DC ED E0 EF 24 24 19 1E 1C 11 24 1C 1D 0A 1B 1D 24 0B 1E 1D 1D 18 17 24 24 24 D6 D8 E1 D9
  pal=360F00103617270F36081A2836303B2200303B160017270F00081A2800303B22
  chr_008=00000000000000000000000000000000
  chr_01C=00000000000000000000000000000000
  chr_108=78C4E47886867C000000000000000000
  chr_11C=78CCC07C06C67C000000000000000000
SNAPSHOT frame=480 reason=state_change
  state gm=00 ready=01 script=00 sub=00 ppu_idx=00 ram_005C=00 auto=00 phase=00 frm=5B ctrl=B0 mask=1E ctrl_shadow=B0 mask_shadow=1E flush_done=01 vblank=00 mirror=10
  nt_row_04=DC EE 24 24 24 24 24 24 24 24 24 24 24 24 24 24 24 24 24 24 24 24 24 24 24 24 24 24 24 24 D6 DB
  nt_row_07=DE EE 24 24 24 E3 24 24 71 72 73 74 75 76 77 78 79 79 79 7A 7B 24 24 24 24 24 E2 24 24 24 D6 DB
  nt_row_08=DE D8 EF 24 24 E2 24 7C 7D 7E 7F 80 81 82 83 84 85 86 87 88 89 8A 8B 24 24 24 E3 24 24 24 D6 DF
  nt_row_11=DE DB D7 24 24 E3 70 AF B0 B1 B2 B3 B4 B5 B6 B7 B8 B9 BA BB BC BD BE BF C0 24 E2 24 24 D6 DB DB
  nt_row_13=DE DB EE 24 24 E3 24 C6 C7 C8 C8 C8 24 C9 CA CB CC CD C8 C8 C8 C8 E8 E9 D3 24 E2 24 24 D6 DB DB
  nt_row_17=DC DA DC D7 24 24 24 24 24 24 24 24 24 F0 01 09 08 06 24 17 12 17 1D 0E 17 0D 18 24 D6 DC DB DF
  nt_row_20=E1 D9 DC ED E0 EF 24 24 19 1E 1C 11 24 1C 1D 0A 1B 1D 24 0B 1E 1D 1D 18 17 24 24 24 D6 D8 E1 D9
  pal=360F00103617270F36081A2836303B2200303B160017270F00081A2800303B22
  chr_008=00000000000000000000000000000000
  chr_01C=00000000000000000000000000000000
  chr_108=78C4E47886867C000000000000000000
  chr_11C=78CCC07C06C67C000000000000000000
SNAPSHOT frame=481 reason=state_change
  state gm=00 ready=01 script=00 sub=00 ppu_idx=00 ram_005C=00 auto=00 phase=00 frm=5C ctrl=B0 mask=1E ctrl_shadow=B0 mask_shadow=1E flush_done=01 vblank=00 mirror=10
  nt_row_04=DC EE 24 24 24 24 24 24 24 24 24 24 24 24 24 24 24 24 24 24 24 24 24 24 24 24 24 24 24 24 D6 DB
  nt_row_07=DE EE 24 24 24 E3 24 24 71 72 73 74 75 76 77 78 79 79 79 7A 7B 24 24 24 24 24 E2 24 24 24 D6 DB
  nt_row_08=DE D8 EF 24 24 E2 24 7C 7D 7E 7F 80 81 82 83 84 85 86 87 88 89 8A 8B 24 24 24 E3 24 24 24 D6 DF
  nt_row_11=DE DB D7 24 24 E3 70 AF B0 B1 B2 B3 B4 B5 B6 B7 B8 B9 BA BB BC BD BE BF C0 24 E2 24 24 D6 DB DB
  nt_row_13=DE DB EE 24 24 E3 24 C6 C7 C8 C8 C8 24 C9 CA CB CC CD C8 C8 C8 C8 E8 E9 D3 24 E2 24 24 D6 DB DB
  nt_row_17=DC DA DC D7 24 24 24 24 24 24 24 24 24 F0 01 09 08 06 24 17 12 17 1D 0E 17 0D 18 24 D6 DC DB DF
  nt_row_20=E1 D9 DC ED E0 EF 24 24 19 1E 1C 11 24 1C 1D 0A 1B 1D 24 0B 1E 1D 1D 18 17 24 24 24 D6 D8 E1 D9
  pal=360F00103617270F36081A2836303B2200303B160017270F00081A2800303B22
  chr_008=00000000000000000000000000000000
  chr_01C=00000000000000000000000000000000
  chr_108=78C4E47886867C000000000000000000
  chr_11C=78CCC07C06C67C000000000000000000
SNAPSHOT frame=482 reason=state_change
  state gm=00 ready=01 script=00 sub=00 ppu_idx=00 ram_005C=00 auto=00 phase=00 frm=5D ctrl=B0 mask=1E ctrl_shadow=B0 mask_shadow=1E flush_done=01 vblank=00 mirror=10
  nt_row_04=DC EE 24 24 24 24 24 24 24 24 24 24 24 24 24 24 24 24 24 24 24 24 24 24 24 24 24 24 24 24 D6 DB
  nt_row_07=DE EE 24 24 24 E3 24 24 71 72 73 74 75 76 77 78 79 79 79 7A 7B 24 24 24 24 24 E2 24 24 24 D6 DB
  nt_row_08=DE D8 EF 24 24 E2 24 7C 7D 7E 7F 80 81 82 83 84 85 86 87 88 89 8A 8B 24 24 24 E3 24 24 24 D6 DF
  nt_row_11=DE DB D7 24 24 E3 70 AF B0 B1 B2 B3 B4 B5 B6 B7 B8 B9 BA BB BC BD BE BF C0 24 E2 24 24 D6 DB DB
  nt_row_13=DE DB EE 24 24 E3 24 C6 C7 C8 C8 C8 24 C9 CA CB CC CD C8 C8 C8 C8 E8 E9 D3 24 E2 24 24 D6 DB DB
  nt_row_17=DC DA DC D7 24 24 24 24 24 24 24 24 24 F0 01 09 08 06 24 17 12 17 1D 0E 17 0D 18 24 D6 DC DB DF
  nt_row_20=E1 D9 DC ED E0 EF 24 24 19 1E 1C 11 24 1C 1D 0A 1B 1D 24 0B 1E 1D 1D 18 17 24 24 24 D6 D8 E1 D9
  pal=360F00103617270F36081A2836303B2200303B160017270F00081A2800303B22
  chr_008=00000000000000000000000000000000
  chr_01C=00000000000000000000000000000000
  chr_108=78C4E47886867C000000000000000000
  chr_11C=78CCC07C06C67C000000000000000000
SNAPSHOT frame=483 reason=state_change
  state gm=00 ready=01 script=00 sub=00 ppu_idx=00 ram_005C=00 auto=00 phase=00 frm=5E ctrl=B0 mask=1E ctrl_shadow=B0 mask_shadow=1E flush_done=01 vblank=00 mirror=10
  nt_row_04=DC EE 24 24 24 24 24 24 24 24 24 24 24 24 24 24 24 24 24 24 24 24 24 24 24 24 24 24 24 24 D6 DB
  nt_row_07=DE EE 24 24 24 E3 24 24 71 72 73 74 75 76 77 78 79 79 79 7A 7B 24 24 24 24 24 E2 24 24 24 D6 DB
  nt_row_08=DE D8 EF 24 24 E2 24 7C 7D 7E 7F 80 81 82 83 84 85 86 87 88 89 8A 8B 24 24 24 E3 24 24 24 D6 DF
  nt_row_11=DE DB D7 24 24 E3 70 AF B0 B1 B2 B3 B4 B5 B6 B7 B8 B9 BA BB BC BD BE BF C0 24 E2 24 24 D6 DB DB
  nt_row_13=DE DB EE 24 24 E3 24 C6 C7 C8 C8 C8 24 C9 CA CB CC CD C8 C8 C8 C8 E8 E9 D3 24 E2 24 24 D6 DB DB
  nt_row_17=DC DA DC D7 24 24 24 24 24 24 24 24 24 F0 01 09 08 06 24 17 12 17 1D 0E 17 0D 18 24 D6 DC DB DF
  nt_row_20=E1 D9 DC ED E0 EF 24 24 19 1E 1C 11 24 1C 1D 0A 1B 1D 24 0B 1E 1D 1D 18 17 24 24 24 D6 D8 E1 D9
  pal=360F00103617270F36081A2836303B2200303B160017270F00081A2800303B22
  chr_008=00000000000000000000000000000000
  chr_01C=00000000000000000000000000000000
  chr_108=78C4E47886867C000000000000000000
  chr_11C=78CCC07C06C67C000000000000000000
SNAPSHOT frame=484 reason=state_change
  state gm=00 ready=01 script=00 sub=00 ppu_idx=00 ram_005C=00 auto=00 phase=00 frm=5F ctrl=B0 mask=1E ctrl_shadow=B0 mask_shadow=1E flush_done=01 vblank=00 mirror=10
  nt_row_04=DC EE 24 24 24 24 24 24 24 24 24 24 24 24 24 24 24 24 24 24 24 24 24 24 24 24 24 24 24 24 D6 DB
  nt_row_07=DE EE 24 24 24 E3 24 24 71 72 73 74 75 76 77 78 79 79 79 7A 7B 24 24 24 24 24 E2 24 24 24 D6 DB
  nt_row_08=DE D8 EF 24 24 E2 24 7C 7D 7E 7F 80 81 82 83 84 85 86 87 88 89 8A 8B 24 24 24 E3 24 24 24 D6 DF
  nt_row_11=DE DB D7 24 24 E3 70 AF B0 B1 B2 B3 B4 B5 B6 B7 B8 B9 BA BB BC BD BE BF C0 24 E2 24 24 D6 DB DB
  nt_row_13=DE DB EE 24 24 E3 24 C6 C7 C8 C8 C8 24 C9 CA CB CC CD C8 C8 C8 C8 E8 E9 D3 24 E2 24 24 D6 DB DB
  nt_row_17=DC DA DC D7 24 24 24 24 24 24 24 24 24 F0 01 09 08 06 24 17 12 17 1D 0E 17 0D 18 24 D6 DC DB DF
  nt_row_20=E1 D9 DC ED E0 EF 24 24 19 1E 1C 11 24 1C 1D 0A 1B 1D 24 0B 1E 1D 1D 18 17 24 24 24 D6 D8 E1 D9
  pal=360F00103617270F36081A2836303B2200303B160017270F00081A2800303B22
  chr_008=00000000000000000000000000000000
  chr_01C=00000000000000000000000000000000
  chr_108=78C4E47886867C000000000000000000
  chr_11C=78CCC07C06C67C000000000000000000
SNAPSHOT frame=485 reason=state_change
  state gm=00 ready=01 script=00 sub=00 ppu_idx=00 ram_005C=00 auto=00 phase=00 frm=60 ctrl=B0 mask=1E ctrl_shadow=B0 mask_shadow=1E flush_done=01 vblank=00 mirror=10
  nt_row_04=DC EE 24 24 24 24 24 24 24 24 24 24 24 24 24 24 24 24 24 24 24 24 24 24 24 24 24 24 24 24 D6 DB
  nt_row_07=DE EE 24 24 24 E3 24 24 71 72 73 74 75 76 77 78 79 79 79 7A 7B 24 24 24 24 24 E2 24 24 24 D6 DB
  nt_row_08=DE D8 EF 24 24 E2 24 7C 7D 7E 7F 80 81 82 83 84 85 86 87 88 89 8A 8B 24 24 24 E3 24 24 24 D6 DF
  nt_row_11=DE DB D7 24 24 E3 70 AF B0 B1 B2 B3 B4 B5 B6 B7 B8 B9 BA BB BC BD BE BF C0 24 E2 24 24 D6 DB DB
  nt_row_13=DE DB EE 24 24 E3 24 C6 C7 C8 C8 C8 24 C9 CA CB CC CD C8 C8 C8 C8 E8 E9 D3 24 E2 24 24 D6 DB DB
  nt_row_17=DC DA DC D7 24 24 24 24 24 24 24 24 24 F0 01 09 08 06 24 17 12 17 1D 0E 17 0D 18 24 D6 DC DB DF
  nt_row_20=E1 D9 DC ED E0 EF 24 24 19 1E 1C 11 24 1C 1D 0A 1B 1D 24 0B 1E 1D 1D 18 17 24 24 24 D6 D8 E1 D9
  pal=360F00103617270F36081A2836303B2200303B160017270F00081A2800303B22
  chr_008=00000000000000000000000000000000
  chr_01C=00000000000000000000000000000000
  chr_108=78C4E47886867C000000000000000000
  chr_11C=78CCC07C06C67C000000000000000000
SNAPSHOT frame=486 reason=state_change
  state gm=00 ready=01 script=00 sub=00 ppu_idx=00 ram_005C=00 auto=00 phase=00 frm=61 ctrl=B0 mask=1E ctrl_shadow=B0 mask_shadow=1E flush_done=01 vblank=00 mirror=10
  nt_row_04=DC EE 24 24 24 24 24 24 24 24 24 24 24 24 24 24 24 24 24 24 24 24 24 24 24 24 24 24 24 24 D6 DB
  nt_row_07=DE EE 24 24 24 E3 24 24 71 72 73 74 75 76 77 78 79 79 79 7A 7B 24 24 24 24 24 E2 24 24 24 D6 DB
  nt_row_08=DE D8 EF 24 24 E2 24 7C 7D 7E 7F 80 81 82 83 84 85 86 87 88 89 8A 8B 24 24 24 E3 24 24 24 D6 DF
  nt_row_11=DE DB D7 24 24 E3 70 AF B0 B1 B2 B3 B4 B5 B6 B7 B8 B9 BA BB BC BD BE BF C0 24 E2 24 24 D6 DB DB
  nt_row_13=DE DB EE 24 24 E3 24 C6 C7 C8 C8 C8 24 C9 CA CB CC CD C8 C8 C8 C8 E8 E9 D3 24 E2 24 24 D6 DB DB
  nt_row_17=DC DA DC D7 24 24 24 24 24 24 24 24 24 F0 01 09 08 06 24 17 12 17 1D 0E 17 0D 18 24 D6 DC DB DF
  nt_row_20=E1 D9 DC ED E0 EF 24 24 19 1E 1C 11 24 1C 1D 0A 1B 1D 24 0B 1E 1D 1D 18 17 24 24 24 D6 D8 E1 D9
  pal=360F00103617270F36081A2836303B2200303B160017270F00081A2800303B22
  chr_008=00000000000000000000000000000000
  chr_01C=00000000000000000000000000000000
  chr_108=78C4E47886867C000000000000000000
  chr_11C=78CCC07C06C67C000000000000000000
SNAPSHOT frame=487 reason=state_change
  state gm=00 ready=01 script=00 sub=00 ppu_idx=00 ram_005C=00 auto=00 phase=00 frm=62 ctrl=B0 mask=1E ctrl_shadow=B0 mask_shadow=1E flush_done=01 vblank=00 mirror=10
  nt_row_04=DC EE 24 24 24 24 24 24 24 24 24 24 24 24 24 24 24 24 24 24 24 24 24 24 24 24 24 24 24 24 D6 DB
  nt_row_07=DE EE 24 24 24 E3 24 24 71 72 73 74 75 76 77 78 79 79 79 7A 7B 24 24 24 24 24 E2 24 24 24 D6 DB
  nt_row_08=DE D8 EF 24 24 E2 24 7C 7D 7E 7F 80 81 82 83 84 85 86 87 88 89 8A 8B 24 24 24 E3 24 24 24 D6 DF
  nt_row_11=DE DB D7 24 24 E3 70 AF B0 B1 B2 B3 B4 B5 B6 B7 B8 B9 BA BB BC BD BE BF C0 24 E2 24 24 D6 DB DB
  nt_row_13=DE DB EE 24 24 E3 24 C6 C7 C8 C8 C8 24 C9 CA CB CC CD C8 C8 C8 C8 E8 E9 D3 24 E2 24 24 D6 DB DB
  nt_row_17=DC DA DC D7 24 24 24 24 24 24 24 24 24 F0 01 09 08 06 24 17 12 17 1D 0E 17 0D 18 24 D6 DC DB DF
  nt_row_20=E1 D9 DC ED E0 EF 24 24 19 1E 1C 11 24 1C 1D 0A 1B 1D 24 0B 1E 1D 1D 18 17 24 24 24 D6 D8 E1 D9
  pal=360F00103617270F36081A2836303B2200303B160017270F00081A2800303B22
  chr_008=00000000000000000000000000000000
  chr_01C=00000000000000000000000000000000
  chr_108=78C4E47886867C000000000000000000
  chr_11C=78CCC07C06C67C000000000000000000
SNAPSHOT frame=488 reason=state_change
  state gm=00 ready=01 script=00 sub=00 ppu_idx=00 ram_005C=00 auto=00 phase=00 frm=63 ctrl=B0 mask=1E ctrl_shadow=B0 mask_shadow=1E flush_done=01 vblank=00 mirror=10
  nt_row_04=DC EE 24 24 24 24 24 24 24 24 24 24 24 24 24 24 24 24 24 24 24 24 24 24 24 24 24 24 24 24 D6 DB
  nt_row_07=DE EE 24 24 24 E3 24 24 71 72 73 74 75 76 77 78 79 79 79 7A 7B 24 24 24 24 24 E2 24 24 24 D6 DB
  nt_row_08=DE D8 EF 24 24 E2 24 7C 7D 7E 7F 80 81 82 83 84 85 86 87 88 89 8A 8B 24 24 24 E3 24 24 24 D6 DF
  nt_row_11=DE DB D7 24 24 E3 70 AF B0 B1 B2 B3 B4 B5 B6 B7 B8 B9 BA BB BC BD BE BF C0 24 E2 24 24 D6 DB DB
  nt_row_13=DE DB EE 24 24 E3 24 C6 C7 C8 C8 C8 24 C9 CA CB CC CD C8 C8 C8 C8 E8 E9 D3 24 E2 24 24 D6 DB DB
  nt_row_17=DC DA DC D7 24 24 24 24 24 24 24 24 24 F0 01 09 08 06 24 17 12 17 1D 0E 17 0D 18 24 D6 DC DB DF
  nt_row_20=E1 D9 DC ED E0 EF 24 24 19 1E 1C 11 24 1C 1D 0A 1B 1D 24 0B 1E 1D 1D 18 17 24 24 24 D6 D8 E1 D9
  pal=360F00103617270F36081A2836303B2200303B160017270F00081A2800303B22
  chr_008=00000000000000000000000000000000
  chr_01C=00000000000000000000000000000000
  chr_108=78C4E47886867C000000000000000000
  chr_11C=78CCC07C06C67C000000000000000000
SNAPSHOT frame=489 reason=state_change
  state gm=00 ready=01 script=00 sub=00 ppu_idx=00 ram_005C=00 auto=00 phase=00 frm=64 ctrl=B0 mask=1E ctrl_shadow=B0 mask_shadow=1E flush_done=01 vblank=00 mirror=10
  nt_row_04=DC EE 24 24 24 24 24 24 24 24 24 24 24 24 24 24 24 24 24 24 24 24 24 24 24 24 24 24 24 24 D6 DB
  nt_row_07=DE EE 24 24 24 E3 24 24 71 72 73 74 75 76 77 78 79 79 79 7A 7B 24 24 24 24 24 E2 24 24 24 D6 DB
  nt_row_08=DE D8 EF 24 24 E2 24 7C 7D 7E 7F 80 81 82 83 84 85 86 87 88 89 8A 8B 24 24 24 E3 24 24 24 D6 DF
  nt_row_11=DE DB D7 24 24 E3 70 AF B0 B1 B2 B3 B4 B5 B6 B7 B8 B9 BA BB BC BD BE BF C0 24 E2 24 24 D6 DB DB
  nt_row_13=DE DB EE 24 24 E3 24 C6 C7 C8 C8 C8 24 C9 CA CB CC CD C8 C8 C8 C8 E8 E9 D3 24 E2 24 24 D6 DB DB
  nt_row_17=DC DA DC D7 24 24 24 24 24 24 24 24 24 F0 01 09 08 06 24 17 12 17 1D 0E 17 0D 18 24 D6 DC DB DF
  nt_row_20=E1 D9 DC ED E0 EF 24 24 19 1E 1C 11 24 1C 1D 0A 1B 1D 24 0B 1E 1D 1D 18 17 24 24 24 D6 D8 E1 D9
  pal=360F00103617270F36081A2836303B2200303B160017270F00081A2800303B22
  chr_008=00000000000000000000000000000000
  chr_01C=00000000000000000000000000000000
  chr_108=78C4E47886867C000000000000000000
  chr_11C=78CCC07C06C67C000000000000000000
SNAPSHOT frame=490 reason=state_change
  state gm=00 ready=01 script=00 sub=00 ppu_idx=00 ram_005C=00 auto=00 phase=00 frm=65 ctrl=B0 mask=1E ctrl_shadow=B0 mask_shadow=1E flush_done=01 vblank=00 mirror=10
  nt_row_04=DC EE 24 24 24 24 24 24 24 24 24 24 24 24 24 24 24 24 24 24 24 24 24 24 24 24 24 24 24 24 D6 DB
  nt_row_07=DE EE 24 24 24 E3 24 24 71 72 73 74 75 76 77 78 79 79 79 7A 7B 24 24 24 24 24 E2 24 24 24 D6 DB
  nt_row_08=DE D8 EF 24 24 E2 24 7C 7D 7E 7F 80 81 82 83 84 85 86 87 88 89 8A 8B 24 24 24 E3 24 24 24 D6 DF
  nt_row_11=DE DB D7 24 24 E3 70 AF B0 B1 B2 B3 B4 B5 B6 B7 B8 B9 BA BB BC BD BE BF C0 24 E2 24 24 D6 DB DB
  nt_row_13=DE DB EE 24 24 E3 24 C6 C7 C8 C8 C8 24 C9 CA CB CC CD C8 C8 C8 C8 E8 E9 D3 24 E2 24 24 D6 DB DB
  nt_row_17=DC DA DC D7 24 24 24 24 24 24 24 24 24 F0 01 09 08 06 24 17 12 17 1D 0E 17 0D 18 24 D6 DC DB DF
  nt_row_20=E1 D9 DC ED E0 EF 24 24 19 1E 1C 11 24 1C 1D 0A 1B 1D 24 0B 1E 1D 1D 18 17 24 24 24 D6 D8 E1 D9
  pal=360F00103617270F36081A2836303B2200303B160017270F00081A2800303B22
  chr_008=00000000000000000000000000000000
  chr_01C=00000000000000000000000000000000
  chr_108=78C4E47886867C000000000000000000
  chr_11C=78CCC07C06C67C000000000000000000
SNAPSHOT frame=491 reason=state_change
  state gm=00 ready=01 script=00 sub=00 ppu_idx=00 ram_005C=00 auto=00 phase=00 frm=66 ctrl=B0 mask=1E ctrl_shadow=B0 mask_shadow=1E flush_done=01 vblank=00 mirror=10
  nt_row_04=DC EE 24 24 24 24 24 24 24 24 24 24 24 24 24 24 24 24 24 24 24 24 24 24 24 24 24 24 24 24 D6 DB
  nt_row_07=DE EE 24 24 24 E3 24 24 71 72 73 74 75 76 77 78 79 79 79 7A 7B 24 24 24 24 24 E2 24 24 24 D6 DB
  nt_row_08=DE D8 EF 24 24 E2 24 7C 7D 7E 7F 80 81 82 83 84 85 86 87 88 89 8A 8B 24 24 24 E3 24 24 24 D6 DF
  nt_row_11=DE DB D7 24 24 E3 70 AF B0 B1 B2 B3 B4 B5 B6 B7 B8 B9 BA BB BC BD BE BF C0 24 E2 24 24 D6 DB DB
  nt_row_13=DE DB EE 24 24 E3 24 C6 C7 C8 C8 C8 24 C9 CA CB CC CD C8 C8 C8 C8 E8 E9 D3 24 E2 24 24 D6 DB DB
  nt_row_17=DC DA DC D7 24 24 24 24 24 24 24 24 24 F0 01 09 08 06 24 17 12 17 1D 0E 17 0D 18 24 D6 DC DB DF
  nt_row_20=E1 D9 DC ED E0 EF 24 24 19 1E 1C 11 24 1C 1D 0A 1B 1D 24 0B 1E 1D 1D 18 17 24 24 24 D6 D8 E1 D9
  pal=360F00103617270F36081A2836303B2200303B160017270F00081A2800303B22
  chr_008=00000000000000000000000000000000
  chr_01C=00000000000000000000000000000000
  chr_108=78C4E47886867C000000000000000000
  chr_11C=78CCC07C06C67C000000000000000000
SNAPSHOT frame=492 reason=state_change
  state gm=00 ready=01 script=00 sub=00 ppu_idx=00 ram_005C=00 auto=00 phase=00 frm=67 ctrl=B0 mask=1E ctrl_shadow=B0 mask_shadow=1E flush_done=01 vblank=00 mirror=10
  nt_row_04=DC EE 24 24 24 24 24 24 24 24 24 24 24 24 24 24 24 24 24 24 24 24 24 24 24 24 24 24 24 24 D6 DB
  nt_row_07=DE EE 24 24 24 E3 24 24 71 72 73 74 75 76 77 78 79 79 79 7A 7B 24 24 24 24 24 E2 24 24 24 D6 DB
  nt_row_08=DE D8 EF 24 24 E2 24 7C 7D 7E 7F 80 81 82 83 84 85 86 87 88 89 8A 8B 24 24 24 E3 24 24 24 D6 DF
  nt_row_11=DE DB D7 24 24 E3 70 AF B0 B1 B2 B3 B4 B5 B6 B7 B8 B9 BA BB BC BD BE BF C0 24 E2 24 24 D6 DB DB
  nt_row_13=DE DB EE 24 24 E3 24 C6 C7 C8 C8 C8 24 C9 CA CB CC CD C8 C8 C8 C8 E8 E9 D3 24 E2 24 24 D6 DB DB
  nt_row_17=DC DA DC D7 24 24 24 24 24 24 24 24 24 F0 01 09 08 06 24 17 12 17 1D 0E 17 0D 18 24 D6 DC DB DF
  nt_row_20=E1 D9 DC ED E0 EF 24 24 19 1E 1C 11 24 1C 1D 0A 1B 1D 24 0B 1E 1D 1D 18 17 24 24 24 D6 D8 E1 D9
  pal=360F00103617270F36081A2836303B2200303B160017270F00081A2800303B22
  chr_008=00000000000000000000000000000000
  chr_01C=00000000000000000000000000000000
  chr_108=78C4E47886867C000000000000000000
  chr_11C=78CCC07C06C67C000000000000000000
SNAPSHOT frame=493 reason=state_change
  state gm=00 ready=01 script=00 sub=00 ppu_idx=00 ram_005C=00 auto=00 phase=00 frm=68 ctrl=B0 mask=1E ctrl_shadow=B0 mask_shadow=1E flush_done=01 vblank=00 mirror=10
  nt_row_04=DC EE 24 24 24 24 24 24 24 24 24 24 24 24 24 24 24 24 24 24 24 24 24 24 24 24 24 24 24 24 D6 DB
  nt_row_07=DE EE 24 24 24 E3 24 24 71 72 73 74 75 76 77 78 79 79 79 7A 7B 24 24 24 24 24 E2 24 24 24 D6 DB
  nt_row_08=DE D8 EF 24 24 E2 24 7C 7D 7E 7F 80 81 82 83 84 85 86 87 88 89 8A 8B 24 24 24 E3 24 24 24 D6 DF
  nt_row_11=DE DB D7 24 24 E3 70 AF B0 B1 B2 B3 B4 B5 B6 B7 B8 B9 BA BB BC BD BE BF C0 24 E2 24 24 D6 DB DB
  nt_row_13=DE DB EE 24 24 E3 24 C6 C7 C8 C8 C8 24 C9 CA CB CC CD C8 C8 C8 C8 E8 E9 D3 24 E2 24 24 D6 DB DB
  nt_row_17=DC DA DC D7 24 24 24 24 24 24 24 24 24 F0 01 09 08 06 24 17 12 17 1D 0E 17 0D 18 24 D6 DC DB DF
  nt_row_20=E1 D9 DC ED E0 EF 24 24 19 1E 1C 11 24 1C 1D 0A 1B 1D 24 0B 1E 1D 1D 18 17 24 24 24 D6 D8 E1 D9
  pal=360F00103617270F36081A2836303B2200303B160017270F00081A2800303B22
  chr_008=00000000000000000000000000000000
  chr_01C=00000000000000000000000000000000
  chr_108=78C4E47886867C000000000000000000
  chr_11C=78CCC07C06C67C000000000000000000
SNAPSHOT frame=494 reason=state_change
  state gm=00 ready=01 script=00 sub=00 ppu_idx=00 ram_005C=00 auto=00 phase=00 frm=69 ctrl=B0 mask=1E ctrl_shadow=B0 mask_shadow=1E flush_done=01 vblank=00 mirror=10
  nt_row_04=DC EE 24 24 24 24 24 24 24 24 24 24 24 24 24 24 24 24 24 24 24 24 24 24 24 24 24 24 24 24 D6 DB
  nt_row_07=DE EE 24 24 24 E3 24 24 71 72 73 74 75 76 77 78 79 79 79 7A 7B 24 24 24 24 24 E2 24 24 24 D6 DB
  nt_row_08=DE D8 EF 24 24 E2 24 7C 7D 7E 7F 80 81 82 83 84 85 86 87 88 89 8A 8B 24 24 24 E3 24 24 24 D6 DF
  nt_row_11=DE DB D7 24 24 E3 70 AF B0 B1 B2 B3 B4 B5 B6 B7 B8 B9 BA BB BC BD BE BF C0 24 E2 24 24 D6 DB DB
  nt_row_13=DE DB EE 24 24 E3 24 C6 C7 C8 C8 C8 24 C9 CA CB CC CD C8 C8 C8 C8 E8 E9 D3 24 E2 24 24 D6 DB DB
  nt_row_17=DC DA DC D7 24 24 24 24 24 24 24 24 24 F0 01 09 08 06 24 17 12 17 1D 0E 17 0D 18 24 D6 DC DB DF
  nt_row_20=E1 D9 DC ED E0 EF 24 24 19 1E 1C 11 24 1C 1D 0A 1B 1D 24 0B 1E 1D 1D 18 17 24 24 24 D6 D8 E1 D9
  pal=360F00103617270F36081A2836303B2200303B160017270F00081A2800303B22
  chr_008=00000000000000000000000000000000
  chr_01C=00000000000000000000000000000000
  chr_108=78C4E47886867C000000000000000000
  chr_11C=78CCC07C06C67C000000000000000000
SNAPSHOT frame=495 reason=state_change
  state gm=00 ready=01 script=00 sub=00 ppu_idx=00 ram_005C=00 auto=00 phase=00 frm=6A ctrl=B0 mask=1E ctrl_shadow=B0 mask_shadow=1E flush_done=01 vblank=00 mirror=10
  nt_row_04=DC EE 24 24 24 24 24 24 24 24 24 24 24 24 24 24 24 24 24 24 24 24 24 24 24 24 24 24 24 24 D6 DB
  nt_row_07=DE EE 24 24 24 E3 24 24 71 72 73 74 75 76 77 78 79 79 79 7A 7B 24 24 24 24 24 E2 24 24 24 D6 DB
  nt_row_08=DE D8 EF 24 24 E2 24 7C 7D 7E 7F 80 81 82 83 84 85 86 87 88 89 8A 8B 24 24 24 E3 24 24 24 D6 DF
  nt_row_11=DE DB D7 24 24 E3 70 AF B0 B1 B2 B3 B4 B5 B6 B7 B8 B9 BA BB BC BD BE BF C0 24 E2 24 24 D6 DB DB
  nt_row_13=DE DB EE 24 24 E3 24 C6 C7 C8 C8 C8 24 C9 CA CB CC CD C8 C8 C8 C8 E8 E9 D3 24 E2 24 24 D6 DB DB
  nt_row_17=DC DA DC D7 24 24 24 24 24 24 24 24 24 F0 01 09 08 06 24 17 12 17 1D 0E 17 0D 18 24 D6 DC DB DF
  nt_row_20=E1 D9 DC ED E0 EF 24 24 19 1E 1C 11 24 1C 1D 0A 1B 1D 24 0B 1E 1D 1D 18 17 24 24 24 D6 D8 E1 D9
  pal=360F00103617270F36081A2836303B2200303B160017270F00081A2800303B22
  chr_008=00000000000000000000000000000000
  chr_01C=00000000000000000000000000000000
  chr_108=78C4E47886867C000000000000000000
  chr_11C=78CCC07C06C67C000000000000000000
SNAPSHOT frame=496 reason=state_change
  state gm=00 ready=01 script=00 sub=00 ppu_idx=00 ram_005C=00 auto=00 phase=00 frm=6B ctrl=B0 mask=1E ctrl_shadow=B0 mask_shadow=1E flush_done=01 vblank=00 mirror=10
  nt_row_04=DC EE 24 24 24 24 24 24 24 24 24 24 24 24 24 24 24 24 24 24 24 24 24 24 24 24 24 24 24 24 D6 DB
  nt_row_07=DE EE 24 24 24 E3 24 24 71 72 73 74 75 76 77 78 79 79 79 7A 7B 24 24 24 24 24 E2 24 24 24 D6 DB
  nt_row_08=DE D8 EF 24 24 E2 24 7C 7D 7E 7F 80 81 82 83 84 85 86 87 88 89 8A 8B 24 24 24 E3 24 24 24 D6 DF
  nt_row_11=DE DB D7 24 24 E3 70 AF B0 B1 B2 B3 B4 B5 B6 B7 B8 B9 BA BB BC BD BE BF C0 24 E2 24 24 D6 DB DB
  nt_row_13=DE DB EE 24 24 E3 24 C6 C7 C8 C8 C8 24 C9 CA CB CC CD C8 C8 C8 C8 E8 E9 D3 24 E2 24 24 D6 DB DB
  nt_row_17=DC DA DC D7 24 24 24 24 24 24 24 24 24 F0 01 09 08 06 24 17 12 17 1D 0E 17 0D 18 24 D6 DC DB DF
  nt_row_20=E1 D9 DC ED E0 EF 24 24 19 1E 1C 11 24 1C 1D 0A 1B 1D 24 0B 1E 1D 1D 18 17 24 24 24 D6 D8 E1 D9
  pal=360F00103617270F36081A2836303B2200303B160017270F00081A2800303B22
  chr_008=00000000000000000000000000000000
  chr_01C=00000000000000000000000000000000
  chr_108=78C4E47886867C000000000000000000
  chr_11C=78CCC07C06C67C000000000000000000
SNAPSHOT frame=497 reason=state_change
  state gm=00 ready=01 script=00 sub=00 ppu_idx=00 ram_005C=00 auto=00 phase=00 frm=6C ctrl=B0 mask=1E ctrl_shadow=B0 mask_shadow=1E flush_done=01 vblank=00 mirror=10
  nt_row_04=DC EE 24 24 24 24 24 24 24 24 24 24 24 24 24 24 24 24 24 24 24 24 24 24 24 24 24 24 24 24 D6 DB
  nt_row_07=DE EE 24 24 24 E3 24 24 71 72 73 74 75 76 77 78 79 79 79 7A 7B 24 24 24 24 24 E2 24 24 24 D6 DB
  nt_row_08=DE D8 EF 24 24 E2 24 7C 7D 7E 7F 80 81 82 83 84 85 86 87 88 89 8A 8B 24 24 24 E3 24 24 24 D6 DF
  nt_row_11=DE DB D7 24 24 E3 70 AF B0 B1 B2 B3 B4 B5 B6 B7 B8 B9 BA BB BC BD BE BF C0 24 E2 24 24 D6 DB DB
  nt_row_13=DE DB EE 24 24 E3 24 C6 C7 C8 C8 C8 24 C9 CA CB CC CD C8 C8 C8 C8 E8 E9 D3 24 E2 24 24 D6 DB DB
  nt_row_17=DC DA DC D7 24 24 24 24 24 24 24 24 24 F0 01 09 08 06 24 17 12 17 1D 0E 17 0D 18 24 D6 DC DB DF
  nt_row_20=E1 D9 DC ED E0 EF 24 24 19 1E 1C 11 24 1C 1D 0A 1B 1D 24 0B 1E 1D 1D 18 17 24 24 24 D6 D8 E1 D9
  pal=360F00103617270F36081A2836303B2200303B160017270F00081A2800303B22
  chr_008=00000000000000000000000000000000
  chr_01C=00000000000000000000000000000000
  chr_108=78C4E47886867C000000000000000000
  chr_11C=78CCC07C06C67C000000000000000000
SNAPSHOT frame=498 reason=state_change
  state gm=00 ready=01 script=00 sub=00 ppu_idx=00 ram_005C=00 auto=00 phase=00 frm=6D ctrl=B0 mask=1E ctrl_shadow=B0 mask_shadow=1E flush_done=01 vblank=00 mirror=10
  nt_row_04=DC EE 24 24 24 24 24 24 24 24 24 24 24 24 24 24 24 24 24 24 24 24 24 24 24 24 24 24 24 24 D6 DB
  nt_row_07=DE EE 24 24 24 E3 24 24 71 72 73 74 75 76 77 78 79 79 79 7A 7B 24 24 24 24 24 E2 24 24 24 D6 DB
  nt_row_08=DE D8 EF 24 24 E2 24 7C 7D 7E 7F 80 81 82 83 84 85 86 87 88 89 8A 8B 24 24 24 E3 24 24 24 D6 DF
  nt_row_11=DE DB D7 24 24 E3 70 AF B0 B1 B2 B3 B4 B5 B6 B7 B8 B9 BA BB BC BD BE BF C0 24 E2 24 24 D6 DB DB
  nt_row_13=DE DB EE 24 24 E3 24 C6 C7 C8 C8 C8 24 C9 CA CB CC CD C8 C8 C8 C8 E8 E9 D3 24 E2 24 24 D6 DB DB
  nt_row_17=DC DA DC D7 24 24 24 24 24 24 24 24 24 F0 01 09 08 06 24 17 12 17 1D 0E 17 0D 18 24 D6 DC DB DF
  nt_row_20=E1 D9 DC ED E0 EF 24 24 19 1E 1C 11 24 1C 1D 0A 1B 1D 24 0B 1E 1D 1D 18 17 24 24 24 D6 D8 E1 D9
  pal=360F00103617270F36081A2836303B2200303B160017270F00081A2800303B22
  chr_008=00000000000000000000000000000000
  chr_01C=00000000000000000000000000000000
  chr_108=78C4E47886867C000000000000000000
  chr_11C=78CCC07C06C67C000000000000000000
SNAPSHOT frame=499 reason=state_change
  state gm=00 ready=01 script=00 sub=00 ppu_idx=00 ram_005C=00 auto=00 phase=00 frm=6E ctrl=B0 mask=1E ctrl_shadow=B0 mask_shadow=1E flush_done=01 vblank=00 mirror=10
  nt_row_04=DC EE 24 24 24 24 24 24 24 24 24 24 24 24 24 24 24 24 24 24 24 24 24 24 24 24 24 24 24 24 D6 DB
  nt_row_07=DE EE 24 24 24 E3 24 24 71 72 73 74 75 76 77 78 79 79 79 7A 7B 24 24 24 24 24 E2 24 24 24 D6 DB
  nt_row_08=DE D8 EF 24 24 E2 24 7C 7D 7E 7F 80 81 82 83 84 85 86 87 88 89 8A 8B 24 24 24 E3 24 24 24 D6 DF
  nt_row_11=DE DB D7 24 24 E3 70 AF B0 B1 B2 B3 B4 B5 B6 B7 B8 B9 BA BB BC BD BE BF C0 24 E2 24 24 D6 DB DB
  nt_row_13=DE DB EE 24 24 E3 24 C6 C7 C8 C8 C8 24 C9 CA CB CC CD C8 C8 C8 C8 E8 E9 D3 24 E2 24 24 D6 DB DB
  nt_row_17=DC DA DC D7 24 24 24 24 24 24 24 24 24 F0 01 09 08 06 24 17 12 17 1D 0E 17 0D 18 24 D6 DC DB DF
  nt_row_20=E1 D9 DC ED E0 EF 24 24 19 1E 1C 11 24 1C 1D 0A 1B 1D 24 0B 1E 1D 1D 18 17 24 24 24 D6 D8 E1 D9
  pal=360F00103617270F36081A2836303B2200303B160017270F00081A2800303B22
  chr_008=00000000000000000000000000000000
  chr_01C=00000000000000000000000000000000
  chr_108=78C4E47886867C000000000000000000
  chr_11C=78CCC07C06C67C000000000000000000
SNAPSHOT frame=500 reason=state_change
  state gm=00 ready=01 script=00 sub=00 ppu_idx=00 ram_005C=00 auto=00 phase=00 frm=6F ctrl=B0 mask=1E ctrl_shadow=B0 mask_shadow=1E flush_done=01 vblank=00 mirror=10
  nt_row_04=DC EE 24 24 24 24 24 24 24 24 24 24 24 24 24 24 24 24 24 24 24 24 24 24 24 24 24 24 24 24 D6 DB
  nt_row_07=DE EE 24 24 24 E3 24 24 71 72 73 74 75 76 77 78 79 79 79 7A 7B 24 24 24 24 24 E2 24 24 24 D6 DB
  nt_row_08=DE D8 EF 24 24 E2 24 7C 7D 7E 7F 80 81 82 83 84 85 86 87 88 89 8A 8B 24 24 24 E3 24 24 24 D6 DF
  nt_row_11=DE DB D7 24 24 E3 70 AF B0 B1 B2 B3 B4 B5 B6 B7 B8 B9 BA BB BC BD BE BF C0 24 E2 24 24 D6 DB DB
  nt_row_13=DE DB EE 24 24 E3 24 C6 C7 C8 C8 C8 24 C9 CA CB CC CD C8 C8 C8 C8 E8 E9 D3 24 E2 24 24 D6 DB DB
  nt_row_17=DC DA DC D7 24 24 24 24 24 24 24 24 24 F0 01 09 08 06 24 17 12 17 1D 0E 17 0D 18 24 D6 DC DB DF
  nt_row_20=E1 D9 DC ED E0 EF 24 24 19 1E 1C 11 24 1C 1D 0A 1B 1D 24 0B 1E 1D 1D 18 17 24 24 24 D6 D8 E1 D9
  pal=360F00103617270F36081A2836303B2200303B160017270F00081A2800303B22
  chr_008=00000000000000000000000000000000
  chr_01C=00000000000000000000000000000000
  chr_108=78C4E47886867C000000000000000000
  chr_11C=78CCC07C06C67C000000000000000000
SNAPSHOT frame=501 reason=state_change
  state gm=00 ready=01 script=00 sub=00 ppu_idx=00 ram_005C=00 auto=00 phase=00 frm=70 ctrl=B0 mask=1E ctrl_shadow=B0 mask_shadow=1E flush_done=01 vblank=00 mirror=10
  nt_row_04=DC EE 24 24 24 24 24 24 24 24 24 24 24 24 24 24 24 24 24 24 24 24 24 24 24 24 24 24 24 24 D6 DB
  nt_row_07=DE EE 24 24 24 E3 24 24 71 72 73 74 75 76 77 78 79 79 79 7A 7B 24 24 24 24 24 E2 24 24 24 D6 DB
  nt_row_08=DE D8 EF 24 24 E2 24 7C 7D 7E 7F 80 81 82 83 84 85 86 87 88 89 8A 8B 24 24 24 E3 24 24 24 D6 DF
  nt_row_11=DE DB D7 24 24 E3 70 AF B0 B1 B2 B3 B4 B5 B6 B7 B8 B9 BA BB BC BD BE BF C0 24 E2 24 24 D6 DB DB
  nt_row_13=DE DB EE 24 24 E3 24 C6 C7 C8 C8 C8 24 C9 CA CB CC CD C8 C8 C8 C8 E8 E9 D3 24 E2 24 24 D6 DB DB
  nt_row_17=DC DA DC D7 24 24 24 24 24 24 24 24 24 F0 01 09 08 06 24 17 12 17 1D 0E 17 0D 18 24 D6 DC DB DF
  nt_row_20=E1 D9 DC ED E0 EF 24 24 19 1E 1C 11 24 1C 1D 0A 1B 1D 24 0B 1E 1D 1D 18 17 24 24 24 D6 D8 E1 D9
  pal=360F00103617270F36081A2836303B2200303B160017270F00081A2800303B22
  chr_008=00000000000000000000000000000000
  chr_01C=00000000000000000000000000000000
  chr_108=78C4E47886867C000000000000000000
  chr_11C=78CCC07C06C67C000000000000000000
SNAPSHOT frame=502 reason=state_change
  state gm=00 ready=01 script=00 sub=00 ppu_idx=00 ram_005C=00 auto=00 phase=00 frm=71 ctrl=B0 mask=1E ctrl_shadow=B0 mask_shadow=1E flush_done=01 vblank=00 mirror=10
  nt_row_04=DC EE 24 24 24 24 24 24 24 24 24 24 24 24 24 24 24 24 24 24 24 24 24 24 24 24 24 24 24 24 D6 DB
  nt_row_07=DE EE 24 24 24 E3 24 24 71 72 73 74 75 76 77 78 79 79 79 7A 7B 24 24 24 24 24 E2 24 24 24 D6 DB
  nt_row_08=DE D8 EF 24 24 E2 24 7C 7D 7E 7F 80 81 82 83 84 85 86 87 88 89 8A 8B 24 24 24 E3 24 24 24 D6 DF
  nt_row_11=DE DB D7 24 24 E3 70 AF B0 B1 B2 B3 B4 B5 B6 B7 B8 B9 BA BB BC BD BE BF C0 24 E2 24 24 D6 DB DB
  nt_row_13=DE DB EE 24 24 E3 24 C6 C7 C8 C8 C8 24 C9 CA CB CC CD C8 C8 C8 C8 E8 E9 D3 24 E2 24 24 D6 DB DB
  nt_row_17=DC DA DC D7 24 24 24 24 24 24 24 24 24 F0 01 09 08 06 24 17 12 17 1D 0E 17 0D 18 24 D6 DC DB DF
  nt_row_20=E1 D9 DC ED E0 EF 24 24 19 1E 1C 11 24 1C 1D 0A 1B 1D 24 0B 1E 1D 1D 18 17 24 24 24 D6 D8 E1 D9
  pal=360F00103617270F36081A2836303B2200303B160017270F00081A2800303B22
  chr_008=00000000000000000000000000000000
  chr_01C=00000000000000000000000000000000
  chr_108=78C4E47886867C000000000000000000
  chr_11C=78CCC07C06C67C000000000000000000
SNAPSHOT frame=503 reason=state_change
  state gm=00 ready=01 script=00 sub=00 ppu_idx=00 ram_005C=00 auto=00 phase=00 frm=72 ctrl=B0 mask=1E ctrl_shadow=B0 mask_shadow=1E flush_done=01 vblank=00 mirror=10
  nt_row_04=DC EE 24 24 24 24 24 24 24 24 24 24 24 24 24 24 24 24 24 24 24 24 24 24 24 24 24 24 24 24 D6 DB
  nt_row_07=DE EE 24 24 24 E3 24 24 71 72 73 74 75 76 77 78 79 79 79 7A 7B 24 24 24 24 24 E2 24 24 24 D6 DB
  nt_row_08=DE D8 EF 24 24 E2 24 7C 7D 7E 7F 80 81 82 83 84 85 86 87 88 89 8A 8B 24 24 24 E3 24 24 24 D6 DF
  nt_row_11=DE DB D7 24 24 E3 70 AF B0 B1 B2 B3 B4 B5 B6 B7 B8 B9 BA BB BC BD BE BF C0 24 E2 24 24 D6 DB DB
  nt_row_13=DE DB EE 24 24 E3 24 C6 C7 C8 C8 C8 24 C9 CA CB CC CD C8 C8 C8 C8 E8 E9 D3 24 E2 24 24 D6 DB DB
  nt_row_17=DC DA DC D7 24 24 24 24 24 24 24 24 24 F0 01 09 08 06 24 17 12 17 1D 0E 17 0D 18 24 D6 DC DB DF
  nt_row_20=E1 D9 DC ED E0 EF 24 24 19 1E 1C 11 24 1C 1D 0A 1B 1D 24 0B 1E 1D 1D 18 17 24 24 24 D6 D8 E1 D9
  pal=360F00103617270F36081A2836303B2200303B160017270F00081A2800303B22
  chr_008=00000000000000000000000000000000
  chr_01C=00000000000000000000000000000000
  chr_108=78C4E47886867C000000000000000000
  chr_11C=78CCC07C06C67C000000000000000000
SNAPSHOT frame=504 reason=state_change
  state gm=00 ready=01 script=00 sub=00 ppu_idx=00 ram_005C=00 auto=00 phase=00 frm=73 ctrl=B0 mask=1E ctrl_shadow=B0 mask_shadow=1E flush_done=01 vblank=00 mirror=10
  nt_row_04=DC EE 24 24 24 24 24 24 24 24 24 24 24 24 24 24 24 24 24 24 24 24 24 24 24 24 24 24 24 24 D6 DB
  nt_row_07=DE EE 24 24 24 E3 24 24 71 72 73 74 75 76 77 78 79 79 79 7A 7B 24 24 24 24 24 E2 24 24 24 D6 DB
  nt_row_08=DE D8 EF 24 24 E2 24 7C 7D 7E 7F 80 81 82 83 84 85 86 87 88 89 8A 8B 24 24 24 E3 24 24 24 D6 DF
  nt_row_11=DE DB D7 24 24 E3 70 AF B0 B1 B2 B3 B4 B5 B6 B7 B8 B9 BA BB BC BD BE BF C0 24 E2 24 24 D6 DB DB
  nt_row_13=DE DB EE 24 24 E3 24 C6 C7 C8 C8 C8 24 C9 CA CB CC CD C8 C8 C8 C8 E8 E9 D3 24 E2 24 24 D6 DB DB
  nt_row_17=DC DA DC D7 24 24 24 24 24 24 24 24 24 F0 01 09 08 06 24 17 12 17 1D 0E 17 0D 18 24 D6 DC DB DF
  nt_row_20=E1 D9 DC ED E0 EF 24 24 19 1E 1C 11 24 1C 1D 0A 1B 1D 24 0B 1E 1D 1D 18 17 24 24 24 D6 D8 E1 D9
  pal=360F00103617270F36081A2836303B2200303B160017270F00081A2800303B22
  chr_008=00000000000000000000000000000000
  chr_01C=00000000000000000000000000000000
  chr_108=78C4E47886867C000000000000000000
  chr_11C=78CCC07C06C67C000000000000000000
SNAPSHOT frame=505 reason=state_change
  state gm=00 ready=01 script=00 sub=00 ppu_idx=00 ram_005C=00 auto=00 phase=00 frm=74 ctrl=B0 mask=1E ctrl_shadow=B0 mask_shadow=1E flush_done=01 vblank=00 mirror=10
  nt_row_04=DC EE 24 24 24 24 24 24 24 24 24 24 24 24 24 24 24 24 24 24 24 24 24 24 24 24 24 24 24 24 D6 DB
  nt_row_07=DE EE 24 24 24 E3 24 24 71 72 73 74 75 76 77 78 79 79 79 7A 7B 24 24 24 24 24 E2 24 24 24 D6 DB
  nt_row_08=DE D8 EF 24 24 E2 24 7C 7D 7E 7F 80 81 82 83 84 85 86 87 88 89 8A 8B 24 24 24 E3 24 24 24 D6 DF
  nt_row_11=DE DB D7 24 24 E3 70 AF B0 B1 B2 B3 B4 B5 B6 B7 B8 B9 BA BB BC BD BE BF C0 24 E2 24 24 D6 DB DB
  nt_row_13=DE DB EE 24 24 E3 24 C6 C7 C8 C8 C8 24 C9 CA CB CC CD C8 C8 C8 C8 E8 E9 D3 24 E2 24 24 D6 DB DB
  nt_row_17=DC DA DC D7 24 24 24 24 24 24 24 24 24 F0 01 09 08 06 24 17 12 17 1D 0E 17 0D 18 24 D6 DC DB DF
  nt_row_20=E1 D9 DC ED E0 EF 24 24 19 1E 1C 11 24 1C 1D 0A 1B 1D 24 0B 1E 1D 1D 18 17 24 24 24 D6 D8 E1 D9
  pal=360F00103617270F36081A2836303B2200303B160017270F00081A2800303B22
  chr_008=00000000000000000000000000000000
  chr_01C=00000000000000000000000000000000
  chr_108=78C4E47886867C000000000000000000
  chr_11C=78CCC07C06C67C000000000000000000
SNAPSHOT frame=506 reason=state_change
  state gm=00 ready=01 script=00 sub=00 ppu_idx=00 ram_005C=00 auto=00 phase=00 frm=75 ctrl=B0 mask=1E ctrl_shadow=B0 mask_shadow=1E flush_done=01 vblank=00 mirror=10
  nt_row_04=DC EE 24 24 24 24 24 24 24 24 24 24 24 24 24 24 24 24 24 24 24 24 24 24 24 24 24 24 24 24 D6 DB
  nt_row_07=DE EE 24 24 24 E3 24 24 71 72 73 74 75 76 77 78 79 79 79 7A 7B 24 24 24 24 24 E2 24 24 24 D6 DB
  nt_row_08=DE D8 EF 24 24 E2 24 7C 7D 7E 7F 80 81 82 83 84 85 86 87 88 89 8A 8B 24 24 24 E3 24 24 24 D6 DF
  nt_row_11=DE DB D7 24 24 E3 70 AF B0 B1 B2 B3 B4 B5 B6 B7 B8 B9 BA BB BC BD BE BF C0 24 E2 24 24 D6 DB DB
  nt_row_13=DE DB EE 24 24 E3 24 C6 C7 C8 C8 C8 24 C9 CA CB CC CD C8 C8 C8 C8 E8 E9 D3 24 E2 24 24 D6 DB DB
  nt_row_17=DC DA DC D7 24 24 24 24 24 24 24 24 24 F0 01 09 08 06 24 17 12 17 1D 0E 17 0D 18 24 D6 DC DB DF
  nt_row_20=E1 D9 DC ED E0 EF 24 24 19 1E 1C 11 24 1C 1D 0A 1B 1D 24 0B 1E 1D 1D 18 17 24 24 24 D6 D8 E1 D9
  pal=360F00103617270F36081A2836303B2200303B160017270F00081A2800303B22
  chr_008=00000000000000000000000000000000
  chr_01C=00000000000000000000000000000000
  chr_108=78C4E47886867C000000000000000000
  chr_11C=78CCC07C06C67C000000000000000000
SNAPSHOT frame=507 reason=state_change
  state gm=00 ready=01 script=00 sub=00 ppu_idx=00 ram_005C=00 auto=00 phase=00 frm=76 ctrl=B0 mask=1E ctrl_shadow=B0 mask_shadow=1E flush_done=01 vblank=00 mirror=10
  nt_row_04=DC EE 24 24 24 24 24 24 24 24 24 24 24 24 24 24 24 24 24 24 24 24 24 24 24 24 24 24 24 24 D6 DB
  nt_row_07=DE EE 24 24 24 E3 24 24 71 72 73 74 75 76 77 78 79 79 79 7A 7B 24 24 24 24 24 E2 24 24 24 D6 DB
  nt_row_08=DE D8 EF 24 24 E2 24 7C 7D 7E 7F 80 81 82 83 84 85 86 87 88 89 8A 8B 24 24 24 E3 24 24 24 D6 DF
  nt_row_11=DE DB D7 24 24 E3 70 AF B0 B1 B2 B3 B4 B5 B6 B7 B8 B9 BA BB BC BD BE BF C0 24 E2 24 24 D6 DB DB
  nt_row_13=DE DB EE 24 24 E3 24 C6 C7 C8 C8 C8 24 C9 CA CB CC CD C8 C8 C8 C8 E8 E9 D3 24 E2 24 24 D6 DB DB
  nt_row_17=DC DA DC D7 24 24 24 24 24 24 24 24 24 F0 01 09 08 06 24 17 12 17 1D 0E 17 0D 18 24 D6 DC DB DF
  nt_row_20=E1 D9 DC ED E0 EF 24 24 19 1E 1C 11 24 1C 1D 0A 1B 1D 24 0B 1E 1D 1D 18 17 24 24 24 D6 D8 E1 D9
  pal=360F00103617270F36081A2836303B2200303B160017270F00081A2800303B22
  chr_008=00000000000000000000000000000000
  chr_01C=00000000000000000000000000000000
  chr_108=78C4E47886867C000000000000000000
  chr_11C=78CCC07C06C67C000000000000000000
SNAPSHOT frame=508 reason=state_change
  state gm=00 ready=01 script=00 sub=00 ppu_idx=00 ram_005C=00 auto=00 phase=00 frm=77 ctrl=B0 mask=1E ctrl_shadow=B0 mask_shadow=1E flush_done=01 vblank=00 mirror=10
  nt_row_04=DC EE 24 24 24 24 24 24 24 24 24 24 24 24 24 24 24 24 24 24 24 24 24 24 24 24 24 24 24 24 D6 DB
  nt_row_07=DE EE 24 24 24 E3 24 24 71 72 73 74 75 76 77 78 79 79 79 7A 7B 24 24 24 24 24 E2 24 24 24 D6 DB
  nt_row_08=DE D8 EF 24 24 E2 24 7C 7D 7E 7F 80 81 82 83 84 85 86 87 88 89 8A 8B 24 24 24 E3 24 24 24 D6 DF
  nt_row_11=DE DB D7 24 24 E3 70 AF B0 B1 B2 B3 B4 B5 B6 B7 B8 B9 BA BB BC BD BE BF C0 24 E2 24 24 D6 DB DB
  nt_row_13=DE DB EE 24 24 E3 24 C6 C7 C8 C8 C8 24 C9 CA CB CC CD C8 C8 C8 C8 E8 E9 D3 24 E2 24 24 D6 DB DB
  nt_row_17=DC DA DC D7 24 24 24 24 24 24 24 24 24 F0 01 09 08 06 24 17 12 17 1D 0E 17 0D 18 24 D6 DC DB DF
  nt_row_20=E1 D9 DC ED E0 EF 24 24 19 1E 1C 11 24 1C 1D 0A 1B 1D 24 0B 1E 1D 1D 18 17 24 24 24 D6 D8 E1 D9
  pal=360F00103617270F36081A2836303B2200303B160017270F00081A2800303B22
  chr_008=00000000000000000000000000000000
  chr_01C=00000000000000000000000000000000
  chr_108=78C4E47886867C000000000000000000
  chr_11C=78CCC07C06C67C000000000000000000
SNAPSHOT frame=509 reason=state_change
  state gm=00 ready=01 script=00 sub=00 ppu_idx=00 ram_005C=00 auto=00 phase=00 frm=78 ctrl=B0 mask=1E ctrl_shadow=B0 mask_shadow=1E flush_done=01 vblank=00 mirror=10
  nt_row_04=DC EE 24 24 24 24 24 24 24 24 24 24 24 24 24 24 24 24 24 24 24 24 24 24 24 24 24 24 24 24 D6 DB
  nt_row_07=DE EE 24 24 24 E3 24 24 71 72 73 74 75 76 77 78 79 79 79 7A 7B 24 24 24 24 24 E2 24 24 24 D6 DB
  nt_row_08=DE D8 EF 24 24 E2 24 7C 7D 7E 7F 80 81 82 83 84 85 86 87 88 89 8A 8B 24 24 24 E3 24 24 24 D6 DF
  nt_row_11=DE DB D7 24 24 E3 70 AF B0 B1 B2 B3 B4 B5 B6 B7 B8 B9 BA BB BC BD BE BF C0 24 E2 24 24 D6 DB DB
  nt_row_13=DE DB EE 24 24 E3 24 C6 C7 C8 C8 C8 24 C9 CA CB CC CD C8 C8 C8 C8 E8 E9 D3 24 E2 24 24 D6 DB DB
  nt_row_17=DC DA DC D7 24 24 24 24 24 24 24 24 24 F0 01 09 08 06 24 17 12 17 1D 0E 17 0D 18 24 D6 DC DB DF
  nt_row_20=E1 D9 DC ED E0 EF 24 24 19 1E 1C 11 24 1C 1D 0A 1B 1D 24 0B 1E 1D 1D 18 17 24 24 24 D6 D8 E1 D9
  pal=360F00103617270F36081A2836303B2200303B160017270F00081A2800303B22
  chr_008=00000000000000000000000000000000
  chr_01C=00000000000000000000000000000000
  chr_108=78C4E47886867C000000000000000000
  chr_11C=78CCC07C06C67C000000000000000000
SNAPSHOT frame=510 reason=state_change
  state gm=00 ready=01 script=00 sub=00 ppu_idx=00 ram_005C=00 auto=00 phase=00 frm=79 ctrl=B0 mask=1E ctrl_shadow=B0 mask_shadow=1E flush_done=01 vblank=00 mirror=10
  nt_row_04=DC EE 24 24 24 24 24 24 24 24 24 24 24 24 24 24 24 24 24 24 24 24 24 24 24 24 24 24 24 24 D6 DB
  nt_row_07=DE EE 24 24 24 E3 24 24 71 72 73 74 75 76 77 78 79 79 79 7A 7B 24 24 24 24 24 E2 24 24 24 D6 DB
  nt_row_08=DE D8 EF 24 24 E2 24 7C 7D 7E 7F 80 81 82 83 84 85 86 87 88 89 8A 8B 24 24 24 E3 24 24 24 D6 DF
  nt_row_11=DE DB D7 24 24 E3 70 AF B0 B1 B2 B3 B4 B5 B6 B7 B8 B9 BA BB BC BD BE BF C0 24 E2 24 24 D6 DB DB
  nt_row_13=DE DB EE 24 24 E3 24 C6 C7 C8 C8 C8 24 C9 CA CB CC CD C8 C8 C8 C8 E8 E9 D3 24 E2 24 24 D6 DB DB
  nt_row_17=DC DA DC D7 24 24 24 24 24 24 24 24 24 F0 01 09 08 06 24 17 12 17 1D 0E 17 0D 18 24 D6 DC DB DF
  nt_row_20=E1 D9 DC ED E0 EF 24 24 19 1E 1C 11 24 1C 1D 0A 1B 1D 24 0B 1E 1D 1D 18 17 24 24 24 D6 D8 E1 D9
  pal=360F00103617270F36081A2836303B2200303B160017270F00081A2800303B22
  chr_008=00000000000000000000000000000000
  chr_01C=00000000000000000000000000000000
  chr_108=78C4E47886867C000000000000000000
  chr_11C=78CCC07C06C67C000000000000000000
SNAPSHOT frame=511 reason=state_change
  state gm=00 ready=01 script=00 sub=00 ppu_idx=00 ram_005C=00 auto=00 phase=00 frm=7A ctrl=B0 mask=1E ctrl_shadow=B0 mask_shadow=1E flush_done=01 vblank=00 mirror=10
  nt_row_04=DC EE 24 24 24 24 24 24 24 24 24 24 24 24 24 24 24 24 24 24 24 24 24 24 24 24 24 24 24 24 D6 DB
  nt_row_07=DE EE 24 24 24 E3 24 24 71 72 73 74 75 76 77 78 79 79 79 7A 7B 24 24 24 24 24 E2 24 24 24 D6 DB
  nt_row_08=DE D8 EF 24 24 E2 24 7C 7D 7E 7F 80 81 82 83 84 85 86 87 88 89 8A 8B 24 24 24 E3 24 24 24 D6 DF
  nt_row_11=DE DB D7 24 24 E3 70 AF B0 B1 B2 B3 B4 B5 B6 B7 B8 B9 BA BB BC BD BE BF C0 24 E2 24 24 D6 DB DB
  nt_row_13=DE DB EE 24 24 E3 24 C6 C7 C8 C8 C8 24 C9 CA CB CC CD C8 C8 C8 C8 E8 E9 D3 24 E2 24 24 D6 DB DB
  nt_row_17=DC DA DC D7 24 24 24 24 24 24 24 24 24 F0 01 09 08 06 24 17 12 17 1D 0E 17 0D 18 24 D6 DC DB DF
  nt_row_20=E1 D9 DC ED E0 EF 24 24 19 1E 1C 11 24 1C 1D 0A 1B 1D 24 0B 1E 1D 1D 18 17 24 24 24 D6 D8 E1 D9
  pal=360F00103617270F36081A2836303B2200303B160017270F00081A2800303B22
  chr_008=00000000000000000000000000000000
  chr_01C=00000000000000000000000000000000
  chr_108=78C4E47886867C000000000000000000
  chr_11C=78CCC07C06C67C000000000000000000
SNAPSHOT frame=512 reason=state_change
  state gm=00 ready=01 script=00 sub=00 ppu_idx=00 ram_005C=00 auto=00 phase=00 frm=7B ctrl=B0 mask=1E ctrl_shadow=B0 mask_shadow=1E flush_done=01 vblank=00 mirror=10
  nt_row_04=DC EE 24 24 24 24 24 24 24 24 24 24 24 24 24 24 24 24 24 24 24 24 24 24 24 24 24 24 24 24 D6 DB
  nt_row_07=DE EE 24 24 24 E3 24 24 71 72 73 74 75 76 77 78 79 79 79 7A 7B 24 24 24 24 24 E2 24 24 24 D6 DB
  nt_row_08=DE D8 EF 24 24 E2 24 7C 7D 7E 7F 80 81 82 83 84 85 86 87 88 89 8A 8B 24 24 24 E3 24 24 24 D6 DF
  nt_row_11=DE DB D7 24 24 E3 70 AF B0 B1 B2 B3 B4 B5 B6 B7 B8 B9 BA BB BC BD BE BF C0 24 E2 24 24 D6 DB DB
  nt_row_13=DE DB EE 24 24 E3 24 C6 C7 C8 C8 C8 24 C9 CA CB CC CD C8 C8 C8 C8 E8 E9 D3 24 E2 24 24 D6 DB DB
  nt_row_17=DC DA DC D7 24 24 24 24 24 24 24 24 24 F0 01 09 08 06 24 17 12 17 1D 0E 17 0D 18 24 D6 DC DB DF
  nt_row_20=E1 D9 DC ED E0 EF 24 24 19 1E 1C 11 24 1C 1D 0A 1B 1D 24 0B 1E 1D 1D 18 17 24 24 24 D6 D8 E1 D9
  pal=360F00103617270F36081A2836303B2200303B160017270F00081A2800303B22
  chr_008=00000000000000000000000000000000
  chr_01C=00000000000000000000000000000000
  chr_108=78C4E47886867C000000000000000000
  chr_11C=78CCC07C06C67C000000000000000000
SNAPSHOT frame=513 reason=state_change
  state gm=00 ready=01 script=00 sub=00 ppu_idx=00 ram_005C=00 auto=00 phase=00 frm=7C ctrl=B0 mask=1E ctrl_shadow=B0 mask_shadow=1E flush_done=01 vblank=00 mirror=10
  nt_row_04=DC EE 24 24 24 24 24 24 24 24 24 24 24 24 24 24 24 24 24 24 24 24 24 24 24 24 24 24 24 24 D6 DB
  nt_row_07=DE EE 24 24 24 E3 24 24 71 72 73 74 75 76 77 78 79 79 79 7A 7B 24 24 24 24 24 E2 24 24 24 D6 DB
  nt_row_08=DE D8 EF 24 24 E2 24 7C 7D 7E 7F 80 81 82 83 84 85 86 87 88 89 8A 8B 24 24 24 E3 24 24 24 D6 DF
  nt_row_11=DE DB D7 24 24 E3 70 AF B0 B1 B2 B3 B4 B5 B6 B7 B8 B9 BA BB BC BD BE BF C0 24 E2 24 24 D6 DB DB
  nt_row_13=DE DB EE 24 24 E3 24 C6 C7 C8 C8 C8 24 C9 CA CB CC CD C8 C8 C8 C8 E8 E9 D3 24 E2 24 24 D6 DB DB
  nt_row_17=DC DA DC D7 24 24 24 24 24 24 24 24 24 F0 01 09 08 06 24 17 12 17 1D 0E 17 0D 18 24 D6 DC DB DF
  nt_row_20=E1 D9 DC ED E0 EF 24 24 19 1E 1C 11 24 1C 1D 0A 1B 1D 24 0B 1E 1D 1D 18 17 24 24 24 D6 D8 E1 D9
  pal=360F00103617270F36081A2836303B2200303B160017270F00081A2800303B22
  chr_008=00000000000000000000000000000000
  chr_01C=00000000000000000000000000000000
  chr_108=78C4E47886867C000000000000000000
  chr_11C=78CCC07C06C67C000000000000000000
SNAPSHOT frame=514 reason=state_change
  state gm=00 ready=01 script=00 sub=00 ppu_idx=00 ram_005C=00 auto=00 phase=00 frm=7D ctrl=B0 mask=1E ctrl_shadow=B0 mask_shadow=1E flush_done=01 vblank=00 mirror=10
  nt_row_04=DC EE 24 24 24 24 24 24 24 24 24 24 24 24 24 24 24 24 24 24 24 24 24 24 24 24 24 24 24 24 D6 DB
  nt_row_07=DE EE 24 24 24 E3 24 24 71 72 73 74 75 76 77 78 79 79 79 7A 7B 24 24 24 24 24 E2 24 24 24 D6 DB
  nt_row_08=DE D8 EF 24 24 E2 24 7C 7D 7E 7F 80 81 82 83 84 85 86 87 88 89 8A 8B 24 24 24 E3 24 24 24 D6 DF
  nt_row_11=DE DB D7 24 24 E3 70 AF B0 B1 B2 B3 B4 B5 B6 B7 B8 B9 BA BB BC BD BE BF C0 24 E2 24 24 D6 DB DB
  nt_row_13=DE DB EE 24 24 E3 24 C6 C7 C8 C8 C8 24 C9 CA CB CC CD C8 C8 C8 C8 E8 E9 D3 24 E2 24 24 D6 DB DB
  nt_row_17=DC DA DC D7 24 24 24 24 24 24 24 24 24 F0 01 09 08 06 24 17 12 17 1D 0E 17 0D 18 24 D6 DC DB DF
  nt_row_20=E1 D9 DC ED E0 EF 24 24 19 1E 1C 11 24 1C 1D 0A 1B 1D 24 0B 1E 1D 1D 18 17 24 24 24 D6 D8 E1 D9
  pal=360F00103617270F36081A2836303B2200303B160017270F00081A2800303B22
  chr_008=00000000000000000000000000000000
  chr_01C=00000000000000000000000000000000
  chr_108=78C4E47886867C000000000000000000
  chr_11C=78CCC07C06C67C000000000000000000
SNAPSHOT frame=515 reason=state_change
  state gm=00 ready=01 script=00 sub=00 ppu_idx=00 ram_005C=00 auto=00 phase=00 frm=7E ctrl=B0 mask=1E ctrl_shadow=B0 mask_shadow=1E flush_done=01 vblank=00 mirror=10
  nt_row_04=DC EE 24 24 24 24 24 24 24 24 24 24 24 24 24 24 24 24 24 24 24 24 24 24 24 24 24 24 24 24 D6 DB
  nt_row_07=DE EE 24 24 24 E3 24 24 71 72 73 74 75 76 77 78 79 79 79 7A 7B 24 24 24 24 24 E2 24 24 24 D6 DB
  nt_row_08=DE D8 EF 24 24 E2 24 7C 7D 7E 7F 80 81 82 83 84 85 86 87 88 89 8A 8B 24 24 24 E3 24 24 24 D6 DF
  nt_row_11=DE DB D7 24 24 E3 70 AF B0 B1 B2 B3 B4 B5 B6 B7 B8 B9 BA BB BC BD BE BF C0 24 E2 24 24 D6 DB DB
  nt_row_13=DE DB EE 24 24 E3 24 C6 C7 C8 C8 C8 24 C9 CA CB CC CD C8 C8 C8 C8 E8 E9 D3 24 E2 24 24 D6 DB DB
  nt_row_17=DC DA DC D7 24 24 24 24 24 24 24 24 24 F0 01 09 08 06 24 17 12 17 1D 0E 17 0D 18 24 D6 DC DB DF
  nt_row_20=E1 D9 DC ED E0 EF 24 24 19 1E 1C 11 24 1C 1D 0A 1B 1D 24 0B 1E 1D 1D 18 17 24 24 24 D6 D8 E1 D9
  pal=360F00103617270F36081A2836303B2200303B160017270F00081A2800303B22
  chr_008=00000000000000000000000000000000
  chr_01C=00000000000000000000000000000000
  chr_108=78C4E47886867C000000000000000000
  chr_11C=78CCC07C06C67C000000000000000000
SNAPSHOT frame=516 reason=state_change
  state gm=00 ready=01 script=00 sub=00 ppu_idx=00 ram_005C=00 auto=00 phase=00 frm=7F ctrl=B0 mask=1E ctrl_shadow=B0 mask_shadow=1E flush_done=01 vblank=00 mirror=10
  nt_row_04=DC EE 24 24 24 24 24 24 24 24 24 24 24 24 24 24 24 24 24 24 24 24 24 24 24 24 24 24 24 24 D6 DB
  nt_row_07=DE EE 24 24 24 E3 24 24 71 72 73 74 75 76 77 78 79 79 79 7A 7B 24 24 24 24 24 E2 24 24 24 D6 DB
  nt_row_08=DE D8 EF 24 24 E2 24 7C 7D 7E 7F 80 81 82 83 84 85 86 87 88 89 8A 8B 24 24 24 E3 24 24 24 D6 DF
  nt_row_11=DE DB D7 24 24 E3 70 AF B0 B1 B2 B3 B4 B5 B6 B7 B8 B9 BA BB BC BD BE BF C0 24 E2 24 24 D6 DB DB
  nt_row_13=DE DB EE 24 24 E3 24 C6 C7 C8 C8 C8 24 C9 CA CB CC CD C8 C8 C8 C8 E8 E9 D3 24 E2 24 24 D6 DB DB
  nt_row_17=DC DA DC D7 24 24 24 24 24 24 24 24 24 F0 01 09 08 06 24 17 12 17 1D 0E 17 0D 18 24 D6 DC DB DF
  nt_row_20=E1 D9 DC ED E0 EF 24 24 19 1E 1C 11 24 1C 1D 0A 1B 1D 24 0B 1E 1D 1D 18 17 24 24 24 D6 D8 E1 D9
  pal=360F00103617270F36081A2836303B2200303B160017270F00081A2800303B22
  chr_008=00000000000000000000000000000000
  chr_01C=00000000000000000000000000000000
  chr_108=78C4E47886867C000000000000000000
  chr_11C=78CCC07C06C67C000000000000000000
SNAPSHOT frame=517 reason=state_change
  state gm=00 ready=01 script=00 sub=00 ppu_idx=00 ram_005C=00 auto=00 phase=00 frm=80 ctrl=B0 mask=1E ctrl_shadow=B0 mask_shadow=1E flush_done=01 vblank=00 mirror=10
  nt_row_04=DC EE 24 24 24 24 24 24 24 24 24 24 24 24 24 24 24 24 24 24 24 24 24 24 24 24 24 24 24 24 D6 DB
  nt_row_07=DE EE 24 24 24 E3 24 24 71 72 73 74 75 76 77 78 79 79 79 7A 7B 24 24 24 24 24 E2 24 24 24 D6 DB
  nt_row_08=DE D8 EF 24 24 E2 24 7C 7D 7E 7F 80 81 82 83 84 85 86 87 88 89 8A 8B 24 24 24 E3 24 24 24 D6 DF
  nt_row_11=DE DB D7 24 24 E3 70 AF B0 B1 B2 B3 B4 B5 B6 B7 B8 B9 BA BB BC BD BE BF C0 24 E2 24 24 D6 DB DB
  nt_row_13=DE DB EE 24 24 E3 24 C6 C7 C8 C8 C8 24 C9 CA CB CC CD C8 C8 C8 C8 E8 E9 D3 24 E2 24 24 D6 DB DB
  nt_row_17=DC DA DC D7 24 24 24 24 24 24 24 24 24 F0 01 09 08 06 24 17 12 17 1D 0E 17 0D 18 24 D6 DC DB DF
  nt_row_20=E1 D9 DC ED E0 EF 24 24 19 1E 1C 11 24 1C 1D 0A 1B 1D 24 0B 1E 1D 1D 18 17 24 24 24 D6 D8 E1 D9
  pal=360F00103617270F36081A2836303B2200303B160017270F00081A2800303B22
  chr_008=00000000000000000000000000000000
  chr_01C=00000000000000000000000000000000
  chr_108=78C4E47886867C000000000000000000
  chr_11C=78CCC07C06C67C000000000000000000
SNAPSHOT frame=518 reason=state_change
  state gm=00 ready=01 script=00 sub=00 ppu_idx=00 ram_005C=00 auto=00 phase=00 frm=81 ctrl=B0 mask=1E ctrl_shadow=B0 mask_shadow=1E flush_done=01 vblank=00 mirror=10
  nt_row_04=DC EE 24 24 24 24 24 24 24 24 24 24 24 24 24 24 24 24 24 24 24 24 24 24 24 24 24 24 24 24 D6 DB
  nt_row_07=DE EE 24 24 24 E3 24 24 71 72 73 74 75 76 77 78 79 79 79 7A 7B 24 24 24 24 24 E2 24 24 24 D6 DB
  nt_row_08=DE D8 EF 24 24 E2 24 7C 7D 7E 7F 80 81 82 83 84 85 86 87 88 89 8A 8B 24 24 24 E3 24 24 24 D6 DF
  nt_row_11=DE DB D7 24 24 E3 70 AF B0 B1 B2 B3 B4 B5 B6 B7 B8 B9 BA BB BC BD BE BF C0 24 E2 24 24 D6 DB DB
  nt_row_13=DE DB EE 24 24 E3 24 C6 C7 C8 C8 C8 24 C9 CA CB CC CD C8 C8 C8 C8 E8 E9 D3 24 E2 24 24 D6 DB DB
  nt_row_17=DC DA DC D7 24 24 24 24 24 24 24 24 24 F0 01 09 08 06 24 17 12 17 1D 0E 17 0D 18 24 D6 DC DB DF
  nt_row_20=E1 D9 DC ED E0 EF 24 24 19 1E 1C 11 24 1C 1D 0A 1B 1D 24 0B 1E 1D 1D 18 17 24 24 24 D6 D8 E1 D9
  pal=360F00103617270F36081A2836303B2200303B160017270F00081A2800303B22
  chr_008=00000000000000000000000000000000
  chr_01C=00000000000000000000000000000000
  chr_108=78C4E47886867C000000000000000000
  chr_11C=78CCC07C06C67C000000000000000000
SNAPSHOT frame=519 reason=state_change
  state gm=00 ready=01 script=00 sub=00 ppu_idx=00 ram_005C=00 auto=00 phase=00 frm=82 ctrl=B0 mask=1E ctrl_shadow=B0 mask_shadow=1E flush_done=01 vblank=00 mirror=10
  nt_row_04=DC EE 24 24 24 24 24 24 24 24 24 24 24 24 24 24 24 24 24 24 24 24 24 24 24 24 24 24 24 24 D6 DB
  nt_row_07=DE EE 24 24 24 E3 24 24 71 72 73 74 75 76 77 78 79 79 79 7A 7B 24 24 24 24 24 E2 24 24 24 D6 DB
  nt_row_08=DE D8 EF 24 24 E2 24 7C 7D 7E 7F 80 81 82 83 84 85 86 87 88 89 8A 8B 24 24 24 E3 24 24 24 D6 DF
  nt_row_11=DE DB D7 24 24 E3 70 AF B0 B1 B2 B3 B4 B5 B6 B7 B8 B9 BA BB BC BD BE BF C0 24 E2 24 24 D6 DB DB
  nt_row_13=DE DB EE 24 24 E3 24 C6 C7 C8 C8 C8 24 C9 CA CB CC CD C8 C8 C8 C8 E8 E9 D3 24 E2 24 24 D6 DB DB
  nt_row_17=DC DA DC D7 24 24 24 24 24 24 24 24 24 F0 01 09 08 06 24 17 12 17 1D 0E 17 0D 18 24 D6 DC DB DF
  nt_row_20=E1 D9 DC ED E0 EF 24 24 19 1E 1C 11 24 1C 1D 0A 1B 1D 24 0B 1E 1D 1D 18 17 24 24 24 D6 D8 E1 D9
  pal=360F00103617270F36081A2836303B2200303B160017270F00081A2800303B22
  chr_008=00000000000000000000000000000000
  chr_01C=00000000000000000000000000000000
  chr_108=78C4E47886867C000000000000000000
  chr_11C=78CCC07C06C67C000000000000000000
SNAPSHOT frame=520 reason=state_change
  state gm=00 ready=01 script=00 sub=00 ppu_idx=00 ram_005C=00 auto=00 phase=00 frm=83 ctrl=B0 mask=1E ctrl_shadow=B0 mask_shadow=1E flush_done=01 vblank=00 mirror=10
  nt_row_04=DC EE 24 24 24 24 24 24 24 24 24 24 24 24 24 24 24 24 24 24 24 24 24 24 24 24 24 24 24 24 D6 DB
  nt_row_07=DE EE 24 24 24 E3 24 24 71 72 73 74 75 76 77 78 79 79 79 7A 7B 24 24 24 24 24 E2 24 24 24 D6 DB
  nt_row_08=DE D8 EF 24 24 E2 24 7C 7D 7E 7F 80 81 82 83 84 85 86 87 88 89 8A 8B 24 24 24 E3 24 24 24 D6 DF
  nt_row_11=DE DB D7 24 24 E3 70 AF B0 B1 B2 B3 B4 B5 B6 B7 B8 B9 BA BB BC BD BE BF C0 24 E2 24 24 D6 DB DB
  nt_row_13=DE DB EE 24 24 E3 24 C6 C7 C8 C8 C8 24 C9 CA CB CC CD C8 C8 C8 C8 E8 E9 D3 24 E2 24 24 D6 DB DB
  nt_row_17=DC DA DC D7 24 24 24 24 24 24 24 24 24 F0 01 09 08 06 24 17 12 17 1D 0E 17 0D 18 24 D6 DC DB DF
  nt_row_20=E1 D9 DC ED E0 EF 24 24 19 1E 1C 11 24 1C 1D 0A 1B 1D 24 0B 1E 1D 1D 18 17 24 24 24 D6 D8 E1 D9
  pal=360F00103617270F36081A2836303B2200303B160017270F00081A2800303B22
  chr_008=00000000000000000000000000000000
  chr_01C=00000000000000000000000000000000
  chr_108=78C4E47886867C000000000000000000
  chr_11C=78CCC07C06C67C000000000000000000
SNAPSHOT frame=521 reason=state_change
  state gm=00 ready=01 script=00 sub=00 ppu_idx=00 ram_005C=00 auto=00 phase=00 frm=84 ctrl=B0 mask=1E ctrl_shadow=B0 mask_shadow=1E flush_done=01 vblank=00 mirror=10
  nt_row_04=DC EE 24 24 24 24 24 24 24 24 24 24 24 24 24 24 24 24 24 24 24 24 24 24 24 24 24 24 24 24 D6 DB
  nt_row_07=DE EE 24 24 24 E3 24 24 71 72 73 74 75 76 77 78 79 79 79 7A 7B 24 24 24 24 24 E2 24 24 24 D6 DB
  nt_row_08=DE D8 EF 24 24 E2 24 7C 7D 7E 7F 80 81 82 83 84 85 86 87 88 89 8A 8B 24 24 24 E3 24 24 24 D6 DF
  nt_row_11=DE DB D7 24 24 E3 70 AF B0 B1 B2 B3 B4 B5 B6 B7 B8 B9 BA BB BC BD BE BF C0 24 E2 24 24 D6 DB DB
  nt_row_13=DE DB EE 24 24 E3 24 C6 C7 C8 C8 C8 24 C9 CA CB CC CD C8 C8 C8 C8 E8 E9 D3 24 E2 24 24 D6 DB DB
  nt_row_17=DC DA DC D7 24 24 24 24 24 24 24 24 24 F0 01 09 08 06 24 17 12 17 1D 0E 17 0D 18 24 D6 DC DB DF
  nt_row_20=E1 D9 DC ED E0 EF 24 24 19 1E 1C 11 24 1C 1D 0A 1B 1D 24 0B 1E 1D 1D 18 17 24 24 24 D6 D8 E1 D9
  pal=360F00103617270F36081A2836303B2200303B160017270F00081A2800303B22
  chr_008=00000000000000000000000000000000
  chr_01C=00000000000000000000000000000000
  chr_108=78C4E47886867C000000000000000000
  chr_11C=78CCC07C06C67C000000000000000000
SNAPSHOT frame=522 reason=state_change
  state gm=00 ready=01 script=00 sub=00 ppu_idx=00 ram_005C=00 auto=00 phase=00 frm=85 ctrl=B0 mask=1E ctrl_shadow=B0 mask_shadow=1E flush_done=01 vblank=00 mirror=10
  nt_row_04=DC EE 24 24 24 24 24 24 24 24 24 24 24 24 24 24 24 24 24 24 24 24 24 24 24 24 24 24 24 24 D6 DB
  nt_row_07=DE EE 24 24 24 E3 24 24 71 72 73 74 75 76 77 78 79 79 79 7A 7B 24 24 24 24 24 E2 24 24 24 D6 DB
  nt_row_08=DE D8 EF 24 24 E2 24 7C 7D 7E 7F 80 81 82 83 84 85 86 87 88 89 8A 8B 24 24 24 E3 24 24 24 D6 DF
  nt_row_11=DE DB D7 24 24 E3 70 AF B0 B1 B2 B3 B4 B5 B6 B7 B8 B9 BA BB BC BD BE BF C0 24 E2 24 24 D6 DB DB
  nt_row_13=DE DB EE 24 24 E3 24 C6 C7 C8 C8 C8 24 C9 CA CB CC CD C8 C8 C8 C8 E8 E9 D3 24 E2 24 24 D6 DB DB
  nt_row_17=DC DA DC D7 24 24 24 24 24 24 24 24 24 F0 01 09 08 06 24 17 12 17 1D 0E 17 0D 18 24 D6 DC DB DF
  nt_row_20=E1 D9 DC ED E0 EF 24 24 19 1E 1C 11 24 1C 1D 0A 1B 1D 24 0B 1E 1D 1D 18 17 24 24 24 D6 D8 E1 D9
  pal=360F00103617270F36081A2836303B2200303B160017270F00081A2800303B22
  chr_008=00000000000000000000000000000000
  chr_01C=00000000000000000000000000000000
  chr_108=78C4E47886867C000000000000000000
  chr_11C=78CCC07C06C67C000000000000000000
SNAPSHOT frame=523 reason=state_change
  state gm=00 ready=01 script=00 sub=00 ppu_idx=00 ram_005C=00 auto=00 phase=00 frm=86 ctrl=B0 mask=1E ctrl_shadow=B0 mask_shadow=1E flush_done=01 vblank=00 mirror=10
  nt_row_04=DC EE 24 24 24 24 24 24 24 24 24 24 24 24 24 24 24 24 24 24 24 24 24 24 24 24 24 24 24 24 D6 DB
  nt_row_07=DE EE 24 24 24 E3 24 24 71 72 73 74 75 76 77 78 79 79 79 7A 7B 24 24 24 24 24 E2 24 24 24 D6 DB
  nt_row_08=DE D8 EF 24 24 E2 24 7C 7D 7E 7F 80 81 82 83 84 85 86 87 88 89 8A 8B 24 24 24 E3 24 24 24 D6 DF
  nt_row_11=DE DB D7 24 24 E3 70 AF B0 B1 B2 B3 B4 B5 B6 B7 B8 B9 BA BB BC BD BE BF C0 24 E2 24 24 D6 DB DB
  nt_row_13=DE DB EE 24 24 E3 24 C6 C7 C8 C8 C8 24 C9 CA CB CC CD C8 C8 C8 C8 E8 E9 D3 24 E2 24 24 D6 DB DB
  nt_row_17=DC DA DC D7 24 24 24 24 24 24 24 24 24 F0 01 09 08 06 24 17 12 17 1D 0E 17 0D 18 24 D6 DC DB DF
  nt_row_20=E1 D9 DC ED E0 EF 24 24 19 1E 1C 11 24 1C 1D 0A 1B 1D 24 0B 1E 1D 1D 18 17 24 24 24 D6 D8 E1 D9
  pal=360F00103617270F36081A2836303B2200303B160017270F00081A2800303B22
  chr_008=00000000000000000000000000000000
  chr_01C=00000000000000000000000000000000
  chr_108=78C4E47886867C000000000000000000
  chr_11C=78CCC07C06C67C000000000000000000
SNAPSHOT frame=524 reason=state_change
  state gm=00 ready=01 script=00 sub=00 ppu_idx=00 ram_005C=00 auto=00 phase=00 frm=87 ctrl=B0 mask=1E ctrl_shadow=B0 mask_shadow=1E flush_done=01 vblank=00 mirror=10
  nt_row_04=DC EE 24 24 24 24 24 24 24 24 24 24 24 24 24 24 24 24 24 24 24 24 24 24 24 24 24 24 24 24 D6 DB
  nt_row_07=DE EE 24 24 24 E3 24 24 71 72 73 74 75 76 77 78 79 79 79 7A 7B 24 24 24 24 24 E2 24 24 24 D6 DB
  nt_row_08=DE D8 EF 24 24 E2 24 7C 7D 7E 7F 80 81 82 83 84 85 86 87 88 89 8A 8B 24 24 24 E3 24 24 24 D6 DF
  nt_row_11=DE DB D7 24 24 E3 70 AF B0 B1 B2 B3 B4 B5 B6 B7 B8 B9 BA BB BC BD BE BF C0 24 E2 24 24 D6 DB DB
  nt_row_13=DE DB EE 24 24 E3 24 C6 C7 C8 C8 C8 24 C9 CA CB CC CD C8 C8 C8 C8 E8 E9 D3 24 E2 24 24 D6 DB DB
  nt_row_17=DC DA DC D7 24 24 24 24 24 24 24 24 24 F0 01 09 08 06 24 17 12 17 1D 0E 17 0D 18 24 D6 DC DB DF
  nt_row_20=E1 D9 DC ED E0 EF 24 24 19 1E 1C 11 24 1C 1D 0A 1B 1D 24 0B 1E 1D 1D 18 17 24 24 24 D6 D8 E1 D9
  pal=360F00103617270F36081A2836303B2200303B160017270F00081A2800303B22
  chr_008=00000000000000000000000000000000
  chr_01C=00000000000000000000000000000000
  chr_108=78C4E47886867C000000000000000000
  chr_11C=78CCC07C06C67C000000000000000000
SNAPSHOT frame=525 reason=state_change
  state gm=00 ready=01 script=00 sub=00 ppu_idx=00 ram_005C=00 auto=00 phase=00 frm=88 ctrl=B0 mask=1E ctrl_shadow=B0 mask_shadow=1E flush_done=01 vblank=00 mirror=10
  nt_row_04=DC EE 24 24 24 24 24 24 24 24 24 24 24 24 24 24 24 24 24 24 24 24 24 24 24 24 24 24 24 24 D6 DB
  nt_row_07=DE EE 24 24 24 E3 24 24 71 72 73 74 75 76 77 78 79 79 79 7A 7B 24 24 24 24 24 E2 24 24 24 D6 DB
  nt_row_08=DE D8 EF 24 24 E2 24 7C 7D 7E 7F 80 81 82 83 84 85 86 87 88 89 8A 8B 24 24 24 E3 24 24 24 D6 DF
  nt_row_11=DE DB D7 24 24 E3 70 AF B0 B1 B2 B3 B4 B5 B6 B7 B8 B9 BA BB BC BD BE BF C0 24 E2 24 24 D6 DB DB
  nt_row_13=DE DB EE 24 24 E3 24 C6 C7 C8 C8 C8 24 C9 CA CB CC CD C8 C8 C8 C8 E8 E9 D3 24 E2 24 24 D6 DB DB
  nt_row_17=DC DA DC D7 24 24 24 24 24 24 24 24 24 F0 01 09 08 06 24 17 12 17 1D 0E 17 0D 18 24 D6 DC DB DF
  nt_row_20=E1 D9 DC ED E0 EF 24 24 19 1E 1C 11 24 1C 1D 0A 1B 1D 24 0B 1E 1D 1D 18 17 24 24 24 D6 D8 E1 D9
  pal=360F00103617270F36081A2836303B2200303B160017270F00081A2800303B22
  chr_008=00000000000000000000000000000000
  chr_01C=00000000000000000000000000000000
  chr_108=78C4E47886867C000000000000000000
  chr_11C=78CCC07C06C67C000000000000000000
SNAPSHOT frame=526 reason=state_change
  state gm=00 ready=01 script=00 sub=00 ppu_idx=00 ram_005C=00 auto=00 phase=00 frm=89 ctrl=B0 mask=1E ctrl_shadow=B0 mask_shadow=1E flush_done=01 vblank=00 mirror=10
  nt_row_04=DC EE 24 24 24 24 24 24 24 24 24 24 24 24 24 24 24 24 24 24 24 24 24 24 24 24 24 24 24 24 D6 DB
  nt_row_07=DE EE 24 24 24 E3 24 24 71 72 73 74 75 76 77 78 79 79 79 7A 7B 24 24 24 24 24 E2 24 24 24 D6 DB
  nt_row_08=DE D8 EF 24 24 E2 24 7C 7D 7E 7F 80 81 82 83 84 85 86 87 88 89 8A 8B 24 24 24 E3 24 24 24 D6 DF
  nt_row_11=DE DB D7 24 24 E3 70 AF B0 B1 B2 B3 B4 B5 B6 B7 B8 B9 BA BB BC BD BE BF C0 24 E2 24 24 D6 DB DB
  nt_row_13=DE DB EE 24 24 E3 24 C6 C7 C8 C8 C8 24 C9 CA CB CC CD C8 C8 C8 C8 E8 E9 D3 24 E2 24 24 D6 DB DB
  nt_row_17=DC DA DC D7 24 24 24 24 24 24 24 24 24 F0 01 09 08 06 24 17 12 17 1D 0E 17 0D 18 24 D6 DC DB DF
  nt_row_20=E1 D9 DC ED E0 EF 24 24 19 1E 1C 11 24 1C 1D 0A 1B 1D 24 0B 1E 1D 1D 18 17 24 24 24 D6 D8 E1 D9
  pal=360F00103617270F36081A2836303B2200303B160017270F00081A2800303B22
  chr_008=00000000000000000000000000000000
  chr_01C=00000000000000000000000000000000
  chr_108=78C4E47886867C000000000000000000
  chr_11C=78CCC07C06C67C000000000000000000
SNAPSHOT frame=527 reason=state_change
  state gm=00 ready=01 script=00 sub=00 ppu_idx=00 ram_005C=00 auto=00 phase=00 frm=8A ctrl=B0 mask=1E ctrl_shadow=B0 mask_shadow=1E flush_done=01 vblank=00 mirror=10
  nt_row_04=DC EE 24 24 24 24 24 24 24 24 24 24 24 24 24 24 24 24 24 24 24 24 24 24 24 24 24 24 24 24 D6 DB
  nt_row_07=DE EE 24 24 24 E3 24 24 71 72 73 74 75 76 77 78 79 79 79 7A 7B 24 24 24 24 24 E2 24 24 24 D6 DB
  nt_row_08=DE D8 EF 24 24 E2 24 7C 7D 7E 7F 80 81 82 83 84 85 86 87 88 89 8A 8B 24 24 24 E3 24 24 24 D6 DF
  nt_row_11=DE DB D7 24 24 E3 70 AF B0 B1 B2 B3 B4 B5 B6 B7 B8 B9 BA BB BC BD BE BF C0 24 E2 24 24 D6 DB DB
  nt_row_13=DE DB EE 24 24 E3 24 C6 C7 C8 C8 C8 24 C9 CA CB CC CD C8 C8 C8 C8 E8 E9 D3 24 E2 24 24 D6 DB DB
  nt_row_17=DC DA DC D7 24 24 24 24 24 24 24 24 24 F0 01 09 08 06 24 17 12 17 1D 0E 17 0D 18 24 D6 DC DB DF
  nt_row_20=E1 D9 DC ED E0 EF 24 24 19 1E 1C 11 24 1C 1D 0A 1B 1D 24 0B 1E 1D 1D 18 17 24 24 24 D6 D8 E1 D9
  pal=360F00103617270F36081A2836303B2200303B160017270F00081A2800303B22
  chr_008=00000000000000000000000000000000
  chr_01C=00000000000000000000000000000000
  chr_108=78C4E47886867C000000000000000000
  chr_11C=78CCC07C06C67C000000000000000000
SNAPSHOT frame=528 reason=state_change
  state gm=00 ready=01 script=00 sub=00 ppu_idx=00 ram_005C=00 auto=00 phase=00 frm=8B ctrl=B0 mask=1E ctrl_shadow=B0 mask_shadow=1E flush_done=01 vblank=00 mirror=10
  nt_row_04=DC EE 24 24 24 24 24 24 24 24 24 24 24 24 24 24 24 24 24 24 24 24 24 24 24 24 24 24 24 24 D6 DB
  nt_row_07=DE EE 24 24 24 E3 24 24 71 72 73 74 75 76 77 78 79 79 79 7A 7B 24 24 24 24 24 E2 24 24 24 D6 DB
  nt_row_08=DE D8 EF 24 24 E2 24 7C 7D 7E 7F 80 81 82 83 84 85 86 87 88 89 8A 8B 24 24 24 E3 24 24 24 D6 DF
  nt_row_11=DE DB D7 24 24 E3 70 AF B0 B1 B2 B3 B4 B5 B6 B7 B8 B9 BA BB BC BD BE BF C0 24 E2 24 24 D6 DB DB
  nt_row_13=DE DB EE 24 24 E3 24 C6 C7 C8 C8 C8 24 C9 CA CB CC CD C8 C8 C8 C8 E8 E9 D3 24 E2 24 24 D6 DB DB
  nt_row_17=DC DA DC D7 24 24 24 24 24 24 24 24 24 F0 01 09 08 06 24 17 12 17 1D 0E 17 0D 18 24 D6 DC DB DF
  nt_row_20=E1 D9 DC ED E0 EF 24 24 19 1E 1C 11 24 1C 1D 0A 1B 1D 24 0B 1E 1D 1D 18 17 24 24 24 D6 D8 E1 D9
  pal=360F00103617270F36081A2836303B2200303B160017270F00081A2800303B22
  chr_008=00000000000000000000000000000000
  chr_01C=00000000000000000000000000000000
  chr_108=78C4E47886867C000000000000000000
  chr_11C=78CCC07C06C67C000000000000000000
SNAPSHOT frame=529 reason=state_change
  state gm=00 ready=01 script=00 sub=00 ppu_idx=00 ram_005C=00 auto=00 phase=00 frm=8C ctrl=B0 mask=1E ctrl_shadow=B0 mask_shadow=1E flush_done=01 vblank=00 mirror=10
  nt_row_04=DC EE 24 24 24 24 24 24 24 24 24 24 24 24 24 24 24 24 24 24 24 24 24 24 24 24 24 24 24 24 D6 DB
  nt_row_07=DE EE 24 24 24 E3 24 24 71 72 73 74 75 76 77 78 79 79 79 7A 7B 24 24 24 24 24 E2 24 24 24 D6 DB
  nt_row_08=DE D8 EF 24 24 E2 24 7C 7D 7E 7F 80 81 82 83 84 85 86 87 88 89 8A 8B 24 24 24 E3 24 24 24 D6 DF
  nt_row_11=DE DB D7 24 24 E3 70 AF B0 B1 B2 B3 B4 B5 B6 B7 B8 B9 BA BB BC BD BE BF C0 24 E2 24 24 D6 DB DB
  nt_row_13=DE DB EE 24 24 E3 24 C6 C7 C8 C8 C8 24 C9 CA CB CC CD C8 C8 C8 C8 E8 E9 D3 24 E2 24 24 D6 DB DB
  nt_row_17=DC DA DC D7 24 24 24 24 24 24 24 24 24 F0 01 09 08 06 24 17 12 17 1D 0E 17 0D 18 24 D6 DC DB DF
  nt_row_20=E1 D9 DC ED E0 EF 24 24 19 1E 1C 11 24 1C 1D 0A 1B 1D 24 0B 1E 1D 1D 18 17 24 24 24 D6 D8 E1 D9
  pal=360F00103617270F36081A2836303B2200303B160017270F00081A2800303B22
  chr_008=00000000000000000000000000000000
  chr_01C=00000000000000000000000000000000
  chr_108=78C4E47886867C000000000000000000
  chr_11C=78CCC07C06C67C000000000000000000
SNAPSHOT frame=530 reason=state_change
  state gm=00 ready=01 script=00 sub=00 ppu_idx=00 ram_005C=00 auto=00 phase=00 frm=8D ctrl=B0 mask=1E ctrl_shadow=B0 mask_shadow=1E flush_done=01 vblank=00 mirror=10
  nt_row_04=DC EE 24 24 24 24 24 24 24 24 24 24 24 24 24 24 24 24 24 24 24 24 24 24 24 24 24 24 24 24 D6 DB
  nt_row_07=DE EE 24 24 24 E3 24 24 71 72 73 74 75 76 77 78 79 79 79 7A 7B 24 24 24 24 24 E2 24 24 24 D6 DB
  nt_row_08=DE D8 EF 24 24 E2 24 7C 7D 7E 7F 80 81 82 83 84 85 86 87 88 89 8A 8B 24 24 24 E3 24 24 24 D6 DF
  nt_row_11=DE DB D7 24 24 E3 70 AF B0 B1 B2 B3 B4 B5 B6 B7 B8 B9 BA BB BC BD BE BF C0 24 E2 24 24 D6 DB DB
  nt_row_13=DE DB EE 24 24 E3 24 C6 C7 C8 C8 C8 24 C9 CA CB CC CD C8 C8 C8 C8 E8 E9 D3 24 E2 24 24 D6 DB DB
  nt_row_17=DC DA DC D7 24 24 24 24 24 24 24 24 24 F0 01 09 08 06 24 17 12 17 1D 0E 17 0D 18 24 D6 DC DB DF
  nt_row_20=E1 D9 DC ED E0 EF 24 24 19 1E 1C 11 24 1C 1D 0A 1B 1D 24 0B 1E 1D 1D 18 17 24 24 24 D6 D8 E1 D9
  pal=360F00103617270F36081A2836303B2200303B160017270F00081A2800303B22
  chr_008=00000000000000000000000000000000
  chr_01C=00000000000000000000000000000000
  chr_108=78C4E47886867C000000000000000000
  chr_11C=78CCC07C06C67C000000000000000000
SNAPSHOT frame=531 reason=state_change
  state gm=00 ready=01 script=00 sub=00 ppu_idx=00 ram_005C=00 auto=00 phase=00 frm=8E ctrl=B0 mask=1E ctrl_shadow=B0 mask_shadow=1E flush_done=01 vblank=00 mirror=10
  nt_row_04=DC EE 24 24 24 24 24 24 24 24 24 24 24 24 24 24 24 24 24 24 24 24 24 24 24 24 24 24 24 24 D6 DB
  nt_row_07=DE EE 24 24 24 E3 24 24 71 72 73 74 75 76 77 78 79 79 79 7A 7B 24 24 24 24 24 E2 24 24 24 D6 DB
  nt_row_08=DE D8 EF 24 24 E2 24 7C 7D 7E 7F 80 81 82 83 84 85 86 87 88 89 8A 8B 24 24 24 E3 24 24 24 D6 DF
  nt_row_11=DE DB D7 24 24 E3 70 AF B0 B1 B2 B3 B4 B5 B6 B7 B8 B9 BA BB BC BD BE BF C0 24 E2 24 24 D6 DB DB
  nt_row_13=DE DB EE 24 24 E3 24 C6 C7 C8 C8 C8 24 C9 CA CB CC CD C8 C8 C8 C8 E8 E9 D3 24 E2 24 24 D6 DB DB
  nt_row_17=DC DA DC D7 24 24 24 24 24 24 24 24 24 F0 01 09 08 06 24 17 12 17 1D 0E 17 0D 18 24 D6 DC DB DF
  nt_row_20=E1 D9 DC ED E0 EF 24 24 19 1E 1C 11 24 1C 1D 0A 1B 1D 24 0B 1E 1D 1D 18 17 24 24 24 D6 D8 E1 D9
  pal=360F00103617270F36081A2836303B2200303B160017270F00081A2800303B22
  chr_008=00000000000000000000000000000000
  chr_01C=00000000000000000000000000000000
  chr_108=78C4E47886867C000000000000000000
  chr_11C=78CCC07C06C67C000000000000000000
SNAPSHOT frame=532 reason=state_change
  state gm=00 ready=01 script=00 sub=00 ppu_idx=00 ram_005C=00 auto=00 phase=00 frm=8F ctrl=B0 mask=1E ctrl_shadow=B0 mask_shadow=1E flush_done=01 vblank=00 mirror=10
  nt_row_04=DC EE 24 24 24 24 24 24 24 24 24 24 24 24 24 24 24 24 24 24 24 24 24 24 24 24 24 24 24 24 D6 DB
  nt_row_07=DE EE 24 24 24 E3 24 24 71 72 73 74 75 76 77 78 79 79 79 7A 7B 24 24 24 24 24 E2 24 24 24 D6 DB
  nt_row_08=DE D8 EF 24 24 E2 24 7C 7D 7E 7F 80 81 82 83 84 85 86 87 88 89 8A 8B 24 24 24 E3 24 24 24 D6 DF
  nt_row_11=DE DB D7 24 24 E3 70 AF B0 B1 B2 B3 B4 B5 B6 B7 B8 B9 BA BB BC BD BE BF C0 24 E2 24 24 D6 DB DB
  nt_row_13=DE DB EE 24 24 E3 24 C6 C7 C8 C8 C8 24 C9 CA CB CC CD C8 C8 C8 C8 E8 E9 D3 24 E2 24 24 D6 DB DB
  nt_row_17=DC DA DC D7 24 24 24 24 24 24 24 24 24 F0 01 09 08 06 24 17 12 17 1D 0E 17 0D 18 24 D6 DC DB DF
  nt_row_20=E1 D9 DC ED E0 EF 24 24 19 1E 1C 11 24 1C 1D 0A 1B 1D 24 0B 1E 1D 1D 18 17 24 24 24 D6 D8 E1 D9
  pal=360F00103617270F36081A2836303B2200303B160017270F00081A2800303B22
  chr_008=00000000000000000000000000000000
  chr_01C=00000000000000000000000000000000
  chr_108=78C4E47886867C000000000000000000
  chr_11C=78CCC07C06C67C000000000000000000
SNAPSHOT frame=533 reason=state_change
  state gm=00 ready=01 script=00 sub=00 ppu_idx=00 ram_005C=00 auto=00 phase=00 frm=90 ctrl=B0 mask=1E ctrl_shadow=B0 mask_shadow=1E flush_done=01 vblank=00 mirror=10
  nt_row_04=DC EE 24 24 24 24 24 24 24 24 24 24 24 24 24 24 24 24 24 24 24 24 24 24 24 24 24 24 24 24 D6 DB
  nt_row_07=DE EE 24 24 24 E3 24 24 71 72 73 74 75 76 77 78 79 79 79 7A 7B 24 24 24 24 24 E2 24 24 24 D6 DB
  nt_row_08=DE D8 EF 24 24 E2 24 7C 7D 7E 7F 80 81 82 83 84 85 86 87 88 89 8A 8B 24 24 24 E3 24 24 24 D6 DF
  nt_row_11=DE DB D7 24 24 E3 70 AF B0 B1 B2 B3 B4 B5 B6 B7 B8 B9 BA BB BC BD BE BF C0 24 E2 24 24 D6 DB DB
  nt_row_13=DE DB EE 24 24 E3 24 C6 C7 C8 C8 C8 24 C9 CA CB CC CD C8 C8 C8 C8 E8 E9 D3 24 E2 24 24 D6 DB DB
  nt_row_17=DC DA DC D7 24 24 24 24 24 24 24 24 24 F0 01 09 08 06 24 17 12 17 1D 0E 17 0D 18 24 D6 DC DB DF
  nt_row_20=E1 D9 DC ED E0 EF 24 24 19 1E 1C 11 24 1C 1D 0A 1B 1D 24 0B 1E 1D 1D 18 17 24 24 24 D6 D8 E1 D9
  pal=360F00103617270F36081A2836303B2200303B160017270F00081A2800303B22
  chr_008=00000000000000000000000000000000
  chr_01C=00000000000000000000000000000000
  chr_108=78C4E47886867C000000000000000000
  chr_11C=78CCC07C06C67C000000000000000000
SNAPSHOT frame=534 reason=state_change
  state gm=00 ready=01 script=00 sub=00 ppu_idx=00 ram_005C=00 auto=00 phase=00 frm=91 ctrl=B0 mask=1E ctrl_shadow=B0 mask_shadow=1E flush_done=01 vblank=00 mirror=10
  nt_row_04=DC EE 24 24 24 24 24 24 24 24 24 24 24 24 24 24 24 24 24 24 24 24 24 24 24 24 24 24 24 24 D6 DB
  nt_row_07=DE EE 24 24 24 E3 24 24 71 72 73 74 75 76 77 78 79 79 79 7A 7B 24 24 24 24 24 E2 24 24 24 D6 DB
  nt_row_08=DE D8 EF 24 24 E2 24 7C 7D 7E 7F 80 81 82 83 84 85 86 87 88 89 8A 8B 24 24 24 E3 24 24 24 D6 DF
  nt_row_11=DE DB D7 24 24 E3 70 AF B0 B1 B2 B3 B4 B5 B6 B7 B8 B9 BA BB BC BD BE BF C0 24 E2 24 24 D6 DB DB
  nt_row_13=DE DB EE 24 24 E3 24 C6 C7 C8 C8 C8 24 C9 CA CB CC CD C8 C8 C8 C8 E8 E9 D3 24 E2 24 24 D6 DB DB
  nt_row_17=DC DA DC D7 24 24 24 24 24 24 24 24 24 F0 01 09 08 06 24 17 12 17 1D 0E 17 0D 18 24 D6 DC DB DF
  nt_row_20=E1 D9 DC ED E0 EF 24 24 19 1E 1C 11 24 1C 1D 0A 1B 1D 24 0B 1E 1D 1D 18 17 24 24 24 D6 D8 E1 D9
  pal=360F00103617270F36081A2836303B2200303B160017270F00081A2800303B22
  chr_008=00000000000000000000000000000000
  chr_01C=00000000000000000000000000000000
  chr_108=78C4E47886867C000000000000000000
  chr_11C=78CCC07C06C67C000000000000000000
SNAPSHOT frame=535 reason=state_change
  state gm=00 ready=01 script=00 sub=00 ppu_idx=00 ram_005C=00 auto=00 phase=00 frm=92 ctrl=B0 mask=1E ctrl_shadow=B0 mask_shadow=1E flush_done=01 vblank=00 mirror=10
  nt_row_04=DC EE 24 24 24 24 24 24 24 24 24 24 24 24 24 24 24 24 24 24 24 24 24 24 24 24 24 24 24 24 D6 DB
  nt_row_07=DE EE 24 24 24 E3 24 24 71 72 73 74 75 76 77 78 79 79 79 7A 7B 24 24 24 24 24 E2 24 24 24 D6 DB
  nt_row_08=DE D8 EF 24 24 E2 24 7C 7D 7E 7F 80 81 82 83 84 85 86 87 88 89 8A 8B 24 24 24 E3 24 24 24 D6 DF
  nt_row_11=DE DB D7 24 24 E3 70 AF B0 B1 B2 B3 B4 B5 B6 B7 B8 B9 BA BB BC BD BE BF C0 24 E2 24 24 D6 DB DB
  nt_row_13=DE DB EE 24 24 E3 24 C6 C7 C8 C8 C8 24 C9 CA CB CC CD C8 C8 C8 C8 E8 E9 D3 24 E2 24 24 D6 DB DB
  nt_row_17=DC DA DC D7 24 24 24 24 24 24 24 24 24 F0 01 09 08 06 24 17 12 17 1D 0E 17 0D 18 24 D6 DC DB DF
  nt_row_20=E1 D9 DC ED E0 EF 24 24 19 1E 1C 11 24 1C 1D 0A 1B 1D 24 0B 1E 1D 1D 18 17 24 24 24 D6 D8 E1 D9
  pal=360F00103617270F36081A2836303B2200303B160017270F00081A2800303B22
  chr_008=00000000000000000000000000000000
  chr_01C=00000000000000000000000000000000
  chr_108=78C4E47886867C000000000000000000
  chr_11C=78CCC07C06C67C000000000000000000
SNAPSHOT frame=536 reason=state_change
  state gm=00 ready=01 script=00 sub=00 ppu_idx=00 ram_005C=00 auto=00 phase=00 frm=93 ctrl=B0 mask=1E ctrl_shadow=B0 mask_shadow=1E flush_done=01 vblank=00 mirror=10
  nt_row_04=DC EE 24 24 24 24 24 24 24 24 24 24 24 24 24 24 24 24 24 24 24 24 24 24 24 24 24 24 24 24 D6 DB
  nt_row_07=DE EE 24 24 24 E3 24 24 71 72 73 74 75 76 77 78 79 79 79 7A 7B 24 24 24 24 24 E2 24 24 24 D6 DB
  nt_row_08=DE D8 EF 24 24 E2 24 7C 7D 7E 7F 80 81 82 83 84 85 86 87 88 89 8A 8B 24 24 24 E3 24 24 24 D6 DF
  nt_row_11=DE DB D7 24 24 E3 70 AF B0 B1 B2 B3 B4 B5 B6 B7 B8 B9 BA BB BC BD BE BF C0 24 E2 24 24 D6 DB DB
  nt_row_13=DE DB EE 24 24 E3 24 C6 C7 C8 C8 C8 24 C9 CA CB CC CD C8 C8 C8 C8 E8 E9 D3 24 E2 24 24 D6 DB DB
  nt_row_17=DC DA DC D7 24 24 24 24 24 24 24 24 24 F0 01 09 08 06 24 17 12 17 1D 0E 17 0D 18 24 D6 DC DB DF
  nt_row_20=E1 D9 DC ED E0 EF 24 24 19 1E 1C 11 24 1C 1D 0A 1B 1D 24 0B 1E 1D 1D 18 17 24 24 24 D6 D8 E1 D9
  pal=360F00103617270F36081A2836303B2200303B160017270F00081A2800303B22
  chr_008=00000000000000000000000000000000
  chr_01C=00000000000000000000000000000000
  chr_108=78C4E47886867C000000000000000000
  chr_11C=78CCC07C06C67C000000000000000000
SNAPSHOT frame=537 reason=state_change
  state gm=00 ready=01 script=00 sub=00 ppu_idx=00 ram_005C=00 auto=00 phase=00 frm=94 ctrl=B0 mask=1E ctrl_shadow=B0 mask_shadow=1E flush_done=01 vblank=00 mirror=10
  nt_row_04=DC EE 24 24 24 24 24 24 24 24 24 24 24 24 24 24 24 24 24 24 24 24 24 24 24 24 24 24 24 24 D6 DB
  nt_row_07=DE EE 24 24 24 E3 24 24 71 72 73 74 75 76 77 78 79 79 79 7A 7B 24 24 24 24 24 E2 24 24 24 D6 DB
  nt_row_08=DE D8 EF 24 24 E2 24 7C 7D 7E 7F 80 81 82 83 84 85 86 87 88 89 8A 8B 24 24 24 E3 24 24 24 D6 DF
  nt_row_11=DE DB D7 24 24 E3 70 AF B0 B1 B2 B3 B4 B5 B6 B7 B8 B9 BA BB BC BD BE BF C0 24 E2 24 24 D6 DB DB
  nt_row_13=DE DB EE 24 24 E3 24 C6 C7 C8 C8 C8 24 C9 CA CB CC CD C8 C8 C8 C8 E8 E9 D3 24 E2 24 24 D6 DB DB
  nt_row_17=DC DA DC D7 24 24 24 24 24 24 24 24 24 F0 01 09 08 06 24 17 12 17 1D 0E 17 0D 18 24 D6 DC DB DF
  nt_row_20=E1 D9 DC ED E0 EF 24 24 19 1E 1C 11 24 1C 1D 0A 1B 1D 24 0B 1E 1D 1D 18 17 24 24 24 D6 D8 E1 D9
  pal=360F00103617270F36081A2836303B2200303B160017270F00081A2800303B22
  chr_008=00000000000000000000000000000000
  chr_01C=00000000000000000000000000000000
  chr_108=78C4E47886867C000000000000000000
  chr_11C=78CCC07C06C67C000000000000000000
SNAPSHOT frame=538 reason=state_change
  state gm=00 ready=01 script=00 sub=00 ppu_idx=00 ram_005C=00 auto=00 phase=00 frm=95 ctrl=B0 mask=1E ctrl_shadow=B0 mask_shadow=1E flush_done=01 vblank=00 mirror=10
  nt_row_04=DC EE 24 24 24 24 24 24 24 24 24 24 24 24 24 24 24 24 24 24 24 24 24 24 24 24 24 24 24 24 D6 DB
  nt_row_07=DE EE 24 24 24 E3 24 24 71 72 73 74 75 76 77 78 79 79 79 7A 7B 24 24 24 24 24 E2 24 24 24 D6 DB
  nt_row_08=DE D8 EF 24 24 E2 24 7C 7D 7E 7F 80 81 82 83 84 85 86 87 88 89 8A 8B 24 24 24 E3 24 24 24 D6 DF
  nt_row_11=DE DB D7 24 24 E3 70 AF B0 B1 B2 B3 B4 B5 B6 B7 B8 B9 BA BB BC BD BE BF C0 24 E2 24 24 D6 DB DB
  nt_row_13=DE DB EE 24 24 E3 24 C6 C7 C8 C8 C8 24 C9 CA CB CC CD C8 C8 C8 C8 E8 E9 D3 24 E2 24 24 D6 DB DB
  nt_row_17=DC DA DC D7 24 24 24 24 24 24 24 24 24 F0 01 09 08 06 24 17 12 17 1D 0E 17 0D 18 24 D6 DC DB DF
  nt_row_20=E1 D9 DC ED E0 EF 24 24 19 1E 1C 11 24 1C 1D 0A 1B 1D 24 0B 1E 1D 1D 18 17 24 24 24 D6 D8 E1 D9
  pal=360F00103617270F36081A2836303B2200303B160017270F00081A2800303B22
  chr_008=00000000000000000000000000000000
  chr_01C=00000000000000000000000000000000
  chr_108=78C4E47886867C000000000000000000
  chr_11C=78CCC07C06C67C000000000000000000
SNAPSHOT frame=539 reason=state_change
  state gm=00 ready=01 script=00 sub=00 ppu_idx=00 ram_005C=00 auto=00 phase=00 frm=96 ctrl=B0 mask=1E ctrl_shadow=B0 mask_shadow=1E flush_done=01 vblank=00 mirror=10
  nt_row_04=DC EE 24 24 24 24 24 24 24 24 24 24 24 24 24 24 24 24 24 24 24 24 24 24 24 24 24 24 24 24 D6 DB
  nt_row_07=DE EE 24 24 24 E3 24 24 71 72 73 74 75 76 77 78 79 79 79 7A 7B 24 24 24 24 24 E2 24 24 24 D6 DB
  nt_row_08=DE D8 EF 24 24 E2 24 7C 7D 7E 7F 80 81 82 83 84 85 86 87 88 89 8A 8B 24 24 24 E3 24 24 24 D6 DF
  nt_row_11=DE DB D7 24 24 E3 70 AF B0 B1 B2 B3 B4 B5 B6 B7 B8 B9 BA BB BC BD BE BF C0 24 E2 24 24 D6 DB DB
  nt_row_13=DE DB EE 24 24 E3 24 C6 C7 C8 C8 C8 24 C9 CA CB CC CD C8 C8 C8 C8 E8 E9 D3 24 E2 24 24 D6 DB DB
  nt_row_17=DC DA DC D7 24 24 24 24 24 24 24 24 24 F0 01 09 08 06 24 17 12 17 1D 0E 17 0D 18 24 D6 DC DB DF
  nt_row_20=E1 D9 DC ED E0 EF 24 24 19 1E 1C 11 24 1C 1D 0A 1B 1D 24 0B 1E 1D 1D 18 17 24 24 24 D6 D8 E1 D9
  pal=360F00103617270F36081A2836303B2200303B160017270F00081A2800303B22
  chr_008=00000000000000000000000000000000
  chr_01C=00000000000000000000000000000000
  chr_108=78C4E47886867C000000000000000000
  chr_11C=78CCC07C06C67C000000000000000000
SNAPSHOT frame=540 reason=state_change
  state gm=00 ready=01 script=00 sub=00 ppu_idx=00 ram_005C=00 auto=00 phase=00 frm=97 ctrl=B0 mask=1E ctrl_shadow=B0 mask_shadow=1E flush_done=01 vblank=00 mirror=10
  nt_row_04=DC EE 24 24 24 24 24 24 24 24 24 24 24 24 24 24 24 24 24 24 24 24 24 24 24 24 24 24 24 24 D6 DB
  nt_row_07=DE EE 24 24 24 E3 24 24 71 72 73 74 75 76 77 78 79 79 79 7A 7B 24 24 24 24 24 E2 24 24 24 D6 DB
  nt_row_08=DE D8 EF 24 24 E2 24 7C 7D 7E 7F 80 81 82 83 84 85 86 87 88 89 8A 8B 24 24 24 E3 24 24 24 D6 DF
  nt_row_11=DE DB D7 24 24 E3 70 AF B0 B1 B2 B3 B4 B5 B6 B7 B8 B9 BA BB BC BD BE BF C0 24 E2 24 24 D6 DB DB
  nt_row_13=DE DB EE 24 24 E3 24 C6 C7 C8 C8 C8 24 C9 CA CB CC CD C8 C8 C8 C8 E8 E9 D3 24 E2 24 24 D6 DB DB
  nt_row_17=DC DA DC D7 24 24 24 24 24 24 24 24 24 F0 01 09 08 06 24 17 12 17 1D 0E 17 0D 18 24 D6 DC DB DF
  nt_row_20=E1 D9 DC ED E0 EF 24 24 19 1E 1C 11 24 1C 1D 0A 1B 1D 24 0B 1E 1D 1D 18 17 24 24 24 D6 D8 E1 D9
  pal=360F00103617270F36081A2836303B2200303B160017270F00081A2800303B22
  chr_008=00000000000000000000000000000000
  chr_01C=00000000000000000000000000000000
  chr_108=78C4E47886867C000000000000000000
  chr_11C=78CCC07C06C67C000000000000000000
SNAPSHOT frame=541 reason=state_change
  state gm=00 ready=01 script=00 sub=00 ppu_idx=00 ram_005C=00 auto=00 phase=00 frm=98 ctrl=B0 mask=1E ctrl_shadow=B0 mask_shadow=1E flush_done=01 vblank=00 mirror=10
  nt_row_04=DC EE 24 24 24 24 24 24 24 24 24 24 24 24 24 24 24 24 24 24 24 24 24 24 24 24 24 24 24 24 D6 DB
  nt_row_07=DE EE 24 24 24 E3 24 24 71 72 73 74 75 76 77 78 79 79 79 7A 7B 24 24 24 24 24 E2 24 24 24 D6 DB
  nt_row_08=DE D8 EF 24 24 E2 24 7C 7D 7E 7F 80 81 82 83 84 85 86 87 88 89 8A 8B 24 24 24 E3 24 24 24 D6 DF
  nt_row_11=DE DB D7 24 24 E3 70 AF B0 B1 B2 B3 B4 B5 B6 B7 B8 B9 BA BB BC BD BE BF C0 24 E2 24 24 D6 DB DB
  nt_row_13=DE DB EE 24 24 E3 24 C6 C7 C8 C8 C8 24 C9 CA CB CC CD C8 C8 C8 C8 E8 E9 D3 24 E2 24 24 D6 DB DB
  nt_row_17=DC DA DC D7 24 24 24 24 24 24 24 24 24 F0 01 09 08 06 24 17 12 17 1D 0E 17 0D 18 24 D6 DC DB DF
  nt_row_20=E1 D9 DC ED E0 EF 24 24 19 1E 1C 11 24 1C 1D 0A 1B 1D 24 0B 1E 1D 1D 18 17 24 24 24 D6 D8 E1 D9
  pal=360F00103617270F36081A2836303B2200303B160017270F00081A2800303B22
  chr_008=00000000000000000000000000000000
  chr_01C=00000000000000000000000000000000
  chr_108=78C4E47886867C000000000000000000
  chr_11C=78CCC07C06C67C000000000000000000
SNAPSHOT frame=542 reason=state_change
  state gm=00 ready=01 script=00 sub=00 ppu_idx=00 ram_005C=00 auto=00 phase=00 frm=99 ctrl=B0 mask=1E ctrl_shadow=B0 mask_shadow=1E flush_done=01 vblank=00 mirror=10
  nt_row_04=DC EE 24 24 24 24 24 24 24 24 24 24 24 24 24 24 24 24 24 24 24 24 24 24 24 24 24 24 24 24 D6 DB
  nt_row_07=DE EE 24 24 24 E3 24 24 71 72 73 74 75 76 77 78 79 79 79 7A 7B 24 24 24 24 24 E2 24 24 24 D6 DB
  nt_row_08=DE D8 EF 24 24 E2 24 7C 7D 7E 7F 80 81 82 83 84 85 86 87 88 89 8A 8B 24 24 24 E3 24 24 24 D6 DF
  nt_row_11=DE DB D7 24 24 E3 70 AF B0 B1 B2 B3 B4 B5 B6 B7 B8 B9 BA BB BC BD BE BF C0 24 E2 24 24 D6 DB DB
  nt_row_13=DE DB EE 24 24 E3 24 C6 C7 C8 C8 C8 24 C9 CA CB CC CD C8 C8 C8 C8 E8 E9 D3 24 E2 24 24 D6 DB DB
  nt_row_17=DC DA DC D7 24 24 24 24 24 24 24 24 24 F0 01 09 08 06 24 17 12 17 1D 0E 17 0D 18 24 D6 DC DB DF
  nt_row_20=E1 D9 DC ED E0 EF 24 24 19 1E 1C 11 24 1C 1D 0A 1B 1D 24 0B 1E 1D 1D 18 17 24 24 24 D6 D8 E1 D9
  pal=360F00103617270F36081A2836303B2200303B160017270F00081A2800303B22
  chr_008=00000000000000000000000000000000
  chr_01C=00000000000000000000000000000000
  chr_108=78C4E47886867C000000000000000000
  chr_11C=78CCC07C06C67C000000000000000000
SNAPSHOT frame=543 reason=state_change
  state gm=00 ready=01 script=00 sub=00 ppu_idx=00 ram_005C=00 auto=00 phase=00 frm=9A ctrl=B0 mask=1E ctrl_shadow=B0 mask_shadow=1E flush_done=01 vblank=00 mirror=10
  nt_row_04=DC EE 24 24 24 24 24 24 24 24 24 24 24 24 24 24 24 24 24 24 24 24 24 24 24 24 24 24 24 24 D6 DB
  nt_row_07=DE EE 24 24 24 E3 24 24 71 72 73 74 75 76 77 78 79 79 79 7A 7B 24 24 24 24 24 E2 24 24 24 D6 DB
  nt_row_08=DE D8 EF 24 24 E2 24 7C 7D 7E 7F 80 81 82 83 84 85 86 87 88 89 8A 8B 24 24 24 E3 24 24 24 D6 DF
  nt_row_11=DE DB D7 24 24 E3 70 AF B0 B1 B2 B3 B4 B5 B6 B7 B8 B9 BA BB BC BD BE BF C0 24 E2 24 24 D6 DB DB
  nt_row_13=DE DB EE 24 24 E3 24 C6 C7 C8 C8 C8 24 C9 CA CB CC CD C8 C8 C8 C8 E8 E9 D3 24 E2 24 24 D6 DB DB
  nt_row_17=DC DA DC D7 24 24 24 24 24 24 24 24 24 F0 01 09 08 06 24 17 12 17 1D 0E 17 0D 18 24 D6 DC DB DF
  nt_row_20=E1 D9 DC ED E0 EF 24 24 19 1E 1C 11 24 1C 1D 0A 1B 1D 24 0B 1E 1D 1D 18 17 24 24 24 D6 D8 E1 D9
  pal=360F00103617270F36081A2836303B2200303B160017270F00081A2800303B22
  chr_008=00000000000000000000000000000000
  chr_01C=00000000000000000000000000000000
  chr_108=78C4E47886867C000000000000000000
  chr_11C=78CCC07C06C67C000000000000000000
SNAPSHOT frame=544 reason=state_change
  state gm=00 ready=01 script=00 sub=00 ppu_idx=00 ram_005C=00 auto=00 phase=00 frm=9B ctrl=B0 mask=1E ctrl_shadow=B0 mask_shadow=1E flush_done=01 vblank=00 mirror=10
  nt_row_04=DC EE 24 24 24 24 24 24 24 24 24 24 24 24 24 24 24 24 24 24 24 24 24 24 24 24 24 24 24 24 D6 DB
  nt_row_07=DE EE 24 24 24 E3 24 24 71 72 73 74 75 76 77 78 79 79 79 7A 7B 24 24 24 24 24 E2 24 24 24 D6 DB
  nt_row_08=DE D8 EF 24 24 E2 24 7C 7D 7E 7F 80 81 82 83 84 85 86 87 88 89 8A 8B 24 24 24 E3 24 24 24 D6 DF
  nt_row_11=DE DB D7 24 24 E3 70 AF B0 B1 B2 B3 B4 B5 B6 B7 B8 B9 BA BB BC BD BE BF C0 24 E2 24 24 D6 DB DB
  nt_row_13=DE DB EE 24 24 E3 24 C6 C7 C8 C8 C8 24 C9 CA CB CC CD C8 C8 C8 C8 E8 E9 D3 24 E2 24 24 D6 DB DB
  nt_row_17=DC DA DC D7 24 24 24 24 24 24 24 24 24 F0 01 09 08 06 24 17 12 17 1D 0E 17 0D 18 24 D6 DC DB DF
  nt_row_20=E1 D9 DC ED E0 EF 24 24 19 1E 1C 11 24 1C 1D 0A 1B 1D 24 0B 1E 1D 1D 18 17 24 24 24 D6 D8 E1 D9
  pal=360F00103617270F36081A2836303B2200303B160017270F00081A2800303B22
  chr_008=00000000000000000000000000000000
  chr_01C=00000000000000000000000000000000
  chr_108=78C4E47886867C000000000000000000
  chr_11C=78CCC07C06C67C000000000000000000
SNAPSHOT frame=545 reason=state_change
  state gm=00 ready=01 script=00 sub=00 ppu_idx=00 ram_005C=00 auto=00 phase=00 frm=9C ctrl=B0 mask=1E ctrl_shadow=B0 mask_shadow=1E flush_done=01 vblank=00 mirror=10
  nt_row_04=DC EE 24 24 24 24 24 24 24 24 24 24 24 24 24 24 24 24 24 24 24 24 24 24 24 24 24 24 24 24 D6 DB
  nt_row_07=DE EE 24 24 24 E3 24 24 71 72 73 74 75 76 77 78 79 79 79 7A 7B 24 24 24 24 24 E2 24 24 24 D6 DB
  nt_row_08=DE D8 EF 24 24 E2 24 7C 7D 7E 7F 80 81 82 83 84 85 86 87 88 89 8A 8B 24 24 24 E3 24 24 24 D6 DF
  nt_row_11=DE DB D7 24 24 E3 70 AF B0 B1 B2 B3 B4 B5 B6 B7 B8 B9 BA BB BC BD BE BF C0 24 E2 24 24 D6 DB DB
  nt_row_13=DE DB EE 24 24 E3 24 C6 C7 C8 C8 C8 24 C9 CA CB CC CD C8 C8 C8 C8 E8 E9 D3 24 E2 24 24 D6 DB DB
  nt_row_17=DC DA DC D7 24 24 24 24 24 24 24 24 24 F0 01 09 08 06 24 17 12 17 1D 0E 17 0D 18 24 D6 DC DB DF
  nt_row_20=E1 D9 DC ED E0 EF 24 24 19 1E 1C 11 24 1C 1D 0A 1B 1D 24 0B 1E 1D 1D 18 17 24 24 24 D6 D8 E1 D9
  pal=360F00103617270F36081A2836303B2200303B160017270F00081A2800303B22
  chr_008=00000000000000000000000000000000
  chr_01C=00000000000000000000000000000000
  chr_108=78C4E47886867C000000000000000000
  chr_11C=78CCC07C06C67C000000000000000000
SNAPSHOT frame=546 reason=state_change
  state gm=00 ready=01 script=00 sub=00 ppu_idx=00 ram_005C=00 auto=00 phase=00 frm=9D ctrl=B0 mask=1E ctrl_shadow=B0 mask_shadow=1E flush_done=01 vblank=00 mirror=10
  nt_row_04=DC EE 24 24 24 24 24 24 24 24 24 24 24 24 24 24 24 24 24 24 24 24 24 24 24 24 24 24 24 24 D6 DB
  nt_row_07=DE EE 24 24 24 E3 24 24 71 72 73 74 75 76 77 78 79 79 79 7A 7B 24 24 24 24 24 E2 24 24 24 D6 DB
  nt_row_08=DE D8 EF 24 24 E2 24 7C 7D 7E 7F 80 81 82 83 84 85 86 87 88 89 8A 8B 24 24 24 E3 24 24 24 D6 DF
  nt_row_11=DE DB D7 24 24 E3 70 AF B0 B1 B2 B3 B4 B5 B6 B7 B8 B9 BA BB BC BD BE BF C0 24 E2 24 24 D6 DB DB
  nt_row_13=DE DB EE 24 24 E3 24 C6 C7 C8 C8 C8 24 C9 CA CB CC CD C8 C8 C8 C8 E8 E9 D3 24 E2 24 24 D6 DB DB
  nt_row_17=DC DA DC D7 24 24 24 24 24 24 24 24 24 F0 01 09 08 06 24 17 12 17 1D 0E 17 0D 18 24 D6 DC DB DF
  nt_row_20=E1 D9 DC ED E0 EF 24 24 19 1E 1C 11 24 1C 1D 0A 1B 1D 24 0B 1E 1D 1D 18 17 24 24 24 D6 D8 E1 D9
  pal=360F00103617270F36081A2836303B2200303B160017270F00081A2800303B22
  chr_008=00000000000000000000000000000000
  chr_01C=00000000000000000000000000000000
  chr_108=78C4E47886867C000000000000000000
  chr_11C=78CCC07C06C67C000000000000000000
SNAPSHOT frame=547 reason=state_change
  state gm=00 ready=01 script=00 sub=00 ppu_idx=00 ram_005C=00 auto=00 phase=00 frm=9E ctrl=B0 mask=1E ctrl_shadow=B0 mask_shadow=1E flush_done=01 vblank=00 mirror=10
  nt_row_04=DC EE 24 24 24 24 24 24 24 24 24 24 24 24 24 24 24 24 24 24 24 24 24 24 24 24 24 24 24 24 D6 DB
  nt_row_07=DE EE 24 24 24 E3 24 24 71 72 73 74 75 76 77 78 79 79 79 7A 7B 24 24 24 24 24 E2 24 24 24 D6 DB
  nt_row_08=DE D8 EF 24 24 E2 24 7C 7D 7E 7F 80 81 82 83 84 85 86 87 88 89 8A 8B 24 24 24 E3 24 24 24 D6 DF
  nt_row_11=DE DB D7 24 24 E3 70 AF B0 B1 B2 B3 B4 B5 B6 B7 B8 B9 BA BB BC BD BE BF C0 24 E2 24 24 D6 DB DB
  nt_row_13=DE DB EE 24 24 E3 24 C6 C7 C8 C8 C8 24 C9 CA CB CC CD C8 C8 C8 C8 E8 E9 D3 24 E2 24 24 D6 DB DB
  nt_row_17=DC DA DC D7 24 24 24 24 24 24 24 24 24 F0 01 09 08 06 24 17 12 17 1D 0E 17 0D 18 24 D6 DC DB DF
  nt_row_20=E1 D9 DC ED E0 EF 24 24 19 1E 1C 11 24 1C 1D 0A 1B 1D 24 0B 1E 1D 1D 18 17 24 24 24 D6 D8 E1 D9
  pal=360F00103617270F36081A2836303B2200303B160017270F00081A2800303B22
  chr_008=00000000000000000000000000000000
  chr_01C=00000000000000000000000000000000
  chr_108=78C4E47886867C000000000000000000
  chr_11C=78CCC07C06C67C000000000000000000
SNAPSHOT frame=548 reason=state_change
  state gm=00 ready=01 script=00 sub=00 ppu_idx=00 ram_005C=00 auto=00 phase=00 frm=9F ctrl=B0 mask=1E ctrl_shadow=B0 mask_shadow=1E flush_done=01 vblank=00 mirror=10
  nt_row_04=DC EE 24 24 24 24 24 24 24 24 24 24 24 24 24 24 24 24 24 24 24 24 24 24 24 24 24 24 24 24 D6 DB
  nt_row_07=DE EE 24 24 24 E3 24 24 71 72 73 74 75 76 77 78 79 79 79 7A 7B 24 24 24 24 24 E2 24 24 24 D6 DB
  nt_row_08=DE D8 EF 24 24 E2 24 7C 7D 7E 7F 80 81 82 83 84 85 86 87 88 89 8A 8B 24 24 24 E3 24 24 24 D6 DF
  nt_row_11=DE DB D7 24 24 E3 70 AF B0 B1 B2 B3 B4 B5 B6 B7 B8 B9 BA BB BC BD BE BF C0 24 E2 24 24 D6 DB DB
  nt_row_13=DE DB EE 24 24 E3 24 C6 C7 C8 C8 C8 24 C9 CA CB CC CD C8 C8 C8 C8 E8 E9 D3 24 E2 24 24 D6 DB DB
  nt_row_17=DC DA DC D7 24 24 24 24 24 24 24 24 24 F0 01 09 08 06 24 17 12 17 1D 0E 17 0D 18 24 D6 DC DB DF
  nt_row_20=E1 D9 DC ED E0 EF 24 24 19 1E 1C 11 24 1C 1D 0A 1B 1D 24 0B 1E 1D 1D 18 17 24 24 24 D6 D8 E1 D9
  pal=360F00103617270F36081A2836303B2200303B160017270F00081A2800303B22
  chr_008=00000000000000000000000000000000
  chr_01C=00000000000000000000000000000000
  chr_108=78C4E47886867C000000000000000000
  chr_11C=78CCC07C06C67C000000000000000000
SNAPSHOT frame=549 reason=state_change
  state gm=00 ready=01 script=00 sub=00 ppu_idx=00 ram_005C=00 auto=00 phase=00 frm=A0 ctrl=B0 mask=1E ctrl_shadow=B0 mask_shadow=1E flush_done=01 vblank=00 mirror=10
  nt_row_04=DC EE 24 24 24 24 24 24 24 24 24 24 24 24 24 24 24 24 24 24 24 24 24 24 24 24 24 24 24 24 D6 DB
  nt_row_07=DE EE 24 24 24 E3 24 24 71 72 73 74 75 76 77 78 79 79 79 7A 7B 24 24 24 24 24 E2 24 24 24 D6 DB
  nt_row_08=DE D8 EF 24 24 E2 24 7C 7D 7E 7F 80 81 82 83 84 85 86 87 88 89 8A 8B 24 24 24 E3 24 24 24 D6 DF
  nt_row_11=DE DB D7 24 24 E3 70 AF B0 B1 B2 B3 B4 B5 B6 B7 B8 B9 BA BB BC BD BE BF C0 24 E2 24 24 D6 DB DB
  nt_row_13=DE DB EE 24 24 E3 24 C6 C7 C8 C8 C8 24 C9 CA CB CC CD C8 C8 C8 C8 E8 E9 D3 24 E2 24 24 D6 DB DB
  nt_row_17=DC DA DC D7 24 24 24 24 24 24 24 24 24 F0 01 09 08 06 24 17 12 17 1D 0E 17 0D 18 24 D6 DC DB DF
  nt_row_20=E1 D9 DC ED E0 EF 24 24 19 1E 1C 11 24 1C 1D 0A 1B 1D 24 0B 1E 1D 1D 18 17 24 24 24 D6 D8 E1 D9
  pal=360F00103617270F36081A2836303B2200303B160017270F00081A2800303B22
  chr_008=00000000000000000000000000000000
  chr_01C=00000000000000000000000000000000
  chr_108=78C4E47886867C000000000000000000
  chr_11C=78CCC07C06C67C000000000000000000
SNAPSHOT frame=550 reason=state_change
  state gm=00 ready=01 script=00 sub=00 ppu_idx=00 ram_005C=00 auto=00 phase=00 frm=A1 ctrl=B0 mask=1E ctrl_shadow=B0 mask_shadow=1E flush_done=01 vblank=00 mirror=10
  nt_row_04=DC EE 24 24 24 24 24 24 24 24 24 24 24 24 24 24 24 24 24 24 24 24 24 24 24 24 24 24 24 24 D6 DB
  nt_row_07=DE EE 24 24 24 E3 24 24 71 72 73 74 75 76 77 78 79 79 79 7A 7B 24 24 24 24 24 E2 24 24 24 D6 DB
  nt_row_08=DE D8 EF 24 24 E2 24 7C 7D 7E 7F 80 81 82 83 84 85 86 87 88 89 8A 8B 24 24 24 E3 24 24 24 D6 DF
  nt_row_11=DE DB D7 24 24 E3 70 AF B0 B1 B2 B3 B4 B5 B6 B7 B8 B9 BA BB BC BD BE BF C0 24 E2 24 24 D6 DB DB
  nt_row_13=DE DB EE 24 24 E3 24 C6 C7 C8 C8 C8 24 C9 CA CB CC CD C8 C8 C8 C8 E8 E9 D3 24 E2 24 24 D6 DB DB
  nt_row_17=DC DA DC D7 24 24 24 24 24 24 24 24 24 F0 01 09 08 06 24 17 12 17 1D 0E 17 0D 18 24 D6 DC DB DF
  nt_row_20=E1 D9 DC ED E0 EF 24 24 19 1E 1C 11 24 1C 1D 0A 1B 1D 24 0B 1E 1D 1D 18 17 24 24 24 D6 D8 E1 D9
  pal=360F00103617270F36081A2836303B2200303B160017270F00081A2800303B22
  chr_008=00000000000000000000000000000000
  chr_01C=00000000000000000000000000000000
  chr_108=78C4E47886867C000000000000000000
  chr_11C=78CCC07C06C67C000000000000000000
SNAPSHOT frame=551 reason=state_change
  state gm=00 ready=01 script=00 sub=00 ppu_idx=00 ram_005C=00 auto=00 phase=00 frm=A2 ctrl=B0 mask=1E ctrl_shadow=B0 mask_shadow=1E flush_done=01 vblank=00 mirror=10
  nt_row_04=DC EE 24 24 24 24 24 24 24 24 24 24 24 24 24 24 24 24 24 24 24 24 24 24 24 24 24 24 24 24 D6 DB
  nt_row_07=DE EE 24 24 24 E3 24 24 71 72 73 74 75 76 77 78 79 79 79 7A 7B 24 24 24 24 24 E2 24 24 24 D6 DB
  nt_row_08=DE D8 EF 24 24 E2 24 7C 7D 7E 7F 80 81 82 83 84 85 86 87 88 89 8A 8B 24 24 24 E3 24 24 24 D6 DF
  nt_row_11=DE DB D7 24 24 E3 70 AF B0 B1 B2 B3 B4 B5 B6 B7 B8 B9 BA BB BC BD BE BF C0 24 E2 24 24 D6 DB DB
  nt_row_13=DE DB EE 24 24 E3 24 C6 C7 C8 C8 C8 24 C9 CA CB CC CD C8 C8 C8 C8 E8 E9 D3 24 E2 24 24 D6 DB DB
  nt_row_17=DC DA DC D7 24 24 24 24 24 24 24 24 24 F0 01 09 08 06 24 17 12 17 1D 0E 17 0D 18 24 D6 DC DB DF
  nt_row_20=E1 D9 DC ED E0 EF 24 24 19 1E 1C 11 24 1C 1D 0A 1B 1D 24 0B 1E 1D 1D 18 17 24 24 24 D6 D8 E1 D9
  pal=360F00103617270F36081A2836303B2200303B160017270F00081A2800303B22
  chr_008=00000000000000000000000000000000
  chr_01C=00000000000000000000000000000000
  chr_108=78C4E47886867C000000000000000000
  chr_11C=78CCC07C06C67C000000000000000000
SNAPSHOT frame=552 reason=state_change
  state gm=00 ready=01 script=00 sub=00 ppu_idx=00 ram_005C=00 auto=00 phase=00 frm=A3 ctrl=B0 mask=1E ctrl_shadow=B0 mask_shadow=1E flush_done=01 vblank=00 mirror=10
  nt_row_04=DC EE 24 24 24 24 24 24 24 24 24 24 24 24 24 24 24 24 24 24 24 24 24 24 24 24 24 24 24 24 D6 DB
  nt_row_07=DE EE 24 24 24 E3 24 24 71 72 73 74 75 76 77 78 79 79 79 7A 7B 24 24 24 24 24 E2 24 24 24 D6 DB
  nt_row_08=DE D8 EF 24 24 E2 24 7C 7D 7E 7F 80 81 82 83 84 85 86 87 88 89 8A 8B 24 24 24 E3 24 24 24 D6 DF
  nt_row_11=DE DB D7 24 24 E3 70 AF B0 B1 B2 B3 B4 B5 B6 B7 B8 B9 BA BB BC BD BE BF C0 24 E2 24 24 D6 DB DB
  nt_row_13=DE DB EE 24 24 E3 24 C6 C7 C8 C8 C8 24 C9 CA CB CC CD C8 C8 C8 C8 E8 E9 D3 24 E2 24 24 D6 DB DB
  nt_row_17=DC DA DC D7 24 24 24 24 24 24 24 24 24 F0 01 09 08 06 24 17 12 17 1D 0E 17 0D 18 24 D6 DC DB DF
  nt_row_20=E1 D9 DC ED E0 EF 24 24 19 1E 1C 11 24 1C 1D 0A 1B 1D 24 0B 1E 1D 1D 18 17 24 24 24 D6 D8 E1 D9
  pal=360F00103617270F36081A2836303B2200303B160017270F00081A2800303B22
  chr_008=00000000000000000000000000000000
  chr_01C=00000000000000000000000000000000
  chr_108=78C4E47886867C000000000000000000
  chr_11C=78CCC07C06C67C000000000000000000
SNAPSHOT frame=553 reason=state_change
  state gm=00 ready=01 script=00 sub=00 ppu_idx=00 ram_005C=00 auto=00 phase=00 frm=A4 ctrl=B0 mask=1E ctrl_shadow=B0 mask_shadow=1E flush_done=01 vblank=00 mirror=10
  nt_row_04=DC EE 24 24 24 24 24 24 24 24 24 24 24 24 24 24 24 24 24 24 24 24 24 24 24 24 24 24 24 24 D6 DB
  nt_row_07=DE EE 24 24 24 E3 24 24 71 72 73 74 75 76 77 78 79 79 79 7A 7B 24 24 24 24 24 E2 24 24 24 D6 DB
  nt_row_08=DE D8 EF 24 24 E2 24 7C 7D 7E 7F 80 81 82 83 84 85 86 87 88 89 8A 8B 24 24 24 E3 24 24 24 D6 DF
  nt_row_11=DE DB D7 24 24 E3 70 AF B0 B1 B2 B3 B4 B5 B6 B7 B8 B9 BA BB BC BD BE BF C0 24 E2 24 24 D6 DB DB
  nt_row_13=DE DB EE 24 24 E3 24 C6 C7 C8 C8 C8 24 C9 CA CB CC CD C8 C8 C8 C8 E8 E9 D3 24 E2 24 24 D6 DB DB
  nt_row_17=DC DA DC D7 24 24 24 24 24 24 24 24 24 F0 01 09 08 06 24 17 12 17 1D 0E 17 0D 18 24 D6 DC DB DF
  nt_row_20=E1 D9 DC ED E0 EF 24 24 19 1E 1C 11 24 1C 1D 0A 1B 1D 24 0B 1E 1D 1D 18 17 24 24 24 D6 D8 E1 D9
  pal=360F00103617270F36081A2836303B2200303B160017270F00081A2800303B22
  chr_008=00000000000000000000000000000000
  chr_01C=00000000000000000000000000000000
  chr_108=78C4E47886867C000000000000000000
  chr_11C=78CCC07C06C67C000000000000000000
SNAPSHOT frame=554 reason=state_change
  state gm=00 ready=01 script=00 sub=00 ppu_idx=00 ram_005C=00 auto=00 phase=00 frm=A5 ctrl=B0 mask=1E ctrl_shadow=B0 mask_shadow=1E flush_done=01 vblank=00 mirror=10
  nt_row_04=DC EE 24 24 24 24 24 24 24 24 24 24 24 24 24 24 24 24 24 24 24 24 24 24 24 24 24 24 24 24 D6 DB
  nt_row_07=DE EE 24 24 24 E3 24 24 71 72 73 74 75 76 77 78 79 79 79 7A 7B 24 24 24 24 24 E2 24 24 24 D6 DB
  nt_row_08=DE D8 EF 24 24 E2 24 7C 7D 7E 7F 80 81 82 83 84 85 86 87 88 89 8A 8B 24 24 24 E3 24 24 24 D6 DF
  nt_row_11=DE DB D7 24 24 E3 70 AF B0 B1 B2 B3 B4 B5 B6 B7 B8 B9 BA BB BC BD BE BF C0 24 E2 24 24 D6 DB DB
  nt_row_13=DE DB EE 24 24 E3 24 C6 C7 C8 C8 C8 24 C9 CA CB CC CD C8 C8 C8 C8 E8 E9 D3 24 E2 24 24 D6 DB DB
  nt_row_17=DC DA DC D7 24 24 24 24 24 24 24 24 24 F0 01 09 08 06 24 17 12 17 1D 0E 17 0D 18 24 D6 DC DB DF
  nt_row_20=E1 D9 DC ED E0 EF 24 24 19 1E 1C 11 24 1C 1D 0A 1B 1D 24 0B 1E 1D 1D 18 17 24 24 24 D6 D8 E1 D9
  pal=360F00103617270F36081A2836303B2200303B160017270F00081A2800303B22
  chr_008=00000000000000000000000000000000
  chr_01C=00000000000000000000000000000000
  chr_108=78C4E47886867C000000000000000000
  chr_11C=78CCC07C06C67C000000000000000000
SNAPSHOT frame=555 reason=state_change
  state gm=00 ready=01 script=00 sub=00 ppu_idx=00 ram_005C=00 auto=00 phase=00 frm=A6 ctrl=B0 mask=1E ctrl_shadow=B0 mask_shadow=1E flush_done=01 vblank=00 mirror=10
  nt_row_04=DC EE 24 24 24 24 24 24 24 24 24 24 24 24 24 24 24 24 24 24 24 24 24 24 24 24 24 24 24 24 D6 DB
  nt_row_07=DE EE 24 24 24 E3 24 24 71 72 73 74 75 76 77 78 79 79 79 7A 7B 24 24 24 24 24 E2 24 24 24 D6 DB
  nt_row_08=DE D8 EF 24 24 E2 24 7C 7D 7E 7F 80 81 82 83 84 85 86 87 88 89 8A 8B 24 24 24 E3 24 24 24 D6 DF
  nt_row_11=DE DB D7 24 24 E3 70 AF B0 B1 B2 B3 B4 B5 B6 B7 B8 B9 BA BB BC BD BE BF C0 24 E2 24 24 D6 DB DB
  nt_row_13=DE DB EE 24 24 E3 24 C6 C7 C8 C8 C8 24 C9 CA CB CC CD C8 C8 C8 C8 E8 E9 D3 24 E2 24 24 D6 DB DB
  nt_row_17=DC DA DC D7 24 24 24 24 24 24 24 24 24 F0 01 09 08 06 24 17 12 17 1D 0E 17 0D 18 24 D6 DC DB DF
  nt_row_20=E1 D9 DC ED E0 EF 24 24 19 1E 1C 11 24 1C 1D 0A 1B 1D 24 0B 1E 1D 1D 18 17 24 24 24 D6 D8 E1 D9
  pal=360F00103617270F36081A2836303B2200303B160017270F00081A2800303B22
  chr_008=00000000000000000000000000000000
  chr_01C=00000000000000000000000000000000
  chr_108=78C4E47886867C000000000000000000
  chr_11C=78CCC07C06C67C000000000000000000
SNAPSHOT frame=556 reason=state_change
  state gm=00 ready=01 script=00 sub=00 ppu_idx=00 ram_005C=00 auto=00 phase=00 frm=A7 ctrl=B0 mask=1E ctrl_shadow=B0 mask_shadow=1E flush_done=01 vblank=00 mirror=10
  nt_row_04=DC EE 24 24 24 24 24 24 24 24 24 24 24 24 24 24 24 24 24 24 24 24 24 24 24 24 24 24 24 24 D6 DB
  nt_row_07=DE EE 24 24 24 E3 24 24 71 72 73 74 75 76 77 78 79 79 79 7A 7B 24 24 24 24 24 E2 24 24 24 D6 DB
  nt_row_08=DE D8 EF 24 24 E2 24 7C 7D 7E 7F 80 81 82 83 84 85 86 87 88 89 8A 8B 24 24 24 E3 24 24 24 D6 DF
  nt_row_11=DE DB D7 24 24 E3 70 AF B0 B1 B2 B3 B4 B5 B6 B7 B8 B9 BA BB BC BD BE BF C0 24 E2 24 24 D6 DB DB
  nt_row_13=DE DB EE 24 24 E3 24 C6 C7 C8 C8 C8 24 C9 CA CB CC CD C8 C8 C8 C8 E8 E9 D3 24 E2 24 24 D6 DB DB
  nt_row_17=DC DA DC D7 24 24 24 24 24 24 24 24 24 F0 01 09 08 06 24 17 12 17 1D 0E 17 0D 18 24 D6 DC DB DF
  nt_row_20=E1 D9 DC ED E0 EF 24 24 19 1E 1C 11 24 1C 1D 0A 1B 1D 24 0B 1E 1D 1D 18 17 24 24 24 D6 D8 E1 D9
  pal=360F00103617270F36081A2836303B2200303B160017270F00081A2800303B22
  chr_008=00000000000000000000000000000000
  chr_01C=00000000000000000000000000000000
  chr_108=78C4E47886867C000000000000000000
  chr_11C=78CCC07C06C67C000000000000000000
SNAPSHOT frame=557 reason=state_change
  state gm=00 ready=01 script=00 sub=00 ppu_idx=00 ram_005C=00 auto=00 phase=00 frm=A8 ctrl=B0 mask=1E ctrl_shadow=B0 mask_shadow=1E flush_done=01 vblank=00 mirror=10
  nt_row_04=DC EE 24 24 24 24 24 24 24 24 24 24 24 24 24 24 24 24 24 24 24 24 24 24 24 24 24 24 24 24 D6 DB
  nt_row_07=DE EE 24 24 24 E3 24 24 71 72 73 74 75 76 77 78 79 79 79 7A 7B 24 24 24 24 24 E2 24 24 24 D6 DB
  nt_row_08=DE D8 EF 24 24 E2 24 7C 7D 7E 7F 80 81 82 83 84 85 86 87 88 89 8A 8B 24 24 24 E3 24 24 24 D6 DF
  nt_row_11=DE DB D7 24 24 E3 70 AF B0 B1 B2 B3 B4 B5 B6 B7 B8 B9 BA BB BC BD BE BF C0 24 E2 24 24 D6 DB DB
  nt_row_13=DE DB EE 24 24 E3 24 C6 C7 C8 C8 C8 24 C9 CA CB CC CD C8 C8 C8 C8 E8 E9 D3 24 E2 24 24 D6 DB DB
  nt_row_17=DC DA DC D7 24 24 24 24 24 24 24 24 24 F0 01 09 08 06 24 17 12 17 1D 0E 17 0D 18 24 D6 DC DB DF
  nt_row_20=E1 D9 DC ED E0 EF 24 24 19 1E 1C 11 24 1C 1D 0A 1B 1D 24 0B 1E 1D 1D 18 17 24 24 24 D6 D8 E1 D9
  pal=360F00103617270F36081A2836303B2200303B160017270F00081A2800303B22
  chr_008=00000000000000000000000000000000
  chr_01C=00000000000000000000000000000000
  chr_108=78C4E47886867C000000000000000000
  chr_11C=78CCC07C06C67C000000000000000000
SNAPSHOT frame=558 reason=state_change
  state gm=00 ready=01 script=00 sub=00 ppu_idx=00 ram_005C=00 auto=00 phase=00 frm=A9 ctrl=B0 mask=1E ctrl_shadow=B0 mask_shadow=1E flush_done=01 vblank=00 mirror=10
  nt_row_04=DC EE 24 24 24 24 24 24 24 24 24 24 24 24 24 24 24 24 24 24 24 24 24 24 24 24 24 24 24 24 D6 DB
  nt_row_07=DE EE 24 24 24 E3 24 24 71 72 73 74 75 76 77 78 79 79 79 7A 7B 24 24 24 24 24 E2 24 24 24 D6 DB
  nt_row_08=DE D8 EF 24 24 E2 24 7C 7D 7E 7F 80 81 82 83 84 85 86 87 88 89 8A 8B 24 24 24 E3 24 24 24 D6 DF
  nt_row_11=DE DB D7 24 24 E3 70 AF B0 B1 B2 B3 B4 B5 B6 B7 B8 B9 BA BB BC BD BE BF C0 24 E2 24 24 D6 DB DB
  nt_row_13=DE DB EE 24 24 E3 24 C6 C7 C8 C8 C8 24 C9 CA CB CC CD C8 C8 C8 C8 E8 E9 D3 24 E2 24 24 D6 DB DB
  nt_row_17=DC DA DC D7 24 24 24 24 24 24 24 24 24 F0 01 09 08 06 24 17 12 17 1D 0E 17 0D 18 24 D6 DC DB DF
  nt_row_20=E1 D9 DC ED E0 EF 24 24 19 1E 1C 11 24 1C 1D 0A 1B 1D 24 0B 1E 1D 1D 18 17 24 24 24 D6 D8 E1 D9
  pal=360F00103617270F36081A2836303B2200303B160017270F00081A2800303B22
  chr_008=00000000000000000000000000000000
  chr_01C=00000000000000000000000000000000
  chr_108=78C4E47886867C000000000000000000
  chr_11C=78CCC07C06C67C000000000000000000
SNAPSHOT frame=559 reason=state_change
  state gm=00 ready=01 script=00 sub=00 ppu_idx=00 ram_005C=00 auto=00 phase=00 frm=AA ctrl=B0 mask=1E ctrl_shadow=B0 mask_shadow=1E flush_done=01 vblank=00 mirror=10
  nt_row_04=DC EE 24 24 24 24 24 24 24 24 24 24 24 24 24 24 24 24 24 24 24 24 24 24 24 24 24 24 24 24 D6 DB
  nt_row_07=DE EE 24 24 24 E3 24 24 71 72 73 74 75 76 77 78 79 79 79 7A 7B 24 24 24 24 24 E2 24 24 24 D6 DB
  nt_row_08=DE D8 EF 24 24 E2 24 7C 7D 7E 7F 80 81 82 83 84 85 86 87 88 89 8A 8B 24 24 24 E3 24 24 24 D6 DF
  nt_row_11=DE DB D7 24 24 E3 70 AF B0 B1 B2 B3 B4 B5 B6 B7 B8 B9 BA BB BC BD BE BF C0 24 E2 24 24 D6 DB DB
  nt_row_13=DE DB EE 24 24 E3 24 C6 C7 C8 C8 C8 24 C9 CA CB CC CD C8 C8 C8 C8 E8 E9 D3 24 E2 24 24 D6 DB DB
  nt_row_17=DC DA DC D7 24 24 24 24 24 24 24 24 24 F0 01 09 08 06 24 17 12 17 1D 0E 17 0D 18 24 D6 DC DB DF
  nt_row_20=E1 D9 DC ED E0 EF 24 24 19 1E 1C 11 24 1C 1D 0A 1B 1D 24 0B 1E 1D 1D 18 17 24 24 24 D6 D8 E1 D9
  pal=360F00103617270F36081A2836303B2200303B160017270F00081A2800303B22
  chr_008=00000000000000000000000000000000
  chr_01C=00000000000000000000000000000000
  chr_108=78C4E47886867C000000000000000000
  chr_11C=78CCC07C06C67C000000000000000000
SNAPSHOT frame=560 reason=state_change
  state gm=00 ready=01 script=00 sub=00 ppu_idx=00 ram_005C=00 auto=00 phase=00 frm=AB ctrl=B0 mask=1E ctrl_shadow=B0 mask_shadow=1E flush_done=01 vblank=00 mirror=10
  nt_row_04=DC EE 24 24 24 24 24 24 24 24 24 24 24 24 24 24 24 24 24 24 24 24 24 24 24 24 24 24 24 24 D6 DB
  nt_row_07=DE EE 24 24 24 E3 24 24 71 72 73 74 75 76 77 78 79 79 79 7A 7B 24 24 24 24 24 E2 24 24 24 D6 DB
  nt_row_08=DE D8 EF 24 24 E2 24 7C 7D 7E 7F 80 81 82 83 84 85 86 87 88 89 8A 8B 24 24 24 E3 24 24 24 D6 DF
  nt_row_11=DE DB D7 24 24 E3 70 AF B0 B1 B2 B3 B4 B5 B6 B7 B8 B9 BA BB BC BD BE BF C0 24 E2 24 24 D6 DB DB
  nt_row_13=DE DB EE 24 24 E3 24 C6 C7 C8 C8 C8 24 C9 CA CB CC CD C8 C8 C8 C8 E8 E9 D3 24 E2 24 24 D6 DB DB
  nt_row_17=DC DA DC D7 24 24 24 24 24 24 24 24 24 F0 01 09 08 06 24 17 12 17 1D 0E 17 0D 18 24 D6 DC DB DF
  nt_row_20=E1 D9 DC ED E0 EF 24 24 19 1E 1C 11 24 1C 1D 0A 1B 1D 24 0B 1E 1D 1D 18 17 24 24 24 D6 D8 E1 D9
  pal=360F00103617270F36081A2836303B2200303B160017270F00081A2800303B22
  chr_008=00000000000000000000000000000000
  chr_01C=00000000000000000000000000000000
  chr_108=78C4E47886867C000000000000000000
  chr_11C=78CCC07C06C67C000000000000000000
SNAPSHOT frame=561 reason=state_change
  state gm=00 ready=01 script=00 sub=00 ppu_idx=00 ram_005C=00 auto=00 phase=00 frm=AC ctrl=B0 mask=1E ctrl_shadow=B0 mask_shadow=1E flush_done=01 vblank=00 mirror=10
  nt_row_04=DC EE 24 24 24 24 24 24 24 24 24 24 24 24 24 24 24 24 24 24 24 24 24 24 24 24 24 24 24 24 D6 DB
  nt_row_07=DE EE 24 24 24 E3 24 24 71 72 73 74 75 76 77 78 79 79 79 7A 7B 24 24 24 24 24 E2 24 24 24 D6 DB
  nt_row_08=DE D8 EF 24 24 E2 24 7C 7D 7E 7F 80 81 82 83 84 85 86 87 88 89 8A 8B 24 24 24 E3 24 24 24 D6 DF
  nt_row_11=DE DB D7 24 24 E3 70 AF B0 B1 B2 B3 B4 B5 B6 B7 B8 B9 BA BB BC BD BE BF C0 24 E2 24 24 D6 DB DB
  nt_row_13=DE DB EE 24 24 E3 24 C6 C7 C8 C8 C8 24 C9 CA CB CC CD C8 C8 C8 C8 E8 E9 D3 24 E2 24 24 D6 DB DB
  nt_row_17=DC DA DC D7 24 24 24 24 24 24 24 24 24 F0 01 09 08 06 24 17 12 17 1D 0E 17 0D 18 24 D6 DC DB DF
  nt_row_20=E1 D9 DC ED E0 EF 24 24 19 1E 1C 11 24 1C 1D 0A 1B 1D 24 0B 1E 1D 1D 18 17 24 24 24 D6 D8 E1 D9
  pal=360F00103617270F36081A2836303B2200303B160017270F00081A2800303B22
  chr_008=00000000000000000000000000000000
  chr_01C=00000000000000000000000000000000
  chr_108=78C4E47886867C000000000000000000
  chr_11C=78CCC07C06C67C000000000000000000
SNAPSHOT frame=562 reason=state_change
  state gm=00 ready=01 script=00 sub=00 ppu_idx=00 ram_005C=00 auto=00 phase=00 frm=AD ctrl=B0 mask=1E ctrl_shadow=B0 mask_shadow=1E flush_done=01 vblank=00 mirror=10
  nt_row_04=DC EE 24 24 24 24 24 24 24 24 24 24 24 24 24 24 24 24 24 24 24 24 24 24 24 24 24 24 24 24 D6 DB
  nt_row_07=DE EE 24 24 24 E3 24 24 71 72 73 74 75 76 77 78 79 79 79 7A 7B 24 24 24 24 24 E2 24 24 24 D6 DB
  nt_row_08=DE D8 EF 24 24 E2 24 7C 7D 7E 7F 80 81 82 83 84 85 86 87 88 89 8A 8B 24 24 24 E3 24 24 24 D6 DF
  nt_row_11=DE DB D7 24 24 E3 70 AF B0 B1 B2 B3 B4 B5 B6 B7 B8 B9 BA BB BC BD BE BF C0 24 E2 24 24 D6 DB DB
  nt_row_13=DE DB EE 24 24 E3 24 C6 C7 C8 C8 C8 24 C9 CA CB CC CD C8 C8 C8 C8 E8 E9 D3 24 E2 24 24 D6 DB DB
  nt_row_17=DC DA DC D7 24 24 24 24 24 24 24 24 24 F0 01 09 08 06 24 17 12 17 1D 0E 17 0D 18 24 D6 DC DB DF
  nt_row_20=E1 D9 DC ED E0 EF 24 24 19 1E 1C 11 24 1C 1D 0A 1B 1D 24 0B 1E 1D 1D 18 17 24 24 24 D6 D8 E1 D9
  pal=360F00103617270F36081A2836303B2200303B160017270F00081A2800303B22
  chr_008=00000000000000000000000000000000
  chr_01C=00000000000000000000000000000000
  chr_108=78C4E47886867C000000000000000000
  chr_11C=78CCC07C06C67C000000000000000000
SNAPSHOT frame=563 reason=state_change
  state gm=00 ready=01 script=00 sub=00 ppu_idx=00 ram_005C=00 auto=00 phase=00 frm=AE ctrl=B0 mask=1E ctrl_shadow=B0 mask_shadow=1E flush_done=01 vblank=00 mirror=10
  nt_row_04=DC EE 24 24 24 24 24 24 24 24 24 24 24 24 24 24 24 24 24 24 24 24 24 24 24 24 24 24 24 24 D6 DB
  nt_row_07=DE EE 24 24 24 E3 24 24 71 72 73 74 75 76 77 78 79 79 79 7A 7B 24 24 24 24 24 E2 24 24 24 D6 DB
  nt_row_08=DE D8 EF 24 24 E2 24 7C 7D 7E 7F 80 81 82 83 84 85 86 87 88 89 8A 8B 24 24 24 E3 24 24 24 D6 DF
  nt_row_11=DE DB D7 24 24 E3 70 AF B0 B1 B2 B3 B4 B5 B6 B7 B8 B9 BA BB BC BD BE BF C0 24 E2 24 24 D6 DB DB
  nt_row_13=DE DB EE 24 24 E3 24 C6 C7 C8 C8 C8 24 C9 CA CB CC CD C8 C8 C8 C8 E8 E9 D3 24 E2 24 24 D6 DB DB
  nt_row_17=DC DA DC D7 24 24 24 24 24 24 24 24 24 F0 01 09 08 06 24 17 12 17 1D 0E 17 0D 18 24 D6 DC DB DF
  nt_row_20=E1 D9 DC ED E0 EF 24 24 19 1E 1C 11 24 1C 1D 0A 1B 1D 24 0B 1E 1D 1D 18 17 24 24 24 D6 D8 E1 D9
  pal=360F00103617270F36081A2836303B2200303B160017270F00081A2800303B22
  chr_008=00000000000000000000000000000000
  chr_01C=00000000000000000000000000000000
  chr_108=78C4E47886867C000000000000000000
  chr_11C=78CCC07C06C67C000000000000000000
SNAPSHOT frame=564 reason=state_change
  state gm=00 ready=01 script=00 sub=00 ppu_idx=00 ram_005C=00 auto=00 phase=00 frm=AF ctrl=B0 mask=1E ctrl_shadow=B0 mask_shadow=1E flush_done=01 vblank=00 mirror=10
  nt_row_04=DC EE 24 24 24 24 24 24 24 24 24 24 24 24 24 24 24 24 24 24 24 24 24 24 24 24 24 24 24 24 D6 DB
  nt_row_07=DE EE 24 24 24 E3 24 24 71 72 73 74 75 76 77 78 79 79 79 7A 7B 24 24 24 24 24 E2 24 24 24 D6 DB
  nt_row_08=DE D8 EF 24 24 E2 24 7C 7D 7E 7F 80 81 82 83 84 85 86 87 88 89 8A 8B 24 24 24 E3 24 24 24 D6 DF
  nt_row_11=DE DB D7 24 24 E3 70 AF B0 B1 B2 B3 B4 B5 B6 B7 B8 B9 BA BB BC BD BE BF C0 24 E2 24 24 D6 DB DB
  nt_row_13=DE DB EE 24 24 E3 24 C6 C7 C8 C8 C8 24 C9 CA CB CC CD C8 C8 C8 C8 E8 E9 D3 24 E2 24 24 D6 DB DB
  nt_row_17=DC DA DC D7 24 24 24 24 24 24 24 24 24 F0 01 09 08 06 24 17 12 17 1D 0E 17 0D 18 24 D6 DC DB DF
  nt_row_20=E1 D9 DC ED E0 EF 24 24 19 1E 1C 11 24 1C 1D 0A 1B 1D 24 0B 1E 1D 1D 18 17 24 24 24 D6 D8 E1 D9
  pal=360F00103617270F36081A2836303B2200303B160017270F00081A2800303B22
  chr_008=00000000000000000000000000000000
  chr_01C=00000000000000000000000000000000
  chr_108=78C4E47886867C000000000000000000
  chr_11C=78CCC07C06C67C000000000000000000
SNAPSHOT frame=565 reason=state_change
  state gm=00 ready=01 script=00 sub=00 ppu_idx=00 ram_005C=00 auto=00 phase=00 frm=B0 ctrl=B0 mask=1E ctrl_shadow=B0 mask_shadow=1E flush_done=01 vblank=00 mirror=10
  nt_row_04=DC EE 24 24 24 24 24 24 24 24 24 24 24 24 24 24 24 24 24 24 24 24 24 24 24 24 24 24 24 24 D6 DB
  nt_row_07=DE EE 24 24 24 E3 24 24 71 72 73 74 75 76 77 78 79 79 79 7A 7B 24 24 24 24 24 E2 24 24 24 D6 DB
  nt_row_08=DE D8 EF 24 24 E2 24 7C 7D 7E 7F 80 81 82 83 84 85 86 87 88 89 8A 8B 24 24 24 E3 24 24 24 D6 DF
  nt_row_11=DE DB D7 24 24 E3 70 AF B0 B1 B2 B3 B4 B5 B6 B7 B8 B9 BA BB BC BD BE BF C0 24 E2 24 24 D6 DB DB
  nt_row_13=DE DB EE 24 24 E3 24 C6 C7 C8 C8 C8 24 C9 CA CB CC CD C8 C8 C8 C8 E8 E9 D3 24 E2 24 24 D6 DB DB
  nt_row_17=DC DA DC D7 24 24 24 24 24 24 24 24 24 F0 01 09 08 06 24 17 12 17 1D 0E 17 0D 18 24 D6 DC DB DF
  nt_row_20=E1 D9 DC ED E0 EF 24 24 19 1E 1C 11 24 1C 1D 0A 1B 1D 24 0B 1E 1D 1D 18 17 24 24 24 D6 D8 E1 D9
  pal=360F00103617270F36081A2836303B2200303B160017270F00081A2800303B22
  chr_008=00000000000000000000000000000000
  chr_01C=00000000000000000000000000000000
  chr_108=78C4E47886867C000000000000000000
  chr_11C=78CCC07C06C67C000000000000000000
SNAPSHOT frame=566 reason=state_change
  state gm=00 ready=01 script=00 sub=00 ppu_idx=00 ram_005C=00 auto=00 phase=00 frm=B1 ctrl=B0 mask=1E ctrl_shadow=B0 mask_shadow=1E flush_done=01 vblank=00 mirror=10
  nt_row_04=DC EE 24 24 24 24 24 24 24 24 24 24 24 24 24 24 24 24 24 24 24 24 24 24 24 24 24 24 24 24 D6 DB
  nt_row_07=DE EE 24 24 24 E3 24 24 71 72 73 74 75 76 77 78 79 79 79 7A 7B 24 24 24 24 24 E2 24 24 24 D6 DB
  nt_row_08=DE D8 EF 24 24 E2 24 7C 7D 7E 7F 80 81 82 83 84 85 86 87 88 89 8A 8B 24 24 24 E3 24 24 24 D6 DF
  nt_row_11=DE DB D7 24 24 E3 70 AF B0 B1 B2 B3 B4 B5 B6 B7 B8 B9 BA BB BC BD BE BF C0 24 E2 24 24 D6 DB DB
  nt_row_13=DE DB EE 24 24 E3 24 C6 C7 C8 C8 C8 24 C9 CA CB CC CD C8 C8 C8 C8 E8 E9 D3 24 E2 24 24 D6 DB DB
  nt_row_17=DC DA DC D7 24 24 24 24 24 24 24 24 24 F0 01 09 08 06 24 17 12 17 1D 0E 17 0D 18 24 D6 DC DB DF
  nt_row_20=E1 D9 DC ED E0 EF 24 24 19 1E 1C 11 24 1C 1D 0A 1B 1D 24 0B 1E 1D 1D 18 17 24 24 24 D6 D8 E1 D9
  pal=360F00103617270F36081A2836303B2200303B160017270F00081A2800303B22
  chr_008=00000000000000000000000000000000
  chr_01C=00000000000000000000000000000000
  chr_108=78C4E47886867C000000000000000000
  chr_11C=78CCC07C06C67C000000000000000000
SNAPSHOT frame=567 reason=state_change
  state gm=00 ready=01 script=00 sub=00 ppu_idx=00 ram_005C=00 auto=00 phase=00 frm=B2 ctrl=B0 mask=1E ctrl_shadow=B0 mask_shadow=1E flush_done=01 vblank=00 mirror=10
  nt_row_04=DC EE 24 24 24 24 24 24 24 24 24 24 24 24 24 24 24 24 24 24 24 24 24 24 24 24 24 24 24 24 D6 DB
  nt_row_07=DE EE 24 24 24 E3 24 24 71 72 73 74 75 76 77 78 79 79 79 7A 7B 24 24 24 24 24 E2 24 24 24 D6 DB
  nt_row_08=DE D8 EF 24 24 E2 24 7C 7D 7E 7F 80 81 82 83 84 85 86 87 88 89 8A 8B 24 24 24 E3 24 24 24 D6 DF
  nt_row_11=DE DB D7 24 24 E3 70 AF B0 B1 B2 B3 B4 B5 B6 B7 B8 B9 BA BB BC BD BE BF C0 24 E2 24 24 D6 DB DB
  nt_row_13=DE DB EE 24 24 E3 24 C6 C7 C8 C8 C8 24 C9 CA CB CC CD C8 C8 C8 C8 E8 E9 D3 24 E2 24 24 D6 DB DB
  nt_row_17=DC DA DC D7 24 24 24 24 24 24 24 24 24 F0 01 09 08 06 24 17 12 17 1D 0E 17 0D 18 24 D6 DC DB DF
  nt_row_20=E1 D9 DC ED E0 EF 24 24 19 1E 1C 11 24 1C 1D 0A 1B 1D 24 0B 1E 1D 1D 18 17 24 24 24 D6 D8 E1 D9
  pal=360F00103617270F36081A2836303B2200303B160017270F00081A2800303B22
  chr_008=00000000000000000000000000000000
  chr_01C=00000000000000000000000000000000
  chr_108=78C4E47886867C000000000000000000
  chr_11C=78CCC07C06C67C000000000000000000
SNAPSHOT frame=568 reason=state_change
  state gm=00 ready=01 script=00 sub=00 ppu_idx=00 ram_005C=00 auto=00 phase=00 frm=B3 ctrl=B0 mask=1E ctrl_shadow=B0 mask_shadow=1E flush_done=01 vblank=00 mirror=10
  nt_row_04=DC EE 24 24 24 24 24 24 24 24 24 24 24 24 24 24 24 24 24 24 24 24 24 24 24 24 24 24 24 24 D6 DB
  nt_row_07=DE EE 24 24 24 E3 24 24 71 72 73 74 75 76 77 78 79 79 79 7A 7B 24 24 24 24 24 E2 24 24 24 D6 DB
  nt_row_08=DE D8 EF 24 24 E2 24 7C 7D 7E 7F 80 81 82 83 84 85 86 87 88 89 8A 8B 24 24 24 E3 24 24 24 D6 DF
  nt_row_11=DE DB D7 24 24 E3 70 AF B0 B1 B2 B3 B4 B5 B6 B7 B8 B9 BA BB BC BD BE BF C0 24 E2 24 24 D6 DB DB
  nt_row_13=DE DB EE 24 24 E3 24 C6 C7 C8 C8 C8 24 C9 CA CB CC CD C8 C8 C8 C8 E8 E9 D3 24 E2 24 24 D6 DB DB
  nt_row_17=DC DA DC D7 24 24 24 24 24 24 24 24 24 F0 01 09 08 06 24 17 12 17 1D 0E 17 0D 18 24 D6 DC DB DF
  nt_row_20=E1 D9 DC ED E0 EF 24 24 19 1E 1C 11 24 1C 1D 0A 1B 1D 24 0B 1E 1D 1D 18 17 24 24 24 D6 D8 E1 D9
  pal=360F00103617270F36081A2836303B2200303B160017270F00081A2800303B22
  chr_008=00000000000000000000000000000000
  chr_01C=00000000000000000000000000000000
  chr_108=78C4E47886867C000000000000000000
  chr_11C=78CCC07C06C67C000000000000000000
SNAPSHOT frame=569 reason=state_change
  state gm=00 ready=01 script=00 sub=00 ppu_idx=00 ram_005C=00 auto=00 phase=00 frm=B4 ctrl=B0 mask=1E ctrl_shadow=B0 mask_shadow=1E flush_done=01 vblank=00 mirror=10
  nt_row_04=DC EE 24 24 24 24 24 24 24 24 24 24 24 24 24 24 24 24 24 24 24 24 24 24 24 24 24 24 24 24 D6 DB
  nt_row_07=DE EE 24 24 24 E3 24 24 71 72 73 74 75 76 77 78 79 79 79 7A 7B 24 24 24 24 24 E2 24 24 24 D6 DB
  nt_row_08=DE D8 EF 24 24 E2 24 7C 7D 7E 7F 80 81 82 83 84 85 86 87 88 89 8A 8B 24 24 24 E3 24 24 24 D6 DF
  nt_row_11=DE DB D7 24 24 E3 70 AF B0 B1 B2 B3 B4 B5 B6 B7 B8 B9 BA BB BC BD BE BF C0 24 E2 24 24 D6 DB DB
  nt_row_13=DE DB EE 24 24 E3 24 C6 C7 C8 C8 C8 24 C9 CA CB CC CD C8 C8 C8 C8 E8 E9 D3 24 E2 24 24 D6 DB DB
  nt_row_17=DC DA DC D7 24 24 24 24 24 24 24 24 24 F0 01 09 08 06 24 17 12 17 1D 0E 17 0D 18 24 D6 DC DB DF
  nt_row_20=E1 D9 DC ED E0 EF 24 24 19 1E 1C 11 24 1C 1D 0A 1B 1D 24 0B 1E 1D 1D 18 17 24 24 24 D6 D8 E1 D9
  pal=360F00103617270F36081A2836303B2200303B160017270F00081A2800303B22
  chr_008=00000000000000000000000000000000
  chr_01C=00000000000000000000000000000000
  chr_108=78C4E47886867C000000000000000000
  chr_11C=78CCC07C06C67C000000000000000000
SNAPSHOT frame=570 reason=state_change
  state gm=00 ready=01 script=00 sub=00 ppu_idx=00 ram_005C=00 auto=00 phase=00 frm=B5 ctrl=B0 mask=1E ctrl_shadow=B0 mask_shadow=1E flush_done=01 vblank=00 mirror=10
  nt_row_04=DC EE 24 24 24 24 24 24 24 24 24 24 24 24 24 24 24 24 24 24 24 24 24 24 24 24 24 24 24 24 D6 DB
  nt_row_07=DE EE 24 24 24 E3 24 24 71 72 73 74 75 76 77 78 79 79 79 7A 7B 24 24 24 24 24 E2 24 24 24 D6 DB
  nt_row_08=DE D8 EF 24 24 E2 24 7C 7D 7E 7F 80 81 82 83 84 85 86 87 88 89 8A 8B 24 24 24 E3 24 24 24 D6 DF
  nt_row_11=DE DB D7 24 24 E3 70 AF B0 B1 B2 B3 B4 B5 B6 B7 B8 B9 BA BB BC BD BE BF C0 24 E2 24 24 D6 DB DB
  nt_row_13=DE DB EE 24 24 E3 24 C6 C7 C8 C8 C8 24 C9 CA CB CC CD C8 C8 C8 C8 E8 E9 D3 24 E2 24 24 D6 DB DB
  nt_row_17=DC DA DC D7 24 24 24 24 24 24 24 24 24 F0 01 09 08 06 24 17 12 17 1D 0E 17 0D 18 24 D6 DC DB DF
  nt_row_20=E1 D9 DC ED E0 EF 24 24 19 1E 1C 11 24 1C 1D 0A 1B 1D 24 0B 1E 1D 1D 18 17 24 24 24 D6 D8 E1 D9
  pal=360F00103617270F36081A2836303B2200303B160017270F00081A2800303B22
  chr_008=00000000000000000000000000000000
  chr_01C=00000000000000000000000000000000
  chr_108=78C4E47886867C000000000000000000
  chr_11C=78CCC07C06C67C000000000000000000
SNAPSHOT frame=571 reason=state_change
  state gm=00 ready=01 script=00 sub=00 ppu_idx=00 ram_005C=00 auto=00 phase=00 frm=B6 ctrl=B0 mask=1E ctrl_shadow=B0 mask_shadow=1E flush_done=01 vblank=00 mirror=10
  nt_row_04=DC EE 24 24 24 24 24 24 24 24 24 24 24 24 24 24 24 24 24 24 24 24 24 24 24 24 24 24 24 24 D6 DB
  nt_row_07=DE EE 24 24 24 E3 24 24 71 72 73 74 75 76 77 78 79 79 79 7A 7B 24 24 24 24 24 E2 24 24 24 D6 DB
  nt_row_08=DE D8 EF 24 24 E2 24 7C 7D 7E 7F 80 81 82 83 84 85 86 87 88 89 8A 8B 24 24 24 E3 24 24 24 D6 DF
  nt_row_11=DE DB D7 24 24 E3 70 AF B0 B1 B2 B3 B4 B5 B6 B7 B8 B9 BA BB BC BD BE BF C0 24 E2 24 24 D6 DB DB
  nt_row_13=DE DB EE 24 24 E3 24 C6 C7 C8 C8 C8 24 C9 CA CB CC CD C8 C8 C8 C8 E8 E9 D3 24 E2 24 24 D6 DB DB
  nt_row_17=DC DA DC D7 24 24 24 24 24 24 24 24 24 F0 01 09 08 06 24 17 12 17 1D 0E 17 0D 18 24 D6 DC DB DF
  nt_row_20=E1 D9 DC ED E0 EF 24 24 19 1E 1C 11 24 1C 1D 0A 1B 1D 24 0B 1E 1D 1D 18 17 24 24 24 D6 D8 E1 D9
  pal=360F00103617270F36081A2836303B2200303B160017270F00081A2800303B22
  chr_008=00000000000000000000000000000000
  chr_01C=00000000000000000000000000000000
  chr_108=78C4E47886867C000000000000000000
  chr_11C=78CCC07C06C67C000000000000000000
SNAPSHOT frame=572 reason=state_change
  state gm=00 ready=01 script=00 sub=00 ppu_idx=00 ram_005C=00 auto=00 phase=00 frm=B7 ctrl=B0 mask=1E ctrl_shadow=B0 mask_shadow=1E flush_done=01 vblank=00 mirror=10
  nt_row_04=DC EE 24 24 24 24 24 24 24 24 24 24 24 24 24 24 24 24 24 24 24 24 24 24 24 24 24 24 24 24 D6 DB
  nt_row_07=DE EE 24 24 24 E3 24 24 71 72 73 74 75 76 77 78 79 79 79 7A 7B 24 24 24 24 24 E2 24 24 24 D6 DB
  nt_row_08=DE D8 EF 24 24 E2 24 7C 7D 7E 7F 80 81 82 83 84 85 86 87 88 89 8A 8B 24 24 24 E3 24 24 24 D6 DF
  nt_row_11=DE DB D7 24 24 E3 70 AF B0 B1 B2 B3 B4 B5 B6 B7 B8 B9 BA BB BC BD BE BF C0 24 E2 24 24 D6 DB DB
  nt_row_13=DE DB EE 24 24 E3 24 C6 C7 C8 C8 C8 24 C9 CA CB CC CD C8 C8 C8 C8 E8 E9 D3 24 E2 24 24 D6 DB DB
  nt_row_17=DC DA DC D7 24 24 24 24 24 24 24 24 24 F0 01 09 08 06 24 17 12 17 1D 0E 17 0D 18 24 D6 DC DB DF
  nt_row_20=E1 D9 DC ED E0 EF 24 24 19 1E 1C 11 24 1C 1D 0A 1B 1D 24 0B 1E 1D 1D 18 17 24 24 24 D6 D8 E1 D9
  pal=360F00103617270F36081A2836303B2200303B160017270F00081A2800303B22
  chr_008=00000000000000000000000000000000
  chr_01C=00000000000000000000000000000000
  chr_108=78C4E47886867C000000000000000000
  chr_11C=78CCC07C06C67C000000000000000000
SNAPSHOT frame=573 reason=state_change
  state gm=00 ready=01 script=00 sub=00 ppu_idx=00 ram_005C=00 auto=00 phase=00 frm=B8 ctrl=B0 mask=1E ctrl_shadow=B0 mask_shadow=1E flush_done=01 vblank=00 mirror=10
  nt_row_04=DC EE 24 24 24 24 24 24 24 24 24 24 24 24 24 24 24 24 24 24 24 24 24 24 24 24 24 24 24 24 D6 DB
  nt_row_07=DE EE 24 24 24 E3 24 24 71 72 73 74 75 76 77 78 79 79 79 7A 7B 24 24 24 24 24 E2 24 24 24 D6 DB
  nt_row_08=DE D8 EF 24 24 E2 24 7C 7D 7E 7F 80 81 82 83 84 85 86 87 88 89 8A 8B 24 24 24 E3 24 24 24 D6 DF
  nt_row_11=DE DB D7 24 24 E3 70 AF B0 B1 B2 B3 B4 B5 B6 B7 B8 B9 BA BB BC BD BE BF C0 24 E2 24 24 D6 DB DB
  nt_row_13=DE DB EE 24 24 E3 24 C6 C7 C8 C8 C8 24 C9 CA CB CC CD C8 C8 C8 C8 E8 E9 D3 24 E2 24 24 D6 DB DB
  nt_row_17=DC DA DC D7 24 24 24 24 24 24 24 24 24 F0 01 09 08 06 24 17 12 17 1D 0E 17 0D 18 24 D6 DC DB DF
  nt_row_20=E1 D9 DC ED E0 EF 24 24 19 1E 1C 11 24 1C 1D 0A 1B 1D 24 0B 1E 1D 1D 18 17 24 24 24 D6 D8 E1 D9
  pal=360F00103617270F36081A2836303B2200303B160017270F00081A2800303B22
  chr_008=00000000000000000000000000000000
  chr_01C=00000000000000000000000000000000
  chr_108=78C4E47886867C000000000000000000
  chr_11C=78CCC07C06C67C000000000000000000
SNAPSHOT frame=574 reason=state_change
  state gm=00 ready=01 script=00 sub=00 ppu_idx=00 ram_005C=00 auto=00 phase=00 frm=B9 ctrl=B0 mask=1E ctrl_shadow=B0 mask_shadow=1E flush_done=01 vblank=00 mirror=10
  nt_row_04=DC EE 24 24 24 24 24 24 24 24 24 24 24 24 24 24 24 24 24 24 24 24 24 24 24 24 24 24 24 24 D6 DB
  nt_row_07=DE EE 24 24 24 E3 24 24 71 72 73 74 75 76 77 78 79 79 79 7A 7B 24 24 24 24 24 E2 24 24 24 D6 DB
  nt_row_08=DE D8 EF 24 24 E2 24 7C 7D 7E 7F 80 81 82 83 84 85 86 87 88 89 8A 8B 24 24 24 E3 24 24 24 D6 DF
  nt_row_11=DE DB D7 24 24 E3 70 AF B0 B1 B2 B3 B4 B5 B6 B7 B8 B9 BA BB BC BD BE BF C0 24 E2 24 24 D6 DB DB
  nt_row_13=DE DB EE 24 24 E3 24 C6 C7 C8 C8 C8 24 C9 CA CB CC CD C8 C8 C8 C8 E8 E9 D3 24 E2 24 24 D6 DB DB
  nt_row_17=DC DA DC D7 24 24 24 24 24 24 24 24 24 F0 01 09 08 06 24 17 12 17 1D 0E 17 0D 18 24 D6 DC DB DF
  nt_row_20=E1 D9 DC ED E0 EF 24 24 19 1E 1C 11 24 1C 1D 0A 1B 1D 24 0B 1E 1D 1D 18 17 24 24 24 D6 D8 E1 D9
  pal=360F00103617270F36081A2836303B2200303B160017270F00081A2800303B22
  chr_008=00000000000000000000000000000000
  chr_01C=00000000000000000000000000000000
  chr_108=78C4E47886867C000000000000000000
  chr_11C=78CCC07C06C67C000000000000000000
SNAPSHOT frame=575 reason=state_change
  state gm=00 ready=01 script=00 sub=00 ppu_idx=00 ram_005C=00 auto=00 phase=00 frm=BA ctrl=B0 mask=1E ctrl_shadow=B0 mask_shadow=1E flush_done=01 vblank=00 mirror=10
  nt_row_04=DC EE 24 24 24 24 24 24 24 24 24 24 24 24 24 24 24 24 24 24 24 24 24 24 24 24 24 24 24 24 D6 DB
  nt_row_07=DE EE 24 24 24 E3 24 24 71 72 73 74 75 76 77 78 79 79 79 7A 7B 24 24 24 24 24 E2 24 24 24 D6 DB
  nt_row_08=DE D8 EF 24 24 E2 24 7C 7D 7E 7F 80 81 82 83 84 85 86 87 88 89 8A 8B 24 24 24 E3 24 24 24 D6 DF
  nt_row_11=DE DB D7 24 24 E3 70 AF B0 B1 B2 B3 B4 B5 B6 B7 B8 B9 BA BB BC BD BE BF C0 24 E2 24 24 D6 DB DB
  nt_row_13=DE DB EE 24 24 E3 24 C6 C7 C8 C8 C8 24 C9 CA CB CC CD C8 C8 C8 C8 E8 E9 D3 24 E2 24 24 D6 DB DB
  nt_row_17=DC DA DC D7 24 24 24 24 24 24 24 24 24 F0 01 09 08 06 24 17 12 17 1D 0E 17 0D 18 24 D6 DC DB DF
  nt_row_20=E1 D9 DC ED E0 EF 24 24 19 1E 1C 11 24 1C 1D 0A 1B 1D 24 0B 1E 1D 1D 18 17 24 24 24 D6 D8 E1 D9
  pal=360F00103617270F36081A2836303B2200303B160017270F00081A2800303B22
  chr_008=00000000000000000000000000000000
  chr_01C=00000000000000000000000000000000
  chr_108=78C4E47886867C000000000000000000
  chr_11C=78CCC07C06C67C000000000000000000
SNAPSHOT frame=576 reason=state_change
  state gm=00 ready=01 script=00 sub=00 ppu_idx=00 ram_005C=00 auto=00 phase=00 frm=BB ctrl=B0 mask=1E ctrl_shadow=B0 mask_shadow=1E flush_done=01 vblank=00 mirror=10
  nt_row_04=DC EE 24 24 24 24 24 24 24 24 24 24 24 24 24 24 24 24 24 24 24 24 24 24 24 24 24 24 24 24 D6 DB
  nt_row_07=DE EE 24 24 24 E3 24 24 71 72 73 74 75 76 77 78 79 79 79 7A 7B 24 24 24 24 24 E2 24 24 24 D6 DB
  nt_row_08=DE D8 EF 24 24 E2 24 7C 7D 7E 7F 80 81 82 83 84 85 86 87 88 89 8A 8B 24 24 24 E3 24 24 24 D6 DF
  nt_row_11=DE DB D7 24 24 E3 70 AF B0 B1 B2 B3 B4 B5 B6 B7 B8 B9 BA BB BC BD BE BF C0 24 E2 24 24 D6 DB DB
  nt_row_13=DE DB EE 24 24 E3 24 C6 C7 C8 C8 C8 24 C9 CA CB CC CD C8 C8 C8 C8 E8 E9 D3 24 E2 24 24 D6 DB DB
  nt_row_17=DC DA DC D7 24 24 24 24 24 24 24 24 24 F0 01 09 08 06 24 17 12 17 1D 0E 17 0D 18 24 D6 DC DB DF
  nt_row_20=E1 D9 DC ED E0 EF 24 24 19 1E 1C 11 24 1C 1D 0A 1B 1D 24 0B 1E 1D 1D 18 17 24 24 24 D6 D8 E1 D9
  pal=360F00103617270F36081A2836303B2200303B160017270F00081A2800303B22
  chr_008=00000000000000000000000000000000
  chr_01C=00000000000000000000000000000000
  chr_108=78C4E47886867C000000000000000000
  chr_11C=78CCC07C06C67C000000000000000000
SNAPSHOT frame=577 reason=state_change
  state gm=00 ready=01 script=00 sub=00 ppu_idx=00 ram_005C=00 auto=00 phase=00 frm=BC ctrl=B0 mask=1E ctrl_shadow=B0 mask_shadow=1E flush_done=01 vblank=00 mirror=10
  nt_row_04=DC EE 24 24 24 24 24 24 24 24 24 24 24 24 24 24 24 24 24 24 24 24 24 24 24 24 24 24 24 24 D6 DB
  nt_row_07=DE EE 24 24 24 E3 24 24 71 72 73 74 75 76 77 78 79 79 79 7A 7B 24 24 24 24 24 E2 24 24 24 D6 DB
  nt_row_08=DE D8 EF 24 24 E2 24 7C 7D 7E 7F 80 81 82 83 84 85 86 87 88 89 8A 8B 24 24 24 E3 24 24 24 D6 DF
  nt_row_11=DE DB D7 24 24 E3 70 AF B0 B1 B2 B3 B4 B5 B6 B7 B8 B9 BA BB BC BD BE BF C0 24 E2 24 24 D6 DB DB
  nt_row_13=DE DB EE 24 24 E3 24 C6 C7 C8 C8 C8 24 C9 CA CB CC CD C8 C8 C8 C8 E8 E9 D3 24 E2 24 24 D6 DB DB
  nt_row_17=DC DA DC D7 24 24 24 24 24 24 24 24 24 F0 01 09 08 06 24 17 12 17 1D 0E 17 0D 18 24 D6 DC DB DF
  nt_row_20=E1 D9 DC ED E0 EF 24 24 19 1E 1C 11 24 1C 1D 0A 1B 1D 24 0B 1E 1D 1D 18 17 24 24 24 D6 D8 E1 D9
  pal=360F00103617270F36081A2836303B2200303B160017270F00081A2800303B22
  chr_008=00000000000000000000000000000000
  chr_01C=00000000000000000000000000000000
  chr_108=78C4E47886867C000000000000000000
  chr_11C=78CCC07C06C67C000000000000000000
SNAPSHOT frame=578 reason=state_change
  state gm=00 ready=01 script=00 sub=00 ppu_idx=00 ram_005C=00 auto=00 phase=00 frm=BD ctrl=B0 mask=1E ctrl_shadow=B0 mask_shadow=1E flush_done=01 vblank=00 mirror=10
  nt_row_04=DC EE 24 24 24 24 24 24 24 24 24 24 24 24 24 24 24 24 24 24 24 24 24 24 24 24 24 24 24 24 D6 DB
  nt_row_07=DE EE 24 24 24 E3 24 24 71 72 73 74 75 76 77 78 79 79 79 7A 7B 24 24 24 24 24 E2 24 24 24 D6 DB
  nt_row_08=DE D8 EF 24 24 E2 24 7C 7D 7E 7F 80 81 82 83 84 85 86 87 88 89 8A 8B 24 24 24 E3 24 24 24 D6 DF
  nt_row_11=DE DB D7 24 24 E3 70 AF B0 B1 B2 B3 B4 B5 B6 B7 B8 B9 BA BB BC BD BE BF C0 24 E2 24 24 D6 DB DB
  nt_row_13=DE DB EE 24 24 E3 24 C6 C7 C8 C8 C8 24 C9 CA CB CC CD C8 C8 C8 C8 E8 E9 D3 24 E2 24 24 D6 DB DB
  nt_row_17=DC DA DC D7 24 24 24 24 24 24 24 24 24 F0 01 09 08 06 24 17 12 17 1D 0E 17 0D 18 24 D6 DC DB DF
  nt_row_20=E1 D9 DC ED E0 EF 24 24 19 1E 1C 11 24 1C 1D 0A 1B 1D 24 0B 1E 1D 1D 18 17 24 24 24 D6 D8 E1 D9
  pal=360F00103617270F36081A2836303B2200303B160017270F00081A2800303B22
  chr_008=00000000000000000000000000000000
  chr_01C=00000000000000000000000000000000
  chr_108=78C4E47886867C000000000000000000
  chr_11C=78CCC07C06C67C000000000000000000
SNAPSHOT frame=579 reason=state_change
  state gm=00 ready=01 script=00 sub=00 ppu_idx=00 ram_005C=00 auto=00 phase=00 frm=BE ctrl=B0 mask=1E ctrl_shadow=B0 mask_shadow=1E flush_done=01 vblank=00 mirror=10
  nt_row_04=DC EE 24 24 24 24 24 24 24 24 24 24 24 24 24 24 24 24 24 24 24 24 24 24 24 24 24 24 24 24 D6 DB
  nt_row_07=DE EE 24 24 24 E3 24 24 71 72 73 74 75 76 77 78 79 79 79 7A 7B 24 24 24 24 24 E2 24 24 24 D6 DB
  nt_row_08=DE D8 EF 24 24 E2 24 7C 7D 7E 7F 80 81 82 83 84 85 86 87 88 89 8A 8B 24 24 24 E3 24 24 24 D6 DF
  nt_row_11=DE DB D7 24 24 E3 70 AF B0 B1 B2 B3 B4 B5 B6 B7 B8 B9 BA BB BC BD BE BF C0 24 E2 24 24 D6 DB DB
  nt_row_13=DE DB EE 24 24 E3 24 C6 C7 C8 C8 C8 24 C9 CA CB CC CD C8 C8 C8 C8 E8 E9 D3 24 E2 24 24 D6 DB DB
  nt_row_17=DC DA DC D7 24 24 24 24 24 24 24 24 24 F0 01 09 08 06 24 17 12 17 1D 0E 17 0D 18 24 D6 DC DB DF
  nt_row_20=E1 D9 DC ED E0 EF 24 24 19 1E 1C 11 24 1C 1D 0A 1B 1D 24 0B 1E 1D 1D 18 17 24 24 24 D6 D8 E1 D9
  pal=360F00103617270F36081A2836303B2200303B160017270F00081A2800303B22
  chr_008=00000000000000000000000000000000
  chr_01C=00000000000000000000000000000000
  chr_108=78C4E47886867C000000000000000000
  chr_11C=78CCC07C06C67C000000000000000000
SNAPSHOT frame=580 reason=state_change
  state gm=00 ready=01 script=00 sub=00 ppu_idx=00 ram_005C=00 auto=00 phase=00 frm=BF ctrl=B0 mask=1E ctrl_shadow=B0 mask_shadow=1E flush_done=01 vblank=00 mirror=10
  nt_row_04=DC EE 24 24 24 24 24 24 24 24 24 24 24 24 24 24 24 24 24 24 24 24 24 24 24 24 24 24 24 24 D6 DB
  nt_row_07=DE EE 24 24 24 E3 24 24 71 72 73 74 75 76 77 78 79 79 79 7A 7B 24 24 24 24 24 E2 24 24 24 D6 DB
  nt_row_08=DE D8 EF 24 24 E2 24 7C 7D 7E 7F 80 81 82 83 84 85 86 87 88 89 8A 8B 24 24 24 E3 24 24 24 D6 DF
  nt_row_11=DE DB D7 24 24 E3 70 AF B0 B1 B2 B3 B4 B5 B6 B7 B8 B9 BA BB BC BD BE BF C0 24 E2 24 24 D6 DB DB
  nt_row_13=DE DB EE 24 24 E3 24 C6 C7 C8 C8 C8 24 C9 CA CB CC CD C8 C8 C8 C8 E8 E9 D3 24 E2 24 24 D6 DB DB
  nt_row_17=DC DA DC D7 24 24 24 24 24 24 24 24 24 F0 01 09 08 06 24 17 12 17 1D 0E 17 0D 18 24 D6 DC DB DF
  nt_row_20=E1 D9 DC ED E0 EF 24 24 19 1E 1C 11 24 1C 1D 0A 1B 1D 24 0B 1E 1D 1D 18 17 24 24 24 D6 D8 E1 D9
  pal=360F00103617270F36081A2836303B2200303B160017270F00081A2800303B22
  chr_008=00000000000000000000000000000000
  chr_01C=00000000000000000000000000000000
  chr_108=78C4E47886867C000000000000000000
  chr_11C=78CCC07C06C67C000000000000000000
SNAPSHOT frame=581 reason=state_change
  state gm=00 ready=01 script=00 sub=00 ppu_idx=00 ram_005C=00 auto=00 phase=00 frm=C0 ctrl=B0 mask=1E ctrl_shadow=B0 mask_shadow=1E flush_done=01 vblank=00 mirror=10
  nt_row_04=DC EE 24 24 24 24 24 24 24 24 24 24 24 24 24 24 24 24 24 24 24 24 24 24 24 24 24 24 24 24 D6 DB
  nt_row_07=DE EE 24 24 24 E3 24 24 71 72 73 74 75 76 77 78 79 79 79 7A 7B 24 24 24 24 24 E2 24 24 24 D6 DB
  nt_row_08=DE D8 EF 24 24 E2 24 7C 7D 7E 7F 80 81 82 83 84 85 86 87 88 89 8A 8B 24 24 24 E3 24 24 24 D6 DF
  nt_row_11=DE DB D7 24 24 E3 70 AF B0 B1 B2 B3 B4 B5 B6 B7 B8 B9 BA BB BC BD BE BF C0 24 E2 24 24 D6 DB DB
  nt_row_13=DE DB EE 24 24 E3 24 C6 C7 C8 C8 C8 24 C9 CA CB CC CD C8 C8 C8 C8 E8 E9 D3 24 E2 24 24 D6 DB DB
  nt_row_17=DC DA DC D7 24 24 24 24 24 24 24 24 24 F0 01 09 08 06 24 17 12 17 1D 0E 17 0D 18 24 D6 DC DB DF
  nt_row_20=E1 D9 DC ED E0 EF 24 24 19 1E 1C 11 24 1C 1D 0A 1B 1D 24 0B 1E 1D 1D 18 17 24 24 24 D6 D8 E1 D9
  pal=360F00103617270F36081A2836303B2200303B160017270F00081A2800303B22
  chr_008=00000000000000000000000000000000
  chr_01C=00000000000000000000000000000000
  chr_108=78C4E47886867C000000000000000000
  chr_11C=78CCC07C06C67C000000000000000000
SNAPSHOT frame=582 reason=state_change
  state gm=00 ready=01 script=00 sub=00 ppu_idx=00 ram_005C=00 auto=00 phase=00 frm=C1 ctrl=B0 mask=1E ctrl_shadow=B0 mask_shadow=1E flush_done=01 vblank=00 mirror=10
  nt_row_04=DC EE 24 24 24 24 24 24 24 24 24 24 24 24 24 24 24 24 24 24 24 24 24 24 24 24 24 24 24 24 D6 DB
  nt_row_07=DE EE 24 24 24 E3 24 24 71 72 73 74 75 76 77 78 79 79 79 7A 7B 24 24 24 24 24 E2 24 24 24 D6 DB
  nt_row_08=DE D8 EF 24 24 E2 24 7C 7D 7E 7F 80 81 82 83 84 85 86 87 88 89 8A 8B 24 24 24 E3 24 24 24 D6 DF
  nt_row_11=DE DB D7 24 24 E3 70 AF B0 B1 B2 B3 B4 B5 B6 B7 B8 B9 BA BB BC BD BE BF C0 24 E2 24 24 D6 DB DB
  nt_row_13=DE DB EE 24 24 E3 24 C6 C7 C8 C8 C8 24 C9 CA CB CC CD C8 C8 C8 C8 E8 E9 D3 24 E2 24 24 D6 DB DB
  nt_row_17=DC DA DC D7 24 24 24 24 24 24 24 24 24 F0 01 09 08 06 24 17 12 17 1D 0E 17 0D 18 24 D6 DC DB DF
  nt_row_20=E1 D9 DC ED E0 EF 24 24 19 1E 1C 11 24 1C 1D 0A 1B 1D 24 0B 1E 1D 1D 18 17 24 24 24 D6 D8 E1 D9
  pal=360F00103617270F36081A2836303B2200303B160017270F00081A2800303B22
  chr_008=00000000000000000000000000000000
  chr_01C=00000000000000000000000000000000
  chr_108=78C4E47886867C000000000000000000
  chr_11C=78CCC07C06C67C000000000000000000
SNAPSHOT frame=583 reason=state_change
  state gm=00 ready=01 script=00 sub=00 ppu_idx=00 ram_005C=00 auto=00 phase=00 frm=C2 ctrl=B0 mask=1E ctrl_shadow=B0 mask_shadow=1E flush_done=01 vblank=00 mirror=10
  nt_row_04=DC EE 24 24 24 24 24 24 24 24 24 24 24 24 24 24 24 24 24 24 24 24 24 24 24 24 24 24 24 24 D6 DB
  nt_row_07=DE EE 24 24 24 E3 24 24 71 72 73 74 75 76 77 78 79 79 79 7A 7B 24 24 24 24 24 E2 24 24 24 D6 DB
  nt_row_08=DE D8 EF 24 24 E2 24 7C 7D 7E 7F 80 81 82 83 84 85 86 87 88 89 8A 8B 24 24 24 E3 24 24 24 D6 DF
  nt_row_11=DE DB D7 24 24 E3 70 AF B0 B1 B2 B3 B4 B5 B6 B7 B8 B9 BA BB BC BD BE BF C0 24 E2 24 24 D6 DB DB
  nt_row_13=DE DB EE 24 24 E3 24 C6 C7 C8 C8 C8 24 C9 CA CB CC CD C8 C8 C8 C8 E8 E9 D3 24 E2 24 24 D6 DB DB
  nt_row_17=DC DA DC D7 24 24 24 24 24 24 24 24 24 F0 01 09 08 06 24 17 12 17 1D 0E 17 0D 18 24 D6 DC DB DF
  nt_row_20=E1 D9 DC ED E0 EF 24 24 19 1E 1C 11 24 1C 1D 0A 1B 1D 24 0B 1E 1D 1D 18 17 24 24 24 D6 D8 E1 D9
  pal=360F00103617270F36081A2836303B2200303B160017270F00081A2800303B22
  chr_008=00000000000000000000000000000000
  chr_01C=00000000000000000000000000000000
  chr_108=78C4E47886867C000000000000000000
  chr_11C=78CCC07C06C67C000000000000000000
SNAPSHOT frame=584 reason=state_change
  state gm=00 ready=01 script=00 sub=00 ppu_idx=00 ram_005C=00 auto=00 phase=00 frm=C3 ctrl=B0 mask=1E ctrl_shadow=B0 mask_shadow=1E flush_done=01 vblank=00 mirror=10
  nt_row_04=DC EE 24 24 24 24 24 24 24 24 24 24 24 24 24 24 24 24 24 24 24 24 24 24 24 24 24 24 24 24 D6 DB
  nt_row_07=DE EE 24 24 24 E3 24 24 71 72 73 74 75 76 77 78 79 79 79 7A 7B 24 24 24 24 24 E2 24 24 24 D6 DB
  nt_row_08=DE D8 EF 24 24 E2 24 7C 7D 7E 7F 80 81 82 83 84 85 86 87 88 89 8A 8B 24 24 24 E3 24 24 24 D6 DF
  nt_row_11=DE DB D7 24 24 E3 70 AF B0 B1 B2 B3 B4 B5 B6 B7 B8 B9 BA BB BC BD BE BF C0 24 E2 24 24 D6 DB DB
  nt_row_13=DE DB EE 24 24 E3 24 C6 C7 C8 C8 C8 24 C9 CA CB CC CD C8 C8 C8 C8 E8 E9 D3 24 E2 24 24 D6 DB DB
  nt_row_17=DC DA DC D7 24 24 24 24 24 24 24 24 24 F0 01 09 08 06 24 17 12 17 1D 0E 17 0D 18 24 D6 DC DB DF
  nt_row_20=E1 D9 DC ED E0 EF 24 24 19 1E 1C 11 24 1C 1D 0A 1B 1D 24 0B 1E 1D 1D 18 17 24 24 24 D6 D8 E1 D9
  pal=360F00103617270F36081A2836303B2200303B160017270F00081A2800303B22
  chr_008=00000000000000000000000000000000
  chr_01C=00000000000000000000000000000000
  chr_108=78C4E47886867C000000000000000000
  chr_11C=78CCC07C06C67C000000000000000000
SNAPSHOT frame=585 reason=state_change
  state gm=00 ready=01 script=00 sub=00 ppu_idx=00 ram_005C=00 auto=00 phase=00 frm=C4 ctrl=B0 mask=1E ctrl_shadow=B0 mask_shadow=1E flush_done=01 vblank=00 mirror=10
  nt_row_04=DC EE 24 24 24 24 24 24 24 24 24 24 24 24 24 24 24 24 24 24 24 24 24 24 24 24 24 24 24 24 D6 DB
  nt_row_07=DE EE 24 24 24 E3 24 24 71 72 73 74 75 76 77 78 79 79 79 7A 7B 24 24 24 24 24 E2 24 24 24 D6 DB
  nt_row_08=DE D8 EF 24 24 E2 24 7C 7D 7E 7F 80 81 82 83 84 85 86 87 88 89 8A 8B 24 24 24 E3 24 24 24 D6 DF
  nt_row_11=DE DB D7 24 24 E3 70 AF B0 B1 B2 B3 B4 B5 B6 B7 B8 B9 BA BB BC BD BE BF C0 24 E2 24 24 D6 DB DB
  nt_row_13=DE DB EE 24 24 E3 24 C6 C7 C8 C8 C8 24 C9 CA CB CC CD C8 C8 C8 C8 E8 E9 D3 24 E2 24 24 D6 DB DB
  nt_row_17=DC DA DC D7 24 24 24 24 24 24 24 24 24 F0 01 09 08 06 24 17 12 17 1D 0E 17 0D 18 24 D6 DC DB DF
  nt_row_20=E1 D9 DC ED E0 EF 24 24 19 1E 1C 11 24 1C 1D 0A 1B 1D 24 0B 1E 1D 1D 18 17 24 24 24 D6 D8 E1 D9
  pal=360F00103617270F36081A2836303B2200303B160017270F00081A2800303B22
  chr_008=00000000000000000000000000000000
  chr_01C=00000000000000000000000000000000
  chr_108=78C4E47886867C000000000000000000
  chr_11C=78CCC07C06C67C000000000000000000
SNAPSHOT frame=586 reason=state_change
  state gm=00 ready=01 script=00 sub=00 ppu_idx=00 ram_005C=00 auto=00 phase=00 frm=C5 ctrl=B0 mask=1E ctrl_shadow=B0 mask_shadow=1E flush_done=01 vblank=00 mirror=10
  nt_row_04=DC EE 24 24 24 24 24 24 24 24 24 24 24 24 24 24 24 24 24 24 24 24 24 24 24 24 24 24 24 24 D6 DB
  nt_row_07=DE EE 24 24 24 E3 24 24 71 72 73 74 75 76 77 78 79 79 79 7A 7B 24 24 24 24 24 E2 24 24 24 D6 DB
  nt_row_08=DE D8 EF 24 24 E2 24 7C 7D 7E 7F 80 81 82 83 84 85 86 87 88 89 8A 8B 24 24 24 E3 24 24 24 D6 DF
  nt_row_11=DE DB D7 24 24 E3 70 AF B0 B1 B2 B3 B4 B5 B6 B7 B8 B9 BA BB BC BD BE BF C0 24 E2 24 24 D6 DB DB
  nt_row_13=DE DB EE 24 24 E3 24 C6 C7 C8 C8 C8 24 C9 CA CB CC CD C8 C8 C8 C8 E8 E9 D3 24 E2 24 24 D6 DB DB
  nt_row_17=DC DA DC D7 24 24 24 24 24 24 24 24 24 F0 01 09 08 06 24 17 12 17 1D 0E 17 0D 18 24 D6 DC DB DF
  nt_row_20=E1 D9 DC ED E0 EF 24 24 19 1E 1C 11 24 1C 1D 0A 1B 1D 24 0B 1E 1D 1D 18 17 24 24 24 D6 D8 E1 D9
  pal=360F00103617270F36081A2836303B2200303B160017270F00081A2800303B22
  chr_008=00000000000000000000000000000000
  chr_01C=00000000000000000000000000000000
  chr_108=78C4E47886867C000000000000000000
  chr_11C=78CCC07C06C67C000000000000000000
SNAPSHOT frame=587 reason=state_change
  state gm=00 ready=01 script=00 sub=00 ppu_idx=00 ram_005C=00 auto=00 phase=00 frm=C6 ctrl=B0 mask=1E ctrl_shadow=B0 mask_shadow=1E flush_done=01 vblank=00 mirror=10
  nt_row_04=DC EE 24 24 24 24 24 24 24 24 24 24 24 24 24 24 24 24 24 24 24 24 24 24 24 24 24 24 24 24 D6 DB
  nt_row_07=DE EE 24 24 24 E3 24 24 71 72 73 74 75 76 77 78 79 79 79 7A 7B 24 24 24 24 24 E2 24 24 24 D6 DB
  nt_row_08=DE D8 EF 24 24 E2 24 7C 7D 7E 7F 80 81 82 83 84 85 86 87 88 89 8A 8B 24 24 24 E3 24 24 24 D6 DF
  nt_row_11=DE DB D7 24 24 E3 70 AF B0 B1 B2 B3 B4 B5 B6 B7 B8 B9 BA BB BC BD BE BF C0 24 E2 24 24 D6 DB DB
  nt_row_13=DE DB EE 24 24 E3 24 C6 C7 C8 C8 C8 24 C9 CA CB CC CD C8 C8 C8 C8 E8 E9 D3 24 E2 24 24 D6 DB DB
  nt_row_17=DC DA DC D7 24 24 24 24 24 24 24 24 24 F0 01 09 08 06 24 17 12 17 1D 0E 17 0D 18 24 D6 DC DB DF
  nt_row_20=E1 D9 DC ED E0 EF 24 24 19 1E 1C 11 24 1C 1D 0A 1B 1D 24 0B 1E 1D 1D 18 17 24 24 24 D6 D8 E1 D9
  pal=360F00103617270F36081A2836303B2200303B160017270F00081A2800303B22
  chr_008=00000000000000000000000000000000
  chr_01C=00000000000000000000000000000000
  chr_108=78C4E47886867C000000000000000000
  chr_11C=78CCC07C06C67C000000000000000000
SNAPSHOT frame=588 reason=state_change
  state gm=00 ready=01 script=00 sub=00 ppu_idx=00 ram_005C=00 auto=00 phase=00 frm=C7 ctrl=B0 mask=1E ctrl_shadow=B0 mask_shadow=1E flush_done=01 vblank=00 mirror=10
  nt_row_04=DC EE 24 24 24 24 24 24 24 24 24 24 24 24 24 24 24 24 24 24 24 24 24 24 24 24 24 24 24 24 D6 DB
  nt_row_07=DE EE 24 24 24 E3 24 24 71 72 73 74 75 76 77 78 79 79 79 7A 7B 24 24 24 24 24 E2 24 24 24 D6 DB
  nt_row_08=DE D8 EF 24 24 E2 24 7C 7D 7E 7F 80 81 82 83 84 85 86 87 88 89 8A 8B 24 24 24 E3 24 24 24 D6 DF
  nt_row_11=DE DB D7 24 24 E3 70 AF B0 B1 B2 B3 B4 B5 B6 B7 B8 B9 BA BB BC BD BE BF C0 24 E2 24 24 D6 DB DB
  nt_row_13=DE DB EE 24 24 E3 24 C6 C7 C8 C8 C8 24 C9 CA CB CC CD C8 C8 C8 C8 E8 E9 D3 24 E2 24 24 D6 DB DB
  nt_row_17=DC DA DC D7 24 24 24 24 24 24 24 24 24 F0 01 09 08 06 24 17 12 17 1D 0E 17 0D 18 24 D6 DC DB DF
  nt_row_20=E1 D9 DC ED E0 EF 24 24 19 1E 1C 11 24 1C 1D 0A 1B 1D 24 0B 1E 1D 1D 18 17 24 24 24 D6 D8 E1 D9
  pal=360F00103617270F36081A2836303B2200303B160017270F00081A2800303B22
  chr_008=00000000000000000000000000000000
  chr_01C=00000000000000000000000000000000
  chr_108=78C4E47886867C000000000000000000
  chr_11C=78CCC07C06C67C000000000000000000
SNAPSHOT frame=589 reason=state_change
  state gm=00 ready=01 script=00 sub=00 ppu_idx=00 ram_005C=00 auto=00 phase=00 frm=C8 ctrl=B0 mask=1E ctrl_shadow=B0 mask_shadow=1E flush_done=01 vblank=00 mirror=10
  nt_row_04=DC EE 24 24 24 24 24 24 24 24 24 24 24 24 24 24 24 24 24 24 24 24 24 24 24 24 24 24 24 24 D6 DB
  nt_row_07=DE EE 24 24 24 E3 24 24 71 72 73 74 75 76 77 78 79 79 79 7A 7B 24 24 24 24 24 E2 24 24 24 D6 DB
  nt_row_08=DE D8 EF 24 24 E2 24 7C 7D 7E 7F 80 81 82 83 84 85 86 87 88 89 8A 8B 24 24 24 E3 24 24 24 D6 DF
  nt_row_11=DE DB D7 24 24 E3 70 AF B0 B1 B2 B3 B4 B5 B6 B7 B8 B9 BA BB BC BD BE BF C0 24 E2 24 24 D6 DB DB
  nt_row_13=DE DB EE 24 24 E3 24 C6 C7 C8 C8 C8 24 C9 CA CB CC CD C8 C8 C8 C8 E8 E9 D3 24 E2 24 24 D6 DB DB
  nt_row_17=DC DA DC D7 24 24 24 24 24 24 24 24 24 F0 01 09 08 06 24 17 12 17 1D 0E 17 0D 18 24 D6 DC DB DF
  nt_row_20=E1 D9 DC ED E0 EF 24 24 19 1E 1C 11 24 1C 1D 0A 1B 1D 24 0B 1E 1D 1D 18 17 24 24 24 D6 D8 E1 D9
  pal=360F00103617270F36081A2836303B2200303B160017270F00081A2800303B22
  chr_008=00000000000000000000000000000000
  chr_01C=00000000000000000000000000000000
  chr_108=78C4E47886867C000000000000000000
  chr_11C=78CCC07C06C67C000000000000000000
SNAPSHOT frame=590 reason=state_change
  state gm=00 ready=01 script=00 sub=00 ppu_idx=00 ram_005C=00 auto=00 phase=00 frm=C9 ctrl=B0 mask=1E ctrl_shadow=B0 mask_shadow=1E flush_done=01 vblank=00 mirror=10
  nt_row_04=DC EE 24 24 24 24 24 24 24 24 24 24 24 24 24 24 24 24 24 24 24 24 24 24 24 24 24 24 24 24 D6 DB
  nt_row_07=DE EE 24 24 24 E3 24 24 71 72 73 74 75 76 77 78 79 79 79 7A 7B 24 24 24 24 24 E2 24 24 24 D6 DB
  nt_row_08=DE D8 EF 24 24 E2 24 7C 7D 7E 7F 80 81 82 83 84 85 86 87 88 89 8A 8B 24 24 24 E3 24 24 24 D6 DF
  nt_row_11=DE DB D7 24 24 E3 70 AF B0 B1 B2 B3 B4 B5 B6 B7 B8 B9 BA BB BC BD BE BF C0 24 E2 24 24 D6 DB DB
  nt_row_13=DE DB EE 24 24 E3 24 C6 C7 C8 C8 C8 24 C9 CA CB CC CD C8 C8 C8 C8 E8 E9 D3 24 E2 24 24 D6 DB DB
  nt_row_17=DC DA DC D7 24 24 24 24 24 24 24 24 24 F0 01 09 08 06 24 17 12 17 1D 0E 17 0D 18 24 D6 DC DB DF
  nt_row_20=E1 D9 DC ED E0 EF 24 24 19 1E 1C 11 24 1C 1D 0A 1B 1D 24 0B 1E 1D 1D 18 17 24 24 24 D6 D8 E1 D9
  pal=360F00103617270F36081A2836303B2200303B160017270F00081A2800303B22
  chr_008=00000000000000000000000000000000
  chr_01C=00000000000000000000000000000000
  chr_108=78C4E47886867C000000000000000000
  chr_11C=78CCC07C06C67C000000000000000000
SNAPSHOT frame=591 reason=state_change
  state gm=00 ready=01 script=00 sub=00 ppu_idx=00 ram_005C=00 auto=00 phase=00 frm=CA ctrl=B0 mask=1E ctrl_shadow=B0 mask_shadow=1E flush_done=01 vblank=00 mirror=10
  nt_row_04=DC EE 24 24 24 24 24 24 24 24 24 24 24 24 24 24 24 24 24 24 24 24 24 24 24 24 24 24 24 24 D6 DB
  nt_row_07=DE EE 24 24 24 E3 24 24 71 72 73 74 75 76 77 78 79 79 79 7A 7B 24 24 24 24 24 E2 24 24 24 D6 DB
  nt_row_08=DE D8 EF 24 24 E2 24 7C 7D 7E 7F 80 81 82 83 84 85 86 87 88 89 8A 8B 24 24 24 E3 24 24 24 D6 DF
  nt_row_11=DE DB D7 24 24 E3 70 AF B0 B1 B2 B3 B4 B5 B6 B7 B8 B9 BA BB BC BD BE BF C0 24 E2 24 24 D6 DB DB
  nt_row_13=DE DB EE 24 24 E3 24 C6 C7 C8 C8 C8 24 C9 CA CB CC CD C8 C8 C8 C8 E8 E9 D3 24 E2 24 24 D6 DB DB
  nt_row_17=DC DA DC D7 24 24 24 24 24 24 24 24 24 F0 01 09 08 06 24 17 12 17 1D 0E 17 0D 18 24 D6 DC DB DF
  nt_row_20=E1 D9 DC ED E0 EF 24 24 19 1E 1C 11 24 1C 1D 0A 1B 1D 24 0B 1E 1D 1D 18 17 24 24 24 D6 D8 E1 D9
  pal=360F00103617270F36081A2836303B2200303B160017270F00081A2800303B22
  chr_008=00000000000000000000000000000000
  chr_01C=00000000000000000000000000000000
  chr_108=78C4E47886867C000000000000000000
  chr_11C=78CCC07C06C67C000000000000000000
SNAPSHOT frame=592 reason=state_change
  state gm=00 ready=01 script=00 sub=00 ppu_idx=00 ram_005C=00 auto=00 phase=00 frm=CB ctrl=B0 mask=1E ctrl_shadow=B0 mask_shadow=1E flush_done=01 vblank=00 mirror=10
  nt_row_04=DC EE 24 24 24 24 24 24 24 24 24 24 24 24 24 24 24 24 24 24 24 24 24 24 24 24 24 24 24 24 D6 DB
  nt_row_07=DE EE 24 24 24 E3 24 24 71 72 73 74 75 76 77 78 79 79 79 7A 7B 24 24 24 24 24 E2 24 24 24 D6 DB
  nt_row_08=DE D8 EF 24 24 E2 24 7C 7D 7E 7F 80 81 82 83 84 85 86 87 88 89 8A 8B 24 24 24 E3 24 24 24 D6 DF
  nt_row_11=DE DB D7 24 24 E3 70 AF B0 B1 B2 B3 B4 B5 B6 B7 B8 B9 BA BB BC BD BE BF C0 24 E2 24 24 D6 DB DB
  nt_row_13=DE DB EE 24 24 E3 24 C6 C7 C8 C8 C8 24 C9 CA CB CC CD C8 C8 C8 C8 E8 E9 D3 24 E2 24 24 D6 DB DB
  nt_row_17=DC DA DC D7 24 24 24 24 24 24 24 24 24 F0 01 09 08 06 24 17 12 17 1D 0E 17 0D 18 24 D6 DC DB DF
  nt_row_20=E1 D9 DC ED E0 EF 24 24 19 1E 1C 11 24 1C 1D 0A 1B 1D 24 0B 1E 1D 1D 18 17 24 24 24 D6 D8 E1 D9
  pal=360F00103617270F36081A2836303B2200303B160017270F00081A2800303B22
  chr_008=00000000000000000000000000000000
  chr_01C=00000000000000000000000000000000
  chr_108=78C4E47886867C000000000000000000
  chr_11C=78CCC07C06C67C000000000000000000
SNAPSHOT frame=593 reason=state_change
  state gm=00 ready=01 script=00 sub=00 ppu_idx=00 ram_005C=00 auto=00 phase=00 frm=CC ctrl=B0 mask=1E ctrl_shadow=B0 mask_shadow=1E flush_done=01 vblank=00 mirror=10
  nt_row_04=DC EE 24 24 24 24 24 24 24 24 24 24 24 24 24 24 24 24 24 24 24 24 24 24 24 24 24 24 24 24 D6 DB
  nt_row_07=DE EE 24 24 24 E3 24 24 71 72 73 74 75 76 77 78 79 79 79 7A 7B 24 24 24 24 24 E2 24 24 24 D6 DB
  nt_row_08=DE D8 EF 24 24 E2 24 7C 7D 7E 7F 80 81 82 83 84 85 86 87 88 89 8A 8B 24 24 24 E3 24 24 24 D6 DF
  nt_row_11=DE DB D7 24 24 E3 70 AF B0 B1 B2 B3 B4 B5 B6 B7 B8 B9 BA BB BC BD BE BF C0 24 E2 24 24 D6 DB DB
  nt_row_13=DE DB EE 24 24 E3 24 C6 C7 C8 C8 C8 24 C9 CA CB CC CD C8 C8 C8 C8 E8 E9 D3 24 E2 24 24 D6 DB DB
  nt_row_17=DC DA DC D7 24 24 24 24 24 24 24 24 24 F0 01 09 08 06 24 17 12 17 1D 0E 17 0D 18 24 D6 DC DB DF
  nt_row_20=E1 D9 DC ED E0 EF 24 24 19 1E 1C 11 24 1C 1D 0A 1B 1D 24 0B 1E 1D 1D 18 17 24 24 24 D6 D8 E1 D9
  pal=360F00103617270F36081A2836303B2200303B160017270F00081A2800303B22
  chr_008=00000000000000000000000000000000
  chr_01C=00000000000000000000000000000000
  chr_108=78C4E47886867C000000000000000000
  chr_11C=78CCC07C06C67C000000000000000000
SNAPSHOT frame=594 reason=state_change
  state gm=00 ready=01 script=00 sub=00 ppu_idx=00 ram_005C=00 auto=00 phase=00 frm=CD ctrl=B0 mask=1E ctrl_shadow=B0 mask_shadow=1E flush_done=01 vblank=00 mirror=10
  nt_row_04=DC EE 24 24 24 24 24 24 24 24 24 24 24 24 24 24 24 24 24 24 24 24 24 24 24 24 24 24 24 24 D6 DB
  nt_row_07=DE EE 24 24 24 E3 24 24 71 72 73 74 75 76 77 78 79 79 79 7A 7B 24 24 24 24 24 E2 24 24 24 D6 DB
  nt_row_08=DE D8 EF 24 24 E2 24 7C 7D 7E 7F 80 81 82 83 84 85 86 87 88 89 8A 8B 24 24 24 E3 24 24 24 D6 DF
  nt_row_11=DE DB D7 24 24 E3 70 AF B0 B1 B2 B3 B4 B5 B6 B7 B8 B9 BA BB BC BD BE BF C0 24 E2 24 24 D6 DB DB
  nt_row_13=DE DB EE 24 24 E3 24 C6 C7 C8 C8 C8 24 C9 CA CB CC CD C8 C8 C8 C8 E8 E9 D3 24 E2 24 24 D6 DB DB
  nt_row_17=DC DA DC D7 24 24 24 24 24 24 24 24 24 F0 01 09 08 06 24 17 12 17 1D 0E 17 0D 18 24 D6 DC DB DF
  nt_row_20=E1 D9 DC ED E0 EF 24 24 19 1E 1C 11 24 1C 1D 0A 1B 1D 24 0B 1E 1D 1D 18 17 24 24 24 D6 D8 E1 D9
  pal=360F00103617270F36081A2836303B2200303B160017270F00081A2800303B22
  chr_008=00000000000000000000000000000000
  chr_01C=00000000000000000000000000000000
  chr_108=78C4E47886867C000000000000000000
  chr_11C=78CCC07C06C67C000000000000000000
SNAPSHOT frame=595 reason=state_change
  state gm=00 ready=01 script=00 sub=00 ppu_idx=00 ram_005C=00 auto=00 phase=00 frm=CE ctrl=B0 mask=1E ctrl_shadow=B0 mask_shadow=1E flush_done=01 vblank=00 mirror=10
  nt_row_04=DC EE 24 24 24 24 24 24 24 24 24 24 24 24 24 24 24 24 24 24 24 24 24 24 24 24 24 24 24 24 D6 DB
  nt_row_07=DE EE 24 24 24 E3 24 24 71 72 73 74 75 76 77 78 79 79 79 7A 7B 24 24 24 24 24 E2 24 24 24 D6 DB
  nt_row_08=DE D8 EF 24 24 E2 24 7C 7D 7E 7F 80 81 82 83 84 85 86 87 88 89 8A 8B 24 24 24 E3 24 24 24 D6 DF
  nt_row_11=DE DB D7 24 24 E3 70 AF B0 B1 B2 B3 B4 B5 B6 B7 B8 B9 BA BB BC BD BE BF C0 24 E2 24 24 D6 DB DB
  nt_row_13=DE DB EE 24 24 E3 24 C6 C7 C8 C8 C8 24 C9 CA CB CC CD C8 C8 C8 C8 E8 E9 D3 24 E2 24 24 D6 DB DB
  nt_row_17=DC DA DC D7 24 24 24 24 24 24 24 24 24 F0 01 09 08 06 24 17 12 17 1D 0E 17 0D 18 24 D6 DC DB DF
  nt_row_20=E1 D9 DC ED E0 EF 24 24 19 1E 1C 11 24 1C 1D 0A 1B 1D 24 0B 1E 1D 1D 18 17 24 24 24 D6 D8 E1 D9
  pal=360F00103617270F36081A2836303B2200303B160017270F00081A2800303B22
  chr_008=00000000000000000000000000000000
  chr_01C=00000000000000000000000000000000
  chr_108=78C4E47886867C000000000000000000
  chr_11C=78CCC07C06C67C000000000000000000
SNAPSHOT frame=596 reason=state_change
  state gm=00 ready=01 script=00 sub=00 ppu_idx=00 ram_005C=00 auto=00 phase=00 frm=CF ctrl=B0 mask=1E ctrl_shadow=B0 mask_shadow=1E flush_done=01 vblank=00 mirror=10
  nt_row_04=DC EE 24 24 24 24 24 24 24 24 24 24 24 24 24 24 24 24 24 24 24 24 24 24 24 24 24 24 24 24 D6 DB
  nt_row_07=DE EE 24 24 24 E3 24 24 71 72 73 74 75 76 77 78 79 79 79 7A 7B 24 24 24 24 24 E2 24 24 24 D6 DB
  nt_row_08=DE D8 EF 24 24 E2 24 7C 7D 7E 7F 80 81 82 83 84 85 86 87 88 89 8A 8B 24 24 24 E3 24 24 24 D6 DF
  nt_row_11=DE DB D7 24 24 E3 70 AF B0 B1 B2 B3 B4 B5 B6 B7 B8 B9 BA BB BC BD BE BF C0 24 E2 24 24 D6 DB DB
  nt_row_13=DE DB EE 24 24 E3 24 C6 C7 C8 C8 C8 24 C9 CA CB CC CD C8 C8 C8 C8 E8 E9 D3 24 E2 24 24 D6 DB DB
  nt_row_17=DC DA DC D7 24 24 24 24 24 24 24 24 24 F0 01 09 08 06 24 17 12 17 1D 0E 17 0D 18 24 D6 DC DB DF
  nt_row_20=E1 D9 DC ED E0 EF 24 24 19 1E 1C 11 24 1C 1D 0A 1B 1D 24 0B 1E 1D 1D 18 17 24 24 24 D6 D8 E1 D9
  pal=360F00103617270F36081A2836303B2200303B160017270F00081A2800303B22
  chr_008=00000000000000000000000000000000
  chr_01C=00000000000000000000000000000000
  chr_108=78C4E47886867C000000000000000000
  chr_11C=78CCC07C06C67C000000000000000000
SNAPSHOT frame=597 reason=state_change
  state gm=00 ready=01 script=00 sub=00 ppu_idx=00 ram_005C=00 auto=00 phase=00 frm=D0 ctrl=B0 mask=1E ctrl_shadow=B0 mask_shadow=1E flush_done=01 vblank=00 mirror=10
  nt_row_04=DC EE 24 24 24 24 24 24 24 24 24 24 24 24 24 24 24 24 24 24 24 24 24 24 24 24 24 24 24 24 D6 DB
  nt_row_07=DE EE 24 24 24 E3 24 24 71 72 73 74 75 76 77 78 79 79 79 7A 7B 24 24 24 24 24 E2 24 24 24 D6 DB
  nt_row_08=DE D8 EF 24 24 E2 24 7C 7D 7E 7F 80 81 82 83 84 85 86 87 88 89 8A 8B 24 24 24 E3 24 24 24 D6 DF
  nt_row_11=DE DB D7 24 24 E3 70 AF B0 B1 B2 B3 B4 B5 B6 B7 B8 B9 BA BB BC BD BE BF C0 24 E2 24 24 D6 DB DB
  nt_row_13=DE DB EE 24 24 E3 24 C6 C7 C8 C8 C8 24 C9 CA CB CC CD C8 C8 C8 C8 E8 E9 D3 24 E2 24 24 D6 DB DB
  nt_row_17=DC DA DC D7 24 24 24 24 24 24 24 24 24 F0 01 09 08 06 24 17 12 17 1D 0E 17 0D 18 24 D6 DC DB DF
  nt_row_20=E1 D9 DC ED E0 EF 24 24 19 1E 1C 11 24 1C 1D 0A 1B 1D 24 0B 1E 1D 1D 18 17 24 24 24 D6 D8 E1 D9
  pal=360F00103617270F36081A2836303B2200303B160017270F00081A2800303B22
  chr_008=00000000000000000000000000000000
  chr_01C=00000000000000000000000000000000
  chr_108=78C4E47886867C000000000000000000
  chr_11C=78CCC07C06C67C000000000000000000
SNAPSHOT frame=598 reason=state_change
  state gm=00 ready=01 script=00 sub=00 ppu_idx=00 ram_005C=00 auto=00 phase=00 frm=D1 ctrl=B0 mask=1E ctrl_shadow=B0 mask_shadow=1E flush_done=01 vblank=00 mirror=10
  nt_row_04=DC EE 24 24 24 24 24 24 24 24 24 24 24 24 24 24 24 24 24 24 24 24 24 24 24 24 24 24 24 24 D6 DB
  nt_row_07=DE EE 24 24 24 E3 24 24 71 72 73 74 75 76 77 78 79 79 79 7A 7B 24 24 24 24 24 E2 24 24 24 D6 DB
  nt_row_08=DE D8 EF 24 24 E2 24 7C 7D 7E 7F 80 81 82 83 84 85 86 87 88 89 8A 8B 24 24 24 E3 24 24 24 D6 DF
  nt_row_11=DE DB D7 24 24 E3 70 AF B0 B1 B2 B3 B4 B5 B6 B7 B8 B9 BA BB BC BD BE BF C0 24 E2 24 24 D6 DB DB
  nt_row_13=DE DB EE 24 24 E3 24 C6 C7 C8 C8 C8 24 C9 CA CB CC CD C8 C8 C8 C8 E8 E9 D3 24 E2 24 24 D6 DB DB
  nt_row_17=DC DA DC D7 24 24 24 24 24 24 24 24 24 F0 01 09 08 06 24 17 12 17 1D 0E 17 0D 18 24 D6 DC DB DF
  nt_row_20=E1 D9 DC ED E0 EF 24 24 19 1E 1C 11 24 1C 1D 0A 1B 1D 24 0B 1E 1D 1D 18 17 24 24 24 D6 D8 E1 D9
  pal=360F00103617270F36081A2836303B2200303B160017270F00081A2800303B22
  chr_008=00000000000000000000000000000000
  chr_01C=00000000000000000000000000000000
  chr_108=78C4E47886867C000000000000000000
  chr_11C=78CCC07C06C67C000000000000000000
SNAPSHOT frame=599 reason=state_change
  state gm=00 ready=01 script=00 sub=00 ppu_idx=00 ram_005C=00 auto=00 phase=00 frm=D2 ctrl=B0 mask=1E ctrl_shadow=B0 mask_shadow=1E flush_done=01 vblank=00 mirror=10
  nt_row_04=DC EE 24 24 24 24 24 24 24 24 24 24 24 24 24 24 24 24 24 24 24 24 24 24 24 24 24 24 24 24 D6 DB
  nt_row_07=DE EE 24 24 24 E3 24 24 71 72 73 74 75 76 77 78 79 79 79 7A 7B 24 24 24 24 24 E2 24 24 24 D6 DB
  nt_row_08=DE D8 EF 24 24 E2 24 7C 7D 7E 7F 80 81 82 83 84 85 86 87 88 89 8A 8B 24 24 24 E3 24 24 24 D6 DF
  nt_row_11=DE DB D7 24 24 E3 70 AF B0 B1 B2 B3 B4 B5 B6 B7 B8 B9 BA BB BC BD BE BF C0 24 E2 24 24 D6 DB DB
  nt_row_13=DE DB EE 24 24 E3 24 C6 C7 C8 C8 C8 24 C9 CA CB CC CD C8 C8 C8 C8 E8 E9 D3 24 E2 24 24 D6 DB DB
  nt_row_17=DC DA DC D7 24 24 24 24 24 24 24 24 24 F0 01 09 08 06 24 17 12 17 1D 0E 17 0D 18 24 D6 DC DB DF
  nt_row_20=E1 D9 DC ED E0 EF 24 24 19 1E 1C 11 24 1C 1D 0A 1B 1D 24 0B 1E 1D 1D 18 17 24 24 24 D6 D8 E1 D9
  pal=360F00103617270F36081A2836303B2200303B160017270F00081A2800303B22
  chr_008=00000000000000000000000000000000
  chr_01C=00000000000000000000000000000000
  chr_108=78C4E47886867C000000000000000000
  chr_11C=78CCC07C06C67C000000000000000000
SNAPSHOT frame=600 reason=state_change
  state gm=00 ready=01 script=00 sub=00 ppu_idx=00 ram_005C=00 auto=00 phase=00 frm=D3 ctrl=B0 mask=1E ctrl_shadow=B0 mask_shadow=1E flush_done=01 vblank=00 mirror=10
  nt_row_04=DC EE 24 24 24 24 24 24 24 24 24 24 24 24 24 24 24 24 24 24 24 24 24 24 24 24 24 24 24 24 D6 DB
  nt_row_07=DE EE 24 24 24 E3 24 24 71 72 73 74 75 76 77 78 79 79 79 7A 7B 24 24 24 24 24 E2 24 24 24 D6 DB
  nt_row_08=DE D8 EF 24 24 E2 24 7C 7D 7E 7F 80 81 82 83 84 85 86 87 88 89 8A 8B 24 24 24 E3 24 24 24 D6 DF
  nt_row_11=DE DB D7 24 24 E3 70 AF B0 B1 B2 B3 B4 B5 B6 B7 B8 B9 BA BB BC BD BE BF C0 24 E2 24 24 D6 DB DB
  nt_row_13=DE DB EE 24 24 E3 24 C6 C7 C8 C8 C8 24 C9 CA CB CC CD C8 C8 C8 C8 E8 E9 D3 24 E2 24 24 D6 DB DB
  nt_row_17=DC DA DC D7 24 24 24 24 24 24 24 24 24 F0 01 09 08 06 24 17 12 17 1D 0E 17 0D 18 24 D6 DC DB DF
  nt_row_20=E1 D9 DC ED E0 EF 24 24 19 1E 1C 11 24 1C 1D 0A 1B 1D 24 0B 1E 1D 1D 18 17 24 24 24 D6 D8 E1 D9
  pal=360F00103617270F36081A2836303B2200303B160017270F00081A2800303B22
  chr_008=00000000000000000000000000000000
  chr_01C=00000000000000000000000000000000
  chr_108=78C4E47886867C000000000000000000
  chr_11C=78CCC07C06C67C000000000000000000
SNAPSHOT frame=601 reason=state_change
  state gm=00 ready=01 script=00 sub=00 ppu_idx=00 ram_005C=00 auto=00 phase=00 frm=D4 ctrl=B0 mask=1E ctrl_shadow=B0 mask_shadow=1E flush_done=01 vblank=00 mirror=10
  nt_row_04=DC EE 24 24 24 24 24 24 24 24 24 24 24 24 24 24 24 24 24 24 24 24 24 24 24 24 24 24 24 24 D6 DB
  nt_row_07=DE EE 24 24 24 E3 24 24 71 72 73 74 75 76 77 78 79 79 79 7A 7B 24 24 24 24 24 E2 24 24 24 D6 DB
  nt_row_08=DE D8 EF 24 24 E2 24 7C 7D 7E 7F 80 81 82 83 84 85 86 87 88 89 8A 8B 24 24 24 E3 24 24 24 D6 DF
  nt_row_11=DE DB D7 24 24 E3 70 AF B0 B1 B2 B3 B4 B5 B6 B7 B8 B9 BA BB BC BD BE BF C0 24 E2 24 24 D6 DB DB
  nt_row_13=DE DB EE 24 24 E3 24 C6 C7 C8 C8 C8 24 C9 CA CB CC CD C8 C8 C8 C8 E8 E9 D3 24 E2 24 24 D6 DB DB
  nt_row_17=DC DA DC D7 24 24 24 24 24 24 24 24 24 F0 01 09 08 06 24 17 12 17 1D 0E 17 0D 18 24 D6 DC DB DF
  nt_row_20=E1 D9 DC ED E0 EF 24 24 19 1E 1C 11 24 1C 1D 0A 1B 1D 24 0B 1E 1D 1D 18 17 24 24 24 D6 D8 E1 D9
  pal=360F00103617270F36081A2836303B2200303B160017270F00081A2800303B22
  chr_008=00000000000000000000000000000000
  chr_01C=00000000000000000000000000000000
  chr_108=78C4E47886867C000000000000000000
  chr_11C=78CCC07C06C67C000000000000000000
SNAPSHOT frame=602 reason=state_change
  state gm=00 ready=01 script=00 sub=00 ppu_idx=00 ram_005C=00 auto=00 phase=00 frm=D5 ctrl=B0 mask=1E ctrl_shadow=B0 mask_shadow=1E flush_done=01 vblank=00 mirror=10
  nt_row_04=DC EE 24 24 24 24 24 24 24 24 24 24 24 24 24 24 24 24 24 24 24 24 24 24 24 24 24 24 24 24 D6 DB
  nt_row_07=DE EE 24 24 24 E3 24 24 71 72 73 74 75 76 77 78 79 79 79 7A 7B 24 24 24 24 24 E2 24 24 24 D6 DB
  nt_row_08=DE D8 EF 24 24 E2 24 7C 7D 7E 7F 80 81 82 83 84 85 86 87 88 89 8A 8B 24 24 24 E3 24 24 24 D6 DF
  nt_row_11=DE DB D7 24 24 E3 70 AF B0 B1 B2 B3 B4 B5 B6 B7 B8 B9 BA BB BC BD BE BF C0 24 E2 24 24 D6 DB DB
  nt_row_13=DE DB EE 24 24 E3 24 C6 C7 C8 C8 C8 24 C9 CA CB CC CD C8 C8 C8 C8 E8 E9 D3 24 E2 24 24 D6 DB DB
  nt_row_17=DC DA DC D7 24 24 24 24 24 24 24 24 24 F0 01 09 08 06 24 17 12 17 1D 0E 17 0D 18 24 D6 DC DB DF
  nt_row_20=E1 D9 DC ED E0 EF 24 24 19 1E 1C 11 24 1C 1D 0A 1B 1D 24 0B 1E 1D 1D 18 17 24 24 24 D6 D8 E1 D9
  pal=360F00103617270F36081A2836303B2200303B160017270F00081A2800303B22
  chr_008=00000000000000000000000000000000
  chr_01C=00000000000000000000000000000000
  chr_108=78C4E47886867C000000000000000000
  chr_11C=78CCC07C06C67C000000000000000000
SNAPSHOT frame=603 reason=state_change
  state gm=00 ready=01 script=00 sub=00 ppu_idx=00 ram_005C=00 auto=00 phase=00 frm=D6 ctrl=B0 mask=1E ctrl_shadow=B0 mask_shadow=1E flush_done=01 vblank=00 mirror=10
  nt_row_04=DC EE 24 24 24 24 24 24 24 24 24 24 24 24 24 24 24 24 24 24 24 24 24 24 24 24 24 24 24 24 D6 DB
  nt_row_07=DE EE 24 24 24 E3 24 24 71 72 73 74 75 76 77 78 79 79 79 7A 7B 24 24 24 24 24 E2 24 24 24 D6 DB
  nt_row_08=DE D8 EF 24 24 E2 24 7C 7D 7E 7F 80 81 82 83 84 85 86 87 88 89 8A 8B 24 24 24 E3 24 24 24 D6 DF
  nt_row_11=DE DB D7 24 24 E3 70 AF B0 B1 B2 B3 B4 B5 B6 B7 B8 B9 BA BB BC BD BE BF C0 24 E2 24 24 D6 DB DB
  nt_row_13=DE DB EE 24 24 E3 24 C6 C7 C8 C8 C8 24 C9 CA CB CC CD C8 C8 C8 C8 E8 E9 D3 24 E2 24 24 D6 DB DB
  nt_row_17=DC DA DC D7 24 24 24 24 24 24 24 24 24 F0 01 09 08 06 24 17 12 17 1D 0E 17 0D 18 24 D6 DC DB DF
  nt_row_20=E1 D9 DC ED E0 EF 24 24 19 1E 1C 11 24 1C 1D 0A 1B 1D 24 0B 1E 1D 1D 18 17 24 24 24 D6 D8 E1 D9
  pal=360F00103617270F36081A2836303B2200303B160017270F00081A2800303B22
  chr_008=00000000000000000000000000000000
  chr_01C=00000000000000000000000000000000
  chr_108=78C4E47886867C000000000000000000
  chr_11C=78CCC07C06C67C000000000000000000
SNAPSHOT frame=604 reason=state_change
  state gm=00 ready=01 script=00 sub=00 ppu_idx=00 ram_005C=00 auto=00 phase=00 frm=D7 ctrl=B0 mask=1E ctrl_shadow=B0 mask_shadow=1E flush_done=01 vblank=00 mirror=10
  nt_row_04=DC EE 24 24 24 24 24 24 24 24 24 24 24 24 24 24 24 24 24 24 24 24 24 24 24 24 24 24 24 24 D6 DB
  nt_row_07=DE EE 24 24 24 E3 24 24 71 72 73 74 75 76 77 78 79 79 79 7A 7B 24 24 24 24 24 E2 24 24 24 D6 DB
  nt_row_08=DE D8 EF 24 24 E2 24 7C 7D 7E 7F 80 81 82 83 84 85 86 87 88 89 8A 8B 24 24 24 E3 24 24 24 D6 DF
  nt_row_11=DE DB D7 24 24 E3 70 AF B0 B1 B2 B3 B4 B5 B6 B7 B8 B9 BA BB BC BD BE BF C0 24 E2 24 24 D6 DB DB
  nt_row_13=DE DB EE 24 24 E3 24 C6 C7 C8 C8 C8 24 C9 CA CB CC CD C8 C8 C8 C8 E8 E9 D3 24 E2 24 24 D6 DB DB
  nt_row_17=DC DA DC D7 24 24 24 24 24 24 24 24 24 F0 01 09 08 06 24 17 12 17 1D 0E 17 0D 18 24 D6 DC DB DF
  nt_row_20=E1 D9 DC ED E0 EF 24 24 19 1E 1C 11 24 1C 1D 0A 1B 1D 24 0B 1E 1D 1D 18 17 24 24 24 D6 D8 E1 D9
  pal=360F00103617270F36081A2836303B2200303B160017270F00081A2800303B22
  chr_008=00000000000000000000000000000000
  chr_01C=00000000000000000000000000000000
  chr_108=78C4E47886867C000000000000000000
  chr_11C=78CCC07C06C67C000000000000000000
SNAPSHOT frame=605 reason=state_change
  state gm=00 ready=01 script=00 sub=00 ppu_idx=00 ram_005C=00 auto=00 phase=00 frm=D8 ctrl=B0 mask=1E ctrl_shadow=B0 mask_shadow=1E flush_done=01 vblank=00 mirror=10
  nt_row_04=DC EE 24 24 24 24 24 24 24 24 24 24 24 24 24 24 24 24 24 24 24 24 24 24 24 24 24 24 24 24 D6 DB
  nt_row_07=DE EE 24 24 24 E3 24 24 71 72 73 74 75 76 77 78 79 79 79 7A 7B 24 24 24 24 24 E2 24 24 24 D6 DB
  nt_row_08=DE D8 EF 24 24 E2 24 7C 7D 7E 7F 80 81 82 83 84 85 86 87 88 89 8A 8B 24 24 24 E3 24 24 24 D6 DF
  nt_row_11=DE DB D7 24 24 E3 70 AF B0 B1 B2 B3 B4 B5 B6 B7 B8 B9 BA BB BC BD BE BF C0 24 E2 24 24 D6 DB DB
  nt_row_13=DE DB EE 24 24 E3 24 C6 C7 C8 C8 C8 24 C9 CA CB CC CD C8 C8 C8 C8 E8 E9 D3 24 E2 24 24 D6 DB DB
  nt_row_17=DC DA DC D7 24 24 24 24 24 24 24 24 24 F0 01 09 08 06 24 17 12 17 1D 0E 17 0D 18 24 D6 DC DB DF
  nt_row_20=E1 D9 DC ED E0 EF 24 24 19 1E 1C 11 24 1C 1D 0A 1B 1D 24 0B 1E 1D 1D 18 17 24 24 24 D6 D8 E1 D9
  pal=360F00103617270F36081A2836303B2200303B160017270F00081A2800303B22
  chr_008=00000000000000000000000000000000
  chr_01C=00000000000000000000000000000000
  chr_108=78C4E47886867C000000000000000000
  chr_11C=78CCC07C06C67C000000000000000000
SNAPSHOT frame=606 reason=state_change
  state gm=00 ready=01 script=00 sub=00 ppu_idx=00 ram_005C=00 auto=00 phase=00 frm=D9 ctrl=B0 mask=1E ctrl_shadow=B0 mask_shadow=1E flush_done=01 vblank=00 mirror=10
  nt_row_04=DC EE 24 24 24 24 24 24 24 24 24 24 24 24 24 24 24 24 24 24 24 24 24 24 24 24 24 24 24 24 D6 DB
  nt_row_07=DE EE 24 24 24 E3 24 24 71 72 73 74 75 76 77 78 79 79 79 7A 7B 24 24 24 24 24 E2 24 24 24 D6 DB
  nt_row_08=DE D8 EF 24 24 E2 24 7C 7D 7E 7F 80 81 82 83 84 85 86 87 88 89 8A 8B 24 24 24 E3 24 24 24 D6 DF
  nt_row_11=DE DB D7 24 24 E3 70 AF B0 B1 B2 B3 B4 B5 B6 B7 B8 B9 BA BB BC BD BE BF C0 24 E2 24 24 D6 DB DB
  nt_row_13=DE DB EE 24 24 E3 24 C6 C7 C8 C8 C8 24 C9 CA CB CC CD C8 C8 C8 C8 E8 E9 D3 24 E2 24 24 D6 DB DB
  nt_row_17=DC DA DC D7 24 24 24 24 24 24 24 24 24 F0 01 09 08 06 24 17 12 17 1D 0E 17 0D 18 24 D6 DC DB DF
  nt_row_20=E1 D9 DC ED E0 EF 24 24 19 1E 1C 11 24 1C 1D 0A 1B 1D 24 0B 1E 1D 1D 18 17 24 24 24 D6 D8 E1 D9
  pal=360F00103617270F36081A2836303B2200303B160017270F00081A2800303B22
  chr_008=00000000000000000000000000000000
  chr_01C=00000000000000000000000000000000
  chr_108=78C4E47886867C000000000000000000
  chr_11C=78CCC07C06C67C000000000000000000
SNAPSHOT frame=607 reason=state_change
  state gm=00 ready=01 script=00 sub=00 ppu_idx=00 ram_005C=00 auto=00 phase=00 frm=DA ctrl=B0 mask=1E ctrl_shadow=B0 mask_shadow=1E flush_done=01 vblank=00 mirror=10
  nt_row_04=DC EE 24 24 24 24 24 24 24 24 24 24 24 24 24 24 24 24 24 24 24 24 24 24 24 24 24 24 24 24 D6 DB
  nt_row_07=DE EE 24 24 24 E3 24 24 71 72 73 74 75 76 77 78 79 79 79 7A 7B 24 24 24 24 24 E2 24 24 24 D6 DB
  nt_row_08=DE D8 EF 24 24 E2 24 7C 7D 7E 7F 80 81 82 83 84 85 86 87 88 89 8A 8B 24 24 24 E3 24 24 24 D6 DF
  nt_row_11=DE DB D7 24 24 E3 70 AF B0 B1 B2 B3 B4 B5 B6 B7 B8 B9 BA BB BC BD BE BF C0 24 E2 24 24 D6 DB DB
  nt_row_13=DE DB EE 24 24 E3 24 C6 C7 C8 C8 C8 24 C9 CA CB CC CD C8 C8 C8 C8 E8 E9 D3 24 E2 24 24 D6 DB DB
  nt_row_17=DC DA DC D7 24 24 24 24 24 24 24 24 24 F0 01 09 08 06 24 17 12 17 1D 0E 17 0D 18 24 D6 DC DB DF
  nt_row_20=E1 D9 DC ED E0 EF 24 24 19 1E 1C 11 24 1C 1D 0A 1B 1D 24 0B 1E 1D 1D 18 17 24 24 24 D6 D8 E1 D9
  pal=360F00103617270F36081A2836303B2200303B160017270F00081A2800303B22
  chr_008=00000000000000000000000000000000
  chr_01C=00000000000000000000000000000000
  chr_108=78C4E47886867C000000000000000000
  chr_11C=78CCC07C06C67C000000000000000000
SNAPSHOT frame=608 reason=state_change
  state gm=00 ready=01 script=00 sub=00 ppu_idx=00 ram_005C=00 auto=00 phase=00 frm=DB ctrl=B0 mask=1E ctrl_shadow=B0 mask_shadow=1E flush_done=01 vblank=00 mirror=10
  nt_row_04=DC EE 24 24 24 24 24 24 24 24 24 24 24 24 24 24 24 24 24 24 24 24 24 24 24 24 24 24 24 24 D6 DB
  nt_row_07=DE EE 24 24 24 E3 24 24 71 72 73 74 75 76 77 78 79 79 79 7A 7B 24 24 24 24 24 E2 24 24 24 D6 DB
  nt_row_08=DE D8 EF 24 24 E2 24 7C 7D 7E 7F 80 81 82 83 84 85 86 87 88 89 8A 8B 24 24 24 E3 24 24 24 D6 DF
  nt_row_11=DE DB D7 24 24 E3 70 AF B0 B1 B2 B3 B4 B5 B6 B7 B8 B9 BA BB BC BD BE BF C0 24 E2 24 24 D6 DB DB
  nt_row_13=DE DB EE 24 24 E3 24 C6 C7 C8 C8 C8 24 C9 CA CB CC CD C8 C8 C8 C8 E8 E9 D3 24 E2 24 24 D6 DB DB
  nt_row_17=DC DA DC D7 24 24 24 24 24 24 24 24 24 F0 01 09 08 06 24 17 12 17 1D 0E 17 0D 18 24 D6 DC DB DF
  nt_row_20=E1 D9 DC ED E0 EF 24 24 19 1E 1C 11 24 1C 1D 0A 1B 1D 24 0B 1E 1D 1D 18 17 24 24 24 D6 D8 E1 D9
  pal=360F00103617270F36081A2836303B2200303B160017270F00081A2800303B22
  chr_008=00000000000000000000000000000000
  chr_01C=00000000000000000000000000000000
  chr_108=78C4E47886867C000000000000000000
  chr_11C=78CCC07C06C67C000000000000000000
SNAPSHOT frame=609 reason=state_change
  state gm=00 ready=01 script=00 sub=00 ppu_idx=00 ram_005C=00 auto=00 phase=00 frm=DC ctrl=B0 mask=1E ctrl_shadow=B0 mask_shadow=1E flush_done=01 vblank=00 mirror=10
  nt_row_04=DC EE 24 24 24 24 24 24 24 24 24 24 24 24 24 24 24 24 24 24 24 24 24 24 24 24 24 24 24 24 D6 DB
  nt_row_07=DE EE 24 24 24 E3 24 24 71 72 73 74 75 76 77 78 79 79 79 7A 7B 24 24 24 24 24 E2 24 24 24 D6 DB
  nt_row_08=DE D8 EF 24 24 E2 24 7C 7D 7E 7F 80 81 82 83 84 85 86 87 88 89 8A 8B 24 24 24 E3 24 24 24 D6 DF
  nt_row_11=DE DB D7 24 24 E3 70 AF B0 B1 B2 B3 B4 B5 B6 B7 B8 B9 BA BB BC BD BE BF C0 24 E2 24 24 D6 DB DB
  nt_row_13=DE DB EE 24 24 E3 24 C6 C7 C8 C8 C8 24 C9 CA CB CC CD C8 C8 C8 C8 E8 E9 D3 24 E2 24 24 D6 DB DB
  nt_row_17=DC DA DC D7 24 24 24 24 24 24 24 24 24 F0 01 09 08 06 24 17 12 17 1D 0E 17 0D 18 24 D6 DC DB DF
  nt_row_20=E1 D9 DC ED E0 EF 24 24 19 1E 1C 11 24 1C 1D 0A 1B 1D 24 0B 1E 1D 1D 18 17 24 24 24 D6 D8 E1 D9
  pal=360F00103617270F36081A2836303B2200303B160017270F00081A2800303B22
  chr_008=00000000000000000000000000000000
  chr_01C=00000000000000000000000000000000
  chr_108=78C4E47886867C000000000000000000
  chr_11C=78CCC07C06C67C000000000000000000
SNAPSHOT frame=610 reason=state_change
  state gm=00 ready=01 script=00 sub=00 ppu_idx=00 ram_005C=00 auto=00 phase=00 frm=DD ctrl=B0 mask=1E ctrl_shadow=B0 mask_shadow=1E flush_done=01 vblank=00 mirror=10
  nt_row_04=DC EE 24 24 24 24 24 24 24 24 24 24 24 24 24 24 24 24 24 24 24 24 24 24 24 24 24 24 24 24 D6 DB
  nt_row_07=DE EE 24 24 24 E3 24 24 71 72 73 74 75 76 77 78 79 79 79 7A 7B 24 24 24 24 24 E2 24 24 24 D6 DB
  nt_row_08=DE D8 EF 24 24 E2 24 7C 7D 7E 7F 80 81 82 83 84 85 86 87 88 89 8A 8B 24 24 24 E3 24 24 24 D6 DF
  nt_row_11=DE DB D7 24 24 E3 70 AF B0 B1 B2 B3 B4 B5 B6 B7 B8 B9 BA BB BC BD BE BF C0 24 E2 24 24 D6 DB DB
  nt_row_13=DE DB EE 24 24 E3 24 C6 C7 C8 C8 C8 24 C9 CA CB CC CD C8 C8 C8 C8 E8 E9 D3 24 E2 24 24 D6 DB DB
  nt_row_17=DC DA DC D7 24 24 24 24 24 24 24 24 24 F0 01 09 08 06 24 17 12 17 1D 0E 17 0D 18 24 D6 DC DB DF
  nt_row_20=E1 D9 DC ED E0 EF 24 24 19 1E 1C 11 24 1C 1D 0A 1B 1D 24 0B 1E 1D 1D 18 17 24 24 24 D6 D8 E1 D9
  pal=360F00103617270F36081A2836303B2200303B160017270F00081A2800303B22
  chr_008=00000000000000000000000000000000
  chr_01C=00000000000000000000000000000000
  chr_108=78C4E47886867C000000000000000000
  chr_11C=78CCC07C06C67C000000000000000000
SNAPSHOT frame=611 reason=state_change
  state gm=00 ready=01 script=00 sub=00 ppu_idx=00 ram_005C=00 auto=00 phase=00 frm=DE ctrl=B0 mask=1E ctrl_shadow=B0 mask_shadow=1E flush_done=01 vblank=00 mirror=10
  nt_row_04=DC EE 24 24 24 24 24 24 24 24 24 24 24 24 24 24 24 24 24 24 24 24 24 24 24 24 24 24 24 24 D6 DB
  nt_row_07=DE EE 24 24 24 E3 24 24 71 72 73 74 75 76 77 78 79 79 79 7A 7B 24 24 24 24 24 E2 24 24 24 D6 DB
  nt_row_08=DE D8 EF 24 24 E2 24 7C 7D 7E 7F 80 81 82 83 84 85 86 87 88 89 8A 8B 24 24 24 E3 24 24 24 D6 DF
  nt_row_11=DE DB D7 24 24 E3 70 AF B0 B1 B2 B3 B4 B5 B6 B7 B8 B9 BA BB BC BD BE BF C0 24 E2 24 24 D6 DB DB
  nt_row_13=DE DB EE 24 24 E3 24 C6 C7 C8 C8 C8 24 C9 CA CB CC CD C8 C8 C8 C8 E8 E9 D3 24 E2 24 24 D6 DB DB
  nt_row_17=DC DA DC D7 24 24 24 24 24 24 24 24 24 F0 01 09 08 06 24 17 12 17 1D 0E 17 0D 18 24 D6 DC DB DF
  nt_row_20=E1 D9 DC ED E0 EF 24 24 19 1E 1C 11 24 1C 1D 0A 1B 1D 24 0B 1E 1D 1D 18 17 24 24 24 D6 D8 E1 D9
  pal=360F00103617270F36081A2836303B2200303B160017270F00081A2800303B22
  chr_008=00000000000000000000000000000000
  chr_01C=00000000000000000000000000000000
  chr_108=78C4E47886867C000000000000000000
  chr_11C=78CCC07C06C67C000000000000000000
SNAPSHOT frame=612 reason=state_change
  state gm=00 ready=01 script=00 sub=00 ppu_idx=00 ram_005C=00 auto=00 phase=00 frm=DF ctrl=B0 mask=1E ctrl_shadow=B0 mask_shadow=1E flush_done=01 vblank=00 mirror=10
  nt_row_04=DC EE 24 24 24 24 24 24 24 24 24 24 24 24 24 24 24 24 24 24 24 24 24 24 24 24 24 24 24 24 D6 DB
  nt_row_07=DE EE 24 24 24 E3 24 24 71 72 73 74 75 76 77 78 79 79 79 7A 7B 24 24 24 24 24 E2 24 24 24 D6 DB
  nt_row_08=DE D8 EF 24 24 E2 24 7C 7D 7E 7F 80 81 82 83 84 85 86 87 88 89 8A 8B 24 24 24 E3 24 24 24 D6 DF
  nt_row_11=DE DB D7 24 24 E3 70 AF B0 B1 B2 B3 B4 B5 B6 B7 B8 B9 BA BB BC BD BE BF C0 24 E2 24 24 D6 DB DB
  nt_row_13=DE DB EE 24 24 E3 24 C6 C7 C8 C8 C8 24 C9 CA CB CC CD C8 C8 C8 C8 E8 E9 D3 24 E2 24 24 D6 DB DB
  nt_row_17=DC DA DC D7 24 24 24 24 24 24 24 24 24 F0 01 09 08 06 24 17 12 17 1D 0E 17 0D 18 24 D6 DC DB DF
  nt_row_20=E1 D9 DC ED E0 EF 24 24 19 1E 1C 11 24 1C 1D 0A 1B 1D 24 0B 1E 1D 1D 18 17 24 24 24 D6 D8 E1 D9
  pal=360F00103617270F36081A2836303B2200303B160017270F00081A2800303B22
  chr_008=00000000000000000000000000000000
  chr_01C=00000000000000000000000000000000
  chr_108=78C4E47886867C000000000000000000
  chr_11C=78CCC07C06C67C000000000000000000
SNAPSHOT frame=613 reason=state_change
  state gm=00 ready=01 script=00 sub=00 ppu_idx=00 ram_005C=00 auto=00 phase=00 frm=E0 ctrl=B0 mask=1E ctrl_shadow=B0 mask_shadow=1E flush_done=01 vblank=00 mirror=10
  nt_row_04=DC EE 24 24 24 24 24 24 24 24 24 24 24 24 24 24 24 24 24 24 24 24 24 24 24 24 24 24 24 24 D6 DB
  nt_row_07=DE EE 24 24 24 E3 24 24 71 72 73 74 75 76 77 78 79 79 79 7A 7B 24 24 24 24 24 E2 24 24 24 D6 DB
  nt_row_08=DE D8 EF 24 24 E2 24 7C 7D 7E 7F 80 81 82 83 84 85 86 87 88 89 8A 8B 24 24 24 E3 24 24 24 D6 DF
  nt_row_11=DE DB D7 24 24 E3 70 AF B0 B1 B2 B3 B4 B5 B6 B7 B8 B9 BA BB BC BD BE BF C0 24 E2 24 24 D6 DB DB
  nt_row_13=DE DB EE 24 24 E3 24 C6 C7 C8 C8 C8 24 C9 CA CB CC CD C8 C8 C8 C8 E8 E9 D3 24 E2 24 24 D6 DB DB
  nt_row_17=DC DA DC D7 24 24 24 24 24 24 24 24 24 F0 01 09 08 06 24 17 12 17 1D 0E 17 0D 18 24 D6 DC DB DF
  nt_row_20=E1 D9 DC ED E0 EF 24 24 19 1E 1C 11 24 1C 1D 0A 1B 1D 24 0B 1E 1D 1D 18 17 24 24 24 D6 D8 E1 D9
  pal=360F00103617270F36081A2836303B2200303B160017270F00081A2800303B22
  chr_008=00000000000000000000000000000000
  chr_01C=00000000000000000000000000000000
  chr_108=78C4E47886867C000000000000000000
  chr_11C=78CCC07C06C67C000000000000000000
SNAPSHOT frame=614 reason=state_change
  state gm=00 ready=01 script=00 sub=00 ppu_idx=00 ram_005C=00 auto=00 phase=00 frm=E1 ctrl=B0 mask=1E ctrl_shadow=B0 mask_shadow=1E flush_done=01 vblank=00 mirror=10
  nt_row_04=DC EE 24 24 24 24 24 24 24 24 24 24 24 24 24 24 24 24 24 24 24 24 24 24 24 24 24 24 24 24 D6 DB
  nt_row_07=DE EE 24 24 24 E3 24 24 71 72 73 74 75 76 77 78 79 79 79 7A 7B 24 24 24 24 24 E2 24 24 24 D6 DB
  nt_row_08=DE D8 EF 24 24 E2 24 7C 7D 7E 7F 80 81 82 83 84 85 86 87 88 89 8A 8B 24 24 24 E3 24 24 24 D6 DF
  nt_row_11=DE DB D7 24 24 E3 70 AF B0 B1 B2 B3 B4 B5 B6 B7 B8 B9 BA BB BC BD BE BF C0 24 E2 24 24 D6 DB DB
  nt_row_13=DE DB EE 24 24 E3 24 C6 C7 C8 C8 C8 24 C9 CA CB CC CD C8 C8 C8 C8 E8 E9 D3 24 E2 24 24 D6 DB DB
  nt_row_17=DC DA DC D7 24 24 24 24 24 24 24 24 24 F0 01 09 08 06 24 17 12 17 1D 0E 17 0D 18 24 D6 DC DB DF
  nt_row_20=E1 D9 DC ED E0 EF 24 24 19 1E 1C 11 24 1C 1D 0A 1B 1D 24 0B 1E 1D 1D 18 17 24 24 24 D6 D8 E1 D9
  pal=360F00103617270F36081A2836303B2200303B160017270F00081A2800303B22
  chr_008=00000000000000000000000000000000
  chr_01C=00000000000000000000000000000000
  chr_108=78C4E47886867C000000000000000000
  chr_11C=78CCC07C06C67C000000000000000000
SNAPSHOT frame=615 reason=state_change
  state gm=00 ready=01 script=00 sub=00 ppu_idx=00 ram_005C=00 auto=00 phase=00 frm=E2 ctrl=B0 mask=1E ctrl_shadow=B0 mask_shadow=1E flush_done=01 vblank=00 mirror=10
  nt_row_04=DC EE 24 24 24 24 24 24 24 24 24 24 24 24 24 24 24 24 24 24 24 24 24 24 24 24 24 24 24 24 D6 DB
  nt_row_07=DE EE 24 24 24 E3 24 24 71 72 73 74 75 76 77 78 79 79 79 7A 7B 24 24 24 24 24 E2 24 24 24 D6 DB
  nt_row_08=DE D8 EF 24 24 E2 24 7C 7D 7E 7F 80 81 82 83 84 85 86 87 88 89 8A 8B 24 24 24 E3 24 24 24 D6 DF
  nt_row_11=DE DB D7 24 24 E3 70 AF B0 B1 B2 B3 B4 B5 B6 B7 B8 B9 BA BB BC BD BE BF C0 24 E2 24 24 D6 DB DB
  nt_row_13=DE DB EE 24 24 E3 24 C6 C7 C8 C8 C8 24 C9 CA CB CC CD C8 C8 C8 C8 E8 E9 D3 24 E2 24 24 D6 DB DB
  nt_row_17=DC DA DC D7 24 24 24 24 24 24 24 24 24 F0 01 09 08 06 24 17 12 17 1D 0E 17 0D 18 24 D6 DC DB DF
  nt_row_20=E1 D9 DC ED E0 EF 24 24 19 1E 1C 11 24 1C 1D 0A 1B 1D 24 0B 1E 1D 1D 18 17 24 24 24 D6 D8 E1 D9
  pal=360F00103617270F36081A2836303B2200303B160017270F00081A2800303B22
  chr_008=00000000000000000000000000000000
  chr_01C=00000000000000000000000000000000
  chr_108=78C4E47886867C000000000000000000
  chr_11C=78CCC07C06C67C000000000000000000
SNAPSHOT frame=616 reason=state_change
  state gm=00 ready=01 script=00 sub=00 ppu_idx=00 ram_005C=00 auto=00 phase=00 frm=E3 ctrl=B0 mask=1E ctrl_shadow=B0 mask_shadow=1E flush_done=01 vblank=00 mirror=10
  nt_row_04=DC EE 24 24 24 24 24 24 24 24 24 24 24 24 24 24 24 24 24 24 24 24 24 24 24 24 24 24 24 24 D6 DB
  nt_row_07=DE EE 24 24 24 E3 24 24 71 72 73 74 75 76 77 78 79 79 79 7A 7B 24 24 24 24 24 E2 24 24 24 D6 DB
  nt_row_08=DE D8 EF 24 24 E2 24 7C 7D 7E 7F 80 81 82 83 84 85 86 87 88 89 8A 8B 24 24 24 E3 24 24 24 D6 DF
  nt_row_11=DE DB D7 24 24 E3 70 AF B0 B1 B2 B3 B4 B5 B6 B7 B8 B9 BA BB BC BD BE BF C0 24 E2 24 24 D6 DB DB
  nt_row_13=DE DB EE 24 24 E3 24 C6 C7 C8 C8 C8 24 C9 CA CB CC CD C8 C8 C8 C8 E8 E9 D3 24 E2 24 24 D6 DB DB
  nt_row_17=DC DA DC D7 24 24 24 24 24 24 24 24 24 F0 01 09 08 06 24 17 12 17 1D 0E 17 0D 18 24 D6 DC DB DF
  nt_row_20=E1 D9 DC ED E0 EF 24 24 19 1E 1C 11 24 1C 1D 0A 1B 1D 24 0B 1E 1D 1D 18 17 24 24 24 D6 D8 E1 D9
  pal=360F00103617270F36081A2836303B2200303B160017270F00081A2800303B22
  chr_008=00000000000000000000000000000000
  chr_01C=00000000000000000000000000000000
  chr_108=78C4E47886867C000000000000000000
  chr_11C=78CCC07C06C67C000000000000000000
SNAPSHOT frame=617 reason=state_change
  state gm=00 ready=01 script=00 sub=00 ppu_idx=00 ram_005C=00 auto=00 phase=00 frm=E4 ctrl=B0 mask=1E ctrl_shadow=B0 mask_shadow=1E flush_done=01 vblank=00 mirror=10
  nt_row_04=DC EE 24 24 24 24 24 24 24 24 24 24 24 24 24 24 24 24 24 24 24 24 24 24 24 24 24 24 24 24 D6 DB
  nt_row_07=DE EE 24 24 24 E3 24 24 71 72 73 74 75 76 77 78 79 79 79 7A 7B 24 24 24 24 24 E2 24 24 24 D6 DB
  nt_row_08=DE D8 EF 24 24 E2 24 7C 7D 7E 7F 80 81 82 83 84 85 86 87 88 89 8A 8B 24 24 24 E3 24 24 24 D6 DF
  nt_row_11=DE DB D7 24 24 E3 70 AF B0 B1 B2 B3 B4 B5 B6 B7 B8 B9 BA BB BC BD BE BF C0 24 E2 24 24 D6 DB DB
  nt_row_13=DE DB EE 24 24 E3 24 C6 C7 C8 C8 C8 24 C9 CA CB CC CD C8 C8 C8 C8 E8 E9 D3 24 E2 24 24 D6 DB DB
  nt_row_17=DC DA DC D7 24 24 24 24 24 24 24 24 24 F0 01 09 08 06 24 17 12 17 1D 0E 17 0D 18 24 D6 DC DB DF
  nt_row_20=E1 D9 DC ED E0 EF 24 24 19 1E 1C 11 24 1C 1D 0A 1B 1D 24 0B 1E 1D 1D 18 17 24 24 24 D6 D8 E1 D9
  pal=360F00103617270F36081A2836303B2200303B160017270F00081A2800303B22
  chr_008=00000000000000000000000000000000
  chr_01C=00000000000000000000000000000000
  chr_108=78C4E47886867C000000000000000000
  chr_11C=78CCC07C06C67C000000000000000000
SNAPSHOT frame=618 reason=state_change
  state gm=00 ready=01 script=00 sub=00 ppu_idx=00 ram_005C=00 auto=00 phase=00 frm=E5 ctrl=B0 mask=1E ctrl_shadow=B0 mask_shadow=1E flush_done=01 vblank=00 mirror=10
  nt_row_04=DC EE 24 24 24 24 24 24 24 24 24 24 24 24 24 24 24 24 24 24 24 24 24 24 24 24 24 24 24 24 D6 DB
  nt_row_07=DE EE 24 24 24 E3 24 24 71 72 73 74 75 76 77 78 79 79 79 7A 7B 24 24 24 24 24 E2 24 24 24 D6 DB
  nt_row_08=DE D8 EF 24 24 E2 24 7C 7D 7E 7F 80 81 82 83 84 85 86 87 88 89 8A 8B 24 24 24 E3 24 24 24 D6 DF
  nt_row_11=DE DB D7 24 24 E3 70 AF B0 B1 B2 B3 B4 B5 B6 B7 B8 B9 BA BB BC BD BE BF C0 24 E2 24 24 D6 DB DB
  nt_row_13=DE DB EE 24 24 E3 24 C6 C7 C8 C8 C8 24 C9 CA CB CC CD C8 C8 C8 C8 E8 E9 D3 24 E2 24 24 D6 DB DB
  nt_row_17=DC DA DC D7 24 24 24 24 24 24 24 24 24 F0 01 09 08 06 24 17 12 17 1D 0E 17 0D 18 24 D6 DC DB DF
  nt_row_20=E1 D9 DC ED E0 EF 24 24 19 1E 1C 11 24 1C 1D 0A 1B 1D 24 0B 1E 1D 1D 18 17 24 24 24 D6 D8 E1 D9
  pal=360F00103617270F36081A2836303B2200303B160017270F00081A2800303B22
  chr_008=00000000000000000000000000000000
  chr_01C=00000000000000000000000000000000
  chr_108=78C4E47886867C000000000000000000
  chr_11C=78CCC07C06C67C000000000000000000
SNAPSHOT frame=619 reason=state_change
  state gm=00 ready=01 script=00 sub=00 ppu_idx=00 ram_005C=00 auto=00 phase=00 frm=E6 ctrl=B0 mask=1E ctrl_shadow=B0 mask_shadow=1E flush_done=01 vblank=00 mirror=10
  nt_row_04=DC EE 24 24 24 24 24 24 24 24 24 24 24 24 24 24 24 24 24 24 24 24 24 24 24 24 24 24 24 24 D6 DB
  nt_row_07=DE EE 24 24 24 E3 24 24 71 72 73 74 75 76 77 78 79 79 79 7A 7B 24 24 24 24 24 E2 24 24 24 D6 DB
  nt_row_08=DE D8 EF 24 24 E2 24 7C 7D 7E 7F 80 81 82 83 84 85 86 87 88 89 8A 8B 24 24 24 E3 24 24 24 D6 DF
  nt_row_11=DE DB D7 24 24 E3 70 AF B0 B1 B2 B3 B4 B5 B6 B7 B8 B9 BA BB BC BD BE BF C0 24 E2 24 24 D6 DB DB
  nt_row_13=DE DB EE 24 24 E3 24 C6 C7 C8 C8 C8 24 C9 CA CB CC CD C8 C8 C8 C8 E8 E9 D3 24 E2 24 24 D6 DB DB
  nt_row_17=DC DA DC D7 24 24 24 24 24 24 24 24 24 F0 01 09 08 06 24 17 12 17 1D 0E 17 0D 18 24 D6 DC DB DF
  nt_row_20=E1 D9 DC ED E0 EF 24 24 19 1E 1C 11 24 1C 1D 0A 1B 1D 24 0B 1E 1D 1D 18 17 24 24 24 D6 D8 E1 D9
  pal=360F00103617270F36081A2836303B2200303B160017270F00081A2800303B22
  chr_008=00000000000000000000000000000000
  chr_01C=00000000000000000000000000000000
  chr_108=78C4E47886867C000000000000000000
  chr_11C=78CCC07C06C67C000000000000000000
SNAPSHOT frame=620 reason=state_change
  state gm=00 ready=01 script=00 sub=00 ppu_idx=00 ram_005C=00 auto=00 phase=00 frm=E7 ctrl=B0 mask=1E ctrl_shadow=B0 mask_shadow=1E flush_done=01 vblank=00 mirror=10
  nt_row_04=DC EE 24 24 24 24 24 24 24 24 24 24 24 24 24 24 24 24 24 24 24 24 24 24 24 24 24 24 24 24 D6 DB
  nt_row_07=DE EE 24 24 24 E3 24 24 71 72 73 74 75 76 77 78 79 79 79 7A 7B 24 24 24 24 24 E2 24 24 24 D6 DB
  nt_row_08=DE D8 EF 24 24 E2 24 7C 7D 7E 7F 80 81 82 83 84 85 86 87 88 89 8A 8B 24 24 24 E3 24 24 24 D6 DF
  nt_row_11=DE DB D7 24 24 E3 70 AF B0 B1 B2 B3 B4 B5 B6 B7 B8 B9 BA BB BC BD BE BF C0 24 E2 24 24 D6 DB DB
  nt_row_13=DE DB EE 24 24 E3 24 C6 C7 C8 C8 C8 24 C9 CA CB CC CD C8 C8 C8 C8 E8 E9 D3 24 E2 24 24 D6 DB DB
  nt_row_17=DC DA DC D7 24 24 24 24 24 24 24 24 24 F0 01 09 08 06 24 17 12 17 1D 0E 17 0D 18 24 D6 DC DB DF
  nt_row_20=E1 D9 DC ED E0 EF 24 24 19 1E 1C 11 24 1C 1D 0A 1B 1D 24 0B 1E 1D 1D 18 17 24 24 24 D6 D8 E1 D9
  pal=360F00103617270F36081A2836303B2200303B160017270F00081A2800303B22
  chr_008=00000000000000000000000000000000
  chr_01C=00000000000000000000000000000000
  chr_108=78C4E47886867C000000000000000000
  chr_11C=78CCC07C06C67C000000000000000000
SNAPSHOT frame=621 reason=state_change
  state gm=00 ready=01 script=00 sub=00 ppu_idx=00 ram_005C=00 auto=00 phase=00 frm=E8 ctrl=B0 mask=1E ctrl_shadow=B0 mask_shadow=1E flush_done=01 vblank=00 mirror=10
  nt_row_04=DC EE 24 24 24 24 24 24 24 24 24 24 24 24 24 24 24 24 24 24 24 24 24 24 24 24 24 24 24 24 D6 DB
  nt_row_07=DE EE 24 24 24 E3 24 24 71 72 73 74 75 76 77 78 79 79 79 7A 7B 24 24 24 24 24 E2 24 24 24 D6 DB
  nt_row_08=DE D8 EF 24 24 E2 24 7C 7D 7E 7F 80 81 82 83 84 85 86 87 88 89 8A 8B 24 24 24 E3 24 24 24 D6 DF
  nt_row_11=DE DB D7 24 24 E3 70 AF B0 B1 B2 B3 B4 B5 B6 B7 B8 B9 BA BB BC BD BE BF C0 24 E2 24 24 D6 DB DB
  nt_row_13=DE DB EE 24 24 E3 24 C6 C7 C8 C8 C8 24 C9 CA CB CC CD C8 C8 C8 C8 E8 E9 D3 24 E2 24 24 D6 DB DB
  nt_row_17=DC DA DC D7 24 24 24 24 24 24 24 24 24 F0 01 09 08 06 24 17 12 17 1D 0E 17 0D 18 24 D6 DC DB DF
  nt_row_20=E1 D9 DC ED E0 EF 24 24 19 1E 1C 11 24 1C 1D 0A 1B 1D 24 0B 1E 1D 1D 18 17 24 24 24 D6 D8 E1 D9
  pal=360F00103617270F36081A2836303B2200303B160017270F00081A2800303B22
  chr_008=00000000000000000000000000000000
  chr_01C=00000000000000000000000000000000
  chr_108=78C4E47886867C000000000000000000
  chr_11C=78CCC07C06C67C000000000000000000
SNAPSHOT frame=622 reason=state_change
  state gm=00 ready=01 script=00 sub=00 ppu_idx=00 ram_005C=00 auto=00 phase=00 frm=E9 ctrl=B0 mask=1E ctrl_shadow=B0 mask_shadow=1E flush_done=01 vblank=00 mirror=10
  nt_row_04=DC EE 24 24 24 24 24 24 24 24 24 24 24 24 24 24 24 24 24 24 24 24 24 24 24 24 24 24 24 24 D6 DB
  nt_row_07=DE EE 24 24 24 E3 24 24 71 72 73 74 75 76 77 78 79 79 79 7A 7B 24 24 24 24 24 E2 24 24 24 D6 DB
  nt_row_08=DE D8 EF 24 24 E2 24 7C 7D 7E 7F 80 81 82 83 84 85 86 87 88 89 8A 8B 24 24 24 E3 24 24 24 D6 DF
  nt_row_11=DE DB D7 24 24 E3 70 AF B0 B1 B2 B3 B4 B5 B6 B7 B8 B9 BA BB BC BD BE BF C0 24 E2 24 24 D6 DB DB
  nt_row_13=DE DB EE 24 24 E3 24 C6 C7 C8 C8 C8 24 C9 CA CB CC CD C8 C8 C8 C8 E8 E9 D3 24 E2 24 24 D6 DB DB
  nt_row_17=DC DA DC D7 24 24 24 24 24 24 24 24 24 F0 01 09 08 06 24 17 12 17 1D 0E 17 0D 18 24 D6 DC DB DF
  nt_row_20=E1 D9 DC ED E0 EF 24 24 19 1E 1C 11 24 1C 1D 0A 1B 1D 24 0B 1E 1D 1D 18 17 24 24 24 D6 D8 E1 D9
  pal=360F00103617270F36081A2836303B2200303B160017270F00081A2800303B22
  chr_008=00000000000000000000000000000000
  chr_01C=00000000000000000000000000000000
  chr_108=78C4E47886867C000000000000000000
  chr_11C=78CCC07C06C67C000000000000000000
SNAPSHOT frame=623 reason=state_change
  state gm=00 ready=01 script=00 sub=00 ppu_idx=00 ram_005C=00 auto=00 phase=00 frm=EA ctrl=B0 mask=1E ctrl_shadow=B0 mask_shadow=1E flush_done=01 vblank=00 mirror=10
  nt_row_04=DC EE 24 24 24 24 24 24 24 24 24 24 24 24 24 24 24 24 24 24 24 24 24 24 24 24 24 24 24 24 D6 DB
  nt_row_07=DE EE 24 24 24 E3 24 24 71 72 73 74 75 76 77 78 79 79 79 7A 7B 24 24 24 24 24 E2 24 24 24 D6 DB
  nt_row_08=DE D8 EF 24 24 E2 24 7C 7D 7E 7F 80 81 82 83 84 85 86 87 88 89 8A 8B 24 24 24 E3 24 24 24 D6 DF
  nt_row_11=DE DB D7 24 24 E3 70 AF B0 B1 B2 B3 B4 B5 B6 B7 B8 B9 BA BB BC BD BE BF C0 24 E2 24 24 D6 DB DB
  nt_row_13=DE DB EE 24 24 E3 24 C6 C7 C8 C8 C8 24 C9 CA CB CC CD C8 C8 C8 C8 E8 E9 D3 24 E2 24 24 D6 DB DB
  nt_row_17=DC DA DC D7 24 24 24 24 24 24 24 24 24 F0 01 09 08 06 24 17 12 17 1D 0E 17 0D 18 24 D6 DC DB DF
  nt_row_20=E1 D9 DC ED E0 EF 24 24 19 1E 1C 11 24 1C 1D 0A 1B 1D 24 0B 1E 1D 1D 18 17 24 24 24 D6 D8 E1 D9
  pal=360F00103617270F36081A2836303B2200303B160017270F00081A2800303B22
  chr_008=00000000000000000000000000000000
  chr_01C=00000000000000000000000000000000
  chr_108=78C4E47886867C000000000000000000
  chr_11C=78CCC07C06C67C000000000000000000
SNAPSHOT frame=624 reason=state_change
  state gm=00 ready=01 script=00 sub=00 ppu_idx=00 ram_005C=00 auto=00 phase=00 frm=EB ctrl=B0 mask=1E ctrl_shadow=B0 mask_shadow=1E flush_done=01 vblank=00 mirror=10
  nt_row_04=DC EE 24 24 24 24 24 24 24 24 24 24 24 24 24 24 24 24 24 24 24 24 24 24 24 24 24 24 24 24 D6 DB
  nt_row_07=DE EE 24 24 24 E3 24 24 71 72 73 74 75 76 77 78 79 79 79 7A 7B 24 24 24 24 24 E2 24 24 24 D6 DB
  nt_row_08=DE D8 EF 24 24 E2 24 7C 7D 7E 7F 80 81 82 83 84 85 86 87 88 89 8A 8B 24 24 24 E3 24 24 24 D6 DF
  nt_row_11=DE DB D7 24 24 E3 70 AF B0 B1 B2 B3 B4 B5 B6 B7 B8 B9 BA BB BC BD BE BF C0 24 E2 24 24 D6 DB DB
  nt_row_13=DE DB EE 24 24 E3 24 C6 C7 C8 C8 C8 24 C9 CA CB CC CD C8 C8 C8 C8 E8 E9 D3 24 E2 24 24 D6 DB DB
  nt_row_17=DC DA DC D7 24 24 24 24 24 24 24 24 24 F0 01 09 08 06 24 17 12 17 1D 0E 17 0D 18 24 D6 DC DB DF
  nt_row_20=E1 D9 DC ED E0 EF 24 24 19 1E 1C 11 24 1C 1D 0A 1B 1D 24 0B 1E 1D 1D 18 17 24 24 24 D6 D8 E1 D9
  pal=360F00103617270F36081A2836303B2200303B160017270F00081A2800303B22
  chr_008=00000000000000000000000000000000
  chr_01C=00000000000000000000000000000000
  chr_108=78C4E47886867C000000000000000000
  chr_11C=78CCC07C06C67C000000000000000000
SNAPSHOT frame=625 reason=state_change
  state gm=00 ready=01 script=00 sub=00 ppu_idx=00 ram_005C=00 auto=00 phase=00 frm=EC ctrl=B0 mask=1E ctrl_shadow=B0 mask_shadow=1E flush_done=01 vblank=00 mirror=10
  nt_row_04=DC EE 24 24 24 24 24 24 24 24 24 24 24 24 24 24 24 24 24 24 24 24 24 24 24 24 24 24 24 24 D6 DB
  nt_row_07=DE EE 24 24 24 E3 24 24 71 72 73 74 75 76 77 78 79 79 79 7A 7B 24 24 24 24 24 E2 24 24 24 D6 DB
  nt_row_08=DE D8 EF 24 24 E2 24 7C 7D 7E 7F 80 81 82 83 84 85 86 87 88 89 8A 8B 24 24 24 E3 24 24 24 D6 DF
  nt_row_11=DE DB D7 24 24 E3 70 AF B0 B1 B2 B3 B4 B5 B6 B7 B8 B9 BA BB BC BD BE BF C0 24 E2 24 24 D6 DB DB
  nt_row_13=DE DB EE 24 24 E3 24 C6 C7 C8 C8 C8 24 C9 CA CB CC CD C8 C8 C8 C8 E8 E9 D3 24 E2 24 24 D6 DB DB
  nt_row_17=DC DA DC D7 24 24 24 24 24 24 24 24 24 F0 01 09 08 06 24 17 12 17 1D 0E 17 0D 18 24 D6 DC DB DF
  nt_row_20=E1 D9 DC ED E0 EF 24 24 19 1E 1C 11 24 1C 1D 0A 1B 1D 24 0B 1E 1D 1D 18 17 24 24 24 D6 D8 E1 D9
  pal=360F00103617270F36081A2836303B2200303B160017270F00081A2800303B22
  chr_008=00000000000000000000000000000000
  chr_01C=00000000000000000000000000000000
  chr_108=78C4E47886867C000000000000000000
  chr_11C=78CCC07C06C67C000000000000000000
SNAPSHOT frame=626 reason=state_change
  state gm=00 ready=01 script=00 sub=00 ppu_idx=00 ram_005C=00 auto=00 phase=00 frm=ED ctrl=B0 mask=1E ctrl_shadow=B0 mask_shadow=1E flush_done=01 vblank=00 mirror=10
  nt_row_04=DC EE 24 24 24 24 24 24 24 24 24 24 24 24 24 24 24 24 24 24 24 24 24 24 24 24 24 24 24 24 D6 DB
  nt_row_07=DE EE 24 24 24 E3 24 24 71 72 73 74 75 76 77 78 79 79 79 7A 7B 24 24 24 24 24 E2 24 24 24 D6 DB
  nt_row_08=DE D8 EF 24 24 E2 24 7C 7D 7E 7F 80 81 82 83 84 85 86 87 88 89 8A 8B 24 24 24 E3 24 24 24 D6 DF
  nt_row_11=DE DB D7 24 24 E3 70 AF B0 B1 B2 B3 B4 B5 B6 B7 B8 B9 BA BB BC BD BE BF C0 24 E2 24 24 D6 DB DB
  nt_row_13=DE DB EE 24 24 E3 24 C6 C7 C8 C8 C8 24 C9 CA CB CC CD C8 C8 C8 C8 E8 E9 D3 24 E2 24 24 D6 DB DB
  nt_row_17=DC DA DC D7 24 24 24 24 24 24 24 24 24 F0 01 09 08 06 24 17 12 17 1D 0E 17 0D 18 24 D6 DC DB DF
  nt_row_20=E1 D9 DC ED E0 EF 24 24 19 1E 1C 11 24 1C 1D 0A 1B 1D 24 0B 1E 1D 1D 18 17 24 24 24 D6 D8 E1 D9
  pal=360F00103617270F36081A2836303B2200303B160017270F00081A2800303B22
  chr_008=00000000000000000000000000000000
  chr_01C=00000000000000000000000000000000
  chr_108=78C4E47886867C000000000000000000
  chr_11C=78CCC07C06C67C000000000000000000
SNAPSHOT frame=627 reason=state_change
  state gm=00 ready=01 script=00 sub=00 ppu_idx=00 ram_005C=00 auto=00 phase=00 frm=EE ctrl=B0 mask=1E ctrl_shadow=B0 mask_shadow=1E flush_done=01 vblank=00 mirror=10
  nt_row_04=DC EE 24 24 24 24 24 24 24 24 24 24 24 24 24 24 24 24 24 24 24 24 24 24 24 24 24 24 24 24 D6 DB
  nt_row_07=DE EE 24 24 24 E3 24 24 71 72 73 74 75 76 77 78 79 79 79 7A 7B 24 24 24 24 24 E2 24 24 24 D6 DB
  nt_row_08=DE D8 EF 24 24 E2 24 7C 7D 7E 7F 80 81 82 83 84 85 86 87 88 89 8A 8B 24 24 24 E3 24 24 24 D6 DF
  nt_row_11=DE DB D7 24 24 E3 70 AF B0 B1 B2 B3 B4 B5 B6 B7 B8 B9 BA BB BC BD BE BF C0 24 E2 24 24 D6 DB DB
  nt_row_13=DE DB EE 24 24 E3 24 C6 C7 C8 C8 C8 24 C9 CA CB CC CD C8 C8 C8 C8 E8 E9 D3 24 E2 24 24 D6 DB DB
  nt_row_17=DC DA DC D7 24 24 24 24 24 24 24 24 24 F0 01 09 08 06 24 17 12 17 1D 0E 17 0D 18 24 D6 DC DB DF
  nt_row_20=E1 D9 DC ED E0 EF 24 24 19 1E 1C 11 24 1C 1D 0A 1B 1D 24 0B 1E 1D 1D 18 17 24 24 24 D6 D8 E1 D9
  pal=360F00103617270F36081A2836303B2200303B160017270F00081A2800303B22
  chr_008=00000000000000000000000000000000
  chr_01C=00000000000000000000000000000000
  chr_108=78C4E47886867C000000000000000000
  chr_11C=78CCC07C06C67C000000000000000000
SNAPSHOT frame=628 reason=state_change
  state gm=00 ready=01 script=00 sub=00 ppu_idx=00 ram_005C=00 auto=00 phase=00 frm=EF ctrl=B0 mask=1E ctrl_shadow=B0 mask_shadow=1E flush_done=01 vblank=00 mirror=10
  nt_row_04=DC EE 24 24 24 24 24 24 24 24 24 24 24 24 24 24 24 24 24 24 24 24 24 24 24 24 24 24 24 24 D6 DB
  nt_row_07=DE EE 24 24 24 E3 24 24 71 72 73 74 75 76 77 78 79 79 79 7A 7B 24 24 24 24 24 E2 24 24 24 D6 DB
  nt_row_08=DE D8 EF 24 24 E2 24 7C 7D 7E 7F 80 81 82 83 84 85 86 87 88 89 8A 8B 24 24 24 E3 24 24 24 D6 DF
  nt_row_11=DE DB D7 24 24 E3 70 AF B0 B1 B2 B3 B4 B5 B6 B7 B8 B9 BA BB BC BD BE BF C0 24 E2 24 24 D6 DB DB
  nt_row_13=DE DB EE 24 24 E3 24 C6 C7 C8 C8 C8 24 C9 CA CB CC CD C8 C8 C8 C8 E8 E9 D3 24 E2 24 24 D6 DB DB
  nt_row_17=DC DA DC D7 24 24 24 24 24 24 24 24 24 F0 01 09 08 06 24 17 12 17 1D 0E 17 0D 18 24 D6 DC DB DF
  nt_row_20=E1 D9 DC ED E0 EF 24 24 19 1E 1C 11 24 1C 1D 0A 1B 1D 24 0B 1E 1D 1D 18 17 24 24 24 D6 D8 E1 D9
  pal=360F00103617270F36081A2836303B2200303B160017270F00081A2800303B22
  chr_008=00000000000000000000000000000000
  chr_01C=00000000000000000000000000000000
  chr_108=78C4E47886867C000000000000000000
  chr_11C=78CCC07C06C67C000000000000000000
SNAPSHOT frame=629 reason=state_change
  state gm=00 ready=01 script=00 sub=00 ppu_idx=00 ram_005C=00 auto=00 phase=00 frm=F0 ctrl=B0 mask=1E ctrl_shadow=B0 mask_shadow=1E flush_done=01 vblank=00 mirror=10
  nt_row_04=DC EE 24 24 24 24 24 24 24 24 24 24 24 24 24 24 24 24 24 24 24 24 24 24 24 24 24 24 24 24 D6 DB
  nt_row_07=DE EE 24 24 24 E3 24 24 71 72 73 74 75 76 77 78 79 79 79 7A 7B 24 24 24 24 24 E2 24 24 24 D6 DB
  nt_row_08=DE D8 EF 24 24 E2 24 7C 7D 7E 7F 80 81 82 83 84 85 86 87 88 89 8A 8B 24 24 24 E3 24 24 24 D6 DF
  nt_row_11=DE DB D7 24 24 E3 70 AF B0 B1 B2 B3 B4 B5 B6 B7 B8 B9 BA BB BC BD BE BF C0 24 E2 24 24 D6 DB DB
  nt_row_13=DE DB EE 24 24 E3 24 C6 C7 C8 C8 C8 24 C9 CA CB CC CD C8 C8 C8 C8 E8 E9 D3 24 E2 24 24 D6 DB DB
  nt_row_17=DC DA DC D7 24 24 24 24 24 24 24 24 24 F0 01 09 08 06 24 17 12 17 1D 0E 17 0D 18 24 D6 DC DB DF
  nt_row_20=E1 D9 DC ED E0 EF 24 24 19 1E 1C 11 24 1C 1D 0A 1B 1D 24 0B 1E 1D 1D 18 17 24 24 24 D6 D8 E1 D9
  pal=360F00103617270F36081A2836303B2200303B160017270F00081A2800303B22
  chr_008=00000000000000000000000000000000
  chr_01C=00000000000000000000000000000000
  chr_108=78C4E47886867C000000000000000000
  chr_11C=78CCC07C06C67C000000000000000000
SNAPSHOT frame=630 reason=state_change
  state gm=00 ready=01 script=00 sub=00 ppu_idx=00 ram_005C=00 auto=00 phase=00 frm=F1 ctrl=B0 mask=1E ctrl_shadow=B0 mask_shadow=1E flush_done=01 vblank=00 mirror=10
  nt_row_04=DC EE 24 24 24 24 24 24 24 24 24 24 24 24 24 24 24 24 24 24 24 24 24 24 24 24 24 24 24 24 D6 DB
  nt_row_07=DE EE 24 24 24 E3 24 24 71 72 73 74 75 76 77 78 79 79 79 7A 7B 24 24 24 24 24 E2 24 24 24 D6 DB
  nt_row_08=DE D8 EF 24 24 E2 24 7C 7D 7E 7F 80 81 82 83 84 85 86 87 88 89 8A 8B 24 24 24 E3 24 24 24 D6 DF
  nt_row_11=DE DB D7 24 24 E3 70 AF B0 B1 B2 B3 B4 B5 B6 B7 B8 B9 BA BB BC BD BE BF C0 24 E2 24 24 D6 DB DB
  nt_row_13=DE DB EE 24 24 E3 24 C6 C7 C8 C8 C8 24 C9 CA CB CC CD C8 C8 C8 C8 E8 E9 D3 24 E2 24 24 D6 DB DB
  nt_row_17=DC DA DC D7 24 24 24 24 24 24 24 24 24 F0 01 09 08 06 24 17 12 17 1D 0E 17 0D 18 24 D6 DC DB DF
  nt_row_20=E1 D9 DC ED E0 EF 24 24 19 1E 1C 11 24 1C 1D 0A 1B 1D 24 0B 1E 1D 1D 18 17 24 24 24 D6 D8 E1 D9
  pal=360F00103617270F36081A2836303B2200303B160017270F00081A2800303B22
  chr_008=00000000000000000000000000000000
  chr_01C=00000000000000000000000000000000
  chr_108=78C4E47886867C000000000000000000
  chr_11C=78CCC07C06C67C000000000000000000
SNAPSHOT frame=631 reason=state_change
  state gm=00 ready=01 script=00 sub=00 ppu_idx=00 ram_005C=00 auto=00 phase=00 frm=F2 ctrl=B0 mask=1E ctrl_shadow=B0 mask_shadow=1E flush_done=01 vblank=00 mirror=10
  nt_row_04=DC EE 24 24 24 24 24 24 24 24 24 24 24 24 24 24 24 24 24 24 24 24 24 24 24 24 24 24 24 24 D6 DB
  nt_row_07=DE EE 24 24 24 E3 24 24 71 72 73 74 75 76 77 78 79 79 79 7A 7B 24 24 24 24 24 E2 24 24 24 D6 DB
  nt_row_08=DE D8 EF 24 24 E2 24 7C 7D 7E 7F 80 81 82 83 84 85 86 87 88 89 8A 8B 24 24 24 E3 24 24 24 D6 DF
  nt_row_11=DE DB D7 24 24 E3 70 AF B0 B1 B2 B3 B4 B5 B6 B7 B8 B9 BA BB BC BD BE BF C0 24 E2 24 24 D6 DB DB
  nt_row_13=DE DB EE 24 24 E3 24 C6 C7 C8 C8 C8 24 C9 CA CB CC CD C8 C8 C8 C8 E8 E9 D3 24 E2 24 24 D6 DB DB
  nt_row_17=DC DA DC D7 24 24 24 24 24 24 24 24 24 F0 01 09 08 06 24 17 12 17 1D 0E 17 0D 18 24 D6 DC DB DF
  nt_row_20=E1 D9 DC ED E0 EF 24 24 19 1E 1C 11 24 1C 1D 0A 1B 1D 24 0B 1E 1D 1D 18 17 24 24 24 D6 D8 E1 D9
  pal=360F00103617270F36081A2836303B2200303B160017270F00081A2800303B22
  chr_008=00000000000000000000000000000000
  chr_01C=00000000000000000000000000000000
  chr_108=78C4E47886867C000000000000000000
  chr_11C=78CCC07C06C67C000000000000000000
SNAPSHOT frame=632 reason=state_change
  state gm=00 ready=01 script=00 sub=00 ppu_idx=00 ram_005C=00 auto=00 phase=00 frm=F3 ctrl=B0 mask=1E ctrl_shadow=B0 mask_shadow=1E flush_done=01 vblank=00 mirror=10
  nt_row_04=DC EE 24 24 24 24 24 24 24 24 24 24 24 24 24 24 24 24 24 24 24 24 24 24 24 24 24 24 24 24 D6 DB
  nt_row_07=DE EE 24 24 24 E3 24 24 71 72 73 74 75 76 77 78 79 79 79 7A 7B 24 24 24 24 24 E2 24 24 24 D6 DB
  nt_row_08=DE D8 EF 24 24 E2 24 7C 7D 7E 7F 80 81 82 83 84 85 86 87 88 89 8A 8B 24 24 24 E3 24 24 24 D6 DF
  nt_row_11=DE DB D7 24 24 E3 70 AF B0 B1 B2 B3 B4 B5 B6 B7 B8 B9 BA BB BC BD BE BF C0 24 E2 24 24 D6 DB DB
  nt_row_13=DE DB EE 24 24 E3 24 C6 C7 C8 C8 C8 24 C9 CA CB CC CD C8 C8 C8 C8 E8 E9 D3 24 E2 24 24 D6 DB DB
  nt_row_17=DC DA DC D7 24 24 24 24 24 24 24 24 24 F0 01 09 08 06 24 17 12 17 1D 0E 17 0D 18 24 D6 DC DB DF
  nt_row_20=E1 D9 DC ED E0 EF 24 24 19 1E 1C 11 24 1C 1D 0A 1B 1D 24 0B 1E 1D 1D 18 17 24 24 24 D6 D8 E1 D9
  pal=360F00103617270F36081A2836303B2200303B160017270F00081A2800303B22
  chr_008=00000000000000000000000000000000
  chr_01C=00000000000000000000000000000000
  chr_108=78C4E47886867C000000000000000000
  chr_11C=78CCC07C06C67C000000000000000000
SNAPSHOT frame=633 reason=state_change
  state gm=00 ready=01 script=00 sub=00 ppu_idx=00 ram_005C=00 auto=00 phase=00 frm=F4 ctrl=B0 mask=1E ctrl_shadow=B0 mask_shadow=1E flush_done=01 vblank=00 mirror=10
  nt_row_04=DC EE 24 24 24 24 24 24 24 24 24 24 24 24 24 24 24 24 24 24 24 24 24 24 24 24 24 24 24 24 D6 DB
  nt_row_07=DE EE 24 24 24 E3 24 24 71 72 73 74 75 76 77 78 79 79 79 7A 7B 24 24 24 24 24 E2 24 24 24 D6 DB
  nt_row_08=DE D8 EF 24 24 E2 24 7C 7D 7E 7F 80 81 82 83 84 85 86 87 88 89 8A 8B 24 24 24 E3 24 24 24 D6 DF
  nt_row_11=DE DB D7 24 24 E3 70 AF B0 B1 B2 B3 B4 B5 B6 B7 B8 B9 BA BB BC BD BE BF C0 24 E2 24 24 D6 DB DB
  nt_row_13=DE DB EE 24 24 E3 24 C6 C7 C8 C8 C8 24 C9 CA CB CC CD C8 C8 C8 C8 E8 E9 D3 24 E2 24 24 D6 DB DB
  nt_row_17=DC DA DC D7 24 24 24 24 24 24 24 24 24 F0 01 09 08 06 24 17 12 17 1D 0E 17 0D 18 24 D6 DC DB DF
  nt_row_20=E1 D9 DC ED E0 EF 24 24 19 1E 1C 11 24 1C 1D 0A 1B 1D 24 0B 1E 1D 1D 18 17 24 24 24 D6 D8 E1 D9
  pal=360F00103617270F36081A2836303B2200303B160017270F00081A2800303B22
  chr_008=00000000000000000000000000000000
  chr_01C=00000000000000000000000000000000
  chr_108=78C4E47886867C000000000000000000
  chr_11C=78CCC07C06C67C000000000000000000
SNAPSHOT frame=634 reason=state_change
  state gm=00 ready=01 script=00 sub=00 ppu_idx=00 ram_005C=00 auto=00 phase=00 frm=F5 ctrl=B0 mask=1E ctrl_shadow=B0 mask_shadow=1E flush_done=01 vblank=00 mirror=10
  nt_row_04=DC EE 24 24 24 24 24 24 24 24 24 24 24 24 24 24 24 24 24 24 24 24 24 24 24 24 24 24 24 24 D6 DB
  nt_row_07=DE EE 24 24 24 E3 24 24 71 72 73 74 75 76 77 78 79 79 79 7A 7B 24 24 24 24 24 E2 24 24 24 D6 DB
  nt_row_08=DE D8 EF 24 24 E2 24 7C 7D 7E 7F 80 81 82 83 84 85 86 87 88 89 8A 8B 24 24 24 E3 24 24 24 D6 DF
  nt_row_11=DE DB D7 24 24 E3 70 AF B0 B1 B2 B3 B4 B5 B6 B7 B8 B9 BA BB BC BD BE BF C0 24 E2 24 24 D6 DB DB
  nt_row_13=DE DB EE 24 24 E3 24 C6 C7 C8 C8 C8 24 C9 CA CB CC CD C8 C8 C8 C8 E8 E9 D3 24 E2 24 24 D6 DB DB
  nt_row_17=DC DA DC D7 24 24 24 24 24 24 24 24 24 F0 01 09 08 06 24 17 12 17 1D 0E 17 0D 18 24 D6 DC DB DF
  nt_row_20=E1 D9 DC ED E0 EF 24 24 19 1E 1C 11 24 1C 1D 0A 1B 1D 24 0B 1E 1D 1D 18 17 24 24 24 D6 D8 E1 D9
  pal=360F00103617270F36081A2836303B2200303B160017270F00081A2800303B22
  chr_008=00000000000000000000000000000000
  chr_01C=00000000000000000000000000000000
  chr_108=78C4E47886867C000000000000000000
  chr_11C=78CCC07C06C67C000000000000000000
SNAPSHOT frame=635 reason=state_change
  state gm=00 ready=01 script=00 sub=00 ppu_idx=00 ram_005C=00 auto=00 phase=00 frm=F6 ctrl=B0 mask=1E ctrl_shadow=B0 mask_shadow=1E flush_done=01 vblank=00 mirror=10
  nt_row_04=DC EE 24 24 24 24 24 24 24 24 24 24 24 24 24 24 24 24 24 24 24 24 24 24 24 24 24 24 24 24 D6 DB
  nt_row_07=DE EE 24 24 24 E3 24 24 71 72 73 74 75 76 77 78 79 79 79 7A 7B 24 24 24 24 24 E2 24 24 24 D6 DB
  nt_row_08=DE D8 EF 24 24 E2 24 7C 7D 7E 7F 80 81 82 83 84 85 86 87 88 89 8A 8B 24 24 24 E3 24 24 24 D6 DF
  nt_row_11=DE DB D7 24 24 E3 70 AF B0 B1 B2 B3 B4 B5 B6 B7 B8 B9 BA BB BC BD BE BF C0 24 E2 24 24 D6 DB DB
  nt_row_13=DE DB EE 24 24 E3 24 C6 C7 C8 C8 C8 24 C9 CA CB CC CD C8 C8 C8 C8 E8 E9 D3 24 E2 24 24 D6 DB DB
  nt_row_17=DC DA DC D7 24 24 24 24 24 24 24 24 24 F0 01 09 08 06 24 17 12 17 1D 0E 17 0D 18 24 D6 DC DB DF
  nt_row_20=E1 D9 DC ED E0 EF 24 24 19 1E 1C 11 24 1C 1D 0A 1B 1D 24 0B 1E 1D 1D 18 17 24 24 24 D6 D8 E1 D9
  pal=360F00103617270F36081A2836303B2200303B160017270F00081A2800303B22
  chr_008=00000000000000000000000000000000
  chr_01C=00000000000000000000000000000000
  chr_108=78C4E47886867C000000000000000000
  chr_11C=78CCC07C06C67C000000000000000000
SNAPSHOT frame=636 reason=state_change
  state gm=00 ready=01 script=00 sub=00 ppu_idx=00 ram_005C=00 auto=00 phase=00 frm=F7 ctrl=B0 mask=1E ctrl_shadow=B0 mask_shadow=1E flush_done=01 vblank=00 mirror=10
  nt_row_04=DC EE 24 24 24 24 24 24 24 24 24 24 24 24 24 24 24 24 24 24 24 24 24 24 24 24 24 24 24 24 D6 DB
  nt_row_07=DE EE 24 24 24 E3 24 24 71 72 73 74 75 76 77 78 79 79 79 7A 7B 24 24 24 24 24 E2 24 24 24 D6 DB
  nt_row_08=DE D8 EF 24 24 E2 24 7C 7D 7E 7F 80 81 82 83 84 85 86 87 88 89 8A 8B 24 24 24 E3 24 24 24 D6 DF
  nt_row_11=DE DB D7 24 24 E3 70 AF B0 B1 B2 B3 B4 B5 B6 B7 B8 B9 BA BB BC BD BE BF C0 24 E2 24 24 D6 DB DB
  nt_row_13=DE DB EE 24 24 E3 24 C6 C7 C8 C8 C8 24 C9 CA CB CC CD C8 C8 C8 C8 E8 E9 D3 24 E2 24 24 D6 DB DB
  nt_row_17=DC DA DC D7 24 24 24 24 24 24 24 24 24 F0 01 09 08 06 24 17 12 17 1D 0E 17 0D 18 24 D6 DC DB DF
  nt_row_20=E1 D9 DC ED E0 EF 24 24 19 1E 1C 11 24 1C 1D 0A 1B 1D 24 0B 1E 1D 1D 18 17 24 24 24 D6 D8 E1 D9
  pal=360F00103617270F36081A2836303B2200303B160017270F00081A2800303B22
  chr_008=00000000000000000000000000000000
  chr_01C=00000000000000000000000000000000
  chr_108=78C4E47886867C000000000000000000
  chr_11C=78CCC07C06C67C000000000000000000
SNAPSHOT frame=637 reason=state_change
  state gm=00 ready=01 script=00 sub=00 ppu_idx=00 ram_005C=00 auto=00 phase=00 frm=F8 ctrl=B0 mask=1E ctrl_shadow=B0 mask_shadow=1E flush_done=01 vblank=00 mirror=10
  nt_row_04=DC EE 24 24 24 24 24 24 24 24 24 24 24 24 24 24 24 24 24 24 24 24 24 24 24 24 24 24 24 24 D6 DB
  nt_row_07=DE EE 24 24 24 E3 24 24 71 72 73 74 75 76 77 78 79 79 79 7A 7B 24 24 24 24 24 E2 24 24 24 D6 DB
  nt_row_08=DE D8 EF 24 24 E2 24 7C 7D 7E 7F 80 81 82 83 84 85 86 87 88 89 8A 8B 24 24 24 E3 24 24 24 D6 DF
  nt_row_11=DE DB D7 24 24 E3 70 AF B0 B1 B2 B3 B4 B5 B6 B7 B8 B9 BA BB BC BD BE BF C0 24 E2 24 24 D6 DB DB
  nt_row_13=DE DB EE 24 24 E3 24 C6 C7 C8 C8 C8 24 C9 CA CB CC CD C8 C8 C8 C8 E8 E9 D3 24 E2 24 24 D6 DB DB
  nt_row_17=DC DA DC D7 24 24 24 24 24 24 24 24 24 F0 01 09 08 06 24 17 12 17 1D 0E 17 0D 18 24 D6 DC DB DF
  nt_row_20=E1 D9 DC ED E0 EF 24 24 19 1E 1C 11 24 1C 1D 0A 1B 1D 24 0B 1E 1D 1D 18 17 24 24 24 D6 D8 E1 D9
  pal=360F00103617270F36081A2836303B2200303B160017270F00081A2800303B22
  chr_008=00000000000000000000000000000000
  chr_01C=00000000000000000000000000000000
  chr_108=78C4E47886867C000000000000000000
  chr_11C=78CCC07C06C67C000000000000000000
SNAPSHOT frame=638 reason=state_change
  state gm=00 ready=01 script=00 sub=00 ppu_idx=00 ram_005C=00 auto=00 phase=00 frm=F9 ctrl=B0 mask=1E ctrl_shadow=B0 mask_shadow=1E flush_done=01 vblank=00 mirror=10
  nt_row_04=DC EE 24 24 24 24 24 24 24 24 24 24 24 24 24 24 24 24 24 24 24 24 24 24 24 24 24 24 24 24 D6 DB
  nt_row_07=DE EE 24 24 24 E3 24 24 71 72 73 74 75 76 77 78 79 79 79 7A 7B 24 24 24 24 24 E2 24 24 24 D6 DB
  nt_row_08=DE D8 EF 24 24 E2 24 7C 7D 7E 7F 80 81 82 83 84 85 86 87 88 89 8A 8B 24 24 24 E3 24 24 24 D6 DF
  nt_row_11=DE DB D7 24 24 E3 70 AF B0 B1 B2 B3 B4 B5 B6 B7 B8 B9 BA BB BC BD BE BF C0 24 E2 24 24 D6 DB DB
  nt_row_13=DE DB EE 24 24 E3 24 C6 C7 C8 C8 C8 24 C9 CA CB CC CD C8 C8 C8 C8 E8 E9 D3 24 E2 24 24 D6 DB DB
  nt_row_17=DC DA DC D7 24 24 24 24 24 24 24 24 24 F0 01 09 08 06 24 17 12 17 1D 0E 17 0D 18 24 D6 DC DB DF
  nt_row_20=E1 D9 DC ED E0 EF 24 24 19 1E 1C 11 24 1C 1D 0A 1B 1D 24 0B 1E 1D 1D 18 17 24 24 24 D6 D8 E1 D9
  pal=360F00103617270F36081A2836303B2200303B160017270F00081A2800303B22
  chr_008=00000000000000000000000000000000
  chr_01C=00000000000000000000000000000000
  chr_108=78C4E47886867C000000000000000000
  chr_11C=78CCC07C06C67C000000000000000000
SNAPSHOT frame=639 reason=state_change
  state gm=00 ready=01 script=00 sub=00 ppu_idx=00 ram_005C=00 auto=00 phase=00 frm=FA ctrl=B0 mask=1E ctrl_shadow=B0 mask_shadow=1E flush_done=01 vblank=00 mirror=10
  nt_row_04=DC EE 24 24 24 24 24 24 24 24 24 24 24 24 24 24 24 24 24 24 24 24 24 24 24 24 24 24 24 24 D6 DB
  nt_row_07=DE EE 24 24 24 E3 24 24 71 72 73 74 75 76 77 78 79 79 79 7A 7B 24 24 24 24 24 E2 24 24 24 D6 DB
  nt_row_08=DE D8 EF 24 24 E2 24 7C 7D 7E 7F 80 81 82 83 84 85 86 87 88 89 8A 8B 24 24 24 E3 24 24 24 D6 DF
  nt_row_11=DE DB D7 24 24 E3 70 AF B0 B1 B2 B3 B4 B5 B6 B7 B8 B9 BA BB BC BD BE BF C0 24 E2 24 24 D6 DB DB
  nt_row_13=DE DB EE 24 24 E3 24 C6 C7 C8 C8 C8 24 C9 CA CB CC CD C8 C8 C8 C8 E8 E9 D3 24 E2 24 24 D6 DB DB
  nt_row_17=DC DA DC D7 24 24 24 24 24 24 24 24 24 F0 01 09 08 06 24 17 12 17 1D 0E 17 0D 18 24 D6 DC DB DF
  nt_row_20=E1 D9 DC ED E0 EF 24 24 19 1E 1C 11 24 1C 1D 0A 1B 1D 24 0B 1E 1D 1D 18 17 24 24 24 D6 D8 E1 D9
  pal=360F00103617270F36081A2836303B2200303B160017270F00081A2800303B22
  chr_008=00000000000000000000000000000000
  chr_01C=00000000000000000000000000000000
  chr_108=78C4E47886867C000000000000000000
  chr_11C=78CCC07C06C67C000000000000000000
SNAPSHOT frame=640 reason=state_change
  state gm=00 ready=01 script=00 sub=00 ppu_idx=00 ram_005C=00 auto=00 phase=00 frm=FB ctrl=B0 mask=1E ctrl_shadow=B0 mask_shadow=1E flush_done=01 vblank=00 mirror=10
  nt_row_04=DC EE 24 24 24 24 24 24 24 24 24 24 24 24 24 24 24 24 24 24 24 24 24 24 24 24 24 24 24 24 D6 DB
  nt_row_07=DE EE 24 24 24 E3 24 24 71 72 73 74 75 76 77 78 79 79 79 7A 7B 24 24 24 24 24 E2 24 24 24 D6 DB
  nt_row_08=DE D8 EF 24 24 E2 24 7C 7D 7E 7F 80 81 82 83 84 85 86 87 88 89 8A 8B 24 24 24 E3 24 24 24 D6 DF
  nt_row_11=DE DB D7 24 24 E3 70 AF B0 B1 B2 B3 B4 B5 B6 B7 B8 B9 BA BB BC BD BE BF C0 24 E2 24 24 D6 DB DB
  nt_row_13=DE DB EE 24 24 E3 24 C6 C7 C8 C8 C8 24 C9 CA CB CC CD C8 C8 C8 C8 E8 E9 D3 24 E2 24 24 D6 DB DB
  nt_row_17=DC DA DC D7 24 24 24 24 24 24 24 24 24 F0 01 09 08 06 24 17 12 17 1D 0E 17 0D 18 24 D6 DC DB DF
  nt_row_20=E1 D9 DC ED E0 EF 24 24 19 1E 1C 11 24 1C 1D 0A 1B 1D 24 0B 1E 1D 1D 18 17 24 24 24 D6 D8 E1 D9
  pal=360F00103617270F36081A2836303B2200303B160017270F00081A2800303B22
  chr_008=00000000000000000000000000000000
  chr_01C=00000000000000000000000000000000
  chr_108=78C4E47886867C000000000000000000
  chr_11C=78CCC07C06C67C000000000000000000
SNAPSHOT frame=641 reason=state_change
  state gm=00 ready=01 script=00 sub=00 ppu_idx=00 ram_005C=00 auto=00 phase=00 frm=FC ctrl=B0 mask=1E ctrl_shadow=B0 mask_shadow=1E flush_done=01 vblank=00 mirror=10
  nt_row_04=DC EE 24 24 24 24 24 24 24 24 24 24 24 24 24 24 24 24 24 24 24 24 24 24 24 24 24 24 24 24 D6 DB
  nt_row_07=DE EE 24 24 24 E3 24 24 71 72 73 74 75 76 77 78 79 79 79 7A 7B 24 24 24 24 24 E2 24 24 24 D6 DB
  nt_row_08=DE D8 EF 24 24 E2 24 7C 7D 7E 7F 80 81 82 83 84 85 86 87 88 89 8A 8B 24 24 24 E3 24 24 24 D6 DF
  nt_row_11=DE DB D7 24 24 E3 70 AF B0 B1 B2 B3 B4 B5 B6 B7 B8 B9 BA BB BC BD BE BF C0 24 E2 24 24 D6 DB DB
  nt_row_13=DE DB EE 24 24 E3 24 C6 C7 C8 C8 C8 24 C9 CA CB CC CD C8 C8 C8 C8 E8 E9 D3 24 E2 24 24 D6 DB DB
  nt_row_17=DC DA DC D7 24 24 24 24 24 24 24 24 24 F0 01 09 08 06 24 17 12 17 1D 0E 17 0D 18 24 D6 DC DB DF
  nt_row_20=E1 D9 DC ED E0 EF 24 24 19 1E 1C 11 24 1C 1D 0A 1B 1D 24 0B 1E 1D 1D 18 17 24 24 24 D6 D8 E1 D9
  pal=360F00103617270F36081A2836303B2200303B160017270F00081A2800303B22
  chr_008=00000000000000000000000000000000
  chr_01C=00000000000000000000000000000000
  chr_108=78C4E47886867C000000000000000000
  chr_11C=78CCC07C06C67C000000000000000000
SNAPSHOT frame=642 reason=state_change
  state gm=00 ready=01 script=00 sub=00 ppu_idx=00 ram_005C=00 auto=00 phase=00 frm=FD ctrl=B0 mask=1E ctrl_shadow=B0 mask_shadow=1E flush_done=01 vblank=00 mirror=10
  nt_row_04=DC EE 24 24 24 24 24 24 24 24 24 24 24 24 24 24 24 24 24 24 24 24 24 24 24 24 24 24 24 24 D6 DB
  nt_row_07=DE EE 24 24 24 E3 24 24 71 72 73 74 75 76 77 78 79 79 79 7A 7B 24 24 24 24 24 E2 24 24 24 D6 DB
  nt_row_08=DE D8 EF 24 24 E2 24 7C 7D 7E 7F 80 81 82 83 84 85 86 87 88 89 8A 8B 24 24 24 E3 24 24 24 D6 DF
  nt_row_11=DE DB D7 24 24 E3 70 AF B0 B1 B2 B3 B4 B5 B6 B7 B8 B9 BA BB BC BD BE BF C0 24 E2 24 24 D6 DB DB
  nt_row_13=DE DB EE 24 24 E3 24 C6 C7 C8 C8 C8 24 C9 CA CB CC CD C8 C8 C8 C8 E8 E9 D3 24 E2 24 24 D6 DB DB
  nt_row_17=DC DA DC D7 24 24 24 24 24 24 24 24 24 F0 01 09 08 06 24 17 12 17 1D 0E 17 0D 18 24 D6 DC DB DF
  nt_row_20=E1 D9 DC ED E0 EF 24 24 19 1E 1C 11 24 1C 1D 0A 1B 1D 24 0B 1E 1D 1D 18 17 24 24 24 D6 D8 E1 D9
  pal=360F00103617270F36081A2836303B2200303B160017270F00081A2800303B22
  chr_008=00000000000000000000000000000000
  chr_01C=00000000000000000000000000000000
  chr_108=78C4E47886867C000000000000000000
  chr_11C=78CCC07C06C67C000000000000000000
SNAPSHOT frame=643 reason=state_change
  state gm=00 ready=01 script=00 sub=00 ppu_idx=00 ram_005C=00 auto=00 phase=00 frm=FE ctrl=B0 mask=1E ctrl_shadow=B0 mask_shadow=1E flush_done=01 vblank=00 mirror=10
  nt_row_04=DC EE 24 24 24 24 24 24 24 24 24 24 24 24 24 24 24 24 24 24 24 24 24 24 24 24 24 24 24 24 D6 DB
  nt_row_07=DE EE 24 24 24 E3 24 24 71 72 73 74 75 76 77 78 79 79 79 7A 7B 24 24 24 24 24 E2 24 24 24 D6 DB
  nt_row_08=DE D8 EF 24 24 E2 24 7C 7D 7E 7F 80 81 82 83 84 85 86 87 88 89 8A 8B 24 24 24 E3 24 24 24 D6 DF
  nt_row_11=DE DB D7 24 24 E3 70 AF B0 B1 B2 B3 B4 B5 B6 B7 B8 B9 BA BB BC BD BE BF C0 24 E2 24 24 D6 DB DB
  nt_row_13=DE DB EE 24 24 E3 24 C6 C7 C8 C8 C8 24 C9 CA CB CC CD C8 C8 C8 C8 E8 E9 D3 24 E2 24 24 D6 DB DB
  nt_row_17=DC DA DC D7 24 24 24 24 24 24 24 24 24 F0 01 09 08 06 24 17 12 17 1D 0E 17 0D 18 24 D6 DC DB DF
  nt_row_20=E1 D9 DC ED E0 EF 24 24 19 1E 1C 11 24 1C 1D 0A 1B 1D 24 0B 1E 1D 1D 18 17 24 24 24 D6 D8 E1 D9
  pal=360F00103617270F36081A2836303B2200303B160017270F00081A2800303B22
  chr_008=00000000000000000000000000000000
  chr_01C=00000000000000000000000000000000
  chr_108=78C4E47886867C000000000000000000
  chr_11C=78CCC07C06C67C000000000000000000
SNAPSHOT frame=644 reason=state_change
  state gm=00 ready=01 script=00 sub=00 ppu_idx=00 ram_005C=00 auto=00 phase=00 frm=FF ctrl=B0 mask=1E ctrl_shadow=B0 mask_shadow=1E flush_done=01 vblank=00 mirror=10
  nt_row_04=DC EE 24 24 24 24 24 24 24 24 24 24 24 24 24 24 24 24 24 24 24 24 24 24 24 24 24 24 24 24 D6 DB
  nt_row_07=DE EE 24 24 24 E3 24 24 71 72 73 74 75 76 77 78 79 79 79 7A 7B 24 24 24 24 24 E2 24 24 24 D6 DB
  nt_row_08=DE D8 EF 24 24 E2 24 7C 7D 7E 7F 80 81 82 83 84 85 86 87 88 89 8A 8B 24 24 24 E3 24 24 24 D6 DF
  nt_row_11=DE DB D7 24 24 E3 70 AF B0 B1 B2 B3 B4 B5 B6 B7 B8 B9 BA BB BC BD BE BF C0 24 E2 24 24 D6 DB DB
  nt_row_13=DE DB EE 24 24 E3 24 C6 C7 C8 C8 C8 24 C9 CA CB CC CD C8 C8 C8 C8 E8 E9 D3 24 E2 24 24 D6 DB DB
  nt_row_17=DC DA DC D7 24 24 24 24 24 24 24 24 24 F0 01 09 08 06 24 17 12 17 1D 0E 17 0D 18 24 D6 DC DB DF
  nt_row_20=E1 D9 DC ED E0 EF 24 24 19 1E 1C 11 24 1C 1D 0A 1B 1D 24 0B 1E 1D 1D 18 17 24 24 24 D6 D8 E1 D9
  pal=360F00103617270F36081A2836303B2200303B160017270F00081A2800303B22
  chr_008=00000000000000000000000000000000
  chr_01C=00000000000000000000000000000000
  chr_108=78C4E47886867C000000000000000000
  chr_11C=78CCC07C06C67C000000000000000000
SNAPSHOT frame=645 reason=state_change
  state gm=00 ready=01 script=00 sub=00 ppu_idx=00 ram_005C=00 auto=00 phase=00 frm=00 ctrl=B0 mask=1E ctrl_shadow=B0 mask_shadow=1E flush_done=01 vblank=00 mirror=10
  nt_row_04=DC EE 24 24 24 24 24 24 24 24 24 24 24 24 24 24 24 24 24 24 24 24 24 24 24 24 24 24 24 24 D6 DB
  nt_row_07=DE EE 24 24 24 E3 24 24 71 72 73 74 75 76 77 78 79 79 79 7A 7B 24 24 24 24 24 E2 24 24 24 D6 DB
  nt_row_08=DE D8 EF 24 24 E2 24 7C 7D 7E 7F 80 81 82 83 84 85 86 87 88 89 8A 8B 24 24 24 E3 24 24 24 D6 DF
  nt_row_11=DE DB D7 24 24 E3 70 AF B0 B1 B2 B3 B4 B5 B6 B7 B8 B9 BA BB BC BD BE BF C0 24 E2 24 24 D6 DB DB
  nt_row_13=DE DB EE 24 24 E3 24 C6 C7 C8 C8 C8 24 C9 CA CB CC CD C8 C8 C8 C8 E8 E9 D3 24 E2 24 24 D6 DB DB
  nt_row_17=DC DA DC D7 24 24 24 24 24 24 24 24 24 F0 01 09 08 06 24 17 12 17 1D 0E 17 0D 18 24 D6 DC DB DF
  nt_row_20=E1 D9 DC ED E0 EF 24 24 19 1E 1C 11 24 1C 1D 0A 1B 1D 24 0B 1E 1D 1D 18 17 24 24 24 D6 D8 E1 D9
  pal=360F00103617270F36081A2836303B2200303B160017270F00081A2800303B22
  chr_008=00000000000000000000000000000000
  chr_01C=00000000000000000000000000000000
  chr_108=78C4E47886867C000000000000000000
  chr_11C=78CCC07C06C67C000000000000000000
SNAPSHOT frame=646 reason=state_change
  state gm=00 ready=01 script=00 sub=00 ppu_idx=00 ram_005C=00 auto=00 phase=00 frm=01 ctrl=B0 mask=1E ctrl_shadow=B0 mask_shadow=1E flush_done=01 vblank=00 mirror=10
  nt_row_04=DC EE 24 24 24 24 24 24 24 24 24 24 24 24 24 24 24 24 24 24 24 24 24 24 24 24 24 24 24 24 D6 DB
  nt_row_07=DE EE 24 24 24 E3 24 24 71 72 73 74 75 76 77 78 79 79 79 7A 7B 24 24 24 24 24 E2 24 24 24 D6 DB
  nt_row_08=DE D8 EF 24 24 E2 24 7C 7D 7E 7F 80 81 82 83 84 85 86 87 88 89 8A 8B 24 24 24 E3 24 24 24 D6 DF
  nt_row_11=DE DB D7 24 24 E3 70 AF B0 B1 B2 B3 B4 B5 B6 B7 B8 B9 BA BB BC BD BE BF C0 24 E2 24 24 D6 DB DB
  nt_row_13=DE DB EE 24 24 E3 24 C6 C7 C8 C8 C8 24 C9 CA CB CC CD C8 C8 C8 C8 E8 E9 D3 24 E2 24 24 D6 DB DB
  nt_row_17=DC DA DC D7 24 24 24 24 24 24 24 24 24 F0 01 09 08 06 24 17 12 17 1D 0E 17 0D 18 24 D6 DC DB DF
  nt_row_20=E1 D9 DC ED E0 EF 24 24 19 1E 1C 11 24 1C 1D 0A 1B 1D 24 0B 1E 1D 1D 18 17 24 24 24 D6 D8 E1 D9
  pal=360F00103617270F36081A2836303B2200303B160017270F00081A2800303B22
  chr_008=00000000000000000000000000000000
  chr_01C=00000000000000000000000000000000
  chr_108=78C4E47886867C000000000000000000
  chr_11C=78CCC07C06C67C000000000000000000
SNAPSHOT frame=647 reason=state_change
  state gm=00 ready=01 script=00 sub=00 ppu_idx=00 ram_005C=00 auto=00 phase=00 frm=02 ctrl=B0 mask=1E ctrl_shadow=B0 mask_shadow=1E flush_done=01 vblank=00 mirror=10
  nt_row_04=DC EE 24 24 24 24 24 24 24 24 24 24 24 24 24 24 24 24 24 24 24 24 24 24 24 24 24 24 24 24 D6 DB
  nt_row_07=DE EE 24 24 24 E3 24 24 71 72 73 74 75 76 77 78 79 79 79 7A 7B 24 24 24 24 24 E2 24 24 24 D6 DB
  nt_row_08=DE D8 EF 24 24 E2 24 7C 7D 7E 7F 80 81 82 83 84 85 86 87 88 89 8A 8B 24 24 24 E3 24 24 24 D6 DF
  nt_row_11=DE DB D7 24 24 E3 70 AF B0 B1 B2 B3 B4 B5 B6 B7 B8 B9 BA BB BC BD BE BF C0 24 E2 24 24 D6 DB DB
  nt_row_13=DE DB EE 24 24 E3 24 C6 C7 C8 C8 C8 24 C9 CA CB CC CD C8 C8 C8 C8 E8 E9 D3 24 E2 24 24 D6 DB DB
  nt_row_17=DC DA DC D7 24 24 24 24 24 24 24 24 24 F0 01 09 08 06 24 17 12 17 1D 0E 17 0D 18 24 D6 DC DB DF
  nt_row_20=E1 D9 DC ED E0 EF 24 24 19 1E 1C 11 24 1C 1D 0A 1B 1D 24 0B 1E 1D 1D 18 17 24 24 24 D6 D8 E1 D9
  pal=360F00103617270F36081A2836303B2200303B160017270F00081A2800303B22
  chr_008=00000000000000000000000000000000
  chr_01C=00000000000000000000000000000000
  chr_108=78C4E47886867C000000000000000000
  chr_11C=78CCC07C06C67C000000000000000000
SNAPSHOT frame=648 reason=state_change
  state gm=00 ready=01 script=00 sub=00 ppu_idx=00 ram_005C=00 auto=00 phase=00 frm=03 ctrl=B0 mask=1E ctrl_shadow=B0 mask_shadow=1E flush_done=01 vblank=00 mirror=10
  nt_row_04=DC EE 24 24 24 24 24 24 24 24 24 24 24 24 24 24 24 24 24 24 24 24 24 24 24 24 24 24 24 24 D6 DB
  nt_row_07=DE EE 24 24 24 E3 24 24 71 72 73 74 75 76 77 78 79 79 79 7A 7B 24 24 24 24 24 E2 24 24 24 D6 DB
  nt_row_08=DE D8 EF 24 24 E2 24 7C 7D 7E 7F 80 81 82 83 84 85 86 87 88 89 8A 8B 24 24 24 E3 24 24 24 D6 DF
  nt_row_11=DE DB D7 24 24 E3 70 AF B0 B1 B2 B3 B4 B5 B6 B7 B8 B9 BA BB BC BD BE BF C0 24 E2 24 24 D6 DB DB
  nt_row_13=DE DB EE 24 24 E3 24 C6 C7 C8 C8 C8 24 C9 CA CB CC CD C8 C8 C8 C8 E8 E9 D3 24 E2 24 24 D6 DB DB
  nt_row_17=DC DA DC D7 24 24 24 24 24 24 24 24 24 F0 01 09 08 06 24 17 12 17 1D 0E 17 0D 18 24 D6 DC DB DF
  nt_row_20=E1 D9 DC ED E0 EF 24 24 19 1E 1C 11 24 1C 1D 0A 1B 1D 24 0B 1E 1D 1D 18 17 24 24 24 D6 D8 E1 D9
  pal=360F00103617270F36081A2836303B2200303B160017270F00081A2800303B22
  chr_008=00000000000000000000000000000000
  chr_01C=00000000000000000000000000000000
  chr_108=78C4E47886867C000000000000000000
  chr_11C=78CCC07C06C67C000000000000000000
SNAPSHOT frame=649 reason=state_change
  state gm=00 ready=01 script=00 sub=00 ppu_idx=00 ram_005C=00 auto=00 phase=00 frm=04 ctrl=B0 mask=1E ctrl_shadow=B0 mask_shadow=1E flush_done=01 vblank=00 mirror=10
  nt_row_04=DC EE 24 24 24 24 24 24 24 24 24 24 24 24 24 24 24 24 24 24 24 24 24 24 24 24 24 24 24 24 D6 DB
  nt_row_07=DE EE 24 24 24 E3 24 24 71 72 73 74 75 76 77 78 79 79 79 7A 7B 24 24 24 24 24 E2 24 24 24 D6 DB
  nt_row_08=DE D8 EF 24 24 E2 24 7C 7D 7E 7F 80 81 82 83 84 85 86 87 88 89 8A 8B 24 24 24 E3 24 24 24 D6 DF
  nt_row_11=DE DB D7 24 24 E3 70 AF B0 B1 B2 B3 B4 B5 B6 B7 B8 B9 BA BB BC BD BE BF C0 24 E2 24 24 D6 DB DB
  nt_row_13=DE DB EE 24 24 E3 24 C6 C7 C8 C8 C8 24 C9 CA CB CC CD C8 C8 C8 C8 E8 E9 D3 24 E2 24 24 D6 DB DB
  nt_row_17=DC DA DC D7 24 24 24 24 24 24 24 24 24 F0 01 09 08 06 24 17 12 17 1D 0E 17 0D 18 24 D6 DC DB DF
  nt_row_20=E1 D9 DC ED E0 EF 24 24 19 1E 1C 11 24 1C 1D 0A 1B 1D 24 0B 1E 1D 1D 18 17 24 24 24 D6 D8 E1 D9
  pal=360F00103617270F36081A2836303B2200303B160017270F00081A2800303B22
  chr_008=00000000000000000000000000000000
  chr_01C=00000000000000000000000000000000
  chr_108=78C4E47886867C000000000000000000
  chr_11C=78CCC07C06C67C000000000000000000
SNAPSHOT frame=650 reason=state_change
  state gm=00 ready=01 script=00 sub=00 ppu_idx=00 ram_005C=00 auto=00 phase=00 frm=05 ctrl=B0 mask=1E ctrl_shadow=B0 mask_shadow=1E flush_done=01 vblank=00 mirror=10
  nt_row_04=DC EE 24 24 24 24 24 24 24 24 24 24 24 24 24 24 24 24 24 24 24 24 24 24 24 24 24 24 24 24 D6 DB
  nt_row_07=DE EE 24 24 24 E3 24 24 71 72 73 74 75 76 77 78 79 79 79 7A 7B 24 24 24 24 24 E2 24 24 24 D6 DB
  nt_row_08=DE D8 EF 24 24 E2 24 7C 7D 7E 7F 80 81 82 83 84 85 86 87 88 89 8A 8B 24 24 24 E3 24 24 24 D6 DF
  nt_row_11=DE DB D7 24 24 E3 70 AF B0 B1 B2 B3 B4 B5 B6 B7 B8 B9 BA BB BC BD BE BF C0 24 E2 24 24 D6 DB DB
  nt_row_13=DE DB EE 24 24 E3 24 C6 C7 C8 C8 C8 24 C9 CA CB CC CD C8 C8 C8 C8 E8 E9 D3 24 E2 24 24 D6 DB DB
  nt_row_17=DC DA DC D7 24 24 24 24 24 24 24 24 24 F0 01 09 08 06 24 17 12 17 1D 0E 17 0D 18 24 D6 DC DB DF
  nt_row_20=E1 D9 DC ED E0 EF 24 24 19 1E 1C 11 24 1C 1D 0A 1B 1D 24 0B 1E 1D 1D 18 17 24 24 24 D6 D8 E1 D9
  pal=360F00103617270F36081A2836303B2200303B160017270F00081A2800303B22
  chr_008=00000000000000000000000000000000
  chr_01C=00000000000000000000000000000000
  chr_108=78C4E47886867C000000000000000000
  chr_11C=78CCC07C06C67C000000000000000000
SNAPSHOT frame=651 reason=state_change
  state gm=00 ready=01 script=00 sub=00 ppu_idx=00 ram_005C=00 auto=00 phase=00 frm=06 ctrl=B0 mask=1E ctrl_shadow=B0 mask_shadow=1E flush_done=01 vblank=00 mirror=10
  nt_row_04=DC EE 24 24 24 24 24 24 24 24 24 24 24 24 24 24 24 24 24 24 24 24 24 24 24 24 24 24 24 24 D6 DB
  nt_row_07=DE EE 24 24 24 E3 24 24 71 72 73 74 75 76 77 78 79 79 79 7A 7B 24 24 24 24 24 E2 24 24 24 D6 DB
  nt_row_08=DE D8 EF 24 24 E2 24 7C 7D 7E 7F 80 81 82 83 84 85 86 87 88 89 8A 8B 24 24 24 E3 24 24 24 D6 DF
  nt_row_11=DE DB D7 24 24 E3 70 AF B0 B1 B2 B3 B4 B5 B6 B7 B8 B9 BA BB BC BD BE BF C0 24 E2 24 24 D6 DB DB
  nt_row_13=DE DB EE 24 24 E3 24 C6 C7 C8 C8 C8 24 C9 CA CB CC CD C8 C8 C8 C8 E8 E9 D3 24 E2 24 24 D6 DB DB
  nt_row_17=DC DA DC D7 24 24 24 24 24 24 24 24 24 F0 01 09 08 06 24 17 12 17 1D 0E 17 0D 18 24 D6 DC DB DF
  nt_row_20=E1 D9 DC ED E0 EF 24 24 19 1E 1C 11 24 1C 1D 0A 1B 1D 24 0B 1E 1D 1D 18 17 24 24 24 D6 D8 E1 D9
  pal=360F00103617270F36081A2836303B2200303B160017270F00081A2800303B22
  chr_008=00000000000000000000000000000000
  chr_01C=00000000000000000000000000000000
  chr_108=78C4E47886867C000000000000000000
  chr_11C=78CCC07C06C67C000000000000000000
SNAPSHOT frame=652 reason=state_change
  state gm=00 ready=01 script=00 sub=00 ppu_idx=00 ram_005C=00 auto=00 phase=00 frm=07 ctrl=B0 mask=1E ctrl_shadow=B0 mask_shadow=1E flush_done=01 vblank=00 mirror=10
  nt_row_04=DC EE 24 24 24 24 24 24 24 24 24 24 24 24 24 24 24 24 24 24 24 24 24 24 24 24 24 24 24 24 D6 DB
  nt_row_07=DE EE 24 24 24 E3 24 24 71 72 73 74 75 76 77 78 79 79 79 7A 7B 24 24 24 24 24 E2 24 24 24 D6 DB
  nt_row_08=DE D8 EF 24 24 E2 24 7C 7D 7E 7F 80 81 82 83 84 85 86 87 88 89 8A 8B 24 24 24 E3 24 24 24 D6 DF
  nt_row_11=DE DB D7 24 24 E3 70 AF B0 B1 B2 B3 B4 B5 B6 B7 B8 B9 BA BB BC BD BE BF C0 24 E2 24 24 D6 DB DB
  nt_row_13=DE DB EE 24 24 E3 24 C6 C7 C8 C8 C8 24 C9 CA CB CC CD C8 C8 C8 C8 E8 E9 D3 24 E2 24 24 D6 DB DB
  nt_row_17=DC DA DC D7 24 24 24 24 24 24 24 24 24 F0 01 09 08 06 24 17 12 17 1D 0E 17 0D 18 24 D6 DC DB DF
  nt_row_20=E1 D9 DC ED E0 EF 24 24 19 1E 1C 11 24 1C 1D 0A 1B 1D 24 0B 1E 1D 1D 18 17 24 24 24 D6 D8 E1 D9
  pal=360F00103617270F36081A2836303B2200303B160017270F00081A2800303B22
  chr_008=00000000000000000000000000000000
  chr_01C=00000000000000000000000000000000
  chr_108=78C4E47886867C000000000000000000
  chr_11C=78CCC07C06C67C000000000000000000
SNAPSHOT frame=653 reason=state_change
  state gm=00 ready=01 script=00 sub=00 ppu_idx=00 ram_005C=00 auto=00 phase=00 frm=08 ctrl=B0 mask=1E ctrl_shadow=B0 mask_shadow=1E flush_done=01 vblank=00 mirror=10
  nt_row_04=DC EE 24 24 24 24 24 24 24 24 24 24 24 24 24 24 24 24 24 24 24 24 24 24 24 24 24 24 24 24 D6 DB
  nt_row_07=DE EE 24 24 24 E3 24 24 71 72 73 74 75 76 77 78 79 79 79 7A 7B 24 24 24 24 24 E2 24 24 24 D6 DB
  nt_row_08=DE D8 EF 24 24 E2 24 7C 7D 7E 7F 80 81 82 83 84 85 86 87 88 89 8A 8B 24 24 24 E3 24 24 24 D6 DF
  nt_row_11=DE DB D7 24 24 E3 70 AF B0 B1 B2 B3 B4 B5 B6 B7 B8 B9 BA BB BC BD BE BF C0 24 E2 24 24 D6 DB DB
  nt_row_13=DE DB EE 24 24 E3 24 C6 C7 C8 C8 C8 24 C9 CA CB CC CD C8 C8 C8 C8 E8 E9 D3 24 E2 24 24 D6 DB DB
  nt_row_17=DC DA DC D7 24 24 24 24 24 24 24 24 24 F0 01 09 08 06 24 17 12 17 1D 0E 17 0D 18 24 D6 DC DB DF
  nt_row_20=E1 D9 DC ED E0 EF 24 24 19 1E 1C 11 24 1C 1D 0A 1B 1D 24 0B 1E 1D 1D 18 17 24 24 24 D6 D8 E1 D9
  pal=360F00103617270F36081A2836303B2200303B160017270F00081A2800303B22
  chr_008=00000000000000000000000000000000
  chr_01C=00000000000000000000000000000000
  chr_108=78C4E47886867C000000000000000000
  chr_11C=78CCC07C06C67C000000000000000000
SNAPSHOT frame=654 reason=state_change
  state gm=00 ready=01 script=00 sub=00 ppu_idx=00 ram_005C=00 auto=00 phase=00 frm=09 ctrl=B0 mask=1E ctrl_shadow=B0 mask_shadow=1E flush_done=01 vblank=00 mirror=10
  nt_row_04=DC EE 24 24 24 24 24 24 24 24 24 24 24 24 24 24 24 24 24 24 24 24 24 24 24 24 24 24 24 24 D6 DB
  nt_row_07=DE EE 24 24 24 E3 24 24 71 72 73 74 75 76 77 78 79 79 79 7A 7B 24 24 24 24 24 E2 24 24 24 D6 DB
  nt_row_08=DE D8 EF 24 24 E2 24 7C 7D 7E 7F 80 81 82 83 84 85 86 87 88 89 8A 8B 24 24 24 E3 24 24 24 D6 DF
  nt_row_11=DE DB D7 24 24 E3 70 AF B0 B1 B2 B3 B4 B5 B6 B7 B8 B9 BA BB BC BD BE BF C0 24 E2 24 24 D6 DB DB
  nt_row_13=DE DB EE 24 24 E3 24 C6 C7 C8 C8 C8 24 C9 CA CB CC CD C8 C8 C8 C8 E8 E9 D3 24 E2 24 24 D6 DB DB
  nt_row_17=DC DA DC D7 24 24 24 24 24 24 24 24 24 F0 01 09 08 06 24 17 12 17 1D 0E 17 0D 18 24 D6 DC DB DF
  nt_row_20=E1 D9 DC ED E0 EF 24 24 19 1E 1C 11 24 1C 1D 0A 1B 1D 24 0B 1E 1D 1D 18 17 24 24 24 D6 D8 E1 D9
  pal=360F00103617270F36081A2836303B2200303B160017270F00081A2800303B22
  chr_008=00000000000000000000000000000000
  chr_01C=00000000000000000000000000000000
  chr_108=78C4E47886867C000000000000000000
  chr_11C=78CCC07C06C67C000000000000000000
SNAPSHOT frame=655 reason=state_change
  state gm=00 ready=01 script=00 sub=00 ppu_idx=00 ram_005C=00 auto=00 phase=00 frm=0A ctrl=B0 mask=1E ctrl_shadow=B0 mask_shadow=1E flush_done=01 vblank=00 mirror=10
  nt_row_04=DC EE 24 24 24 24 24 24 24 24 24 24 24 24 24 24 24 24 24 24 24 24 24 24 24 24 24 24 24 24 D6 DB
  nt_row_07=DE EE 24 24 24 E3 24 24 71 72 73 74 75 76 77 78 79 79 79 7A 7B 24 24 24 24 24 E2 24 24 24 D6 DB
  nt_row_08=DE D8 EF 24 24 E2 24 7C 7D 7E 7F 80 81 82 83 84 85 86 87 88 89 8A 8B 24 24 24 E3 24 24 24 D6 DF
  nt_row_11=DE DB D7 24 24 E3 70 AF B0 B1 B2 B3 B4 B5 B6 B7 B8 B9 BA BB BC BD BE BF C0 24 E2 24 24 D6 DB DB
  nt_row_13=DE DB EE 24 24 E3 24 C6 C7 C8 C8 C8 24 C9 CA CB CC CD C8 C8 C8 C8 E8 E9 D3 24 E2 24 24 D6 DB DB
  nt_row_17=DC DA DC D7 24 24 24 24 24 24 24 24 24 F0 01 09 08 06 24 17 12 17 1D 0E 17 0D 18 24 D6 DC DB DF
  nt_row_20=E1 D9 DC ED E0 EF 24 24 19 1E 1C 11 24 1C 1D 0A 1B 1D 24 0B 1E 1D 1D 18 17 24 24 24 D6 D8 E1 D9
  pal=360F00103617270F36081A2836303B2200303B160017270F00081A2800303B22
  chr_008=00000000000000000000000000000000
  chr_01C=00000000000000000000000000000000
  chr_108=78C4E47886867C000000000000000000
  chr_11C=78CCC07C06C67C000000000000000000
SNAPSHOT frame=656 reason=state_change
  state gm=00 ready=01 script=00 sub=00 ppu_idx=00 ram_005C=00 auto=00 phase=00 frm=0B ctrl=B0 mask=1E ctrl_shadow=B0 mask_shadow=1E flush_done=01 vblank=00 mirror=10
  nt_row_04=DC EE 24 24 24 24 24 24 24 24 24 24 24 24 24 24 24 24 24 24 24 24 24 24 24 24 24 24 24 24 D6 DB
  nt_row_07=DE EE 24 24 24 E3 24 24 71 72 73 74 75 76 77 78 79 79 79 7A 7B 24 24 24 24 24 E2 24 24 24 D6 DB
  nt_row_08=DE D8 EF 24 24 E2 24 7C 7D 7E 7F 80 81 82 83 84 85 86 87 88 89 8A 8B 24 24 24 E3 24 24 24 D6 DF
  nt_row_11=DE DB D7 24 24 E3 70 AF B0 B1 B2 B3 B4 B5 B6 B7 B8 B9 BA BB BC BD BE BF C0 24 E2 24 24 D6 DB DB
  nt_row_13=DE DB EE 24 24 E3 24 C6 C7 C8 C8 C8 24 C9 CA CB CC CD C8 C8 C8 C8 E8 E9 D3 24 E2 24 24 D6 DB DB
  nt_row_17=DC DA DC D7 24 24 24 24 24 24 24 24 24 F0 01 09 08 06 24 17 12 17 1D 0E 17 0D 18 24 D6 DC DB DF
  nt_row_20=E1 D9 DC ED E0 EF 24 24 19 1E 1C 11 24 1C 1D 0A 1B 1D 24 0B 1E 1D 1D 18 17 24 24 24 D6 D8 E1 D9
  pal=360F00103617270F36081A2836303B2200303B160017270F00081A2800303B22
  chr_008=00000000000000000000000000000000
  chr_01C=00000000000000000000000000000000
  chr_108=78C4E47886867C000000000000000000
  chr_11C=78CCC07C06C67C000000000000000000
SNAPSHOT frame=657 reason=state_change
  state gm=00 ready=01 script=00 sub=00 ppu_idx=00 ram_005C=00 auto=00 phase=00 frm=0C ctrl=B0 mask=1E ctrl_shadow=B0 mask_shadow=1E flush_done=01 vblank=00 mirror=10
  nt_row_04=DC EE 24 24 24 24 24 24 24 24 24 24 24 24 24 24 24 24 24 24 24 24 24 24 24 24 24 24 24 24 D6 DB
  nt_row_07=DE EE 24 24 24 E3 24 24 71 72 73 74 75 76 77 78 79 79 79 7A 7B 24 24 24 24 24 E2 24 24 24 D6 DB
  nt_row_08=DE D8 EF 24 24 E2 24 7C 7D 7E 7F 80 81 82 83 84 85 86 87 88 89 8A 8B 24 24 24 E3 24 24 24 D6 DF
  nt_row_11=DE DB D7 24 24 E3 70 AF B0 B1 B2 B3 B4 B5 B6 B7 B8 B9 BA BB BC BD BE BF C0 24 E2 24 24 D6 DB DB
  nt_row_13=DE DB EE 24 24 E3 24 C6 C7 C8 C8 C8 24 C9 CA CB CC CD C8 C8 C8 C8 E8 E9 D3 24 E2 24 24 D6 DB DB
  nt_row_17=DC DA DC D7 24 24 24 24 24 24 24 24 24 F0 01 09 08 06 24 17 12 17 1D 0E 17 0D 18 24 D6 DC DB DF
  nt_row_20=E1 D9 DC ED E0 EF 24 24 19 1E 1C 11 24 1C 1D 0A 1B 1D 24 0B 1E 1D 1D 18 17 24 24 24 D6 D8 E1 D9
  pal=360F00103617270F36081A2836303B2200303B160017270F00081A2800303B22
  chr_008=00000000000000000000000000000000
  chr_01C=00000000000000000000000000000000
  chr_108=78C4E47886867C000000000000000000
  chr_11C=78CCC07C06C67C000000000000000000
SNAPSHOT frame=658 reason=state_change
  state gm=00 ready=01 script=00 sub=00 ppu_idx=00 ram_005C=00 auto=00 phase=00 frm=0D ctrl=B0 mask=1E ctrl_shadow=B0 mask_shadow=1E flush_done=01 vblank=00 mirror=10
  nt_row_04=DC EE 24 24 24 24 24 24 24 24 24 24 24 24 24 24 24 24 24 24 24 24 24 24 24 24 24 24 24 24 D6 DB
  nt_row_07=DE EE 24 24 24 E3 24 24 71 72 73 74 75 76 77 78 79 79 79 7A 7B 24 24 24 24 24 E2 24 24 24 D6 DB
  nt_row_08=DE D8 EF 24 24 E2 24 7C 7D 7E 7F 80 81 82 83 84 85 86 87 88 89 8A 8B 24 24 24 E3 24 24 24 D6 DF
  nt_row_11=DE DB D7 24 24 E3 70 AF B0 B1 B2 B3 B4 B5 B6 B7 B8 B9 BA BB BC BD BE BF C0 24 E2 24 24 D6 DB DB
  nt_row_13=DE DB EE 24 24 E3 24 C6 C7 C8 C8 C8 24 C9 CA CB CC CD C8 C8 C8 C8 E8 E9 D3 24 E2 24 24 D6 DB DB
  nt_row_17=DC DA DC D7 24 24 24 24 24 24 24 24 24 F0 01 09 08 06 24 17 12 17 1D 0E 17 0D 18 24 D6 DC DB DF
  nt_row_20=E1 D9 DC ED E0 EF 24 24 19 1E 1C 11 24 1C 1D 0A 1B 1D 24 0B 1E 1D 1D 18 17 24 24 24 D6 D8 E1 D9
  pal=360F00103617270F36081A2836303B2200303B160017270F00081A2800303B22
  chr_008=00000000000000000000000000000000
  chr_01C=00000000000000000000000000000000
  chr_108=78C4E47886867C000000000000000000
  chr_11C=78CCC07C06C67C000000000000000000
SNAPSHOT frame=659 reason=state_change
  state gm=00 ready=01 script=00 sub=00 ppu_idx=00 ram_005C=00 auto=00 phase=00 frm=0E ctrl=B0 mask=1E ctrl_shadow=B0 mask_shadow=1E flush_done=01 vblank=00 mirror=10
  nt_row_04=DC EE 24 24 24 24 24 24 24 24 24 24 24 24 24 24 24 24 24 24 24 24 24 24 24 24 24 24 24 24 D6 DB
  nt_row_07=DE EE 24 24 24 E3 24 24 71 72 73 74 75 76 77 78 79 79 79 7A 7B 24 24 24 24 24 E2 24 24 24 D6 DB
  nt_row_08=DE D8 EF 24 24 E2 24 7C 7D 7E 7F 80 81 82 83 84 85 86 87 88 89 8A 8B 24 24 24 E3 24 24 24 D6 DF
  nt_row_11=DE DB D7 24 24 E3 70 AF B0 B1 B2 B3 B4 B5 B6 B7 B8 B9 BA BB BC BD BE BF C0 24 E2 24 24 D6 DB DB
  nt_row_13=DE DB EE 24 24 E3 24 C6 C7 C8 C8 C8 24 C9 CA CB CC CD C8 C8 C8 C8 E8 E9 D3 24 E2 24 24 D6 DB DB
  nt_row_17=DC DA DC D7 24 24 24 24 24 24 24 24 24 F0 01 09 08 06 24 17 12 17 1D 0E 17 0D 18 24 D6 DC DB DF
  nt_row_20=E1 D9 DC ED E0 EF 24 24 19 1E 1C 11 24 1C 1D 0A 1B 1D 24 0B 1E 1D 1D 18 17 24 24 24 D6 D8 E1 D9
  pal=360F00103617270F36081A2836303B2200303B160017270F00081A2800303B22
  chr_008=00000000000000000000000000000000
  chr_01C=00000000000000000000000000000000
  chr_108=78C4E47886867C000000000000000000
  chr_11C=78CCC07C06C67C000000000000000000
SNAPSHOT frame=660 reason=state_change
  state gm=00 ready=01 script=00 sub=00 ppu_idx=00 ram_005C=00 auto=00 phase=00 frm=0F ctrl=B0 mask=1E ctrl_shadow=B0 mask_shadow=1E flush_done=01 vblank=00 mirror=10
  nt_row_04=DC EE 24 24 24 24 24 24 24 24 24 24 24 24 24 24 24 24 24 24 24 24 24 24 24 24 24 24 24 24 D6 DB
  nt_row_07=DE EE 24 24 24 E3 24 24 71 72 73 74 75 76 77 78 79 79 79 7A 7B 24 24 24 24 24 E2 24 24 24 D6 DB
  nt_row_08=DE D8 EF 24 24 E2 24 7C 7D 7E 7F 80 81 82 83 84 85 86 87 88 89 8A 8B 24 24 24 E3 24 24 24 D6 DF
  nt_row_11=DE DB D7 24 24 E3 70 AF B0 B1 B2 B3 B4 B5 B6 B7 B8 B9 BA BB BC BD BE BF C0 24 E2 24 24 D6 DB DB
  nt_row_13=DE DB EE 24 24 E3 24 C6 C7 C8 C8 C8 24 C9 CA CB CC CD C8 C8 C8 C8 E8 E9 D3 24 E2 24 24 D6 DB DB
  nt_row_17=DC DA DC D7 24 24 24 24 24 24 24 24 24 F0 01 09 08 06 24 17 12 17 1D 0E 17 0D 18 24 D6 DC DB DF
  nt_row_20=E1 D9 DC ED E0 EF 24 24 19 1E 1C 11 24 1C 1D 0A 1B 1D 24 0B 1E 1D 1D 18 17 24 24 24 D6 D8 E1 D9
  pal=360F00103617270F36081A2836303B2200303B160017270F00081A2800303B22
  chr_008=00000000000000000000000000000000
  chr_01C=00000000000000000000000000000000
  chr_108=78C4E47886867C000000000000000000
  chr_11C=78CCC07C06C67C000000000000000000
SNAPSHOT frame=661 reason=state_change
  state gm=00 ready=01 script=00 sub=00 ppu_idx=00 ram_005C=00 auto=00 phase=00 frm=10 ctrl=B0 mask=1E ctrl_shadow=B0 mask_shadow=1E flush_done=01 vblank=00 mirror=10
  nt_row_04=DC EE 24 24 24 24 24 24 24 24 24 24 24 24 24 24 24 24 24 24 24 24 24 24 24 24 24 24 24 24 D6 DB
  nt_row_07=DE EE 24 24 24 E3 24 24 71 72 73 74 75 76 77 78 79 79 79 7A 7B 24 24 24 24 24 E2 24 24 24 D6 DB
  nt_row_08=DE D8 EF 24 24 E2 24 7C 7D 7E 7F 80 81 82 83 84 85 86 87 88 89 8A 8B 24 24 24 E3 24 24 24 D6 DF
  nt_row_11=DE DB D7 24 24 E3 70 AF B0 B1 B2 B3 B4 B5 B6 B7 B8 B9 BA BB BC BD BE BF C0 24 E2 24 24 D6 DB DB
  nt_row_13=DE DB EE 24 24 E3 24 C6 C7 C8 C8 C8 24 C9 CA CB CC CD C8 C8 C8 C8 E8 E9 D3 24 E2 24 24 D6 DB DB
  nt_row_17=DC DA DC D7 24 24 24 24 24 24 24 24 24 F0 01 09 08 06 24 17 12 17 1D 0E 17 0D 18 24 D6 DC DB DF
  nt_row_20=E1 D9 DC ED E0 EF 24 24 19 1E 1C 11 24 1C 1D 0A 1B 1D 24 0B 1E 1D 1D 18 17 24 24 24 D6 D8 E1 D9
  pal=360F00103617270F36081A2836303B2200303B160017270F00081A2800303B22
  chr_008=00000000000000000000000000000000
  chr_01C=00000000000000000000000000000000
  chr_108=78C4E47886867C000000000000000000
  chr_11C=78CCC07C06C67C000000000000000000
SNAPSHOT frame=662 reason=state_change
  state gm=00 ready=01 script=00 sub=00 ppu_idx=00 ram_005C=00 auto=00 phase=00 frm=11 ctrl=B0 mask=1E ctrl_shadow=B0 mask_shadow=1E flush_done=01 vblank=00 mirror=10
  nt_row_04=DC EE 24 24 24 24 24 24 24 24 24 24 24 24 24 24 24 24 24 24 24 24 24 24 24 24 24 24 24 24 D6 DB
  nt_row_07=DE EE 24 24 24 E3 24 24 71 72 73 74 75 76 77 78 79 79 79 7A 7B 24 24 24 24 24 E2 24 24 24 D6 DB
  nt_row_08=DE D8 EF 24 24 E2 24 7C 7D 7E 7F 80 81 82 83 84 85 86 87 88 89 8A 8B 24 24 24 E3 24 24 24 D6 DF
  nt_row_11=DE DB D7 24 24 E3 70 AF B0 B1 B2 B3 B4 B5 B6 B7 B8 B9 BA BB BC BD BE BF C0 24 E2 24 24 D6 DB DB
  nt_row_13=DE DB EE 24 24 E3 24 C6 C7 C8 C8 C8 24 C9 CA CB CC CD C8 C8 C8 C8 E8 E9 D3 24 E2 24 24 D6 DB DB
  nt_row_17=DC DA DC D7 24 24 24 24 24 24 24 24 24 F0 01 09 08 06 24 17 12 17 1D 0E 17 0D 18 24 D6 DC DB DF
  nt_row_20=E1 D9 DC ED E0 EF 24 24 19 1E 1C 11 24 1C 1D 0A 1B 1D 24 0B 1E 1D 1D 18 17 24 24 24 D6 D8 E1 D9
  pal=360F00103617270F36081A2836303B2200303B160017270F00081A2800303B22
  chr_008=00000000000000000000000000000000
  chr_01C=00000000000000000000000000000000
  chr_108=78C4E47886867C000000000000000000
  chr_11C=78CCC07C06C67C000000000000000000
SNAPSHOT frame=663 reason=state_change
  state gm=00 ready=01 script=00 sub=00 ppu_idx=00 ram_005C=00 auto=00 phase=00 frm=12 ctrl=B0 mask=1E ctrl_shadow=B0 mask_shadow=1E flush_done=01 vblank=00 mirror=10
  nt_row_04=DC EE 24 24 24 24 24 24 24 24 24 24 24 24 24 24 24 24 24 24 24 24 24 24 24 24 24 24 24 24 D6 DB
  nt_row_07=DE EE 24 24 24 E3 24 24 71 72 73 74 75 76 77 78 79 79 79 7A 7B 24 24 24 24 24 E2 24 24 24 D6 DB
  nt_row_08=DE D8 EF 24 24 E2 24 7C 7D 7E 7F 80 81 82 83 84 85 86 87 88 89 8A 8B 24 24 24 E3 24 24 24 D6 DF
  nt_row_11=DE DB D7 24 24 E3 70 AF B0 B1 B2 B3 B4 B5 B6 B7 B8 B9 BA BB BC BD BE BF C0 24 E2 24 24 D6 DB DB
  nt_row_13=DE DB EE 24 24 E3 24 C6 C7 C8 C8 C8 24 C9 CA CB CC CD C8 C8 C8 C8 E8 E9 D3 24 E2 24 24 D6 DB DB
  nt_row_17=DC DA DC D7 24 24 24 24 24 24 24 24 24 F0 01 09 08 06 24 17 12 17 1D 0E 17 0D 18 24 D6 DC DB DF
  nt_row_20=E1 D9 DC ED E0 EF 24 24 19 1E 1C 11 24 1C 1D 0A 1B 1D 24 0B 1E 1D 1D 18 17 24 24 24 D6 D8 E1 D9
  pal=360F00103617270F36081A2836303B2200303B160017270F00081A2800303B22
  chr_008=00000000000000000000000000000000
  chr_01C=00000000000000000000000000000000
  chr_108=78C4E47886867C000000000000000000
  chr_11C=78CCC07C06C67C000000000000000000
SNAPSHOT frame=664 reason=state_change
  state gm=00 ready=01 script=00 sub=00 ppu_idx=00 ram_005C=00 auto=00 phase=00 frm=13 ctrl=B0 mask=1E ctrl_shadow=B0 mask_shadow=1E flush_done=01 vblank=00 mirror=10
  nt_row_04=DC EE 24 24 24 24 24 24 24 24 24 24 24 24 24 24 24 24 24 24 24 24 24 24 24 24 24 24 24 24 D6 DB
  nt_row_07=DE EE 24 24 24 E3 24 24 71 72 73 74 75 76 77 78 79 79 79 7A 7B 24 24 24 24 24 E2 24 24 24 D6 DB
  nt_row_08=DE D8 EF 24 24 E2 24 7C 7D 7E 7F 80 81 82 83 84 85 86 87 88 89 8A 8B 24 24 24 E3 24 24 24 D6 DF
  nt_row_11=DE DB D7 24 24 E3 70 AF B0 B1 B2 B3 B4 B5 B6 B7 B8 B9 BA BB BC BD BE BF C0 24 E2 24 24 D6 DB DB
  nt_row_13=DE DB EE 24 24 E3 24 C6 C7 C8 C8 C8 24 C9 CA CB CC CD C8 C8 C8 C8 E8 E9 D3 24 E2 24 24 D6 DB DB
  nt_row_17=DC DA DC D7 24 24 24 24 24 24 24 24 24 F0 01 09 08 06 24 17 12 17 1D 0E 17 0D 18 24 D6 DC DB DF
  nt_row_20=E1 D9 DC ED E0 EF 24 24 19 1E 1C 11 24 1C 1D 0A 1B 1D 24 0B 1E 1D 1D 18 17 24 24 24 D6 D8 E1 D9
  pal=360F00103617270F36081A2836303B2200303B160017270F00081A2800303B22
  chr_008=00000000000000000000000000000000
  chr_01C=00000000000000000000000000000000
  chr_108=78C4E47886867C000000000000000000
  chr_11C=78CCC07C06C67C000000000000000000
SNAPSHOT frame=665 reason=state_change
  state gm=00 ready=01 script=00 sub=00 ppu_idx=00 ram_005C=00 auto=00 phase=00 frm=14 ctrl=B0 mask=1E ctrl_shadow=B0 mask_shadow=1E flush_done=01 vblank=00 mirror=10
  nt_row_04=DC EE 24 24 24 24 24 24 24 24 24 24 24 24 24 24 24 24 24 24 24 24 24 24 24 24 24 24 24 24 D6 DB
  nt_row_07=DE EE 24 24 24 E3 24 24 71 72 73 74 75 76 77 78 79 79 79 7A 7B 24 24 24 24 24 E2 24 24 24 D6 DB
  nt_row_08=DE D8 EF 24 24 E2 24 7C 7D 7E 7F 80 81 82 83 84 85 86 87 88 89 8A 8B 24 24 24 E3 24 24 24 D6 DF
  nt_row_11=DE DB D7 24 24 E3 70 AF B0 B1 B2 B3 B4 B5 B6 B7 B8 B9 BA BB BC BD BE BF C0 24 E2 24 24 D6 DB DB
  nt_row_13=DE DB EE 24 24 E3 24 C6 C7 C8 C8 C8 24 C9 CA CB CC CD C8 C8 C8 C8 E8 E9 D3 24 E2 24 24 D6 DB DB
  nt_row_17=DC DA DC D7 24 24 24 24 24 24 24 24 24 F0 01 09 08 06 24 17 12 17 1D 0E 17 0D 18 24 D6 DC DB DF
  nt_row_20=E1 D9 DC ED E0 EF 24 24 19 1E 1C 11 24 1C 1D 0A 1B 1D 24 0B 1E 1D 1D 18 17 24 24 24 D6 D8 E1 D9
  pal=360F00103617270F36081A2836303B2200303B160017270F00081A2800303B22
  chr_008=00000000000000000000000000000000
  chr_01C=00000000000000000000000000000000
  chr_108=78C4E47886867C000000000000000000
  chr_11C=78CCC07C06C67C000000000000000000
SNAPSHOT frame=666 reason=state_change
  state gm=00 ready=01 script=00 sub=00 ppu_idx=00 ram_005C=00 auto=00 phase=00 frm=15 ctrl=B0 mask=1E ctrl_shadow=B0 mask_shadow=1E flush_done=01 vblank=00 mirror=10
  nt_row_04=DC EE 24 24 24 24 24 24 24 24 24 24 24 24 24 24 24 24 24 24 24 24 24 24 24 24 24 24 24 24 D6 DB
  nt_row_07=DE EE 24 24 24 E3 24 24 71 72 73 74 75 76 77 78 79 79 79 7A 7B 24 24 24 24 24 E2 24 24 24 D6 DB
  nt_row_08=DE D8 EF 24 24 E2 24 7C 7D 7E 7F 80 81 82 83 84 85 86 87 88 89 8A 8B 24 24 24 E3 24 24 24 D6 DF
  nt_row_11=DE DB D7 24 24 E3 70 AF B0 B1 B2 B3 B4 B5 B6 B7 B8 B9 BA BB BC BD BE BF C0 24 E2 24 24 D6 DB DB
  nt_row_13=DE DB EE 24 24 E3 24 C6 C7 C8 C8 C8 24 C9 CA CB CC CD C8 C8 C8 C8 E8 E9 D3 24 E2 24 24 D6 DB DB
  nt_row_17=DC DA DC D7 24 24 24 24 24 24 24 24 24 F0 01 09 08 06 24 17 12 17 1D 0E 17 0D 18 24 D6 DC DB DF
  nt_row_20=E1 D9 DC ED E0 EF 24 24 19 1E 1C 11 24 1C 1D 0A 1B 1D 24 0B 1E 1D 1D 18 17 24 24 24 D6 D8 E1 D9
  pal=360F00103617270F36081A2836303B2200303B160017270F00081A2800303B22
  chr_008=00000000000000000000000000000000
  chr_01C=00000000000000000000000000000000
  chr_108=78C4E47886867C000000000000000000
  chr_11C=78CCC07C06C67C000000000000000000
SNAPSHOT frame=667 reason=state_change
  state gm=00 ready=01 script=00 sub=00 ppu_idx=00 ram_005C=00 auto=00 phase=00 frm=16 ctrl=B0 mask=1E ctrl_shadow=B0 mask_shadow=1E flush_done=01 vblank=00 mirror=10
  nt_row_04=DC EE 24 24 24 24 24 24 24 24 24 24 24 24 24 24 24 24 24 24 24 24 24 24 24 24 24 24 24 24 D6 DB
  nt_row_07=DE EE 24 24 24 E3 24 24 71 72 73 74 75 76 77 78 79 79 79 7A 7B 24 24 24 24 24 E2 24 24 24 D6 DB
  nt_row_08=DE D8 EF 24 24 E2 24 7C 7D 7E 7F 80 81 82 83 84 85 86 87 88 89 8A 8B 24 24 24 E3 24 24 24 D6 DF
  nt_row_11=DE DB D7 24 24 E3 70 AF B0 B1 B2 B3 B4 B5 B6 B7 B8 B9 BA BB BC BD BE BF C0 24 E2 24 24 D6 DB DB
  nt_row_13=DE DB EE 24 24 E3 24 C6 C7 C8 C8 C8 24 C9 CA CB CC CD C8 C8 C8 C8 E8 E9 D3 24 E2 24 24 D6 DB DB
  nt_row_17=DC DA DC D7 24 24 24 24 24 24 24 24 24 F0 01 09 08 06 24 17 12 17 1D 0E 17 0D 18 24 D6 DC DB DF
  nt_row_20=E1 D9 DC ED E0 EF 24 24 19 1E 1C 11 24 1C 1D 0A 1B 1D 24 0B 1E 1D 1D 18 17 24 24 24 D6 D8 E1 D9
  pal=360F00103617270F36081A2836303B2200303B160017270F00081A2800303B22
  chr_008=00000000000000000000000000000000
  chr_01C=00000000000000000000000000000000
  chr_108=78C4E47886867C000000000000000000
  chr_11C=78CCC07C06C67C000000000000000000
SNAPSHOT frame=668 reason=state_change
  state gm=00 ready=01 script=00 sub=00 ppu_idx=00 ram_005C=00 auto=00 phase=00 frm=17 ctrl=B0 mask=1E ctrl_shadow=B0 mask_shadow=1E flush_done=01 vblank=00 mirror=10
  nt_row_04=DC EE 24 24 24 24 24 24 24 24 24 24 24 24 24 24 24 24 24 24 24 24 24 24 24 24 24 24 24 24 D6 DB
  nt_row_07=DE EE 24 24 24 E3 24 24 71 72 73 74 75 76 77 78 79 79 79 7A 7B 24 24 24 24 24 E2 24 24 24 D6 DB
  nt_row_08=DE D8 EF 24 24 E2 24 7C 7D 7E 7F 80 81 82 83 84 85 86 87 88 89 8A 8B 24 24 24 E3 24 24 24 D6 DF
  nt_row_11=DE DB D7 24 24 E3 70 AF B0 B1 B2 B3 B4 B5 B6 B7 B8 B9 BA BB BC BD BE BF C0 24 E2 24 24 D6 DB DB
  nt_row_13=DE DB EE 24 24 E3 24 C6 C7 C8 C8 C8 24 C9 CA CB CC CD C8 C8 C8 C8 E8 E9 D3 24 E2 24 24 D6 DB DB
  nt_row_17=DC DA DC D7 24 24 24 24 24 24 24 24 24 F0 01 09 08 06 24 17 12 17 1D 0E 17 0D 18 24 D6 DC DB DF
  nt_row_20=E1 D9 DC ED E0 EF 24 24 19 1E 1C 11 24 1C 1D 0A 1B 1D 24 0B 1E 1D 1D 18 17 24 24 24 D6 D8 E1 D9
  pal=360F00103617270F36081A2836303B2200303B160017270F00081A2800303B22
  chr_008=00000000000000000000000000000000
  chr_01C=00000000000000000000000000000000
  chr_108=78C4E47886867C000000000000000000
  chr_11C=78CCC07C06C67C000000000000000000
SNAPSHOT frame=669 reason=state_change
  state gm=00 ready=01 script=00 sub=00 ppu_idx=00 ram_005C=00 auto=00 phase=00 frm=18 ctrl=B0 mask=1E ctrl_shadow=B0 mask_shadow=1E flush_done=01 vblank=00 mirror=10
  nt_row_04=DC EE 24 24 24 24 24 24 24 24 24 24 24 24 24 24 24 24 24 24 24 24 24 24 24 24 24 24 24 24 D6 DB
  nt_row_07=DE EE 24 24 24 E3 24 24 71 72 73 74 75 76 77 78 79 79 79 7A 7B 24 24 24 24 24 E2 24 24 24 D6 DB
  nt_row_08=DE D8 EF 24 24 E2 24 7C 7D 7E 7F 80 81 82 83 84 85 86 87 88 89 8A 8B 24 24 24 E3 24 24 24 D6 DF
  nt_row_11=DE DB D7 24 24 E3 70 AF B0 B1 B2 B3 B4 B5 B6 B7 B8 B9 BA BB BC BD BE BF C0 24 E2 24 24 D6 DB DB
  nt_row_13=DE DB EE 24 24 E3 24 C6 C7 C8 C8 C8 24 C9 CA CB CC CD C8 C8 C8 C8 E8 E9 D3 24 E2 24 24 D6 DB DB
  nt_row_17=DC DA DC D7 24 24 24 24 24 24 24 24 24 F0 01 09 08 06 24 17 12 17 1D 0E 17 0D 18 24 D6 DC DB DF
  nt_row_20=E1 D9 DC ED E0 EF 24 24 19 1E 1C 11 24 1C 1D 0A 1B 1D 24 0B 1E 1D 1D 18 17 24 24 24 D6 D8 E1 D9
  pal=360F00103617270F36081A2836303B2200303B160017270F00081A2800303B22
  chr_008=00000000000000000000000000000000
  chr_01C=00000000000000000000000000000000
  chr_108=78C4E47886867C000000000000000000
  chr_11C=78CCC07C06C67C000000000000000000
SNAPSHOT frame=670 reason=state_change
  state gm=00 ready=01 script=00 sub=00 ppu_idx=00 ram_005C=00 auto=00 phase=00 frm=19 ctrl=B0 mask=1E ctrl_shadow=B0 mask_shadow=1E flush_done=01 vblank=00 mirror=10
  nt_row_04=DC EE 24 24 24 24 24 24 24 24 24 24 24 24 24 24 24 24 24 24 24 24 24 24 24 24 24 24 24 24 D6 DB
  nt_row_07=DE EE 24 24 24 E3 24 24 71 72 73 74 75 76 77 78 79 79 79 7A 7B 24 24 24 24 24 E2 24 24 24 D6 DB
  nt_row_08=DE D8 EF 24 24 E2 24 7C 7D 7E 7F 80 81 82 83 84 85 86 87 88 89 8A 8B 24 24 24 E3 24 24 24 D6 DF
  nt_row_11=DE DB D7 24 24 E3 70 AF B0 B1 B2 B3 B4 B5 B6 B7 B8 B9 BA BB BC BD BE BF C0 24 E2 24 24 D6 DB DB
  nt_row_13=DE DB EE 24 24 E3 24 C6 C7 C8 C8 C8 24 C9 CA CB CC CD C8 C8 C8 C8 E8 E9 D3 24 E2 24 24 D6 DB DB
  nt_row_17=DC DA DC D7 24 24 24 24 24 24 24 24 24 F0 01 09 08 06 24 17 12 17 1D 0E 17 0D 18 24 D6 DC DB DF
  nt_row_20=E1 D9 DC ED E0 EF 24 24 19 1E 1C 11 24 1C 1D 0A 1B 1D 24 0B 1E 1D 1D 18 17 24 24 24 D6 D8 E1 D9
  pal=360F00103617270F36081A2836303B2200303B160017270F00081A2800303B22
  chr_008=00000000000000000000000000000000
  chr_01C=00000000000000000000000000000000
  chr_108=78C4E47886867C000000000000000000
  chr_11C=78CCC07C06C67C000000000000000000
SNAPSHOT frame=671 reason=state_change
  state gm=00 ready=01 script=00 sub=00 ppu_idx=00 ram_005C=00 auto=00 phase=00 frm=1A ctrl=B0 mask=1E ctrl_shadow=B0 mask_shadow=1E flush_done=01 vblank=00 mirror=10
  nt_row_04=DC EE 24 24 24 24 24 24 24 24 24 24 24 24 24 24 24 24 24 24 24 24 24 24 24 24 24 24 24 24 D6 DB
  nt_row_07=DE EE 24 24 24 E3 24 24 71 72 73 74 75 76 77 78 79 79 79 7A 7B 24 24 24 24 24 E2 24 24 24 D6 DB
  nt_row_08=DE D8 EF 24 24 E2 24 7C 7D 7E 7F 80 81 82 83 84 85 86 87 88 89 8A 8B 24 24 24 E3 24 24 24 D6 DF
  nt_row_11=DE DB D7 24 24 E3 70 AF B0 B1 B2 B3 B4 B5 B6 B7 B8 B9 BA BB BC BD BE BF C0 24 E2 24 24 D6 DB DB
  nt_row_13=DE DB EE 24 24 E3 24 C6 C7 C8 C8 C8 24 C9 CA CB CC CD C8 C8 C8 C8 E8 E9 D3 24 E2 24 24 D6 DB DB
  nt_row_17=DC DA DC D7 24 24 24 24 24 24 24 24 24 F0 01 09 08 06 24 17 12 17 1D 0E 17 0D 18 24 D6 DC DB DF
  nt_row_20=E1 D9 DC ED E0 EF 24 24 19 1E 1C 11 24 1C 1D 0A 1B 1D 24 0B 1E 1D 1D 18 17 24 24 24 D6 D8 E1 D9
  pal=360F00103617270F36081A2836303B2200303B160017270F00081A2800303B22
  chr_008=00000000000000000000000000000000
  chr_01C=00000000000000000000000000000000
  chr_108=78C4E47886867C000000000000000000
  chr_11C=78CCC07C06C67C000000000000000000
SNAPSHOT frame=672 reason=state_change
  state gm=00 ready=01 script=00 sub=00 ppu_idx=00 ram_005C=00 auto=00 phase=00 frm=1B ctrl=B0 mask=1E ctrl_shadow=B0 mask_shadow=1E flush_done=01 vblank=00 mirror=10
  nt_row_04=DC EE 24 24 24 24 24 24 24 24 24 24 24 24 24 24 24 24 24 24 24 24 24 24 24 24 24 24 24 24 D6 DB
  nt_row_07=DE EE 24 24 24 E3 24 24 71 72 73 74 75 76 77 78 79 79 79 7A 7B 24 24 24 24 24 E2 24 24 24 D6 DB
  nt_row_08=DE D8 EF 24 24 E2 24 7C 7D 7E 7F 80 81 82 83 84 85 86 87 88 89 8A 8B 24 24 24 E3 24 24 24 D6 DF
  nt_row_11=DE DB D7 24 24 E3 70 AF B0 B1 B2 B3 B4 B5 B6 B7 B8 B9 BA BB BC BD BE BF C0 24 E2 24 24 D6 DB DB
  nt_row_13=DE DB EE 24 24 E3 24 C6 C7 C8 C8 C8 24 C9 CA CB CC CD C8 C8 C8 C8 E8 E9 D3 24 E2 24 24 D6 DB DB
  nt_row_17=DC DA DC D7 24 24 24 24 24 24 24 24 24 F0 01 09 08 06 24 17 12 17 1D 0E 17 0D 18 24 D6 DC DB DF
  nt_row_20=E1 D9 DC ED E0 EF 24 24 19 1E 1C 11 24 1C 1D 0A 1B 1D 24 0B 1E 1D 1D 18 17 24 24 24 D6 D8 E1 D9
  pal=360F00103617270F36081A2836303B2200303B160017270F00081A2800303B22
  chr_008=00000000000000000000000000000000
  chr_01C=00000000000000000000000000000000
  chr_108=78C4E47886867C000000000000000000
  chr_11C=78CCC07C06C67C000000000000000000
SNAPSHOT frame=673 reason=state_change
  state gm=00 ready=01 script=00 sub=00 ppu_idx=00 ram_005C=00 auto=00 phase=00 frm=1C ctrl=B0 mask=1E ctrl_shadow=B0 mask_shadow=1E flush_done=01 vblank=00 mirror=10
  nt_row_04=DC EE 24 24 24 24 24 24 24 24 24 24 24 24 24 24 24 24 24 24 24 24 24 24 24 24 24 24 24 24 D6 DB
  nt_row_07=DE EE 24 24 24 E3 24 24 71 72 73 74 75 76 77 78 79 79 79 7A 7B 24 24 24 24 24 E2 24 24 24 D6 DB
  nt_row_08=DE D8 EF 24 24 E2 24 7C 7D 7E 7F 80 81 82 83 84 85 86 87 88 89 8A 8B 24 24 24 E3 24 24 24 D6 DF
  nt_row_11=DE DB D7 24 24 E3 70 AF B0 B1 B2 B3 B4 B5 B6 B7 B8 B9 BA BB BC BD BE BF C0 24 E2 24 24 D6 DB DB
  nt_row_13=DE DB EE 24 24 E3 24 C6 C7 C8 C8 C8 24 C9 CA CB CC CD C8 C8 C8 C8 E8 E9 D3 24 E2 24 24 D6 DB DB
  nt_row_17=DC DA DC D7 24 24 24 24 24 24 24 24 24 F0 01 09 08 06 24 17 12 17 1D 0E 17 0D 18 24 D6 DC DB DF
  nt_row_20=E1 D9 DC ED E0 EF 24 24 19 1E 1C 11 24 1C 1D 0A 1B 1D 24 0B 1E 1D 1D 18 17 24 24 24 D6 D8 E1 D9
  pal=360F00103617270F36081A2836303B2200303B160017270F00081A2800303B22
  chr_008=00000000000000000000000000000000
  chr_01C=00000000000000000000000000000000
  chr_108=78C4E47886867C000000000000000000
  chr_11C=78CCC07C06C67C000000000000000000
SNAPSHOT frame=674 reason=state_change
  state gm=00 ready=01 script=00 sub=00 ppu_idx=00 ram_005C=00 auto=00 phase=00 frm=1D ctrl=B0 mask=1E ctrl_shadow=B0 mask_shadow=1E flush_done=01 vblank=00 mirror=10
  nt_row_04=DC EE 24 24 24 24 24 24 24 24 24 24 24 24 24 24 24 24 24 24 24 24 24 24 24 24 24 24 24 24 D6 DB
  nt_row_07=DE EE 24 24 24 E3 24 24 71 72 73 74 75 76 77 78 79 79 79 7A 7B 24 24 24 24 24 E2 24 24 24 D6 DB
  nt_row_08=DE D8 EF 24 24 E2 24 7C 7D 7E 7F 80 81 82 83 84 85 86 87 88 89 8A 8B 24 24 24 E3 24 24 24 D6 DF
  nt_row_11=DE DB D7 24 24 E3 70 AF B0 B1 B2 B3 B4 B5 B6 B7 B8 B9 BA BB BC BD BE BF C0 24 E2 24 24 D6 DB DB
  nt_row_13=DE DB EE 24 24 E3 24 C6 C7 C8 C8 C8 24 C9 CA CB CC CD C8 C8 C8 C8 E8 E9 D3 24 E2 24 24 D6 DB DB
  nt_row_17=DC DA DC D7 24 24 24 24 24 24 24 24 24 F0 01 09 08 06 24 17 12 17 1D 0E 17 0D 18 24 D6 DC DB DF
  nt_row_20=E1 D9 DC ED E0 EF 24 24 19 1E 1C 11 24 1C 1D 0A 1B 1D 24 0B 1E 1D 1D 18 17 24 24 24 D6 D8 E1 D9
  pal=360F00103617270F36081A2836303B2200303B160017270F00081A2800303B22
  chr_008=00000000000000000000000000000000
  chr_01C=00000000000000000000000000000000
  chr_108=78C4E47886867C000000000000000000
  chr_11C=78CCC07C06C67C000000000000000000
SNAPSHOT frame=675 reason=state_change
  state gm=00 ready=01 script=00 sub=00 ppu_idx=00 ram_005C=00 auto=00 phase=00 frm=1E ctrl=B0 mask=1E ctrl_shadow=B0 mask_shadow=1E flush_done=01 vblank=00 mirror=10
  nt_row_04=DC EE 24 24 24 24 24 24 24 24 24 24 24 24 24 24 24 24 24 24 24 24 24 24 24 24 24 24 24 24 D6 DB
  nt_row_07=DE EE 24 24 24 E3 24 24 71 72 73 74 75 76 77 78 79 79 79 7A 7B 24 24 24 24 24 E2 24 24 24 D6 DB
  nt_row_08=DE D8 EF 24 24 E2 24 7C 7D 7E 7F 80 81 82 83 84 85 86 87 88 89 8A 8B 24 24 24 E3 24 24 24 D6 DF
  nt_row_11=DE DB D7 24 24 E3 70 AF B0 B1 B2 B3 B4 B5 B6 B7 B8 B9 BA BB BC BD BE BF C0 24 E2 24 24 D6 DB DB
  nt_row_13=DE DB EE 24 24 E3 24 C6 C7 C8 C8 C8 24 C9 CA CB CC CD C8 C8 C8 C8 E8 E9 D3 24 E2 24 24 D6 DB DB
  nt_row_17=DC DA DC D7 24 24 24 24 24 24 24 24 24 F0 01 09 08 06 24 17 12 17 1D 0E 17 0D 18 24 D6 DC DB DF
  nt_row_20=E1 D9 DC ED E0 EF 24 24 19 1E 1C 11 24 1C 1D 0A 1B 1D 24 0B 1E 1D 1D 18 17 24 24 24 D6 D8 E1 D9
  pal=360F00103617270F36081A2836303B2200303B160017270F00081A2800303B22
  chr_008=00000000000000000000000000000000
  chr_01C=00000000000000000000000000000000
  chr_108=78C4E47886867C000000000000000000
  chr_11C=78CCC07C06C67C000000000000000000
SNAPSHOT frame=676 reason=state_change
  state gm=00 ready=01 script=00 sub=00 ppu_idx=00 ram_005C=00 auto=00 phase=00 frm=1F ctrl=B0 mask=1E ctrl_shadow=B0 mask_shadow=1E flush_done=01 vblank=00 mirror=10
  nt_row_04=DC EE 24 24 24 24 24 24 24 24 24 24 24 24 24 24 24 24 24 24 24 24 24 24 24 24 24 24 24 24 D6 DB
  nt_row_07=DE EE 24 24 24 E3 24 24 71 72 73 74 75 76 77 78 79 79 79 7A 7B 24 24 24 24 24 E2 24 24 24 D6 DB
  nt_row_08=DE D8 EF 24 24 E2 24 7C 7D 7E 7F 80 81 82 83 84 85 86 87 88 89 8A 8B 24 24 24 E3 24 24 24 D6 DF
  nt_row_11=DE DB D7 24 24 E3 70 AF B0 B1 B2 B3 B4 B5 B6 B7 B8 B9 BA BB BC BD BE BF C0 24 E2 24 24 D6 DB DB
  nt_row_13=DE DB EE 24 24 E3 24 C6 C7 C8 C8 C8 24 C9 CA CB CC CD C8 C8 C8 C8 E8 E9 D3 24 E2 24 24 D6 DB DB
  nt_row_17=DC DA DC D7 24 24 24 24 24 24 24 24 24 F0 01 09 08 06 24 17 12 17 1D 0E 17 0D 18 24 D6 DC DB DF
  nt_row_20=E1 D9 DC ED E0 EF 24 24 19 1E 1C 11 24 1C 1D 0A 1B 1D 24 0B 1E 1D 1D 18 17 24 24 24 D6 D8 E1 D9
  pal=360F00103617270F36081A2836303B2200303B160017270F00081A2800303B22
  chr_008=00000000000000000000000000000000
  chr_01C=00000000000000000000000000000000
  chr_108=78C4E47886867C000000000000000000
  chr_11C=78CCC07C06C67C000000000000000000
SNAPSHOT frame=677 reason=state_change
  state gm=00 ready=01 script=00 sub=00 ppu_idx=00 ram_005C=00 auto=00 phase=00 frm=20 ctrl=B0 mask=1E ctrl_shadow=B0 mask_shadow=1E flush_done=01 vblank=00 mirror=10
  nt_row_04=DC EE 24 24 24 24 24 24 24 24 24 24 24 24 24 24 24 24 24 24 24 24 24 24 24 24 24 24 24 24 D6 DB
  nt_row_07=DE EE 24 24 24 E3 24 24 71 72 73 74 75 76 77 78 79 79 79 7A 7B 24 24 24 24 24 E2 24 24 24 D6 DB
  nt_row_08=DE D8 EF 24 24 E2 24 7C 7D 7E 7F 80 81 82 83 84 85 86 87 88 89 8A 8B 24 24 24 E3 24 24 24 D6 DF
  nt_row_11=DE DB D7 24 24 E3 70 AF B0 B1 B2 B3 B4 B5 B6 B7 B8 B9 BA BB BC BD BE BF C0 24 E2 24 24 D6 DB DB
  nt_row_13=DE DB EE 24 24 E3 24 C6 C7 C8 C8 C8 24 C9 CA CB CC CD C8 C8 C8 C8 E8 E9 D3 24 E2 24 24 D6 DB DB
  nt_row_17=DC DA DC D7 24 24 24 24 24 24 24 24 24 F0 01 09 08 06 24 17 12 17 1D 0E 17 0D 18 24 D6 DC DB DF
  nt_row_20=E1 D9 DC ED E0 EF 24 24 19 1E 1C 11 24 1C 1D 0A 1B 1D 24 0B 1E 1D 1D 18 17 24 24 24 D6 D8 E1 D9
  pal=360F00103617270F36081A2836303B2200303B160017270F00081A2800303B22
  chr_008=00000000000000000000000000000000
  chr_01C=00000000000000000000000000000000
  chr_108=78C4E47886867C000000000000000000
  chr_11C=78CCC07C06C67C000000000000000000
SNAPSHOT frame=678 reason=state_change
  state gm=00 ready=01 script=00 sub=00 ppu_idx=00 ram_005C=00 auto=00 phase=00 frm=21 ctrl=B0 mask=1E ctrl_shadow=B0 mask_shadow=1E flush_done=01 vblank=00 mirror=10
  nt_row_04=DC EE 24 24 24 24 24 24 24 24 24 24 24 24 24 24 24 24 24 24 24 24 24 24 24 24 24 24 24 24 D6 DB
  nt_row_07=DE EE 24 24 24 E3 24 24 71 72 73 74 75 76 77 78 79 79 79 7A 7B 24 24 24 24 24 E2 24 24 24 D6 DB
  nt_row_08=DE D8 EF 24 24 E2 24 7C 7D 7E 7F 80 81 82 83 84 85 86 87 88 89 8A 8B 24 24 24 E3 24 24 24 D6 DF
  nt_row_11=DE DB D7 24 24 E3 70 AF B0 B1 B2 B3 B4 B5 B6 B7 B8 B9 BA BB BC BD BE BF C0 24 E2 24 24 D6 DB DB
  nt_row_13=DE DB EE 24 24 E3 24 C6 C7 C8 C8 C8 24 C9 CA CB CC CD C8 C8 C8 C8 E8 E9 D3 24 E2 24 24 D6 DB DB
  nt_row_17=DC DA DC D7 24 24 24 24 24 24 24 24 24 F0 01 09 08 06 24 17 12 17 1D 0E 17 0D 18 24 D6 DC DB DF
  nt_row_20=E1 D9 DC ED E0 EF 24 24 19 1E 1C 11 24 1C 1D 0A 1B 1D 24 0B 1E 1D 1D 18 17 24 24 24 D6 D8 E1 D9
  pal=360F00103617270F36081A2836303B2200303B160017270F00081A2800303B22
  chr_008=00000000000000000000000000000000
  chr_01C=00000000000000000000000000000000
  chr_108=78C4E47886867C000000000000000000
  chr_11C=78CCC07C06C67C000000000000000000
SNAPSHOT frame=679 reason=state_change
  state gm=00 ready=01 script=00 sub=00 ppu_idx=00 ram_005C=00 auto=00 phase=00 frm=22 ctrl=B0 mask=1E ctrl_shadow=B0 mask_shadow=1E flush_done=01 vblank=00 mirror=10
  nt_row_04=DC EE 24 24 24 24 24 24 24 24 24 24 24 24 24 24 24 24 24 24 24 24 24 24 24 24 24 24 24 24 D6 DB
  nt_row_07=DE EE 24 24 24 E3 24 24 71 72 73 74 75 76 77 78 79 79 79 7A 7B 24 24 24 24 24 E2 24 24 24 D6 DB
  nt_row_08=DE D8 EF 24 24 E2 24 7C 7D 7E 7F 80 81 82 83 84 85 86 87 88 89 8A 8B 24 24 24 E3 24 24 24 D6 DF
  nt_row_11=DE DB D7 24 24 E3 70 AF B0 B1 B2 B3 B4 B5 B6 B7 B8 B9 BA BB BC BD BE BF C0 24 E2 24 24 D6 DB DB
  nt_row_13=DE DB EE 24 24 E3 24 C6 C7 C8 C8 C8 24 C9 CA CB CC CD C8 C8 C8 C8 E8 E9 D3 24 E2 24 24 D6 DB DB
  nt_row_17=DC DA DC D7 24 24 24 24 24 24 24 24 24 F0 01 09 08 06 24 17 12 17 1D 0E 17 0D 18 24 D6 DC DB DF
  nt_row_20=E1 D9 DC ED E0 EF 24 24 19 1E 1C 11 24 1C 1D 0A 1B 1D 24 0B 1E 1D 1D 18 17 24 24 24 D6 D8 E1 D9
  pal=360F00103617270F36081A2836303B2200303B160017270F00081A2800303B22
  chr_008=00000000000000000000000000000000
  chr_01C=00000000000000000000000000000000
  chr_108=78C4E47886867C000000000000000000
  chr_11C=78CCC07C06C67C000000000000000000
SNAPSHOT frame=680 reason=state_change
  state gm=00 ready=01 script=00 sub=00 ppu_idx=00 ram_005C=00 auto=00 phase=00 frm=23 ctrl=B0 mask=1E ctrl_shadow=B0 mask_shadow=1E flush_done=01 vblank=00 mirror=10
  nt_row_04=DC EE 24 24 24 24 24 24 24 24 24 24 24 24 24 24 24 24 24 24 24 24 24 24 24 24 24 24 24 24 D6 DB
  nt_row_07=DE EE 24 24 24 E3 24 24 71 72 73 74 75 76 77 78 79 79 79 7A 7B 24 24 24 24 24 E2 24 24 24 D6 DB
  nt_row_08=DE D8 EF 24 24 E2 24 7C 7D 7E 7F 80 81 82 83 84 85 86 87 88 89 8A 8B 24 24 24 E3 24 24 24 D6 DF
  nt_row_11=DE DB D7 24 24 E3 70 AF B0 B1 B2 B3 B4 B5 B6 B7 B8 B9 BA BB BC BD BE BF C0 24 E2 24 24 D6 DB DB
  nt_row_13=DE DB EE 24 24 E3 24 C6 C7 C8 C8 C8 24 C9 CA CB CC CD C8 C8 C8 C8 E8 E9 D3 24 E2 24 24 D6 DB DB
  nt_row_17=DC DA DC D7 24 24 24 24 24 24 24 24 24 F0 01 09 08 06 24 17 12 17 1D 0E 17 0D 18 24 D6 DC DB DF
  nt_row_20=E1 D9 DC ED E0 EF 24 24 19 1E 1C 11 24 1C 1D 0A 1B 1D 24 0B 1E 1D 1D 18 17 24 24 24 D6 D8 E1 D9
  pal=360F00103617270F36081A2836303B2200303B160017270F00081A2800303B22
  chr_008=00000000000000000000000000000000
  chr_01C=00000000000000000000000000000000
  chr_108=78C4E47886867C000000000000000000
  chr_11C=78CCC07C06C67C000000000000000000
SNAPSHOT frame=681 reason=state_change
  state gm=00 ready=01 script=00 sub=00 ppu_idx=00 ram_005C=00 auto=00 phase=00 frm=24 ctrl=B0 mask=1E ctrl_shadow=B0 mask_shadow=1E flush_done=01 vblank=00 mirror=10
  nt_row_04=DC EE 24 24 24 24 24 24 24 24 24 24 24 24 24 24 24 24 24 24 24 24 24 24 24 24 24 24 24 24 D6 DB
  nt_row_07=DE EE 24 24 24 E3 24 24 71 72 73 74 75 76 77 78 79 79 79 7A 7B 24 24 24 24 24 E2 24 24 24 D6 DB
  nt_row_08=DE D8 EF 24 24 E2 24 7C 7D 7E 7F 80 81 82 83 84 85 86 87 88 89 8A 8B 24 24 24 E3 24 24 24 D6 DF
  nt_row_11=DE DB D7 24 24 E3 70 AF B0 B1 B2 B3 B4 B5 B6 B7 B8 B9 BA BB BC BD BE BF C0 24 E2 24 24 D6 DB DB
  nt_row_13=DE DB EE 24 24 E3 24 C6 C7 C8 C8 C8 24 C9 CA CB CC CD C8 C8 C8 C8 E8 E9 D3 24 E2 24 24 D6 DB DB
  nt_row_17=DC DA DC D7 24 24 24 24 24 24 24 24 24 F0 01 09 08 06 24 17 12 17 1D 0E 17 0D 18 24 D6 DC DB DF
  nt_row_20=E1 D9 DC ED E0 EF 24 24 19 1E 1C 11 24 1C 1D 0A 1B 1D 24 0B 1E 1D 1D 18 17 24 24 24 D6 D8 E1 D9
  pal=360F00103617270F36081A2836303B2200303B160017270F00081A2800303B22
  chr_008=00000000000000000000000000000000
  chr_01C=00000000000000000000000000000000
  chr_108=78C4E47886867C000000000000000000
  chr_11C=78CCC07C06C67C000000000000000000
SNAPSHOT frame=682 reason=state_change
  state gm=00 ready=01 script=00 sub=00 ppu_idx=00 ram_005C=00 auto=00 phase=00 frm=25 ctrl=B0 mask=1E ctrl_shadow=B0 mask_shadow=1E flush_done=01 vblank=00 mirror=10
  nt_row_04=DC EE 24 24 24 24 24 24 24 24 24 24 24 24 24 24 24 24 24 24 24 24 24 24 24 24 24 24 24 24 D6 DB
  nt_row_07=DE EE 24 24 24 E3 24 24 71 72 73 74 75 76 77 78 79 79 79 7A 7B 24 24 24 24 24 E2 24 24 24 D6 DB
  nt_row_08=DE D8 EF 24 24 E2 24 7C 7D 7E 7F 80 81 82 83 84 85 86 87 88 89 8A 8B 24 24 24 E3 24 24 24 D6 DF
  nt_row_11=DE DB D7 24 24 E3 70 AF B0 B1 B2 B3 B4 B5 B6 B7 B8 B9 BA BB BC BD BE BF C0 24 E2 24 24 D6 DB DB
  nt_row_13=DE DB EE 24 24 E3 24 C6 C7 C8 C8 C8 24 C9 CA CB CC CD C8 C8 C8 C8 E8 E9 D3 24 E2 24 24 D6 DB DB
  nt_row_17=DC DA DC D7 24 24 24 24 24 24 24 24 24 F0 01 09 08 06 24 17 12 17 1D 0E 17 0D 18 24 D6 DC DB DF
  nt_row_20=E1 D9 DC ED E0 EF 24 24 19 1E 1C 11 24 1C 1D 0A 1B 1D 24 0B 1E 1D 1D 18 17 24 24 24 D6 D8 E1 D9
  pal=360F00103617270F36081A2836303B2200303B160017270F00081A2800303B22
  chr_008=00000000000000000000000000000000
  chr_01C=00000000000000000000000000000000
  chr_108=78C4E47886867C000000000000000000
  chr_11C=78CCC07C06C67C000000000000000000
SNAPSHOT frame=683 reason=state_change
  state gm=00 ready=01 script=00 sub=00 ppu_idx=00 ram_005C=00 auto=00 phase=00 frm=26 ctrl=B0 mask=1E ctrl_shadow=B0 mask_shadow=1E flush_done=01 vblank=00 mirror=10
  nt_row_04=DC EE 24 24 24 24 24 24 24 24 24 24 24 24 24 24 24 24 24 24 24 24 24 24 24 24 24 24 24 24 D6 DB
  nt_row_07=DE EE 24 24 24 E3 24 24 71 72 73 74 75 76 77 78 79 79 79 7A 7B 24 24 24 24 24 E2 24 24 24 D6 DB
  nt_row_08=DE D8 EF 24 24 E2 24 7C 7D 7E 7F 80 81 82 83 84 85 86 87 88 89 8A 8B 24 24 24 E3 24 24 24 D6 DF
  nt_row_11=DE DB D7 24 24 E3 70 AF B0 B1 B2 B3 B4 B5 B6 B7 B8 B9 BA BB BC BD BE BF C0 24 E2 24 24 D6 DB DB
  nt_row_13=DE DB EE 24 24 E3 24 C6 C7 C8 C8 C8 24 C9 CA CB CC CD C8 C8 C8 C8 E8 E9 D3 24 E2 24 24 D6 DB DB
  nt_row_17=DC DA DC D7 24 24 24 24 24 24 24 24 24 F0 01 09 08 06 24 17 12 17 1D 0E 17 0D 18 24 D6 DC DB DF
  nt_row_20=E1 D9 DC ED E0 EF 24 24 19 1E 1C 11 24 1C 1D 0A 1B 1D 24 0B 1E 1D 1D 18 17 24 24 24 D6 D8 E1 D9
  pal=360F00103617270F36081A2836303B2200303B160017270F00081A2800303B22
  chr_008=00000000000000000000000000000000
  chr_01C=00000000000000000000000000000000
  chr_108=78C4E47886867C000000000000000000
  chr_11C=78CCC07C06C67C000000000000000000
SNAPSHOT frame=684 reason=state_change
  state gm=00 ready=01 script=00 sub=00 ppu_idx=00 ram_005C=00 auto=00 phase=00 frm=27 ctrl=B0 mask=1E ctrl_shadow=B0 mask_shadow=1E flush_done=01 vblank=00 mirror=10
  nt_row_04=DC EE 24 24 24 24 24 24 24 24 24 24 24 24 24 24 24 24 24 24 24 24 24 24 24 24 24 24 24 24 D6 DB
  nt_row_07=DE EE 24 24 24 E3 24 24 71 72 73 74 75 76 77 78 79 79 79 7A 7B 24 24 24 24 24 E2 24 24 24 D6 DB
  nt_row_08=DE D8 EF 24 24 E2 24 7C 7D 7E 7F 80 81 82 83 84 85 86 87 88 89 8A 8B 24 24 24 E3 24 24 24 D6 DF
  nt_row_11=DE DB D7 24 24 E3 70 AF B0 B1 B2 B3 B4 B5 B6 B7 B8 B9 BA BB BC BD BE BF C0 24 E2 24 24 D6 DB DB
  nt_row_13=DE DB EE 24 24 E3 24 C6 C7 C8 C8 C8 24 C9 CA CB CC CD C8 C8 C8 C8 E8 E9 D3 24 E2 24 24 D6 DB DB
  nt_row_17=DC DA DC D7 24 24 24 24 24 24 24 24 24 F0 01 09 08 06 24 17 12 17 1D 0E 17 0D 18 24 D6 DC DB DF
  nt_row_20=E1 D9 DC ED E0 EF 24 24 19 1E 1C 11 24 1C 1D 0A 1B 1D 24 0B 1E 1D 1D 18 17 24 24 24 D6 D8 E1 D9
  pal=360F00103617270F36081A2836303B2200303B160017270F00081A2800303B22
  chr_008=00000000000000000000000000000000
  chr_01C=00000000000000000000000000000000
  chr_108=78C4E47886867C000000000000000000
  chr_11C=78CCC07C06C67C000000000000000000
SNAPSHOT frame=685 reason=state_change
  state gm=00 ready=01 script=00 sub=00 ppu_idx=00 ram_005C=00 auto=00 phase=00 frm=28 ctrl=B0 mask=1E ctrl_shadow=B0 mask_shadow=1E flush_done=01 vblank=00 mirror=10
  nt_row_04=DC EE 24 24 24 24 24 24 24 24 24 24 24 24 24 24 24 24 24 24 24 24 24 24 24 24 24 24 24 24 D6 DB
  nt_row_07=DE EE 24 24 24 E3 24 24 71 72 73 74 75 76 77 78 79 79 79 7A 7B 24 24 24 24 24 E2 24 24 24 D6 DB
  nt_row_08=DE D8 EF 24 24 E2 24 7C 7D 7E 7F 80 81 82 83 84 85 86 87 88 89 8A 8B 24 24 24 E3 24 24 24 D6 DF
  nt_row_11=DE DB D7 24 24 E3 70 AF B0 B1 B2 B3 B4 B5 B6 B7 B8 B9 BA BB BC BD BE BF C0 24 E2 24 24 D6 DB DB
  nt_row_13=DE DB EE 24 24 E3 24 C6 C7 C8 C8 C8 24 C9 CA CB CC CD C8 C8 C8 C8 E8 E9 D3 24 E2 24 24 D6 DB DB
  nt_row_17=DC DA DC D7 24 24 24 24 24 24 24 24 24 F0 01 09 08 06 24 17 12 17 1D 0E 17 0D 18 24 D6 DC DB DF
  nt_row_20=E1 D9 DC ED E0 EF 24 24 19 1E 1C 11 24 1C 1D 0A 1B 1D 24 0B 1E 1D 1D 18 17 24 24 24 D6 D8 E1 D9
  pal=360F00103617270F36081A2836303B2200303B160017270F00081A2800303B22
  chr_008=00000000000000000000000000000000
  chr_01C=00000000000000000000000000000000
  chr_108=78C4E47886867C000000000000000000
  chr_11C=78CCC07C06C67C000000000000000000
SNAPSHOT frame=686 reason=state_change
  state gm=00 ready=01 script=00 sub=00 ppu_idx=00 ram_005C=00 auto=00 phase=00 frm=29 ctrl=B0 mask=1E ctrl_shadow=B0 mask_shadow=1E flush_done=01 vblank=00 mirror=10
  nt_row_04=DC EE 24 24 24 24 24 24 24 24 24 24 24 24 24 24 24 24 24 24 24 24 24 24 24 24 24 24 24 24 D6 DB
  nt_row_07=DE EE 24 24 24 E3 24 24 71 72 73 74 75 76 77 78 79 79 79 7A 7B 24 24 24 24 24 E2 24 24 24 D6 DB
  nt_row_08=DE D8 EF 24 24 E2 24 7C 7D 7E 7F 80 81 82 83 84 85 86 87 88 89 8A 8B 24 24 24 E3 24 24 24 D6 DF
  nt_row_11=DE DB D7 24 24 E3 70 AF B0 B1 B2 B3 B4 B5 B6 B7 B8 B9 BA BB BC BD BE BF C0 24 E2 24 24 D6 DB DB
  nt_row_13=DE DB EE 24 24 E3 24 C6 C7 C8 C8 C8 24 C9 CA CB CC CD C8 C8 C8 C8 E8 E9 D3 24 E2 24 24 D6 DB DB
  nt_row_17=DC DA DC D7 24 24 24 24 24 24 24 24 24 F0 01 09 08 06 24 17 12 17 1D 0E 17 0D 18 24 D6 DC DB DF
  nt_row_20=E1 D9 DC ED E0 EF 24 24 19 1E 1C 11 24 1C 1D 0A 1B 1D 24 0B 1E 1D 1D 18 17 24 24 24 D6 D8 E1 D9
  pal=360F00103617270F36081A2836303B2200303B160017270F00081A2800303B22
  chr_008=00000000000000000000000000000000
  chr_01C=00000000000000000000000000000000
  chr_108=78C4E47886867C000000000000000000
  chr_11C=78CCC07C06C67C000000000000000000
SNAPSHOT frame=687 reason=state_change
  state gm=00 ready=01 script=00 sub=00 ppu_idx=00 ram_005C=00 auto=00 phase=00 frm=2A ctrl=B0 mask=1E ctrl_shadow=B0 mask_shadow=1E flush_done=01 vblank=00 mirror=10
  nt_row_04=DC EE 24 24 24 24 24 24 24 24 24 24 24 24 24 24 24 24 24 24 24 24 24 24 24 24 24 24 24 24 D6 DB
  nt_row_07=DE EE 24 24 24 E3 24 24 71 72 73 74 75 76 77 78 79 79 79 7A 7B 24 24 24 24 24 E2 24 24 24 D6 DB
  nt_row_08=DE D8 EF 24 24 E2 24 7C 7D 7E 7F 80 81 82 83 84 85 86 87 88 89 8A 8B 24 24 24 E3 24 24 24 D6 DF
  nt_row_11=DE DB D7 24 24 E3 70 AF B0 B1 B2 B3 B4 B5 B6 B7 B8 B9 BA BB BC BD BE BF C0 24 E2 24 24 D6 DB DB
  nt_row_13=DE DB EE 24 24 E3 24 C6 C7 C8 C8 C8 24 C9 CA CB CC CD C8 C8 C8 C8 E8 E9 D3 24 E2 24 24 D6 DB DB
  nt_row_17=DC DA DC D7 24 24 24 24 24 24 24 24 24 F0 01 09 08 06 24 17 12 17 1D 0E 17 0D 18 24 D6 DC DB DF
  nt_row_20=E1 D9 DC ED E0 EF 24 24 19 1E 1C 11 24 1C 1D 0A 1B 1D 24 0B 1E 1D 1D 18 17 24 24 24 D6 D8 E1 D9
  pal=360F00103617270F36081A2836303B2200303B160017270F00081A2800303B22
  chr_008=00000000000000000000000000000000
  chr_01C=00000000000000000000000000000000
  chr_108=78C4E47886867C000000000000000000
  chr_11C=78CCC07C06C67C000000000000000000
SNAPSHOT frame=688 reason=state_change
  state gm=00 ready=01 script=00 sub=00 ppu_idx=00 ram_005C=00 auto=00 phase=00 frm=2B ctrl=B0 mask=1E ctrl_shadow=B0 mask_shadow=1E flush_done=01 vblank=00 mirror=10
  nt_row_04=DC EE 24 24 24 24 24 24 24 24 24 24 24 24 24 24 24 24 24 24 24 24 24 24 24 24 24 24 24 24 D6 DB
  nt_row_07=DE EE 24 24 24 E3 24 24 71 72 73 74 75 76 77 78 79 79 79 7A 7B 24 24 24 24 24 E2 24 24 24 D6 DB
  nt_row_08=DE D8 EF 24 24 E2 24 7C 7D 7E 7F 80 81 82 83 84 85 86 87 88 89 8A 8B 24 24 24 E3 24 24 24 D6 DF
  nt_row_11=DE DB D7 24 24 E3 70 AF B0 B1 B2 B3 B4 B5 B6 B7 B8 B9 BA BB BC BD BE BF C0 24 E2 24 24 D6 DB DB
  nt_row_13=DE DB EE 24 24 E3 24 C6 C7 C8 C8 C8 24 C9 CA CB CC CD C8 C8 C8 C8 E8 E9 D3 24 E2 24 24 D6 DB DB
  nt_row_17=DC DA DC D7 24 24 24 24 24 24 24 24 24 F0 01 09 08 06 24 17 12 17 1D 0E 17 0D 18 24 D6 DC DB DF
  nt_row_20=E1 D9 DC ED E0 EF 24 24 19 1E 1C 11 24 1C 1D 0A 1B 1D 24 0B 1E 1D 1D 18 17 24 24 24 D6 D8 E1 D9
  pal=360F00103617270F36081A2836303B2200303B160017270F00081A2800303B22
  chr_008=00000000000000000000000000000000
  chr_01C=00000000000000000000000000000000
  chr_108=78C4E47886867C000000000000000000
  chr_11C=78CCC07C06C67C000000000000000000
SNAPSHOT frame=689 reason=state_change
  state gm=00 ready=01 script=00 sub=00 ppu_idx=00 ram_005C=00 auto=00 phase=00 frm=2C ctrl=B0 mask=1E ctrl_shadow=B0 mask_shadow=1E flush_done=01 vblank=00 mirror=10
  nt_row_04=DC EE 24 24 24 24 24 24 24 24 24 24 24 24 24 24 24 24 24 24 24 24 24 24 24 24 24 24 24 24 D6 DB
  nt_row_07=DE EE 24 24 24 E3 24 24 71 72 73 74 75 76 77 78 79 79 79 7A 7B 24 24 24 24 24 E2 24 24 24 D6 DB
  nt_row_08=DE D8 EF 24 24 E2 24 7C 7D 7E 7F 80 81 82 83 84 85 86 87 88 89 8A 8B 24 24 24 E3 24 24 24 D6 DF
  nt_row_11=DE DB D7 24 24 E3 70 AF B0 B1 B2 B3 B4 B5 B6 B7 B8 B9 BA BB BC BD BE BF C0 24 E2 24 24 D6 DB DB
  nt_row_13=DE DB EE 24 24 E3 24 C6 C7 C8 C8 C8 24 C9 CA CB CC CD C8 C8 C8 C8 E8 E9 D3 24 E2 24 24 D6 DB DB
  nt_row_17=DC DA DC D7 24 24 24 24 24 24 24 24 24 F0 01 09 08 06 24 17 12 17 1D 0E 17 0D 18 24 D6 DC DB DF
  nt_row_20=E1 D9 DC ED E0 EF 24 24 19 1E 1C 11 24 1C 1D 0A 1B 1D 24 0B 1E 1D 1D 18 17 24 24 24 D6 D8 E1 D9
  pal=360F00103617270F36081A2836303B2200303B160017270F00081A2800303B22
  chr_008=00000000000000000000000000000000
  chr_01C=00000000000000000000000000000000
  chr_108=78C4E47886867C000000000000000000
  chr_11C=78CCC07C06C67C000000000000000000
SNAPSHOT frame=690 reason=state_change
  state gm=00 ready=01 script=00 sub=00 ppu_idx=00 ram_005C=00 auto=00 phase=00 frm=2D ctrl=B0 mask=1E ctrl_shadow=B0 mask_shadow=1E flush_done=01 vblank=00 mirror=10
  nt_row_04=DC EE 24 24 24 24 24 24 24 24 24 24 24 24 24 24 24 24 24 24 24 24 24 24 24 24 24 24 24 24 D6 DB
  nt_row_07=DE EE 24 24 24 E3 24 24 71 72 73 74 75 76 77 78 79 79 79 7A 7B 24 24 24 24 24 E2 24 24 24 D6 DB
  nt_row_08=DE D8 EF 24 24 E2 24 7C 7D 7E 7F 80 81 82 83 84 85 86 87 88 89 8A 8B 24 24 24 E3 24 24 24 D6 DF
  nt_row_11=DE DB D7 24 24 E3 70 AF B0 B1 B2 B3 B4 B5 B6 B7 B8 B9 BA BB BC BD BE BF C0 24 E2 24 24 D6 DB DB
  nt_row_13=DE DB EE 24 24 E3 24 C6 C7 C8 C8 C8 24 C9 CA CB CC CD C8 C8 C8 C8 E8 E9 D3 24 E2 24 24 D6 DB DB
  nt_row_17=DC DA DC D7 24 24 24 24 24 24 24 24 24 F0 01 09 08 06 24 17 12 17 1D 0E 17 0D 18 24 D6 DC DB DF
  nt_row_20=E1 D9 DC ED E0 EF 24 24 19 1E 1C 11 24 1C 1D 0A 1B 1D 24 0B 1E 1D 1D 18 17 24 24 24 D6 D8 E1 D9
  pal=360F00103617270F36081A2836303B2200303B160017270F00081A2800303B22
  chr_008=00000000000000000000000000000000
  chr_01C=00000000000000000000000000000000
  chr_108=78C4E47886867C000000000000000000
  chr_11C=78CCC07C06C67C000000000000000000
SNAPSHOT frame=691 reason=state_change
  state gm=00 ready=01 script=00 sub=00 ppu_idx=00 ram_005C=00 auto=00 phase=00 frm=2E ctrl=B0 mask=1E ctrl_shadow=B0 mask_shadow=1E flush_done=01 vblank=00 mirror=10
  nt_row_04=DC EE 24 24 24 24 24 24 24 24 24 24 24 24 24 24 24 24 24 24 24 24 24 24 24 24 24 24 24 24 D6 DB
  nt_row_07=DE EE 24 24 24 E3 24 24 71 72 73 74 75 76 77 78 79 79 79 7A 7B 24 24 24 24 24 E2 24 24 24 D6 DB
  nt_row_08=DE D8 EF 24 24 E2 24 7C 7D 7E 7F 80 81 82 83 84 85 86 87 88 89 8A 8B 24 24 24 E3 24 24 24 D6 DF
  nt_row_11=DE DB D7 24 24 E3 70 AF B0 B1 B2 B3 B4 B5 B6 B7 B8 B9 BA BB BC BD BE BF C0 24 E2 24 24 D6 DB DB
  nt_row_13=DE DB EE 24 24 E3 24 C6 C7 C8 C8 C8 24 C9 CA CB CC CD C8 C8 C8 C8 E8 E9 D3 24 E2 24 24 D6 DB DB
  nt_row_17=DC DA DC D7 24 24 24 24 24 24 24 24 24 F0 01 09 08 06 24 17 12 17 1D 0E 17 0D 18 24 D6 DC DB DF
  nt_row_20=E1 D9 DC ED E0 EF 24 24 19 1E 1C 11 24 1C 1D 0A 1B 1D 24 0B 1E 1D 1D 18 17 24 24 24 D6 D8 E1 D9
  pal=360F00103617270F36081A2836303B2200303B160017270F00081A2800303B22
  chr_008=00000000000000000000000000000000
  chr_01C=00000000000000000000000000000000
  chr_108=78C4E47886867C000000000000000000
  chr_11C=78CCC07C06C67C000000000000000000
SNAPSHOT frame=692 reason=state_change
  state gm=00 ready=01 script=00 sub=00 ppu_idx=00 ram_005C=00 auto=00 phase=00 frm=2F ctrl=B0 mask=1E ctrl_shadow=B0 mask_shadow=1E flush_done=01 vblank=00 mirror=10
  nt_row_04=DC EE 24 24 24 24 24 24 24 24 24 24 24 24 24 24 24 24 24 24 24 24 24 24 24 24 24 24 24 24 D6 DB
  nt_row_07=DE EE 24 24 24 E3 24 24 71 72 73 74 75 76 77 78 79 79 79 7A 7B 24 24 24 24 24 E2 24 24 24 D6 DB
  nt_row_08=DE D8 EF 24 24 E2 24 7C 7D 7E 7F 80 81 82 83 84 85 86 87 88 89 8A 8B 24 24 24 E3 24 24 24 D6 DF
  nt_row_11=DE DB D7 24 24 E3 70 AF B0 B1 B2 B3 B4 B5 B6 B7 B8 B9 BA BB BC BD BE BF C0 24 E2 24 24 D6 DB DB
  nt_row_13=DE DB EE 24 24 E3 24 C6 C7 C8 C8 C8 24 C9 CA CB CC CD C8 C8 C8 C8 E8 E9 D3 24 E2 24 24 D6 DB DB
  nt_row_17=DC DA DC D7 24 24 24 24 24 24 24 24 24 F0 01 09 08 06 24 17 12 17 1D 0E 17 0D 18 24 D6 DC DB DF
  nt_row_20=E1 D9 DC ED E0 EF 24 24 19 1E 1C 11 24 1C 1D 0A 1B 1D 24 0B 1E 1D 1D 18 17 24 24 24 D6 D8 E1 D9
  pal=360F00103617270F36081A2836303B2200303B160017270F00081A2800303B22
  chr_008=00000000000000000000000000000000
  chr_01C=00000000000000000000000000000000
  chr_108=78C4E47886867C000000000000000000
  chr_11C=78CCC07C06C67C000000000000000000
SNAPSHOT frame=693 reason=state_change
  state gm=00 ready=01 script=00 sub=00 ppu_idx=00 ram_005C=00 auto=00 phase=00 frm=30 ctrl=B0 mask=1E ctrl_shadow=B0 mask_shadow=1E flush_done=01 vblank=00 mirror=10
  nt_row_04=DC EE 24 24 24 24 24 24 24 24 24 24 24 24 24 24 24 24 24 24 24 24 24 24 24 24 24 24 24 24 D6 DB
  nt_row_07=DE EE 24 24 24 E3 24 24 71 72 73 74 75 76 77 78 79 79 79 7A 7B 24 24 24 24 24 E2 24 24 24 D6 DB
  nt_row_08=DE D8 EF 24 24 E2 24 7C 7D 7E 7F 80 81 82 83 84 85 86 87 88 89 8A 8B 24 24 24 E3 24 24 24 D6 DF
  nt_row_11=DE DB D7 24 24 E3 70 AF B0 B1 B2 B3 B4 B5 B6 B7 B8 B9 BA BB BC BD BE BF C0 24 E2 24 24 D6 DB DB
  nt_row_13=DE DB EE 24 24 E3 24 C6 C7 C8 C8 C8 24 C9 CA CB CC CD C8 C8 C8 C8 E8 E9 D3 24 E2 24 24 D6 DB DB
  nt_row_17=DC DA DC D7 24 24 24 24 24 24 24 24 24 F0 01 09 08 06 24 17 12 17 1D 0E 17 0D 18 24 D6 DC DB DF
  nt_row_20=E1 D9 DC ED E0 EF 24 24 19 1E 1C 11 24 1C 1D 0A 1B 1D 24 0B 1E 1D 1D 18 17 24 24 24 D6 D8 E1 D9
  pal=360F00103617270F36081A2836303B2200303B160017270F00081A2800303B22
  chr_008=00000000000000000000000000000000
  chr_01C=00000000000000000000000000000000
  chr_108=78C4E47886867C000000000000000000
  chr_11C=78CCC07C06C67C000000000000000000
SNAPSHOT frame=694 reason=state_change
  state gm=00 ready=01 script=00 sub=00 ppu_idx=00 ram_005C=00 auto=00 phase=00 frm=31 ctrl=B0 mask=1E ctrl_shadow=B0 mask_shadow=1E flush_done=01 vblank=00 mirror=10
  nt_row_04=DC EE 24 24 24 24 24 24 24 24 24 24 24 24 24 24 24 24 24 24 24 24 24 24 24 24 24 24 24 24 D6 DB
  nt_row_07=DE EE 24 24 24 E3 24 24 71 72 73 74 75 76 77 78 79 79 79 7A 7B 24 24 24 24 24 E2 24 24 24 D6 DB
  nt_row_08=DE D8 EF 24 24 E2 24 7C 7D 7E 7F 80 81 82 83 84 85 86 87 88 89 8A 8B 24 24 24 E3 24 24 24 D6 DF
  nt_row_11=DE DB D7 24 24 E3 70 AF B0 B1 B2 B3 B4 B5 B6 B7 B8 B9 BA BB BC BD BE BF C0 24 E2 24 24 D6 DB DB
  nt_row_13=DE DB EE 24 24 E3 24 C6 C7 C8 C8 C8 24 C9 CA CB CC CD C8 C8 C8 C8 E8 E9 D3 24 E2 24 24 D6 DB DB
  nt_row_17=DC DA DC D7 24 24 24 24 24 24 24 24 24 F0 01 09 08 06 24 17 12 17 1D 0E 17 0D 18 24 D6 DC DB DF
  nt_row_20=E1 D9 DC ED E0 EF 24 24 19 1E 1C 11 24 1C 1D 0A 1B 1D 24 0B 1E 1D 1D 18 17 24 24 24 D6 D8 E1 D9
  pal=360F00103617270F36081A2836303B2200303B160017270F00081A2800303B22
  chr_008=00000000000000000000000000000000
  chr_01C=00000000000000000000000000000000
  chr_108=78C4E47886867C000000000000000000
  chr_11C=78CCC07C06C67C000000000000000000
SNAPSHOT frame=695 reason=state_change
  state gm=00 ready=01 script=00 sub=00 ppu_idx=00 ram_005C=00 auto=00 phase=00 frm=32 ctrl=B0 mask=1E ctrl_shadow=B0 mask_shadow=1E flush_done=01 vblank=00 mirror=10
  nt_row_04=DC EE 24 24 24 24 24 24 24 24 24 24 24 24 24 24 24 24 24 24 24 24 24 24 24 24 24 24 24 24 D6 DB
  nt_row_07=DE EE 24 24 24 E3 24 24 71 72 73 74 75 76 77 78 79 79 79 7A 7B 24 24 24 24 24 E2 24 24 24 D6 DB
  nt_row_08=DE D8 EF 24 24 E2 24 7C 7D 7E 7F 80 81 82 83 84 85 86 87 88 89 8A 8B 24 24 24 E3 24 24 24 D6 DF
  nt_row_11=DE DB D7 24 24 E3 70 AF B0 B1 B2 B3 B4 B5 B6 B7 B8 B9 BA BB BC BD BE BF C0 24 E2 24 24 D6 DB DB
  nt_row_13=DE DB EE 24 24 E3 24 C6 C7 C8 C8 C8 24 C9 CA CB CC CD C8 C8 C8 C8 E8 E9 D3 24 E2 24 24 D6 DB DB
  nt_row_17=DC DA DC D7 24 24 24 24 24 24 24 24 24 F0 01 09 08 06 24 17 12 17 1D 0E 17 0D 18 24 D6 DC DB DF
  nt_row_20=E1 D9 DC ED E0 EF 24 24 19 1E 1C 11 24 1C 1D 0A 1B 1D 24 0B 1E 1D 1D 18 17 24 24 24 D6 D8 E1 D9
  pal=360F00103617270F36081A2836303B2200303B160017270F00081A2800303B22
  chr_008=00000000000000000000000000000000
  chr_01C=00000000000000000000000000000000
  chr_108=78C4E47886867C000000000000000000
  chr_11C=78CCC07C06C67C000000000000000000
SNAPSHOT frame=696 reason=state_change
  state gm=00 ready=01 script=00 sub=00 ppu_idx=00 ram_005C=00 auto=00 phase=00 frm=33 ctrl=B0 mask=1E ctrl_shadow=B0 mask_shadow=1E flush_done=01 vblank=00 mirror=10
  nt_row_04=DC EE 24 24 24 24 24 24 24 24 24 24 24 24 24 24 24 24 24 24 24 24 24 24 24 24 24 24 24 24 D6 DB
  nt_row_07=DE EE 24 24 24 E3 24 24 71 72 73 74 75 76 77 78 79 79 79 7A 7B 24 24 24 24 24 E2 24 24 24 D6 DB
  nt_row_08=DE D8 EF 24 24 E2 24 7C 7D 7E 7F 80 81 82 83 84 85 86 87 88 89 8A 8B 24 24 24 E3 24 24 24 D6 DF
  nt_row_11=DE DB D7 24 24 E3 70 AF B0 B1 B2 B3 B4 B5 B6 B7 B8 B9 BA BB BC BD BE BF C0 24 E2 24 24 D6 DB DB
  nt_row_13=DE DB EE 24 24 E3 24 C6 C7 C8 C8 C8 24 C9 CA CB CC CD C8 C8 C8 C8 E8 E9 D3 24 E2 24 24 D6 DB DB
  nt_row_17=DC DA DC D7 24 24 24 24 24 24 24 24 24 F0 01 09 08 06 24 17 12 17 1D 0E 17 0D 18 24 D6 DC DB DF
  nt_row_20=E1 D9 DC ED E0 EF 24 24 19 1E 1C 11 24 1C 1D 0A 1B 1D 24 0B 1E 1D 1D 18 17 24 24 24 D6 D8 E1 D9
  pal=360F00103617270F36081A2836303B2200303B160017270F00081A2800303B22
  chr_008=00000000000000000000000000000000
  chr_01C=00000000000000000000000000000000
  chr_108=78C4E47886867C000000000000000000
  chr_11C=78CCC07C06C67C000000000000000000
SNAPSHOT frame=697 reason=state_change
  state gm=00 ready=01 script=00 sub=00 ppu_idx=00 ram_005C=00 auto=00 phase=00 frm=34 ctrl=B0 mask=1E ctrl_shadow=B0 mask_shadow=1E flush_done=01 vblank=00 mirror=10
  nt_row_04=DC EE 24 24 24 24 24 24 24 24 24 24 24 24 24 24 24 24 24 24 24 24 24 24 24 24 24 24 24 24 D6 DB
  nt_row_07=DE EE 24 24 24 E3 24 24 71 72 73 74 75 76 77 78 79 79 79 7A 7B 24 24 24 24 24 E2 24 24 24 D6 DB
  nt_row_08=DE D8 EF 24 24 E2 24 7C 7D 7E 7F 80 81 82 83 84 85 86 87 88 89 8A 8B 24 24 24 E3 24 24 24 D6 DF
  nt_row_11=DE DB D7 24 24 E3 70 AF B0 B1 B2 B3 B4 B5 B6 B7 B8 B9 BA BB BC BD BE BF C0 24 E2 24 24 D6 DB DB
  nt_row_13=DE DB EE 24 24 E3 24 C6 C7 C8 C8 C8 24 C9 CA CB CC CD C8 C8 C8 C8 E8 E9 D3 24 E2 24 24 D6 DB DB
  nt_row_17=DC DA DC D7 24 24 24 24 24 24 24 24 24 F0 01 09 08 06 24 17 12 17 1D 0E 17 0D 18 24 D6 DC DB DF
  nt_row_20=E1 D9 DC ED E0 EF 24 24 19 1E 1C 11 24 1C 1D 0A 1B 1D 24 0B 1E 1D 1D 18 17 24 24 24 D6 D8 E1 D9
  pal=360F00103617270F36081A2836303B2200303B160017270F00081A2800303B22
  chr_008=00000000000000000000000000000000
  chr_01C=00000000000000000000000000000000
  chr_108=78C4E47886867C000000000000000000
  chr_11C=78CCC07C06C67C000000000000000000
SNAPSHOT frame=698 reason=state_change
  state gm=00 ready=01 script=00 sub=00 ppu_idx=00 ram_005C=00 auto=00 phase=00 frm=35 ctrl=B0 mask=1E ctrl_shadow=B0 mask_shadow=1E flush_done=01 vblank=00 mirror=10
  nt_row_04=DC EE 24 24 24 24 24 24 24 24 24 24 24 24 24 24 24 24 24 24 24 24 24 24 24 24 24 24 24 24 D6 DB
  nt_row_07=DE EE 24 24 24 E3 24 24 71 72 73 74 75 76 77 78 79 79 79 7A 7B 24 24 24 24 24 E2 24 24 24 D6 DB
  nt_row_08=DE D8 EF 24 24 E2 24 7C 7D 7E 7F 80 81 82 83 84 85 86 87 88 89 8A 8B 24 24 24 E3 24 24 24 D6 DF
  nt_row_11=DE DB D7 24 24 E3 70 AF B0 B1 B2 B3 B4 B5 B6 B7 B8 B9 BA BB BC BD BE BF C0 24 E2 24 24 D6 DB DB
  nt_row_13=DE DB EE 24 24 E3 24 C6 C7 C8 C8 C8 24 C9 CA CB CC CD C8 C8 C8 C8 E8 E9 D3 24 E2 24 24 D6 DB DB
  nt_row_17=DC DA DC D7 24 24 24 24 24 24 24 24 24 F0 01 09 08 06 24 17 12 17 1D 0E 17 0D 18 24 D6 DC DB DF
  nt_row_20=E1 D9 DC ED E0 EF 24 24 19 1E 1C 11 24 1C 1D 0A 1B 1D 24 0B 1E 1D 1D 18 17 24 24 24 D6 D8 E1 D9
  pal=360F00103617270F36081A2836303B2200303B160017270F00081A2800303B22
  chr_008=00000000000000000000000000000000
  chr_01C=00000000000000000000000000000000
  chr_108=78C4E47886867C000000000000000000
  chr_11C=78CCC07C06C67C000000000000000000
SNAPSHOT frame=699 reason=state_change
  state gm=00 ready=01 script=00 sub=00 ppu_idx=00 ram_005C=00 auto=00 phase=00 frm=36 ctrl=B0 mask=1E ctrl_shadow=B0 mask_shadow=1E flush_done=01 vblank=00 mirror=10
  nt_row_04=DC EE 24 24 24 24 24 24 24 24 24 24 24 24 24 24 24 24 24 24 24 24 24 24 24 24 24 24 24 24 D6 DB
  nt_row_07=DE EE 24 24 24 E3 24 24 71 72 73 74 75 76 77 78 79 79 79 7A 7B 24 24 24 24 24 E2 24 24 24 D6 DB
  nt_row_08=DE D8 EF 24 24 E2 24 7C 7D 7E 7F 80 81 82 83 84 85 86 87 88 89 8A 8B 24 24 24 E3 24 24 24 D6 DF
  nt_row_11=DE DB D7 24 24 E3 70 AF B0 B1 B2 B3 B4 B5 B6 B7 B8 B9 BA BB BC BD BE BF C0 24 E2 24 24 D6 DB DB
  nt_row_13=DE DB EE 24 24 E3 24 C6 C7 C8 C8 C8 24 C9 CA CB CC CD C8 C8 C8 C8 E8 E9 D3 24 E2 24 24 D6 DB DB
  nt_row_17=DC DA DC D7 24 24 24 24 24 24 24 24 24 F0 01 09 08 06 24 17 12 17 1D 0E 17 0D 18 24 D6 DC DB DF
  nt_row_20=E1 D9 DC ED E0 EF 24 24 19 1E 1C 11 24 1C 1D 0A 1B 1D 24 0B 1E 1D 1D 18 17 24 24 24 D6 D8 E1 D9
  pal=360F00103617270F36081A2836303B2200303B160017270F00081A2800303B22
  chr_008=00000000000000000000000000000000
  chr_01C=00000000000000000000000000000000
  chr_108=78C4E47886867C000000000000000000
  chr_11C=78CCC07C06C67C000000000000000000
SNAPSHOT frame=700 reason=state_change
  state gm=00 ready=01 script=00 sub=00 ppu_idx=00 ram_005C=00 auto=00 phase=00 frm=37 ctrl=B0 mask=1E ctrl_shadow=B0 mask_shadow=1E flush_done=01 vblank=00 mirror=10
  nt_row_04=DC EE 24 24 24 24 24 24 24 24 24 24 24 24 24 24 24 24 24 24 24 24 24 24 24 24 24 24 24 24 D6 DB
  nt_row_07=DE EE 24 24 24 E3 24 24 71 72 73 74 75 76 77 78 79 79 79 7A 7B 24 24 24 24 24 E2 24 24 24 D6 DB
  nt_row_08=DE D8 EF 24 24 E2 24 7C 7D 7E 7F 80 81 82 83 84 85 86 87 88 89 8A 8B 24 24 24 E3 24 24 24 D6 DF
  nt_row_11=DE DB D7 24 24 E3 70 AF B0 B1 B2 B3 B4 B5 B6 B7 B8 B9 BA BB BC BD BE BF C0 24 E2 24 24 D6 DB DB
  nt_row_13=DE DB EE 24 24 E3 24 C6 C7 C8 C8 C8 24 C9 CA CB CC CD C8 C8 C8 C8 E8 E9 D3 24 E2 24 24 D6 DB DB
  nt_row_17=DC DA DC D7 24 24 24 24 24 24 24 24 24 F0 01 09 08 06 24 17 12 17 1D 0E 17 0D 18 24 D6 DC DB DF
  nt_row_20=E1 D9 DC ED E0 EF 24 24 19 1E 1C 11 24 1C 1D 0A 1B 1D 24 0B 1E 1D 1D 18 17 24 24 24 D6 D8 E1 D9
  pal=360F00103617270F36081A2836303B2200303B160017270F00081A2800303B22
  chr_008=00000000000000000000000000000000
  chr_01C=00000000000000000000000000000000
  chr_108=78C4E47886867C000000000000000000
  chr_11C=78CCC07C06C67C000000000000000000
SNAPSHOT frame=701 reason=state_change
  state gm=00 ready=01 script=00 sub=00 ppu_idx=00 ram_005C=00 auto=00 phase=00 frm=38 ctrl=B0 mask=1E ctrl_shadow=B0 mask_shadow=1E flush_done=01 vblank=00 mirror=10
  nt_row_04=DC EE 24 24 24 24 24 24 24 24 24 24 24 24 24 24 24 24 24 24 24 24 24 24 24 24 24 24 24 24 D6 DB
  nt_row_07=DE EE 24 24 24 E3 24 24 71 72 73 74 75 76 77 78 79 79 79 7A 7B 24 24 24 24 24 E2 24 24 24 D6 DB
  nt_row_08=DE D8 EF 24 24 E2 24 7C 7D 7E 7F 80 81 82 83 84 85 86 87 88 89 8A 8B 24 24 24 E3 24 24 24 D6 DF
  nt_row_11=DE DB D7 24 24 E3 70 AF B0 B1 B2 B3 B4 B5 B6 B7 B8 B9 BA BB BC BD BE BF C0 24 E2 24 24 D6 DB DB
  nt_row_13=DE DB EE 24 24 E3 24 C6 C7 C8 C8 C8 24 C9 CA CB CC CD C8 C8 C8 C8 E8 E9 D3 24 E2 24 24 D6 DB DB
  nt_row_17=DC DA DC D7 24 24 24 24 24 24 24 24 24 F0 01 09 08 06 24 17 12 17 1D 0E 17 0D 18 24 D6 DC DB DF
  nt_row_20=E1 D9 DC ED E0 EF 24 24 19 1E 1C 11 24 1C 1D 0A 1B 1D 24 0B 1E 1D 1D 18 17 24 24 24 D6 D8 E1 D9
  pal=360F00103617270F36081A2836303B2200303B160017270F00081A2800303B22
  chr_008=00000000000000000000000000000000
  chr_01C=00000000000000000000000000000000
  chr_108=78C4E47886867C000000000000000000
  chr_11C=78CCC07C06C67C000000000000000000
SNAPSHOT frame=702 reason=state_change
  state gm=00 ready=01 script=00 sub=00 ppu_idx=00 ram_005C=00 auto=00 phase=00 frm=39 ctrl=B0 mask=1E ctrl_shadow=B0 mask_shadow=1E flush_done=01 vblank=00 mirror=10
  nt_row_04=DC EE 24 24 24 24 24 24 24 24 24 24 24 24 24 24 24 24 24 24 24 24 24 24 24 24 24 24 24 24 D6 DB
  nt_row_07=DE EE 24 24 24 E3 24 24 71 72 73 74 75 76 77 78 79 79 79 7A 7B 24 24 24 24 24 E2 24 24 24 D6 DB
  nt_row_08=DE D8 EF 24 24 E2 24 7C 7D 7E 7F 80 81 82 83 84 85 86 87 88 89 8A 8B 24 24 24 E3 24 24 24 D6 DF
  nt_row_11=DE DB D7 24 24 E3 70 AF B0 B1 B2 B3 B4 B5 B6 B7 B8 B9 BA BB BC BD BE BF C0 24 E2 24 24 D6 DB DB
  nt_row_13=DE DB EE 24 24 E3 24 C6 C7 C8 C8 C8 24 C9 CA CB CC CD C8 C8 C8 C8 E8 E9 D3 24 E2 24 24 D6 DB DB
  nt_row_17=DC DA DC D7 24 24 24 24 24 24 24 24 24 F0 01 09 08 06 24 17 12 17 1D 0E 17 0D 18 24 D6 DC DB DF
  nt_row_20=E1 D9 DC ED E0 EF 24 24 19 1E 1C 11 24 1C 1D 0A 1B 1D 24 0B 1E 1D 1D 18 17 24 24 24 D6 D8 E1 D9
  pal=360F00103617270F36081A2836303B2200303B160017270F00081A2800303B22
  chr_008=00000000000000000000000000000000
  chr_01C=00000000000000000000000000000000
  chr_108=78C4E47886867C000000000000000000
  chr_11C=78CCC07C06C67C000000000000000000
SNAPSHOT frame=703 reason=state_change
  state gm=00 ready=01 script=00 sub=00 ppu_idx=00 ram_005C=00 auto=00 phase=00 frm=3A ctrl=B0 mask=1E ctrl_shadow=B0 mask_shadow=1E flush_done=01 vblank=00 mirror=10
  nt_row_04=DC EE 24 24 24 24 24 24 24 24 24 24 24 24 24 24 24 24 24 24 24 24 24 24 24 24 24 24 24 24 D6 DB
  nt_row_07=DE EE 24 24 24 E3 24 24 71 72 73 74 75 76 77 78 79 79 79 7A 7B 24 24 24 24 24 E2 24 24 24 D6 DB
  nt_row_08=DE D8 EF 24 24 E2 24 7C 7D 7E 7F 80 81 82 83 84 85 86 87 88 89 8A 8B 24 24 24 E3 24 24 24 D6 DF
  nt_row_11=DE DB D7 24 24 E3 70 AF B0 B1 B2 B3 B4 B5 B6 B7 B8 B9 BA BB BC BD BE BF C0 24 E2 24 24 D6 DB DB
  nt_row_13=DE DB EE 24 24 E3 24 C6 C7 C8 C8 C8 24 C9 CA CB CC CD C8 C8 C8 C8 E8 E9 D3 24 E2 24 24 D6 DB DB
  nt_row_17=DC DA DC D7 24 24 24 24 24 24 24 24 24 F0 01 09 08 06 24 17 12 17 1D 0E 17 0D 18 24 D6 DC DB DF
  nt_row_20=E1 D9 DC ED E0 EF 24 24 19 1E 1C 11 24 1C 1D 0A 1B 1D 24 0B 1E 1D 1D 18 17 24 24 24 D6 D8 E1 D9
  pal=360F00103617270F36081A2836303B2200303B160017270F00081A2800303B22
  chr_008=00000000000000000000000000000000
  chr_01C=00000000000000000000000000000000
  chr_108=78C4E47886867C000000000000000000
  chr_11C=78CCC07C06C67C000000000000000000
SNAPSHOT frame=704 reason=state_change
  state gm=00 ready=01 script=00 sub=00 ppu_idx=00 ram_005C=00 auto=00 phase=00 frm=3B ctrl=B0 mask=1E ctrl_shadow=B0 mask_shadow=1E flush_done=01 vblank=00 mirror=10
  nt_row_04=DC EE 24 24 24 24 24 24 24 24 24 24 24 24 24 24 24 24 24 24 24 24 24 24 24 24 24 24 24 24 D6 DB
  nt_row_07=DE EE 24 24 24 E3 24 24 71 72 73 74 75 76 77 78 79 79 79 7A 7B 24 24 24 24 24 E2 24 24 24 D6 DB
  nt_row_08=DE D8 EF 24 24 E2 24 7C 7D 7E 7F 80 81 82 83 84 85 86 87 88 89 8A 8B 24 24 24 E3 24 24 24 D6 DF
  nt_row_11=DE DB D7 24 24 E3 70 AF B0 B1 B2 B3 B4 B5 B6 B7 B8 B9 BA BB BC BD BE BF C0 24 E2 24 24 D6 DB DB
  nt_row_13=DE DB EE 24 24 E3 24 C6 C7 C8 C8 C8 24 C9 CA CB CC CD C8 C8 C8 C8 E8 E9 D3 24 E2 24 24 D6 DB DB
  nt_row_17=DC DA DC D7 24 24 24 24 24 24 24 24 24 F0 01 09 08 06 24 17 12 17 1D 0E 17 0D 18 24 D6 DC DB DF
  nt_row_20=E1 D9 DC ED E0 EF 24 24 19 1E 1C 11 24 1C 1D 0A 1B 1D 24 0B 1E 1D 1D 18 17 24 24 24 D6 D8 E1 D9
  pal=360F00103617270F36081A2836303B2200303B160017270F00081A2800303B22
  chr_008=00000000000000000000000000000000
  chr_01C=00000000000000000000000000000000
  chr_108=78C4E47886867C000000000000000000
  chr_11C=78CCC07C06C67C000000000000000000
SNAPSHOT frame=705 reason=state_change
  state gm=00 ready=01 script=00 sub=00 ppu_idx=00 ram_005C=00 auto=00 phase=00 frm=3C ctrl=B0 mask=1E ctrl_shadow=B0 mask_shadow=1E flush_done=01 vblank=00 mirror=10
  nt_row_04=DC EE 24 24 24 24 24 24 24 24 24 24 24 24 24 24 24 24 24 24 24 24 24 24 24 24 24 24 24 24 D6 DB
  nt_row_07=DE EE 24 24 24 E3 24 24 71 72 73 74 75 76 77 78 79 79 79 7A 7B 24 24 24 24 24 E2 24 24 24 D6 DB
  nt_row_08=DE D8 EF 24 24 E2 24 7C 7D 7E 7F 80 81 82 83 84 85 86 87 88 89 8A 8B 24 24 24 E3 24 24 24 D6 DF
  nt_row_11=DE DB D7 24 24 E3 70 AF B0 B1 B2 B3 B4 B5 B6 B7 B8 B9 BA BB BC BD BE BF C0 24 E2 24 24 D6 DB DB
  nt_row_13=DE DB EE 24 24 E3 24 C6 C7 C8 C8 C8 24 C9 CA CB CC CD C8 C8 C8 C8 E8 E9 D3 24 E2 24 24 D6 DB DB
  nt_row_17=DC DA DC D7 24 24 24 24 24 24 24 24 24 F0 01 09 08 06 24 17 12 17 1D 0E 17 0D 18 24 D6 DC DB DF
  nt_row_20=E1 D9 DC ED E0 EF 24 24 19 1E 1C 11 24 1C 1D 0A 1B 1D 24 0B 1E 1D 1D 18 17 24 24 24 D6 D8 E1 D9
  pal=360F00103617270F36081A2836303B2200303B160017270F00081A2800303B22
  chr_008=00000000000000000000000000000000
  chr_01C=00000000000000000000000000000000
  chr_108=78C4E47886867C000000000000000000
  chr_11C=78CCC07C06C67C000000000000000000
SNAPSHOT frame=706 reason=state_change
  state gm=00 ready=01 script=00 sub=00 ppu_idx=00 ram_005C=00 auto=00 phase=00 frm=3D ctrl=B0 mask=1E ctrl_shadow=B0 mask_shadow=1E flush_done=01 vblank=00 mirror=10
  nt_row_04=DC EE 24 24 24 24 24 24 24 24 24 24 24 24 24 24 24 24 24 24 24 24 24 24 24 24 24 24 24 24 D6 DB
  nt_row_07=DE EE 24 24 24 E3 24 24 71 72 73 74 75 76 77 78 79 79 79 7A 7B 24 24 24 24 24 E2 24 24 24 D6 DB
  nt_row_08=DE D8 EF 24 24 E2 24 7C 7D 7E 7F 80 81 82 83 84 85 86 87 88 89 8A 8B 24 24 24 E3 24 24 24 D6 DF
  nt_row_11=DE DB D7 24 24 E3 70 AF B0 B1 B2 B3 B4 B5 B6 B7 B8 B9 BA BB BC BD BE BF C0 24 E2 24 24 D6 DB DB
  nt_row_13=DE DB EE 24 24 E3 24 C6 C7 C8 C8 C8 24 C9 CA CB CC CD C8 C8 C8 C8 E8 E9 D3 24 E2 24 24 D6 DB DB
  nt_row_17=DC DA DC D7 24 24 24 24 24 24 24 24 24 F0 01 09 08 06 24 17 12 17 1D 0E 17 0D 18 24 D6 DC DB DF
  nt_row_20=E1 D9 DC ED E0 EF 24 24 19 1E 1C 11 24 1C 1D 0A 1B 1D 24 0B 1E 1D 1D 18 17 24 24 24 D6 D8 E1 D9
  pal=360F00103617270F36081A2836303B2200303B160017270F00081A2800303B22
  chr_008=00000000000000000000000000000000
  chr_01C=00000000000000000000000000000000
  chr_108=78C4E47886867C000000000000000000
  chr_11C=78CCC07C06C67C000000000000000000
SNAPSHOT frame=707 reason=state_change
  state gm=00 ready=01 script=00 sub=00 ppu_idx=00 ram_005C=00 auto=00 phase=00 frm=3E ctrl=B0 mask=1E ctrl_shadow=B0 mask_shadow=1E flush_done=01 vblank=00 mirror=10
  nt_row_04=DC EE 24 24 24 24 24 24 24 24 24 24 24 24 24 24 24 24 24 24 24 24 24 24 24 24 24 24 24 24 D6 DB
  nt_row_07=DE EE 24 24 24 E3 24 24 71 72 73 74 75 76 77 78 79 79 79 7A 7B 24 24 24 24 24 E2 24 24 24 D6 DB
  nt_row_08=DE D8 EF 24 24 E2 24 7C 7D 7E 7F 80 81 82 83 84 85 86 87 88 89 8A 8B 24 24 24 E3 24 24 24 D6 DF
  nt_row_11=DE DB D7 24 24 E3 70 AF B0 B1 B2 B3 B4 B5 B6 B7 B8 B9 BA BB BC BD BE BF C0 24 E2 24 24 D6 DB DB
  nt_row_13=DE DB EE 24 24 E3 24 C6 C7 C8 C8 C8 24 C9 CA CB CC CD C8 C8 C8 C8 E8 E9 D3 24 E2 24 24 D6 DB DB
  nt_row_17=DC DA DC D7 24 24 24 24 24 24 24 24 24 F0 01 09 08 06 24 17 12 17 1D 0E 17 0D 18 24 D6 DC DB DF
  nt_row_20=E1 D9 DC ED E0 EF 24 24 19 1E 1C 11 24 1C 1D 0A 1B 1D 24 0B 1E 1D 1D 18 17 24 24 24 D6 D8 E1 D9
  pal=360F00103617270F36081A2836303B2200303B160017270F00081A2800303B22
  chr_008=00000000000000000000000000000000
  chr_01C=00000000000000000000000000000000
  chr_108=78C4E47886867C000000000000000000
  chr_11C=78CCC07C06C67C000000000000000000
SNAPSHOT frame=708 reason=state_change
  state gm=00 ready=01 script=00 sub=00 ppu_idx=00 ram_005C=00 auto=00 phase=00 frm=3F ctrl=B0 mask=1E ctrl_shadow=B0 mask_shadow=1E flush_done=01 vblank=00 mirror=10
  nt_row_04=DC EE 24 24 24 24 24 24 24 24 24 24 24 24 24 24 24 24 24 24 24 24 24 24 24 24 24 24 24 24 D6 DB
  nt_row_07=DE EE 24 24 24 E3 24 24 71 72 73 74 75 76 77 78 79 79 79 7A 7B 24 24 24 24 24 E2 24 24 24 D6 DB
  nt_row_08=DE D8 EF 24 24 E2 24 7C 7D 7E 7F 80 81 82 83 84 85 86 87 88 89 8A 8B 24 24 24 E3 24 24 24 D6 DF
  nt_row_11=DE DB D7 24 24 E3 70 AF B0 B1 B2 B3 B4 B5 B6 B7 B8 B9 BA BB BC BD BE BF C0 24 E2 24 24 D6 DB DB
  nt_row_13=DE DB EE 24 24 E3 24 C6 C7 C8 C8 C8 24 C9 CA CB CC CD C8 C8 C8 C8 E8 E9 D3 24 E2 24 24 D6 DB DB
  nt_row_17=DC DA DC D7 24 24 24 24 24 24 24 24 24 F0 01 09 08 06 24 17 12 17 1D 0E 17 0D 18 24 D6 DC DB DF
  nt_row_20=E1 D9 DC ED E0 EF 24 24 19 1E 1C 11 24 1C 1D 0A 1B 1D 24 0B 1E 1D 1D 18 17 24 24 24 D6 D8 E1 D9
  pal=360F00103617270F36081A2836303B2200303B160017270F00081A2800303B22
  chr_008=00000000000000000000000000000000
  chr_01C=00000000000000000000000000000000
  chr_108=78C4E47886867C000000000000000000
  chr_11C=78CCC07C06C67C000000000000000000
SNAPSHOT frame=709 reason=state_change
  state gm=00 ready=01 script=00 sub=00 ppu_idx=00 ram_005C=00 auto=00 phase=00 frm=40 ctrl=B0 mask=1E ctrl_shadow=B0 mask_shadow=1E flush_done=01 vblank=00 mirror=10
  nt_row_04=DC EE 24 24 24 24 24 24 24 24 24 24 24 24 24 24 24 24 24 24 24 24 24 24 24 24 24 24 24 24 D6 DB
  nt_row_07=DE EE 24 24 24 E3 24 24 71 72 73 74 75 76 77 78 79 79 79 7A 7B 24 24 24 24 24 E2 24 24 24 D6 DB
  nt_row_08=DE D8 EF 24 24 E2 24 7C 7D 7E 7F 80 81 82 83 84 85 86 87 88 89 8A 8B 24 24 24 E3 24 24 24 D6 DF
  nt_row_11=DE DB D7 24 24 E3 70 AF B0 B1 B2 B3 B4 B5 B6 B7 B8 B9 BA BB BC BD BE BF C0 24 E2 24 24 D6 DB DB
  nt_row_13=DE DB EE 24 24 E3 24 C6 C7 C8 C8 C8 24 C9 CA CB CC CD C8 C8 C8 C8 E8 E9 D3 24 E2 24 24 D6 DB DB
  nt_row_17=DC DA DC D7 24 24 24 24 24 24 24 24 24 F0 01 09 08 06 24 17 12 17 1D 0E 17 0D 18 24 D6 DC DB DF
  nt_row_20=E1 D9 DC ED E0 EF 24 24 19 1E 1C 11 24 1C 1D 0A 1B 1D 24 0B 1E 1D 1D 18 17 24 24 24 D6 D8 E1 D9
  pal=360F00103617270F36081A2836303B2200303B160017270F00081A2800303B22
  chr_008=00000000000000000000000000000000
  chr_01C=00000000000000000000000000000000
  chr_108=78C4E47886867C000000000000000000
  chr_11C=78CCC07C06C67C000000000000000000
SNAPSHOT frame=710 reason=state_change
  state gm=00 ready=01 script=00 sub=00 ppu_idx=00 ram_005C=00 auto=00 phase=00 frm=41 ctrl=B0 mask=1E ctrl_shadow=B0 mask_shadow=1E flush_done=01 vblank=00 mirror=10
  nt_row_04=DC EE 24 24 24 24 24 24 24 24 24 24 24 24 24 24 24 24 24 24 24 24 24 24 24 24 24 24 24 24 D6 DB
  nt_row_07=DE EE 24 24 24 E3 24 24 71 72 73 74 75 76 77 78 79 79 79 7A 7B 24 24 24 24 24 E2 24 24 24 D6 DB
  nt_row_08=DE D8 EF 24 24 E2 24 7C 7D 7E 7F 80 81 82 83 84 85 86 87 88 89 8A 8B 24 24 24 E3 24 24 24 D6 DF
  nt_row_11=DE DB D7 24 24 E3 70 AF B0 B1 B2 B3 B4 B5 B6 B7 B8 B9 BA BB BC BD BE BF C0 24 E2 24 24 D6 DB DB
  nt_row_13=DE DB EE 24 24 E3 24 C6 C7 C8 C8 C8 24 C9 CA CB CC CD C8 C8 C8 C8 E8 E9 D3 24 E2 24 24 D6 DB DB
  nt_row_17=DC DA DC D7 24 24 24 24 24 24 24 24 24 F0 01 09 08 06 24 17 12 17 1D 0E 17 0D 18 24 D6 DC DB DF
  nt_row_20=E1 D9 DC ED E0 EF 24 24 19 1E 1C 11 24 1C 1D 0A 1B 1D 24 0B 1E 1D 1D 18 17 24 24 24 D6 D8 E1 D9
  pal=360F00103617270F36081A2836303B2200303B160017270F00081A2800303B22
  chr_008=00000000000000000000000000000000
  chr_01C=00000000000000000000000000000000
  chr_108=78C4E47886867C000000000000000000
  chr_11C=78CCC07C06C67C000000000000000000
SNAPSHOT frame=711 reason=state_change
  state gm=00 ready=01 script=00 sub=00 ppu_idx=00 ram_005C=00 auto=00 phase=00 frm=42 ctrl=B0 mask=1E ctrl_shadow=B0 mask_shadow=1E flush_done=01 vblank=00 mirror=10
  nt_row_04=DC EE 24 24 24 24 24 24 24 24 24 24 24 24 24 24 24 24 24 24 24 24 24 24 24 24 24 24 24 24 D6 DB
  nt_row_07=DE EE 24 24 24 E3 24 24 71 72 73 74 75 76 77 78 79 79 79 7A 7B 24 24 24 24 24 E2 24 24 24 D6 DB
  nt_row_08=DE D8 EF 24 24 E2 24 7C 7D 7E 7F 80 81 82 83 84 85 86 87 88 89 8A 8B 24 24 24 E3 24 24 24 D6 DF
  nt_row_11=DE DB D7 24 24 E3 70 AF B0 B1 B2 B3 B4 B5 B6 B7 B8 B9 BA BB BC BD BE BF C0 24 E2 24 24 D6 DB DB
  nt_row_13=DE DB EE 24 24 E3 24 C6 C7 C8 C8 C8 24 C9 CA CB CC CD C8 C8 C8 C8 E8 E9 D3 24 E2 24 24 D6 DB DB
  nt_row_17=DC DA DC D7 24 24 24 24 24 24 24 24 24 F0 01 09 08 06 24 17 12 17 1D 0E 17 0D 18 24 D6 DC DB DF
  nt_row_20=E1 D9 DC ED E0 EF 24 24 19 1E 1C 11 24 1C 1D 0A 1B 1D 24 0B 1E 1D 1D 18 17 24 24 24 D6 D8 E1 D9
  pal=360F00103617270F36081A2836303B2200303B160017270F00081A2800303B22
  chr_008=00000000000000000000000000000000
  chr_01C=00000000000000000000000000000000
  chr_108=78C4E47886867C000000000000000000
  chr_11C=78CCC07C06C67C000000000000000000
SNAPSHOT frame=712 reason=state_change
  state gm=00 ready=01 script=00 sub=00 ppu_idx=00 ram_005C=00 auto=00 phase=00 frm=43 ctrl=B0 mask=1E ctrl_shadow=B0 mask_shadow=1E flush_done=01 vblank=00 mirror=10
  nt_row_04=DC EE 24 24 24 24 24 24 24 24 24 24 24 24 24 24 24 24 24 24 24 24 24 24 24 24 24 24 24 24 D6 DB
  nt_row_07=DE EE 24 24 24 E3 24 24 71 72 73 74 75 76 77 78 79 79 79 7A 7B 24 24 24 24 24 E2 24 24 24 D6 DB
  nt_row_08=DE D8 EF 24 24 E2 24 7C 7D 7E 7F 80 81 82 83 84 85 86 87 88 89 8A 8B 24 24 24 E3 24 24 24 D6 DF
  nt_row_11=DE DB D7 24 24 E3 70 AF B0 B1 B2 B3 B4 B5 B6 B7 B8 B9 BA BB BC BD BE BF C0 24 E2 24 24 D6 DB DB
  nt_row_13=DE DB EE 24 24 E3 24 C6 C7 C8 C8 C8 24 C9 CA CB CC CD C8 C8 C8 C8 E8 E9 D3 24 E2 24 24 D6 DB DB
  nt_row_17=DC DA DC D7 24 24 24 24 24 24 24 24 24 F0 01 09 08 06 24 17 12 17 1D 0E 17 0D 18 24 D6 DC DB DF
  nt_row_20=E1 D9 DC ED E0 EF 24 24 19 1E 1C 11 24 1C 1D 0A 1B 1D 24 0B 1E 1D 1D 18 17 24 24 24 D6 D8 E1 D9
  pal=360F00103617270F36081A2836303B2200303B160017270F00081A2800303B22
  chr_008=00000000000000000000000000000000
  chr_01C=00000000000000000000000000000000
  chr_108=78C4E47886867C000000000000000000
  chr_11C=78CCC07C06C67C000000000000000000
SNAPSHOT frame=713 reason=state_change
  state gm=00 ready=01 script=00 sub=00 ppu_idx=00 ram_005C=00 auto=00 phase=00 frm=44 ctrl=B0 mask=1E ctrl_shadow=B0 mask_shadow=1E flush_done=01 vblank=00 mirror=10
  nt_row_04=DC EE 24 24 24 24 24 24 24 24 24 24 24 24 24 24 24 24 24 24 24 24 24 24 24 24 24 24 24 24 D6 DB
  nt_row_07=DE EE 24 24 24 E3 24 24 71 72 73 74 75 76 77 78 79 79 79 7A 7B 24 24 24 24 24 E2 24 24 24 D6 DB
  nt_row_08=DE D8 EF 24 24 E2 24 7C 7D 7E 7F 80 81 82 83 84 85 86 87 88 89 8A 8B 24 24 24 E3 24 24 24 D6 DF
  nt_row_11=DE DB D7 24 24 E3 70 AF B0 B1 B2 B3 B4 B5 B6 B7 B8 B9 BA BB BC BD BE BF C0 24 E2 24 24 D6 DB DB
  nt_row_13=DE DB EE 24 24 E3 24 C6 C7 C8 C8 C8 24 C9 CA CB CC CD C8 C8 C8 C8 E8 E9 D3 24 E2 24 24 D6 DB DB
  nt_row_17=DC DA DC D7 24 24 24 24 24 24 24 24 24 F0 01 09 08 06 24 17 12 17 1D 0E 17 0D 18 24 D6 DC DB DF
  nt_row_20=E1 D9 DC ED E0 EF 24 24 19 1E 1C 11 24 1C 1D 0A 1B 1D 24 0B 1E 1D 1D 18 17 24 24 24 D6 D8 E1 D9
  pal=360F00103617270F36081A2836303B2200303B160017270F00081A2800303B22
  chr_008=00000000000000000000000000000000
  chr_01C=00000000000000000000000000000000
  chr_108=78C4E47886867C000000000000000000
  chr_11C=78CCC07C06C67C000000000000000000
SNAPSHOT frame=714 reason=state_change
  state gm=00 ready=01 script=00 sub=00 ppu_idx=00 ram_005C=00 auto=00 phase=00 frm=45 ctrl=B0 mask=1E ctrl_shadow=B0 mask_shadow=1E flush_done=01 vblank=00 mirror=10
  nt_row_04=DC EE 24 24 24 24 24 24 24 24 24 24 24 24 24 24 24 24 24 24 24 24 24 24 24 24 24 24 24 24 D6 DB
  nt_row_07=DE EE 24 24 24 E3 24 24 71 72 73 74 75 76 77 78 79 79 79 7A 7B 24 24 24 24 24 E2 24 24 24 D6 DB
  nt_row_08=DE D8 EF 24 24 E2 24 7C 7D 7E 7F 80 81 82 83 84 85 86 87 88 89 8A 8B 24 24 24 E3 24 24 24 D6 DF
  nt_row_11=DE DB D7 24 24 E3 70 AF B0 B1 B2 B3 B4 B5 B6 B7 B8 B9 BA BB BC BD BE BF C0 24 E2 24 24 D6 DB DB
  nt_row_13=DE DB EE 24 24 E3 24 C6 C7 C8 C8 C8 24 C9 CA CB CC CD C8 C8 C8 C8 E8 E9 D3 24 E2 24 24 D6 DB DB
  nt_row_17=DC DA DC D7 24 24 24 24 24 24 24 24 24 F0 01 09 08 06 24 17 12 17 1D 0E 17 0D 18 24 D6 DC DB DF
  nt_row_20=E1 D9 DC ED E0 EF 24 24 19 1E 1C 11 24 1C 1D 0A 1B 1D 24 0B 1E 1D 1D 18 17 24 24 24 D6 D8 E1 D9
  pal=360F00103617270F36081A2836303B2200303B160017270F00081A2800303B22
  chr_008=00000000000000000000000000000000
  chr_01C=00000000000000000000000000000000
  chr_108=78C4E47886867C000000000000000000
  chr_11C=78CCC07C06C67C000000000000000000
SNAPSHOT frame=715 reason=state_change
  state gm=00 ready=01 script=00 sub=00 ppu_idx=00 ram_005C=00 auto=00 phase=00 frm=46 ctrl=B0 mask=1E ctrl_shadow=B0 mask_shadow=1E flush_done=01 vblank=00 mirror=10
  nt_row_04=DC EE 24 24 24 24 24 24 24 24 24 24 24 24 24 24 24 24 24 24 24 24 24 24 24 24 24 24 24 24 D6 DB
  nt_row_07=DE EE 24 24 24 E3 24 24 71 72 73 74 75 76 77 78 79 79 79 7A 7B 24 24 24 24 24 E2 24 24 24 D6 DB
  nt_row_08=DE D8 EF 24 24 E2 24 7C 7D 7E 7F 80 81 82 83 84 85 86 87 88 89 8A 8B 24 24 24 E3 24 24 24 D6 DF
  nt_row_11=DE DB D7 24 24 E3 70 AF B0 B1 B2 B3 B4 B5 B6 B7 B8 B9 BA BB BC BD BE BF C0 24 E2 24 24 D6 DB DB
  nt_row_13=DE DB EE 24 24 E3 24 C6 C7 C8 C8 C8 24 C9 CA CB CC CD C8 C8 C8 C8 E8 E9 D3 24 E2 24 24 D6 DB DB
  nt_row_17=DC DA DC D7 24 24 24 24 24 24 24 24 24 F0 01 09 08 06 24 17 12 17 1D 0E 17 0D 18 24 D6 DC DB DF
  nt_row_20=E1 D9 DC ED E0 EF 24 24 19 1E 1C 11 24 1C 1D 0A 1B 1D 24 0B 1E 1D 1D 18 17 24 24 24 D6 D8 E1 D9
  pal=360F00103617270F36081A2836303B2200303B160017270F00081A2800303B22
  chr_008=00000000000000000000000000000000
  chr_01C=00000000000000000000000000000000
  chr_108=78C4E47886867C000000000000000000
  chr_11C=78CCC07C06C67C000000000000000000
SNAPSHOT frame=716 reason=state_change
  state gm=00 ready=01 script=00 sub=00 ppu_idx=00 ram_005C=00 auto=00 phase=00 frm=47 ctrl=B0 mask=1E ctrl_shadow=B0 mask_shadow=1E flush_done=01 vblank=00 mirror=10
  nt_row_04=DC EE 24 24 24 24 24 24 24 24 24 24 24 24 24 24 24 24 24 24 24 24 24 24 24 24 24 24 24 24 D6 DB
  nt_row_07=DE EE 24 24 24 E3 24 24 71 72 73 74 75 76 77 78 79 79 79 7A 7B 24 24 24 24 24 E2 24 24 24 D6 DB
  nt_row_08=DE D8 EF 24 24 E2 24 7C 7D 7E 7F 80 81 82 83 84 85 86 87 88 89 8A 8B 24 24 24 E3 24 24 24 D6 DF
  nt_row_11=DE DB D7 24 24 E3 70 AF B0 B1 B2 B3 B4 B5 B6 B7 B8 B9 BA BB BC BD BE BF C0 24 E2 24 24 D6 DB DB
  nt_row_13=DE DB EE 24 24 E3 24 C6 C7 C8 C8 C8 24 C9 CA CB CC CD C8 C8 C8 C8 E8 E9 D3 24 E2 24 24 D6 DB DB
  nt_row_17=DC DA DC D7 24 24 24 24 24 24 24 24 24 F0 01 09 08 06 24 17 12 17 1D 0E 17 0D 18 24 D6 DC DB DF
  nt_row_20=E1 D9 DC ED E0 EF 24 24 19 1E 1C 11 24 1C 1D 0A 1B 1D 24 0B 1E 1D 1D 18 17 24 24 24 D6 D8 E1 D9
  pal=360F00103617270F36081A2836303B2200303B160017270F00081A2800303B22
  chr_008=00000000000000000000000000000000
  chr_01C=00000000000000000000000000000000
  chr_108=78C4E47886867C000000000000000000
  chr_11C=78CCC07C06C67C000000000000000000
SNAPSHOT frame=717 reason=state_change
  state gm=00 ready=01 script=00 sub=00 ppu_idx=00 ram_005C=00 auto=00 phase=00 frm=48 ctrl=B0 mask=1E ctrl_shadow=B0 mask_shadow=1E flush_done=01 vblank=00 mirror=10
  nt_row_04=DC EE 24 24 24 24 24 24 24 24 24 24 24 24 24 24 24 24 24 24 24 24 24 24 24 24 24 24 24 24 D6 DB
  nt_row_07=DE EE 24 24 24 E3 24 24 71 72 73 74 75 76 77 78 79 79 79 7A 7B 24 24 24 24 24 E2 24 24 24 D6 DB
  nt_row_08=DE D8 EF 24 24 E2 24 7C 7D 7E 7F 80 81 82 83 84 85 86 87 88 89 8A 8B 24 24 24 E3 24 24 24 D6 DF
  nt_row_11=DE DB D7 24 24 E3 70 AF B0 B1 B2 B3 B4 B5 B6 B7 B8 B9 BA BB BC BD BE BF C0 24 E2 24 24 D6 DB DB
  nt_row_13=DE DB EE 24 24 E3 24 C6 C7 C8 C8 C8 24 C9 CA CB CC CD C8 C8 C8 C8 E8 E9 D3 24 E2 24 24 D6 DB DB
  nt_row_17=DC DA DC D7 24 24 24 24 24 24 24 24 24 F0 01 09 08 06 24 17 12 17 1D 0E 17 0D 18 24 D6 DC DB DF
  nt_row_20=E1 D9 DC ED E0 EF 24 24 19 1E 1C 11 24 1C 1D 0A 1B 1D 24 0B 1E 1D 1D 18 17 24 24 24 D6 D8 E1 D9
  pal=360F00103617270F36081A2836303B2200303B160017270F00081A2800303B22
  chr_008=00000000000000000000000000000000
  chr_01C=00000000000000000000000000000000
  chr_108=78C4E47886867C000000000000000000
  chr_11C=78CCC07C06C67C000000000000000000
SNAPSHOT frame=718 reason=state_change
  state gm=00 ready=01 script=00 sub=00 ppu_idx=00 ram_005C=00 auto=00 phase=00 frm=49 ctrl=B0 mask=1E ctrl_shadow=B0 mask_shadow=1E flush_done=01 vblank=00 mirror=10
  nt_row_04=DC EE 24 24 24 24 24 24 24 24 24 24 24 24 24 24 24 24 24 24 24 24 24 24 24 24 24 24 24 24 D6 DB
  nt_row_07=DE EE 24 24 24 E3 24 24 71 72 73 74 75 76 77 78 79 79 79 7A 7B 24 24 24 24 24 E2 24 24 24 D6 DB
  nt_row_08=DE D8 EF 24 24 E2 24 7C 7D 7E 7F 80 81 82 83 84 85 86 87 88 89 8A 8B 24 24 24 E3 24 24 24 D6 DF
  nt_row_11=DE DB D7 24 24 E3 70 AF B0 B1 B2 B3 B4 B5 B6 B7 B8 B9 BA BB BC BD BE BF C0 24 E2 24 24 D6 DB DB
  nt_row_13=DE DB EE 24 24 E3 24 C6 C7 C8 C8 C8 24 C9 CA CB CC CD C8 C8 C8 C8 E8 E9 D3 24 E2 24 24 D6 DB DB
  nt_row_17=DC DA DC D7 24 24 24 24 24 24 24 24 24 F0 01 09 08 06 24 17 12 17 1D 0E 17 0D 18 24 D6 DC DB DF
  nt_row_20=E1 D9 DC ED E0 EF 24 24 19 1E 1C 11 24 1C 1D 0A 1B 1D 24 0B 1E 1D 1D 18 17 24 24 24 D6 D8 E1 D9
  pal=360F00103617270F36081A2836303B2200303B160017270F00081A2800303B22
  chr_008=00000000000000000000000000000000
  chr_01C=00000000000000000000000000000000
  chr_108=78C4E47886867C000000000000000000
  chr_11C=78CCC07C06C67C000000000000000000
SNAPSHOT frame=719 reason=state_change
  state gm=00 ready=01 script=00 sub=00 ppu_idx=00 ram_005C=00 auto=00 phase=00 frm=4A ctrl=B0 mask=1E ctrl_shadow=B0 mask_shadow=1E flush_done=01 vblank=00 mirror=10
  nt_row_04=DC EE 24 24 24 24 24 24 24 24 24 24 24 24 24 24 24 24 24 24 24 24 24 24 24 24 24 24 24 24 D6 DB
  nt_row_07=DE EE 24 24 24 E3 24 24 71 72 73 74 75 76 77 78 79 79 79 7A 7B 24 24 24 24 24 E2 24 24 24 D6 DB
  nt_row_08=DE D8 EF 24 24 E2 24 7C 7D 7E 7F 80 81 82 83 84 85 86 87 88 89 8A 8B 24 24 24 E3 24 24 24 D6 DF
  nt_row_11=DE DB D7 24 24 E3 70 AF B0 B1 B2 B3 B4 B5 B6 B7 B8 B9 BA BB BC BD BE BF C0 24 E2 24 24 D6 DB DB
  nt_row_13=DE DB EE 24 24 E3 24 C6 C7 C8 C8 C8 24 C9 CA CB CC CD C8 C8 C8 C8 E8 E9 D3 24 E2 24 24 D6 DB DB
  nt_row_17=DC DA DC D7 24 24 24 24 24 24 24 24 24 F0 01 09 08 06 24 17 12 17 1D 0E 17 0D 18 24 D6 DC DB DF
  nt_row_20=E1 D9 DC ED E0 EF 24 24 19 1E 1C 11 24 1C 1D 0A 1B 1D 24 0B 1E 1D 1D 18 17 24 24 24 D6 D8 E1 D9
  pal=360F00103617270F36081A2836303B2200303B160017270F00081A2800303B22
  chr_008=00000000000000000000000000000000
  chr_01C=00000000000000000000000000000000
  chr_108=78C4E47886867C000000000000000000
  chr_11C=78CCC07C06C67C000000000000000000
SNAPSHOT frame=720 reason=state_change
  state gm=00 ready=01 script=00 sub=00 ppu_idx=00 ram_005C=00 auto=00 phase=00 frm=4B ctrl=B0 mask=1E ctrl_shadow=B0 mask_shadow=1E flush_done=01 vblank=00 mirror=10
  nt_row_04=DC EE 24 24 24 24 24 24 24 24 24 24 24 24 24 24 24 24 24 24 24 24 24 24 24 24 24 24 24 24 D6 DB
  nt_row_07=DE EE 24 24 24 E3 24 24 71 72 73 74 75 76 77 78 79 79 79 7A 7B 24 24 24 24 24 E2 24 24 24 D6 DB
  nt_row_08=DE D8 EF 24 24 E2 24 7C 7D 7E 7F 80 81 82 83 84 85 86 87 88 89 8A 8B 24 24 24 E3 24 24 24 D6 DF
  nt_row_11=DE DB D7 24 24 E3 70 AF B0 B1 B2 B3 B4 B5 B6 B7 B8 B9 BA BB BC BD BE BF C0 24 E2 24 24 D6 DB DB
  nt_row_13=DE DB EE 24 24 E3 24 C6 C7 C8 C8 C8 24 C9 CA CB CC CD C8 C8 C8 C8 E8 E9 D3 24 E2 24 24 D6 DB DB
  nt_row_17=DC DA DC D7 24 24 24 24 24 24 24 24 24 F0 01 09 08 06 24 17 12 17 1D 0E 17 0D 18 24 D6 DC DB DF
  nt_row_20=E1 D9 DC ED E0 EF 24 24 19 1E 1C 11 24 1C 1D 0A 1B 1D 24 0B 1E 1D 1D 18 17 24 24 24 D6 D8 E1 D9
  pal=360F00103617270F36081A2836303B2200303B160017270F00081A2800303B22
  chr_008=00000000000000000000000000000000
  chr_01C=00000000000000000000000000000000
  chr_108=78C4E47886867C000000000000000000
  chr_11C=78CCC07C06C67C000000000000000000
SNAPSHOT frame=721 reason=state_change
  state gm=00 ready=01 script=00 sub=00 ppu_idx=00 ram_005C=00 auto=00 phase=00 frm=4C ctrl=B0 mask=1E ctrl_shadow=B0 mask_shadow=1E flush_done=01 vblank=00 mirror=10
  nt_row_04=DC EE 24 24 24 24 24 24 24 24 24 24 24 24 24 24 24 24 24 24 24 24 24 24 24 24 24 24 24 24 D6 DB
  nt_row_07=DE EE 24 24 24 E3 24 24 71 72 73 74 75 76 77 78 79 79 79 7A 7B 24 24 24 24 24 E2 24 24 24 D6 DB
  nt_row_08=DE D8 EF 24 24 E2 24 7C 7D 7E 7F 80 81 82 83 84 85 86 87 88 89 8A 8B 24 24 24 E3 24 24 24 D6 DF
  nt_row_11=DE DB D7 24 24 E3 70 AF B0 B1 B2 B3 B4 B5 B6 B7 B8 B9 BA BB BC BD BE BF C0 24 E2 24 24 D6 DB DB
  nt_row_13=DE DB EE 24 24 E3 24 C6 C7 C8 C8 C8 24 C9 CA CB CC CD C8 C8 C8 C8 E8 E9 D3 24 E2 24 24 D6 DB DB
  nt_row_17=DC DA DC D7 24 24 24 24 24 24 24 24 24 F0 01 09 08 06 24 17 12 17 1D 0E 17 0D 18 24 D6 DC DB DF
  nt_row_20=E1 D9 DC ED E0 EF 24 24 19 1E 1C 11 24 1C 1D 0A 1B 1D 24 0B 1E 1D 1D 18 17 24 24 24 D6 D8 E1 D9
  pal=360F00103617270F36081A2836303B2200303B160017270F00081A2800303B22
  chr_008=00000000000000000000000000000000
  chr_01C=00000000000000000000000000000000
  chr_108=78C4E47886867C000000000000000000
  chr_11C=78CCC07C06C67C000000000000000000
SNAPSHOT frame=722 reason=state_change
  state gm=00 ready=01 script=00 sub=00 ppu_idx=00 ram_005C=00 auto=00 phase=00 frm=4D ctrl=B0 mask=1E ctrl_shadow=B0 mask_shadow=1E flush_done=01 vblank=00 mirror=10
  nt_row_04=DC EE 24 24 24 24 24 24 24 24 24 24 24 24 24 24 24 24 24 24 24 24 24 24 24 24 24 24 24 24 D6 DB
  nt_row_07=DE EE 24 24 24 E3 24 24 71 72 73 74 75 76 77 78 79 79 79 7A 7B 24 24 24 24 24 E2 24 24 24 D6 DB
  nt_row_08=DE D8 EF 24 24 E2 24 7C 7D 7E 7F 80 81 82 83 84 85 86 87 88 89 8A 8B 24 24 24 E3 24 24 24 D6 DF
  nt_row_11=DE DB D7 24 24 E3 70 AF B0 B1 B2 B3 B4 B5 B6 B7 B8 B9 BA BB BC BD BE BF C0 24 E2 24 24 D6 DB DB
  nt_row_13=DE DB EE 24 24 E3 24 C6 C7 C8 C8 C8 24 C9 CA CB CC CD C8 C8 C8 C8 E8 E9 D3 24 E2 24 24 D6 DB DB
  nt_row_17=DC DA DC D7 24 24 24 24 24 24 24 24 24 F0 01 09 08 06 24 17 12 17 1D 0E 17 0D 18 24 D6 DC DB DF
  nt_row_20=E1 D9 DC ED E0 EF 24 24 19 1E 1C 11 24 1C 1D 0A 1B 1D 24 0B 1E 1D 1D 18 17 24 24 24 D6 D8 E1 D9
  pal=360F00103617270F36081A2836303B2200303B160017270F00081A2800303B22
  chr_008=00000000000000000000000000000000
  chr_01C=00000000000000000000000000000000
  chr_108=78C4E47886867C000000000000000000
  chr_11C=78CCC07C06C67C000000000000000000
SNAPSHOT frame=723 reason=state_change
  state gm=00 ready=01 script=00 sub=00 ppu_idx=00 ram_005C=00 auto=00 phase=00 frm=4E ctrl=B0 mask=1E ctrl_shadow=B0 mask_shadow=1E flush_done=01 vblank=00 mirror=10
  nt_row_04=DC EE 24 24 24 24 24 24 24 24 24 24 24 24 24 24 24 24 24 24 24 24 24 24 24 24 24 24 24 24 D6 DB
  nt_row_07=DE EE 24 24 24 E3 24 24 71 72 73 74 75 76 77 78 79 79 79 7A 7B 24 24 24 24 24 E2 24 24 24 D6 DB
  nt_row_08=DE D8 EF 24 24 E2 24 7C 7D 7E 7F 80 81 82 83 84 85 86 87 88 89 8A 8B 24 24 24 E3 24 24 24 D6 DF
  nt_row_11=DE DB D7 24 24 E3 70 AF B0 B1 B2 B3 B4 B5 B6 B7 B8 B9 BA BB BC BD BE BF C0 24 E2 24 24 D6 DB DB
  nt_row_13=DE DB EE 24 24 E3 24 C6 C7 C8 C8 C8 24 C9 CA CB CC CD C8 C8 C8 C8 E8 E9 D3 24 E2 24 24 D6 DB DB
  nt_row_17=DC DA DC D7 24 24 24 24 24 24 24 24 24 F0 01 09 08 06 24 17 12 17 1D 0E 17 0D 18 24 D6 DC DB DF
  nt_row_20=E1 D9 DC ED E0 EF 24 24 19 1E 1C 11 24 1C 1D 0A 1B 1D 24 0B 1E 1D 1D 18 17 24 24 24 D6 D8 E1 D9
  pal=360F00103617270F36081A2836303B2200303B160017270F00081A2800303B22
  chr_008=00000000000000000000000000000000
  chr_01C=00000000000000000000000000000000
  chr_108=78C4E47886867C000000000000000000
  chr_11C=78CCC07C06C67C000000000000000000
SNAPSHOT frame=724 reason=state_change
  state gm=00 ready=01 script=00 sub=00 ppu_idx=00 ram_005C=00 auto=00 phase=00 frm=4F ctrl=B0 mask=1E ctrl_shadow=B0 mask_shadow=1E flush_done=01 vblank=00 mirror=10
  nt_row_04=DC EE 24 24 24 24 24 24 24 24 24 24 24 24 24 24 24 24 24 24 24 24 24 24 24 24 24 24 24 24 D6 DB
  nt_row_07=DE EE 24 24 24 E3 24 24 71 72 73 74 75 76 77 78 79 79 79 7A 7B 24 24 24 24 24 E2 24 24 24 D6 DB
  nt_row_08=DE D8 EF 24 24 E2 24 7C 7D 7E 7F 80 81 82 83 84 85 86 87 88 89 8A 8B 24 24 24 E3 24 24 24 D6 DF
  nt_row_11=DE DB D7 24 24 E3 70 AF B0 B1 B2 B3 B4 B5 B6 B7 B8 B9 BA BB BC BD BE BF C0 24 E2 24 24 D6 DB DB
  nt_row_13=DE DB EE 24 24 E3 24 C6 C7 C8 C8 C8 24 C9 CA CB CC CD C8 C8 C8 C8 E8 E9 D3 24 E2 24 24 D6 DB DB
  nt_row_17=DC DA DC D7 24 24 24 24 24 24 24 24 24 F0 01 09 08 06 24 17 12 17 1D 0E 17 0D 18 24 D6 DC DB DF
  nt_row_20=E1 D9 DC ED E0 EF 24 24 19 1E 1C 11 24 1C 1D 0A 1B 1D 24 0B 1E 1D 1D 18 17 24 24 24 D6 D8 E1 D9
  pal=360F00103617270F36081A2836303B2200303B160017270F00081A2800303B22
  chr_008=00000000000000000000000000000000
  chr_01C=00000000000000000000000000000000
  chr_108=78C4E47886867C000000000000000000
  chr_11C=78CCC07C06C67C000000000000000000
SNAPSHOT frame=725 reason=state_change
  state gm=00 ready=01 script=00 sub=00 ppu_idx=00 ram_005C=00 auto=00 phase=00 frm=50 ctrl=B0 mask=1E ctrl_shadow=B0 mask_shadow=1E flush_done=01 vblank=00 mirror=10
  nt_row_04=DC EE 24 24 24 24 24 24 24 24 24 24 24 24 24 24 24 24 24 24 24 24 24 24 24 24 24 24 24 24 D6 DB
  nt_row_07=DE EE 24 24 24 E3 24 24 71 72 73 74 75 76 77 78 79 79 79 7A 7B 24 24 24 24 24 E2 24 24 24 D6 DB
  nt_row_08=DE D8 EF 24 24 E2 24 7C 7D 7E 7F 80 81 82 83 84 85 86 87 88 89 8A 8B 24 24 24 E3 24 24 24 D6 DF
  nt_row_11=DE DB D7 24 24 E3 70 AF B0 B1 B2 B3 B4 B5 B6 B7 B8 B9 BA BB BC BD BE BF C0 24 E2 24 24 D6 DB DB
  nt_row_13=DE DB EE 24 24 E3 24 C6 C7 C8 C8 C8 24 C9 CA CB CC CD C8 C8 C8 C8 E8 E9 D3 24 E2 24 24 D6 DB DB
  nt_row_17=DC DA DC D7 24 24 24 24 24 24 24 24 24 F0 01 09 08 06 24 17 12 17 1D 0E 17 0D 18 24 D6 DC DB DF
  nt_row_20=E1 D9 DC ED E0 EF 24 24 19 1E 1C 11 24 1C 1D 0A 1B 1D 24 0B 1E 1D 1D 18 17 24 24 24 D6 D8 E1 D9
  pal=360F00103617270F36081A2836303B2200303B160017270F00081A2800303B22
  chr_008=00000000000000000000000000000000
  chr_01C=00000000000000000000000000000000
  chr_108=78C4E47886867C000000000000000000
  chr_11C=78CCC07C06C67C000000000000000000
SNAPSHOT frame=726 reason=state_change
  state gm=00 ready=01 script=00 sub=00 ppu_idx=00 ram_005C=00 auto=00 phase=00 frm=51 ctrl=B0 mask=1E ctrl_shadow=B0 mask_shadow=1E flush_done=01 vblank=00 mirror=10
  nt_row_04=DC EE 24 24 24 24 24 24 24 24 24 24 24 24 24 24 24 24 24 24 24 24 24 24 24 24 24 24 24 24 D6 DB
  nt_row_07=DE EE 24 24 24 E3 24 24 71 72 73 74 75 76 77 78 79 79 79 7A 7B 24 24 24 24 24 E2 24 24 24 D6 DB
  nt_row_08=DE D8 EF 24 24 E2 24 7C 7D 7E 7F 80 81 82 83 84 85 86 87 88 89 8A 8B 24 24 24 E3 24 24 24 D6 DF
  nt_row_11=DE DB D7 24 24 E3 70 AF B0 B1 B2 B3 B4 B5 B6 B7 B8 B9 BA BB BC BD BE BF C0 24 E2 24 24 D6 DB DB
  nt_row_13=DE DB EE 24 24 E3 24 C6 C7 C8 C8 C8 24 C9 CA CB CC CD C8 C8 C8 C8 E8 E9 D3 24 E2 24 24 D6 DB DB
  nt_row_17=DC DA DC D7 24 24 24 24 24 24 24 24 24 F0 01 09 08 06 24 17 12 17 1D 0E 17 0D 18 24 D6 DC DB DF
  nt_row_20=E1 D9 DC ED E0 EF 24 24 19 1E 1C 11 24 1C 1D 0A 1B 1D 24 0B 1E 1D 1D 18 17 24 24 24 D6 D8 E1 D9
  pal=360F00103617270F36081A2836303B2200303B160017270F00081A2800303B22
  chr_008=00000000000000000000000000000000
  chr_01C=00000000000000000000000000000000
  chr_108=78C4E47886867C000000000000000000
  chr_11C=78CCC07C06C67C000000000000000000
SNAPSHOT frame=727 reason=state_change
  state gm=00 ready=01 script=00 sub=00 ppu_idx=00 ram_005C=00 auto=00 phase=00 frm=52 ctrl=B0 mask=1E ctrl_shadow=B0 mask_shadow=1E flush_done=01 vblank=00 mirror=10
  nt_row_04=DC EE 24 24 24 24 24 24 24 24 24 24 24 24 24 24 24 24 24 24 24 24 24 24 24 24 24 24 24 24 D6 DB
  nt_row_07=DE EE 24 24 24 E3 24 24 71 72 73 74 75 76 77 78 79 79 79 7A 7B 24 24 24 24 24 E2 24 24 24 D6 DB
  nt_row_08=DE D8 EF 24 24 E2 24 7C 7D 7E 7F 80 81 82 83 84 85 86 87 88 89 8A 8B 24 24 24 E3 24 24 24 D6 DF
  nt_row_11=DE DB D7 24 24 E3 70 AF B0 B1 B2 B3 B4 B5 B6 B7 B8 B9 BA BB BC BD BE BF C0 24 E2 24 24 D6 DB DB
  nt_row_13=DE DB EE 24 24 E3 24 C6 C7 C8 C8 C8 24 C9 CA CB CC CD C8 C8 C8 C8 E8 E9 D3 24 E2 24 24 D6 DB DB
  nt_row_17=DC DA DC D7 24 24 24 24 24 24 24 24 24 F0 01 09 08 06 24 17 12 17 1D 0E 17 0D 18 24 D6 DC DB DF
  nt_row_20=E1 D9 DC ED E0 EF 24 24 19 1E 1C 11 24 1C 1D 0A 1B 1D 24 0B 1E 1D 1D 18 17 24 24 24 D6 D8 E1 D9
  pal=360F00103617270F36081A2836303B2200303B160017270F00081A2800303B22
  chr_008=00000000000000000000000000000000
  chr_01C=00000000000000000000000000000000
  chr_108=78C4E47886867C000000000000000000
  chr_11C=78CCC07C06C67C000000000000000000
SNAPSHOT frame=728 reason=state_change
  state gm=00 ready=01 script=00 sub=00 ppu_idx=00 ram_005C=00 auto=00 phase=00 frm=53 ctrl=B0 mask=1E ctrl_shadow=B0 mask_shadow=1E flush_done=01 vblank=00 mirror=10
  nt_row_04=DC EE 24 24 24 24 24 24 24 24 24 24 24 24 24 24 24 24 24 24 24 24 24 24 24 24 24 24 24 24 D6 DB
  nt_row_07=DE EE 24 24 24 E3 24 24 71 72 73 74 75 76 77 78 79 79 79 7A 7B 24 24 24 24 24 E2 24 24 24 D6 DB
  nt_row_08=DE D8 EF 24 24 E2 24 7C 7D 7E 7F 80 81 82 83 84 85 86 87 88 89 8A 8B 24 24 24 E3 24 24 24 D6 DF
  nt_row_11=DE DB D7 24 24 E3 70 AF B0 B1 B2 B3 B4 B5 B6 B7 B8 B9 BA BB BC BD BE BF C0 24 E2 24 24 D6 DB DB
  nt_row_13=DE DB EE 24 24 E3 24 C6 C7 C8 C8 C8 24 C9 CA CB CC CD C8 C8 C8 C8 E8 E9 D3 24 E2 24 24 D6 DB DB
  nt_row_17=DC DA DC D7 24 24 24 24 24 24 24 24 24 F0 01 09 08 06 24 17 12 17 1D 0E 17 0D 18 24 D6 DC DB DF
  nt_row_20=E1 D9 DC ED E0 EF 24 24 19 1E 1C 11 24 1C 1D 0A 1B 1D 24 0B 1E 1D 1D 18 17 24 24 24 D6 D8 E1 D9
  pal=360F00103617270F36081A2836303B2200303B160017270F00081A2800303B22
  chr_008=00000000000000000000000000000000
  chr_01C=00000000000000000000000000000000
  chr_108=78C4E47886867C000000000000000000
  chr_11C=78CCC07C06C67C000000000000000000
SNAPSHOT frame=729 reason=state_change
  state gm=00 ready=01 script=00 sub=00 ppu_idx=00 ram_005C=00 auto=00 phase=00 frm=54 ctrl=B0 mask=1E ctrl_shadow=B0 mask_shadow=1E flush_done=01 vblank=00 mirror=10
  nt_row_04=DC EE 24 24 24 24 24 24 24 24 24 24 24 24 24 24 24 24 24 24 24 24 24 24 24 24 24 24 24 24 D6 DB
  nt_row_07=DE EE 24 24 24 E3 24 24 71 72 73 74 75 76 77 78 79 79 79 7A 7B 24 24 24 24 24 E2 24 24 24 D6 DB
  nt_row_08=DE D8 EF 24 24 E2 24 7C 7D 7E 7F 80 81 82 83 84 85 86 87 88 89 8A 8B 24 24 24 E3 24 24 24 D6 DF
  nt_row_11=DE DB D7 24 24 E3 70 AF B0 B1 B2 B3 B4 B5 B6 B7 B8 B9 BA BB BC BD BE BF C0 24 E2 24 24 D6 DB DB
  nt_row_13=DE DB EE 24 24 E3 24 C6 C7 C8 C8 C8 24 C9 CA CB CC CD C8 C8 C8 C8 E8 E9 D3 24 E2 24 24 D6 DB DB
  nt_row_17=DC DA DC D7 24 24 24 24 24 24 24 24 24 F0 01 09 08 06 24 17 12 17 1D 0E 17 0D 18 24 D6 DC DB DF
  nt_row_20=E1 D9 DC ED E0 EF 24 24 19 1E 1C 11 24 1C 1D 0A 1B 1D 24 0B 1E 1D 1D 18 17 24 24 24 D6 D8 E1 D9
  pal=360F00103617270F36081A2836303B2200303B160017270F00081A2800303B22
  chr_008=00000000000000000000000000000000
  chr_01C=00000000000000000000000000000000
  chr_108=78C4E47886867C000000000000000000
  chr_11C=78CCC07C06C67C000000000000000000
SNAPSHOT frame=730 reason=state_change
  state gm=00 ready=01 script=00 sub=00 ppu_idx=00 ram_005C=00 auto=00 phase=00 frm=55 ctrl=B0 mask=1E ctrl_shadow=B0 mask_shadow=1E flush_done=01 vblank=00 mirror=10
  nt_row_04=DC EE 24 24 24 24 24 24 24 24 24 24 24 24 24 24 24 24 24 24 24 24 24 24 24 24 24 24 24 24 D6 DB
  nt_row_07=DE EE 24 24 24 E3 24 24 71 72 73 74 75 76 77 78 79 79 79 7A 7B 24 24 24 24 24 E2 24 24 24 D6 DB
  nt_row_08=DE D8 EF 24 24 E2 24 7C 7D 7E 7F 80 81 82 83 84 85 86 87 88 89 8A 8B 24 24 24 E3 24 24 24 D6 DF
  nt_row_11=DE DB D7 24 24 E3 70 AF B0 B1 B2 B3 B4 B5 B6 B7 B8 B9 BA BB BC BD BE BF C0 24 E2 24 24 D6 DB DB
  nt_row_13=DE DB EE 24 24 E3 24 C6 C7 C8 C8 C8 24 C9 CA CB CC CD C8 C8 C8 C8 E8 E9 D3 24 E2 24 24 D6 DB DB
  nt_row_17=DC DA DC D7 24 24 24 24 24 24 24 24 24 F0 01 09 08 06 24 17 12 17 1D 0E 17 0D 18 24 D6 DC DB DF
  nt_row_20=E1 D9 DC ED E0 EF 24 24 19 1E 1C 11 24 1C 1D 0A 1B 1D 24 0B 1E 1D 1D 18 17 24 24 24 D6 D8 E1 D9
  pal=360F00103617270F36081A2836303B2200303B160017270F00081A2800303B22
  chr_008=00000000000000000000000000000000
  chr_01C=00000000000000000000000000000000
  chr_108=78C4E47886867C000000000000000000
  chr_11C=78CCC07C06C67C000000000000000000
SNAPSHOT frame=731 reason=state_change
  state gm=00 ready=01 script=00 sub=00 ppu_idx=00 ram_005C=00 auto=00 phase=00 frm=56 ctrl=B0 mask=1E ctrl_shadow=B0 mask_shadow=1E flush_done=01 vblank=00 mirror=10
  nt_row_04=DC EE 24 24 24 24 24 24 24 24 24 24 24 24 24 24 24 24 24 24 24 24 24 24 24 24 24 24 24 24 D6 DB
  nt_row_07=DE EE 24 24 24 E3 24 24 71 72 73 74 75 76 77 78 79 79 79 7A 7B 24 24 24 24 24 E2 24 24 24 D6 DB
  nt_row_08=DE D8 EF 24 24 E2 24 7C 7D 7E 7F 80 81 82 83 84 85 86 87 88 89 8A 8B 24 24 24 E3 24 24 24 D6 DF
  nt_row_11=DE DB D7 24 24 E3 70 AF B0 B1 B2 B3 B4 B5 B6 B7 B8 B9 BA BB BC BD BE BF C0 24 E2 24 24 D6 DB DB
  nt_row_13=DE DB EE 24 24 E3 24 C6 C7 C8 C8 C8 24 C9 CA CB CC CD C8 C8 C8 C8 E8 E9 D3 24 E2 24 24 D6 DB DB
  nt_row_17=DC DA DC D7 24 24 24 24 24 24 24 24 24 F0 01 09 08 06 24 17 12 17 1D 0E 17 0D 18 24 D6 DC DB DF
  nt_row_20=E1 D9 DC ED E0 EF 24 24 19 1E 1C 11 24 1C 1D 0A 1B 1D 24 0B 1E 1D 1D 18 17 24 24 24 D6 D8 E1 D9
  pal=360F00103617270F36081A2836303B2200303B160017270F00081A2800303B22
  chr_008=00000000000000000000000000000000
  chr_01C=00000000000000000000000000000000
  chr_108=78C4E47886867C000000000000000000
  chr_11C=78CCC07C06C67C000000000000000000
SNAPSHOT frame=732 reason=state_change
  state gm=00 ready=01 script=00 sub=00 ppu_idx=00 ram_005C=00 auto=00 phase=00 frm=57 ctrl=B0 mask=1E ctrl_shadow=B0 mask_shadow=1E flush_done=01 vblank=00 mirror=10
  nt_row_04=DC EE 24 24 24 24 24 24 24 24 24 24 24 24 24 24 24 24 24 24 24 24 24 24 24 24 24 24 24 24 D6 DB
  nt_row_07=DE EE 24 24 24 E3 24 24 71 72 73 74 75 76 77 78 79 79 79 7A 7B 24 24 24 24 24 E2 24 24 24 D6 DB
  nt_row_08=DE D8 EF 24 24 E2 24 7C 7D 7E 7F 80 81 82 83 84 85 86 87 88 89 8A 8B 24 24 24 E3 24 24 24 D6 DF
  nt_row_11=DE DB D7 24 24 E3 70 AF B0 B1 B2 B3 B4 B5 B6 B7 B8 B9 BA BB BC BD BE BF C0 24 E2 24 24 D6 DB DB
  nt_row_13=DE DB EE 24 24 E3 24 C6 C7 C8 C8 C8 24 C9 CA CB CC CD C8 C8 C8 C8 E8 E9 D3 24 E2 24 24 D6 DB DB
  nt_row_17=DC DA DC D7 24 24 24 24 24 24 24 24 24 F0 01 09 08 06 24 17 12 17 1D 0E 17 0D 18 24 D6 DC DB DF
  nt_row_20=E1 D9 DC ED E0 EF 24 24 19 1E 1C 11 24 1C 1D 0A 1B 1D 24 0B 1E 1D 1D 18 17 24 24 24 D6 D8 E1 D9
  pal=360F00103617270F36081A2836303B2200303B160017270F00081A2800303B22
  chr_008=00000000000000000000000000000000
  chr_01C=00000000000000000000000000000000
  chr_108=78C4E47886867C000000000000000000
  chr_11C=78CCC07C06C67C000000000000000000
SNAPSHOT frame=733 reason=state_change
  state gm=00 ready=01 script=00 sub=00 ppu_idx=00 ram_005C=00 auto=00 phase=00 frm=58 ctrl=B0 mask=1E ctrl_shadow=B0 mask_shadow=1E flush_done=01 vblank=00 mirror=10
  nt_row_04=DC EE 24 24 24 24 24 24 24 24 24 24 24 24 24 24 24 24 24 24 24 24 24 24 24 24 24 24 24 24 D6 DB
  nt_row_07=DE EE 24 24 24 E3 24 24 71 72 73 74 75 76 77 78 79 79 79 7A 7B 24 24 24 24 24 E2 24 24 24 D6 DB
  nt_row_08=DE D8 EF 24 24 E2 24 7C 7D 7E 7F 80 81 82 83 84 85 86 87 88 89 8A 8B 24 24 24 E3 24 24 24 D6 DF
  nt_row_11=DE DB D7 24 24 E3 70 AF B0 B1 B2 B3 B4 B5 B6 B7 B8 B9 BA BB BC BD BE BF C0 24 E2 24 24 D6 DB DB
  nt_row_13=DE DB EE 24 24 E3 24 C6 C7 C8 C8 C8 24 C9 CA CB CC CD C8 C8 C8 C8 E8 E9 D3 24 E2 24 24 D6 DB DB
  nt_row_17=DC DA DC D7 24 24 24 24 24 24 24 24 24 F0 01 09 08 06 24 17 12 17 1D 0E 17 0D 18 24 D6 DC DB DF
  nt_row_20=E1 D9 DC ED E0 EF 24 24 19 1E 1C 11 24 1C 1D 0A 1B 1D 24 0B 1E 1D 1D 18 17 24 24 24 D6 D8 E1 D9
  pal=360F00103617270F36081A2836303B2200303B160017270F00081A2800303B22
  chr_008=00000000000000000000000000000000
  chr_01C=00000000000000000000000000000000
  chr_108=78C4E47886867C000000000000000000
  chr_11C=78CCC07C06C67C000000000000000000
SNAPSHOT frame=734 reason=state_change
  state gm=00 ready=01 script=00 sub=00 ppu_idx=00 ram_005C=00 auto=00 phase=00 frm=59 ctrl=B0 mask=1E ctrl_shadow=B0 mask_shadow=1E flush_done=01 vblank=00 mirror=10
  nt_row_04=DC EE 24 24 24 24 24 24 24 24 24 24 24 24 24 24 24 24 24 24 24 24 24 24 24 24 24 24 24 24 D6 DB
  nt_row_07=DE EE 24 24 24 E3 24 24 71 72 73 74 75 76 77 78 79 79 79 7A 7B 24 24 24 24 24 E2 24 24 24 D6 DB
  nt_row_08=DE D8 EF 24 24 E2 24 7C 7D 7E 7F 80 81 82 83 84 85 86 87 88 89 8A 8B 24 24 24 E3 24 24 24 D6 DF
  nt_row_11=DE DB D7 24 24 E3 70 AF B0 B1 B2 B3 B4 B5 B6 B7 B8 B9 BA BB BC BD BE BF C0 24 E2 24 24 D6 DB DB
  nt_row_13=DE DB EE 24 24 E3 24 C6 C7 C8 C8 C8 24 C9 CA CB CC CD C8 C8 C8 C8 E8 E9 D3 24 E2 24 24 D6 DB DB
  nt_row_17=DC DA DC D7 24 24 24 24 24 24 24 24 24 F0 01 09 08 06 24 17 12 17 1D 0E 17 0D 18 24 D6 DC DB DF
  nt_row_20=E1 D9 DC ED E0 EF 24 24 19 1E 1C 11 24 1C 1D 0A 1B 1D 24 0B 1E 1D 1D 18 17 24 24 24 D6 D8 E1 D9
  pal=360F00103617270F36081A2836303B2200303B160017270F00081A2800303B22
  chr_008=00000000000000000000000000000000
  chr_01C=00000000000000000000000000000000
  chr_108=78C4E47886867C000000000000000000
  chr_11C=78CCC07C06C67C000000000000000000
SNAPSHOT frame=735 reason=state_change
  state gm=00 ready=01 script=00 sub=00 ppu_idx=00 ram_005C=00 auto=00 phase=00 frm=5A ctrl=B0 mask=1E ctrl_shadow=B0 mask_shadow=1E flush_done=01 vblank=00 mirror=10
  nt_row_04=DC EE 24 24 24 24 24 24 24 24 24 24 24 24 24 24 24 24 24 24 24 24 24 24 24 24 24 24 24 24 D6 DB
  nt_row_07=DE EE 24 24 24 E3 24 24 71 72 73 74 75 76 77 78 79 79 79 7A 7B 24 24 24 24 24 E2 24 24 24 D6 DB
  nt_row_08=DE D8 EF 24 24 E2 24 7C 7D 7E 7F 80 81 82 83 84 85 86 87 88 89 8A 8B 24 24 24 E3 24 24 24 D6 DF
  nt_row_11=DE DB D7 24 24 E3 70 AF B0 B1 B2 B3 B4 B5 B6 B7 B8 B9 BA BB BC BD BE BF C0 24 E2 24 24 D6 DB DB
  nt_row_13=DE DB EE 24 24 E3 24 C6 C7 C8 C8 C8 24 C9 CA CB CC CD C8 C8 C8 C8 E8 E9 D3 24 E2 24 24 D6 DB DB
  nt_row_17=DC DA DC D7 24 24 24 24 24 24 24 24 24 F0 01 09 08 06 24 17 12 17 1D 0E 17 0D 18 24 D6 DC DB DF
  nt_row_20=E1 D9 DC ED E0 EF 24 24 19 1E 1C 11 24 1C 1D 0A 1B 1D 24 0B 1E 1D 1D 18 17 24 24 24 D6 D8 E1 D9
  pal=360F00103617270F36081A2836303B2200303B160017270F00081A2800303B22
  chr_008=00000000000000000000000000000000
  chr_01C=00000000000000000000000000000000
  chr_108=78C4E47886867C000000000000000000
  chr_11C=78CCC07C06C67C000000000000000000
SNAPSHOT frame=736 reason=state_change
  state gm=00 ready=01 script=00 sub=00 ppu_idx=00 ram_005C=00 auto=00 phase=00 frm=5B ctrl=B0 mask=1E ctrl_shadow=B0 mask_shadow=1E flush_done=01 vblank=00 mirror=10
  nt_row_04=DC EE 24 24 24 24 24 24 24 24 24 24 24 24 24 24 24 24 24 24 24 24 24 24 24 24 24 24 24 24 D6 DB
  nt_row_07=DE EE 24 24 24 E3 24 24 71 72 73 74 75 76 77 78 79 79 79 7A 7B 24 24 24 24 24 E2 24 24 24 D6 DB
  nt_row_08=DE D8 EF 24 24 E2 24 7C 7D 7E 7F 80 81 82 83 84 85 86 87 88 89 8A 8B 24 24 24 E3 24 24 24 D6 DF
  nt_row_11=DE DB D7 24 24 E3 70 AF B0 B1 B2 B3 B4 B5 B6 B7 B8 B9 BA BB BC BD BE BF C0 24 E2 24 24 D6 DB DB
  nt_row_13=DE DB EE 24 24 E3 24 C6 C7 C8 C8 C8 24 C9 CA CB CC CD C8 C8 C8 C8 E8 E9 D3 24 E2 24 24 D6 DB DB
  nt_row_17=DC DA DC D7 24 24 24 24 24 24 24 24 24 F0 01 09 08 06 24 17 12 17 1D 0E 17 0D 18 24 D6 DC DB DF
  nt_row_20=E1 D9 DC ED E0 EF 24 24 19 1E 1C 11 24 1C 1D 0A 1B 1D 24 0B 1E 1D 1D 18 17 24 24 24 D6 D8 E1 D9
  pal=360F00103617270F36081A2836303B2200303B160017270F00081A2800303B22
  chr_008=00000000000000000000000000000000
  chr_01C=00000000000000000000000000000000
  chr_108=78C4E47886867C000000000000000000
  chr_11C=78CCC07C06C67C000000000000000000
SNAPSHOT frame=737 reason=state_change
  state gm=00 ready=01 script=00 sub=00 ppu_idx=00 ram_005C=00 auto=00 phase=00 frm=5C ctrl=B0 mask=1E ctrl_shadow=B0 mask_shadow=1E flush_done=01 vblank=00 mirror=10
  nt_row_04=DC EE 24 24 24 24 24 24 24 24 24 24 24 24 24 24 24 24 24 24 24 24 24 24 24 24 24 24 24 24 D6 DB
  nt_row_07=DE EE 24 24 24 E3 24 24 71 72 73 74 75 76 77 78 79 79 79 7A 7B 24 24 24 24 24 E2 24 24 24 D6 DB
  nt_row_08=DE D8 EF 24 24 E2 24 7C 7D 7E 7F 80 81 82 83 84 85 86 87 88 89 8A 8B 24 24 24 E3 24 24 24 D6 DF
  nt_row_11=DE DB D7 24 24 E3 70 AF B0 B1 B2 B3 B4 B5 B6 B7 B8 B9 BA BB BC BD BE BF C0 24 E2 24 24 D6 DB DB
  nt_row_13=DE DB EE 24 24 E3 24 C6 C7 C8 C8 C8 24 C9 CA CB CC CD C8 C8 C8 C8 E8 E9 D3 24 E2 24 24 D6 DB DB
  nt_row_17=DC DA DC D7 24 24 24 24 24 24 24 24 24 F0 01 09 08 06 24 17 12 17 1D 0E 17 0D 18 24 D6 DC DB DF
  nt_row_20=E1 D9 DC ED E0 EF 24 24 19 1E 1C 11 24 1C 1D 0A 1B 1D 24 0B 1E 1D 1D 18 17 24 24 24 D6 D8 E1 D9
  pal=360F00103617270F36081A2836303B2200303B160017270F00081A2800303B22
  chr_008=00000000000000000000000000000000
  chr_01C=00000000000000000000000000000000
  chr_108=78C4E47886867C000000000000000000
  chr_11C=78CCC07C06C67C000000000000000000
SNAPSHOT frame=738 reason=state_change
  state gm=00 ready=01 script=00 sub=00 ppu_idx=00 ram_005C=00 auto=00 phase=00 frm=5D ctrl=B0 mask=1E ctrl_shadow=B0 mask_shadow=1E flush_done=01 vblank=00 mirror=10
  nt_row_04=DC EE 24 24 24 24 24 24 24 24 24 24 24 24 24 24 24 24 24 24 24 24 24 24 24 24 24 24 24 24 D6 DB
  nt_row_07=DE EE 24 24 24 E3 24 24 71 72 73 74 75 76 77 78 79 79 79 7A 7B 24 24 24 24 24 E2 24 24 24 D6 DB
  nt_row_08=DE D8 EF 24 24 E2 24 7C 7D 7E 7F 80 81 82 83 84 85 86 87 88 89 8A 8B 24 24 24 E3 24 24 24 D6 DF
  nt_row_11=DE DB D7 24 24 E3 70 AF B0 B1 B2 B3 B4 B5 B6 B7 B8 B9 BA BB BC BD BE BF C0 24 E2 24 24 D6 DB DB
  nt_row_13=DE DB EE 24 24 E3 24 C6 C7 C8 C8 C8 24 C9 CA CB CC CD C8 C8 C8 C8 E8 E9 D3 24 E2 24 24 D6 DB DB
  nt_row_17=DC DA DC D7 24 24 24 24 24 24 24 24 24 F0 01 09 08 06 24 17 12 17 1D 0E 17 0D 18 24 D6 DC DB DF
  nt_row_20=E1 D9 DC ED E0 EF 24 24 19 1E 1C 11 24 1C 1D 0A 1B 1D 24 0B 1E 1D 1D 18 17 24 24 24 D6 D8 E1 D9
  pal=360F00103617270F36081A2836303B2200303B160017270F00081A2800303B22
  chr_008=00000000000000000000000000000000
  chr_01C=00000000000000000000000000000000
  chr_108=78C4E47886867C000000000000000000
  chr_11C=78CCC07C06C67C000000000000000000
SNAPSHOT frame=739 reason=state_change
  state gm=00 ready=01 script=00 sub=00 ppu_idx=00 ram_005C=00 auto=00 phase=00 frm=5E ctrl=B0 mask=1E ctrl_shadow=B0 mask_shadow=1E flush_done=01 vblank=00 mirror=10
  nt_row_04=DC EE 24 24 24 24 24 24 24 24 24 24 24 24 24 24 24 24 24 24 24 24 24 24 24 24 24 24 24 24 D6 DB
  nt_row_07=DE EE 24 24 24 E3 24 24 71 72 73 74 75 76 77 78 79 79 79 7A 7B 24 24 24 24 24 E2 24 24 24 D6 DB
  nt_row_08=DE D8 EF 24 24 E2 24 7C 7D 7E 7F 80 81 82 83 84 85 86 87 88 89 8A 8B 24 24 24 E3 24 24 24 D6 DF
  nt_row_11=DE DB D7 24 24 E3 70 AF B0 B1 B2 B3 B4 B5 B6 B7 B8 B9 BA BB BC BD BE BF C0 24 E2 24 24 D6 DB DB
  nt_row_13=DE DB EE 24 24 E3 24 C6 C7 C8 C8 C8 24 C9 CA CB CC CD C8 C8 C8 C8 E8 E9 D3 24 E2 24 24 D6 DB DB
  nt_row_17=DC DA DC D7 24 24 24 24 24 24 24 24 24 F0 01 09 08 06 24 17 12 17 1D 0E 17 0D 18 24 D6 DC DB DF
  nt_row_20=E1 D9 DC ED E0 EF 24 24 19 1E 1C 11 24 1C 1D 0A 1B 1D 24 0B 1E 1D 1D 18 17 24 24 24 D6 D8 E1 D9
  pal=360F00103617270F36081A2836303B2200303B160017270F00081A2800303B22
  chr_008=00000000000000000000000000000000
  chr_01C=00000000000000000000000000000000
  chr_108=78C4E47886867C000000000000000000
  chr_11C=78CCC07C06C67C000000000000000000
SNAPSHOT frame=740 reason=state_change
  state gm=00 ready=01 script=00 sub=00 ppu_idx=00 ram_005C=00 auto=00 phase=00 frm=5F ctrl=B0 mask=1E ctrl_shadow=B0 mask_shadow=1E flush_done=01 vblank=00 mirror=10
  nt_row_04=DC EE 24 24 24 24 24 24 24 24 24 24 24 24 24 24 24 24 24 24 24 24 24 24 24 24 24 24 24 24 D6 DB
  nt_row_07=DE EE 24 24 24 E3 24 24 71 72 73 74 75 76 77 78 79 79 79 7A 7B 24 24 24 24 24 E2 24 24 24 D6 DB
  nt_row_08=DE D8 EF 24 24 E2 24 7C 7D 7E 7F 80 81 82 83 84 85 86 87 88 89 8A 8B 24 24 24 E3 24 24 24 D6 DF
  nt_row_11=DE DB D7 24 24 E3 70 AF B0 B1 B2 B3 B4 B5 B6 B7 B8 B9 BA BB BC BD BE BF C0 24 E2 24 24 D6 DB DB
  nt_row_13=DE DB EE 24 24 E3 24 C6 C7 C8 C8 C8 24 C9 CA CB CC CD C8 C8 C8 C8 E8 E9 D3 24 E2 24 24 D6 DB DB
  nt_row_17=DC DA DC D7 24 24 24 24 24 24 24 24 24 F0 01 09 08 06 24 17 12 17 1D 0E 17 0D 18 24 D6 DC DB DF
  nt_row_20=E1 D9 DC ED E0 EF 24 24 19 1E 1C 11 24 1C 1D 0A 1B 1D 24 0B 1E 1D 1D 18 17 24 24 24 D6 D8 E1 D9
  pal=360F00103617270F36081A2836303B2200303B160017270F00081A2800303B22
  chr_008=00000000000000000000000000000000
  chr_01C=00000000000000000000000000000000
  chr_108=78C4E47886867C000000000000000000
  chr_11C=78CCC07C06C67C000000000000000000
SNAPSHOT frame=741 reason=state_change
  state gm=00 ready=01 script=00 sub=00 ppu_idx=00 ram_005C=00 auto=00 phase=00 frm=60 ctrl=B0 mask=1E ctrl_shadow=B0 mask_shadow=1E flush_done=01 vblank=00 mirror=10
  nt_row_04=DC EE 24 24 24 24 24 24 24 24 24 24 24 24 24 24 24 24 24 24 24 24 24 24 24 24 24 24 24 24 D6 DB
  nt_row_07=DE EE 24 24 24 E3 24 24 71 72 73 74 75 76 77 78 79 79 79 7A 7B 24 24 24 24 24 E2 24 24 24 D6 DB
  nt_row_08=DE D8 EF 24 24 E2 24 7C 7D 7E 7F 80 81 82 83 84 85 86 87 88 89 8A 8B 24 24 24 E3 24 24 24 D6 DF
  nt_row_11=DE DB D7 24 24 E3 70 AF B0 B1 B2 B3 B4 B5 B6 B7 B8 B9 BA BB BC BD BE BF C0 24 E2 24 24 D6 DB DB
  nt_row_13=DE DB EE 24 24 E3 24 C6 C7 C8 C8 C8 24 C9 CA CB CC CD C8 C8 C8 C8 E8 E9 D3 24 E2 24 24 D6 DB DB
  nt_row_17=DC DA DC D7 24 24 24 24 24 24 24 24 24 F0 01 09 08 06 24 17 12 17 1D 0E 17 0D 18 24 D6 DC DB DF
  nt_row_20=E1 D9 DC ED E0 EF 24 24 19 1E 1C 11 24 1C 1D 0A 1B 1D 24 0B 1E 1D 1D 18 17 24 24 24 D6 D8 E1 D9
  pal=360F00103617270F36081A2836303B2200303B160017270F00081A2800303B22
  chr_008=00000000000000000000000000000000
  chr_01C=00000000000000000000000000000000
  chr_108=78C4E47886867C000000000000000000
  chr_11C=78CCC07C06C67C000000000000000000
SNAPSHOT frame=742 reason=state_change
  state gm=00 ready=01 script=00 sub=00 ppu_idx=00 ram_005C=00 auto=00 phase=00 frm=61 ctrl=B0 mask=1E ctrl_shadow=B0 mask_shadow=1E flush_done=01 vblank=00 mirror=10
  nt_row_04=DC EE 24 24 24 24 24 24 24 24 24 24 24 24 24 24 24 24 24 24 24 24 24 24 24 24 24 24 24 24 D6 DB
  nt_row_07=DE EE 24 24 24 E3 24 24 71 72 73 74 75 76 77 78 79 79 79 7A 7B 24 24 24 24 24 E2 24 24 24 D6 DB
  nt_row_08=DE D8 EF 24 24 E2 24 7C 7D 7E 7F 80 81 82 83 84 85 86 87 88 89 8A 8B 24 24 24 E3 24 24 24 D6 DF
  nt_row_11=DE DB D7 24 24 E3 70 AF B0 B1 B2 B3 B4 B5 B6 B7 B8 B9 BA BB BC BD BE BF C0 24 E2 24 24 D6 DB DB
  nt_row_13=DE DB EE 24 24 E3 24 C6 C7 C8 C8 C8 24 C9 CA CB CC CD C8 C8 C8 C8 E8 E9 D3 24 E2 24 24 D6 DB DB
  nt_row_17=DC DA DC D7 24 24 24 24 24 24 24 24 24 F0 01 09 08 06 24 17 12 17 1D 0E 17 0D 18 24 D6 DC DB DF
  nt_row_20=E1 D9 DC ED E0 EF 24 24 19 1E 1C 11 24 1C 1D 0A 1B 1D 24 0B 1E 1D 1D 18 17 24 24 24 D6 D8 E1 D9
  pal=360F00103617270F36081A2836303B2200303B160017270F00081A2800303B22
  chr_008=00000000000000000000000000000000
  chr_01C=00000000000000000000000000000000
  chr_108=78C4E47886867C000000000000000000
  chr_11C=78CCC07C06C67C000000000000000000
SNAPSHOT frame=743 reason=state_change
  state gm=00 ready=01 script=00 sub=00 ppu_idx=00 ram_005C=00 auto=00 phase=00 frm=62 ctrl=B0 mask=1E ctrl_shadow=B0 mask_shadow=1E flush_done=01 vblank=00 mirror=10
  nt_row_04=DC EE 24 24 24 24 24 24 24 24 24 24 24 24 24 24 24 24 24 24 24 24 24 24 24 24 24 24 24 24 D6 DB
  nt_row_07=DE EE 24 24 24 E3 24 24 71 72 73 74 75 76 77 78 79 79 79 7A 7B 24 24 24 24 24 E2 24 24 24 D6 DB
  nt_row_08=DE D8 EF 24 24 E2 24 7C 7D 7E 7F 80 81 82 83 84 85 86 87 88 89 8A 8B 24 24 24 E3 24 24 24 D6 DF
  nt_row_11=DE DB D7 24 24 E3 70 AF B0 B1 B2 B3 B4 B5 B6 B7 B8 B9 BA BB BC BD BE BF C0 24 E2 24 24 D6 DB DB
  nt_row_13=DE DB EE 24 24 E3 24 C6 C7 C8 C8 C8 24 C9 CA CB CC CD C8 C8 C8 C8 E8 E9 D3 24 E2 24 24 D6 DB DB
  nt_row_17=DC DA DC D7 24 24 24 24 24 24 24 24 24 F0 01 09 08 06 24 17 12 17 1D 0E 17 0D 18 24 D6 DC DB DF
  nt_row_20=E1 D9 DC ED E0 EF 24 24 19 1E 1C 11 24 1C 1D 0A 1B 1D 24 0B 1E 1D 1D 18 17 24 24 24 D6 D8 E1 D9
  pal=360F00103617270F36081A2836303B2200303B160017270F00081A2800303B22
  chr_008=00000000000000000000000000000000
  chr_01C=00000000000000000000000000000000
  chr_108=78C4E47886867C000000000000000000
  chr_11C=78CCC07C06C67C000000000000000000
SNAPSHOT frame=744 reason=state_change
  state gm=00 ready=01 script=00 sub=00 ppu_idx=00 ram_005C=00 auto=00 phase=00 frm=63 ctrl=B0 mask=1E ctrl_shadow=B0 mask_shadow=1E flush_done=01 vblank=00 mirror=10
  nt_row_04=DC EE 24 24 24 24 24 24 24 24 24 24 24 24 24 24 24 24 24 24 24 24 24 24 24 24 24 24 24 24 D6 DB
  nt_row_07=DE EE 24 24 24 E3 24 24 71 72 73 74 75 76 77 78 79 79 79 7A 7B 24 24 24 24 24 E2 24 24 24 D6 DB
  nt_row_08=DE D8 EF 24 24 E2 24 7C 7D 7E 7F 80 81 82 83 84 85 86 87 88 89 8A 8B 24 24 24 E3 24 24 24 D6 DF
  nt_row_11=DE DB D7 24 24 E3 70 AF B0 B1 B2 B3 B4 B5 B6 B7 B8 B9 BA BB BC BD BE BF C0 24 E2 24 24 D6 DB DB
  nt_row_13=DE DB EE 24 24 E3 24 C6 C7 C8 C8 C8 24 C9 CA CB CC CD C8 C8 C8 C8 E8 E9 D3 24 E2 24 24 D6 DB DB
  nt_row_17=DC DA DC D7 24 24 24 24 24 24 24 24 24 F0 01 09 08 06 24 17 12 17 1D 0E 17 0D 18 24 D6 DC DB DF
  nt_row_20=E1 D9 DC ED E0 EF 24 24 19 1E 1C 11 24 1C 1D 0A 1B 1D 24 0B 1E 1D 1D 18 17 24 24 24 D6 D8 E1 D9
  pal=360F00103617270F36081A2836303B2200303B160017270F00081A2800303B22
  chr_008=00000000000000000000000000000000
  chr_01C=00000000000000000000000000000000
  chr_108=78C4E47886867C000000000000000000
  chr_11C=78CCC07C06C67C000000000000000000
SNAPSHOT frame=745 reason=state_change
  state gm=00 ready=01 script=00 sub=00 ppu_idx=00 ram_005C=00 auto=00 phase=00 frm=64 ctrl=B0 mask=1E ctrl_shadow=B0 mask_shadow=1E flush_done=01 vblank=00 mirror=10
  nt_row_04=DC EE 24 24 24 24 24 24 24 24 24 24 24 24 24 24 24 24 24 24 24 24 24 24 24 24 24 24 24 24 D6 DB
  nt_row_07=DE EE 24 24 24 E3 24 24 71 72 73 74 75 76 77 78 79 79 79 7A 7B 24 24 24 24 24 E2 24 24 24 D6 DB
  nt_row_08=DE D8 EF 24 24 E2 24 7C 7D 7E 7F 80 81 82 83 84 85 86 87 88 89 8A 8B 24 24 24 E3 24 24 24 D6 DF
  nt_row_11=DE DB D7 24 24 E3 70 AF B0 B1 B2 B3 B4 B5 B6 B7 B8 B9 BA BB BC BD BE BF C0 24 E2 24 24 D6 DB DB
  nt_row_13=DE DB EE 24 24 E3 24 C6 C7 C8 C8 C8 24 C9 CA CB CC CD C8 C8 C8 C8 E8 E9 D3 24 E2 24 24 D6 DB DB
  nt_row_17=DC DA DC D7 24 24 24 24 24 24 24 24 24 F0 01 09 08 06 24 17 12 17 1D 0E 17 0D 18 24 D6 DC DB DF
  nt_row_20=E1 D9 DC ED E0 EF 24 24 19 1E 1C 11 24 1C 1D 0A 1B 1D 24 0B 1E 1D 1D 18 17 24 24 24 D6 D8 E1 D9
  pal=360F00103617270F36081A2836303B2200303B160017270F00081A2800303B22
  chr_008=00000000000000000000000000000000
  chr_01C=00000000000000000000000000000000
  chr_108=78C4E47886867C000000000000000000
  chr_11C=78CCC07C06C67C000000000000000000
SNAPSHOT frame=746 reason=state_change
  state gm=00 ready=01 script=00 sub=00 ppu_idx=00 ram_005C=00 auto=00 phase=00 frm=65 ctrl=B0 mask=1E ctrl_shadow=B0 mask_shadow=1E flush_done=01 vblank=00 mirror=10
  nt_row_04=DC EE 24 24 24 24 24 24 24 24 24 24 24 24 24 24 24 24 24 24 24 24 24 24 24 24 24 24 24 24 D6 DB
  nt_row_07=DE EE 24 24 24 E3 24 24 71 72 73 74 75 76 77 78 79 79 79 7A 7B 24 24 24 24 24 E2 24 24 24 D6 DB
  nt_row_08=DE D8 EF 24 24 E2 24 7C 7D 7E 7F 80 81 82 83 84 85 86 87 88 89 8A 8B 24 24 24 E3 24 24 24 D6 DF
  nt_row_11=DE DB D7 24 24 E3 70 AF B0 B1 B2 B3 B4 B5 B6 B7 B8 B9 BA BB BC BD BE BF C0 24 E2 24 24 D6 DB DB
  nt_row_13=DE DB EE 24 24 E3 24 C6 C7 C8 C8 C8 24 C9 CA CB CC CD C8 C8 C8 C8 E8 E9 D3 24 E2 24 24 D6 DB DB
  nt_row_17=DC DA DC D7 24 24 24 24 24 24 24 24 24 F0 01 09 08 06 24 17 12 17 1D 0E 17 0D 18 24 D6 DC DB DF
  nt_row_20=E1 D9 DC ED E0 EF 24 24 19 1E 1C 11 24 1C 1D 0A 1B 1D 24 0B 1E 1D 1D 18 17 24 24 24 D6 D8 E1 D9
  pal=360F00103617270F36081A2836303B2200303B160017270F00081A2800303B22
  chr_008=00000000000000000000000000000000
  chr_01C=00000000000000000000000000000000
  chr_108=78C4E47886867C000000000000000000
  chr_11C=78CCC07C06C67C000000000000000000
SNAPSHOT frame=747 reason=state_change
  state gm=00 ready=01 script=00 sub=00 ppu_idx=00 ram_005C=00 auto=00 phase=00 frm=66 ctrl=B0 mask=1E ctrl_shadow=B0 mask_shadow=1E flush_done=01 vblank=00 mirror=10
  nt_row_04=DC EE 24 24 24 24 24 24 24 24 24 24 24 24 24 24 24 24 24 24 24 24 24 24 24 24 24 24 24 24 D6 DB
  nt_row_07=DE EE 24 24 24 E3 24 24 71 72 73 74 75 76 77 78 79 79 79 7A 7B 24 24 24 24 24 E2 24 24 24 D6 DB
  nt_row_08=DE D8 EF 24 24 E2 24 7C 7D 7E 7F 80 81 82 83 84 85 86 87 88 89 8A 8B 24 24 24 E3 24 24 24 D6 DF
  nt_row_11=DE DB D7 24 24 E3 70 AF B0 B1 B2 B3 B4 B5 B6 B7 B8 B9 BA BB BC BD BE BF C0 24 E2 24 24 D6 DB DB
  nt_row_13=DE DB EE 24 24 E3 24 C6 C7 C8 C8 C8 24 C9 CA CB CC CD C8 C8 C8 C8 E8 E9 D3 24 E2 24 24 D6 DB DB
  nt_row_17=DC DA DC D7 24 24 24 24 24 24 24 24 24 F0 01 09 08 06 24 17 12 17 1D 0E 17 0D 18 24 D6 DC DB DF
  nt_row_20=E1 D9 DC ED E0 EF 24 24 19 1E 1C 11 24 1C 1D 0A 1B 1D 24 0B 1E 1D 1D 18 17 24 24 24 D6 D8 E1 D9
  pal=360F00103617270F36081A2836303B2200303B160017270F00081A2800303B22
  chr_008=00000000000000000000000000000000
  chr_01C=00000000000000000000000000000000
  chr_108=78C4E47886867C000000000000000000
  chr_11C=78CCC07C06C67C000000000000000000
SNAPSHOT frame=748 reason=state_change
  state gm=00 ready=01 script=00 sub=00 ppu_idx=00 ram_005C=00 auto=00 phase=00 frm=67 ctrl=B0 mask=1E ctrl_shadow=B0 mask_shadow=1E flush_done=01 vblank=00 mirror=10
  nt_row_04=DC EE 24 24 24 24 24 24 24 24 24 24 24 24 24 24 24 24 24 24 24 24 24 24 24 24 24 24 24 24 D6 DB
  nt_row_07=DE EE 24 24 24 E3 24 24 71 72 73 74 75 76 77 78 79 79 79 7A 7B 24 24 24 24 24 E2 24 24 24 D6 DB
  nt_row_08=DE D8 EF 24 24 E2 24 7C 7D 7E 7F 80 81 82 83 84 85 86 87 88 89 8A 8B 24 24 24 E3 24 24 24 D6 DF
  nt_row_11=DE DB D7 24 24 E3 70 AF B0 B1 B2 B3 B4 B5 B6 B7 B8 B9 BA BB BC BD BE BF C0 24 E2 24 24 D6 DB DB
  nt_row_13=DE DB EE 24 24 E3 24 C6 C7 C8 C8 C8 24 C9 CA CB CC CD C8 C8 C8 C8 E8 E9 D3 24 E2 24 24 D6 DB DB
  nt_row_17=DC DA DC D7 24 24 24 24 24 24 24 24 24 F0 01 09 08 06 24 17 12 17 1D 0E 17 0D 18 24 D6 DC DB DF
  nt_row_20=E1 D9 DC ED E0 EF 24 24 19 1E 1C 11 24 1C 1D 0A 1B 1D 24 0B 1E 1D 1D 18 17 24 24 24 D6 D8 E1 D9
  pal=360F00103617270F36081A2836303B2200303B160017270F00081A2800303B22
  chr_008=00000000000000000000000000000000
  chr_01C=00000000000000000000000000000000
  chr_108=78C4E47886867C000000000000000000
  chr_11C=78CCC07C06C67C000000000000000000
SNAPSHOT frame=749 reason=state_change
  state gm=00 ready=01 script=00 sub=00 ppu_idx=00 ram_005C=00 auto=00 phase=00 frm=68 ctrl=B0 mask=1E ctrl_shadow=B0 mask_shadow=1E flush_done=01 vblank=00 mirror=10
  nt_row_04=DC EE 24 24 24 24 24 24 24 24 24 24 24 24 24 24 24 24 24 24 24 24 24 24 24 24 24 24 24 24 D6 DB
  nt_row_07=DE EE 24 24 24 E3 24 24 71 72 73 74 75 76 77 78 79 79 79 7A 7B 24 24 24 24 24 E2 24 24 24 D6 DB
  nt_row_08=DE D8 EF 24 24 E2 24 7C 7D 7E 7F 80 81 82 83 84 85 86 87 88 89 8A 8B 24 24 24 E3 24 24 24 D6 DF
  nt_row_11=DE DB D7 24 24 E3 70 AF B0 B1 B2 B3 B4 B5 B6 B7 B8 B9 BA BB BC BD BE BF C0 24 E2 24 24 D6 DB DB
  nt_row_13=DE DB EE 24 24 E3 24 C6 C7 C8 C8 C8 24 C9 CA CB CC CD C8 C8 C8 C8 E8 E9 D3 24 E2 24 24 D6 DB DB
  nt_row_17=DC DA DC D7 24 24 24 24 24 24 24 24 24 F0 01 09 08 06 24 17 12 17 1D 0E 17 0D 18 24 D6 DC DB DF
  nt_row_20=E1 D9 DC ED E0 EF 24 24 19 1E 1C 11 24 1C 1D 0A 1B 1D 24 0B 1E 1D 1D 18 17 24 24 24 D6 D8 E1 D9
  pal=360F00103617270F36081A2836303B2200303B160017270F00081A2800303B22
  chr_008=00000000000000000000000000000000
  chr_01C=00000000000000000000000000000000
  chr_108=78C4E47886867C000000000000000000
  chr_11C=78CCC07C06C67C000000000000000000
SNAPSHOT frame=750 reason=state_change
  state gm=00 ready=01 script=00 sub=00 ppu_idx=00 ram_005C=00 auto=00 phase=00 frm=69 ctrl=B0 mask=1E ctrl_shadow=B0 mask_shadow=1E flush_done=01 vblank=00 mirror=10
  nt_row_04=DC EE 24 24 24 24 24 24 24 24 24 24 24 24 24 24 24 24 24 24 24 24 24 24 24 24 24 24 24 24 D6 DB
  nt_row_07=DE EE 24 24 24 E3 24 24 71 72 73 74 75 76 77 78 79 79 79 7A 7B 24 24 24 24 24 E2 24 24 24 D6 DB
  nt_row_08=DE D8 EF 24 24 E2 24 7C 7D 7E 7F 80 81 82 83 84 85 86 87 88 89 8A 8B 24 24 24 E3 24 24 24 D6 DF
  nt_row_11=DE DB D7 24 24 E3 70 AF B0 B1 B2 B3 B4 B5 B6 B7 B8 B9 BA BB BC BD BE BF C0 24 E2 24 24 D6 DB DB
  nt_row_13=DE DB EE 24 24 E3 24 C6 C7 C8 C8 C8 24 C9 CA CB CC CD C8 C8 C8 C8 E8 E9 D3 24 E2 24 24 D6 DB DB
  nt_row_17=DC DA DC D7 24 24 24 24 24 24 24 24 24 F0 01 09 08 06 24 17 12 17 1D 0E 17 0D 18 24 D6 DC DB DF
  nt_row_20=E1 D9 DC ED E0 EF 24 24 19 1E 1C 11 24 1C 1D 0A 1B 1D 24 0B 1E 1D 1D 18 17 24 24 24 D6 D8 E1 D9
  pal=360F00103617270F36081A2836303B2200303B160017270F00081A2800303B22
  chr_008=00000000000000000000000000000000
  chr_01C=00000000000000000000000000000000
  chr_108=78C4E47886867C000000000000000000
  chr_11C=78CCC07C06C67C000000000000000000
SNAPSHOT frame=751 reason=state_change
  state gm=00 ready=01 script=00 sub=00 ppu_idx=00 ram_005C=00 auto=00 phase=00 frm=6A ctrl=B0 mask=1E ctrl_shadow=B0 mask_shadow=1E flush_done=01 vblank=00 mirror=10
  nt_row_04=DC EE 24 24 24 24 24 24 24 24 24 24 24 24 24 24 24 24 24 24 24 24 24 24 24 24 24 24 24 24 D6 DB
  nt_row_07=DE EE 24 24 24 E3 24 24 71 72 73 74 75 76 77 78 79 79 79 7A 7B 24 24 24 24 24 E2 24 24 24 D6 DB
  nt_row_08=DE D8 EF 24 24 E2 24 7C 7D 7E 7F 80 81 82 83 84 85 86 87 88 89 8A 8B 24 24 24 E3 24 24 24 D6 DF
  nt_row_11=DE DB D7 24 24 E3 70 AF B0 B1 B2 B3 B4 B5 B6 B7 B8 B9 BA BB BC BD BE BF C0 24 E2 24 24 D6 DB DB
  nt_row_13=DE DB EE 24 24 E3 24 C6 C7 C8 C8 C8 24 C9 CA CB CC CD C8 C8 C8 C8 E8 E9 D3 24 E2 24 24 D6 DB DB
  nt_row_17=DC DA DC D7 24 24 24 24 24 24 24 24 24 F0 01 09 08 06 24 17 12 17 1D 0E 17 0D 18 24 D6 DC DB DF
  nt_row_20=E1 D9 DC ED E0 EF 24 24 19 1E 1C 11 24 1C 1D 0A 1B 1D 24 0B 1E 1D 1D 18 17 24 24 24 D6 D8 E1 D9
  pal=360F00103617270F36081A2836303B2200303B160017270F00081A2800303B22
  chr_008=00000000000000000000000000000000
  chr_01C=00000000000000000000000000000000
  chr_108=78C4E47886867C000000000000000000
  chr_11C=78CCC07C06C67C000000000000000000
SNAPSHOT frame=752 reason=state_change
  state gm=00 ready=01 script=00 sub=00 ppu_idx=00 ram_005C=00 auto=00 phase=00 frm=6B ctrl=B0 mask=1E ctrl_shadow=B0 mask_shadow=1E flush_done=01 vblank=00 mirror=10
  nt_row_04=DC EE 24 24 24 24 24 24 24 24 24 24 24 24 24 24 24 24 24 24 24 24 24 24 24 24 24 24 24 24 D6 DB
  nt_row_07=DE EE 24 24 24 E3 24 24 71 72 73 74 75 76 77 78 79 79 79 7A 7B 24 24 24 24 24 E2 24 24 24 D6 DB
  nt_row_08=DE D8 EF 24 24 E2 24 7C 7D 7E 7F 80 81 82 83 84 85 86 87 88 89 8A 8B 24 24 24 E3 24 24 24 D6 DF
  nt_row_11=DE DB D7 24 24 E3 70 AF B0 B1 B2 B3 B4 B5 B6 B7 B8 B9 BA BB BC BD BE BF C0 24 E2 24 24 D6 DB DB
  nt_row_13=DE DB EE 24 24 E3 24 C6 C7 C8 C8 C8 24 C9 CA CB CC CD C8 C8 C8 C8 E8 E9 D3 24 E2 24 24 D6 DB DB
  nt_row_17=DC DA DC D7 24 24 24 24 24 24 24 24 24 F0 01 09 08 06 24 17 12 17 1D 0E 17 0D 18 24 D6 DC DB DF
  nt_row_20=E1 D9 DC ED E0 EF 24 24 19 1E 1C 11 24 1C 1D 0A 1B 1D 24 0B 1E 1D 1D 18 17 24 24 24 D6 D8 E1 D9
  pal=360F00103617270F36081A2836303B2200303B160017270F00081A2800303B22
  chr_008=00000000000000000000000000000000
  chr_01C=00000000000000000000000000000000
  chr_108=78C4E47886867C000000000000000000
  chr_11C=78CCC07C06C67C000000000000000000
SNAPSHOT frame=753 reason=state_change
  state gm=00 ready=01 script=00 sub=00 ppu_idx=00 ram_005C=00 auto=00 phase=00 frm=6C ctrl=B0 mask=1E ctrl_shadow=B0 mask_shadow=1E flush_done=01 vblank=00 mirror=10
  nt_row_04=DC EE 24 24 24 24 24 24 24 24 24 24 24 24 24 24 24 24 24 24 24 24 24 24 24 24 24 24 24 24 D6 DB
  nt_row_07=DE EE 24 24 24 E3 24 24 71 72 73 74 75 76 77 78 79 79 79 7A 7B 24 24 24 24 24 E2 24 24 24 D6 DB
  nt_row_08=DE D8 EF 24 24 E2 24 7C 7D 7E 7F 80 81 82 83 84 85 86 87 88 89 8A 8B 24 24 24 E3 24 24 24 D6 DF
  nt_row_11=DE DB D7 24 24 E3 70 AF B0 B1 B2 B3 B4 B5 B6 B7 B8 B9 BA BB BC BD BE BF C0 24 E2 24 24 D6 DB DB
  nt_row_13=DE DB EE 24 24 E3 24 C6 C7 C8 C8 C8 24 C9 CA CB CC CD C8 C8 C8 C8 E8 E9 D3 24 E2 24 24 D6 DB DB
  nt_row_17=DC DA DC D7 24 24 24 24 24 24 24 24 24 F0 01 09 08 06 24 17 12 17 1D 0E 17 0D 18 24 D6 DC DB DF
  nt_row_20=E1 D9 DC ED E0 EF 24 24 19 1E 1C 11 24 1C 1D 0A 1B 1D 24 0B 1E 1D 1D 18 17 24 24 24 D6 D8 E1 D9
  pal=360F00103617270F36081A2836303B2200303B160017270F00081A2800303B22
  chr_008=00000000000000000000000000000000
  chr_01C=00000000000000000000000000000000
  chr_108=78C4E47886867C000000000000000000
  chr_11C=78CCC07C06C67C000000000000000000
SNAPSHOT frame=754 reason=state_change
  state gm=00 ready=01 script=00 sub=00 ppu_idx=00 ram_005C=00 auto=00 phase=00 frm=6D ctrl=B0 mask=1E ctrl_shadow=B0 mask_shadow=1E flush_done=01 vblank=00 mirror=10
  nt_row_04=DC EE 24 24 24 24 24 24 24 24 24 24 24 24 24 24 24 24 24 24 24 24 24 24 24 24 24 24 24 24 D6 DB
  nt_row_07=DE EE 24 24 24 E3 24 24 71 72 73 74 75 76 77 78 79 79 79 7A 7B 24 24 24 24 24 E2 24 24 24 D6 DB
  nt_row_08=DE D8 EF 24 24 E2 24 7C 7D 7E 7F 80 81 82 83 84 85 86 87 88 89 8A 8B 24 24 24 E3 24 24 24 D6 DF
  nt_row_11=DE DB D7 24 24 E3 70 AF B0 B1 B2 B3 B4 B5 B6 B7 B8 B9 BA BB BC BD BE BF C0 24 E2 24 24 D6 DB DB
  nt_row_13=DE DB EE 24 24 E3 24 C6 C7 C8 C8 C8 24 C9 CA CB CC CD C8 C8 C8 C8 E8 E9 D3 24 E2 24 24 D6 DB DB
  nt_row_17=DC DA DC D7 24 24 24 24 24 24 24 24 24 F0 01 09 08 06 24 17 12 17 1D 0E 17 0D 18 24 D6 DC DB DF
  nt_row_20=E1 D9 DC ED E0 EF 24 24 19 1E 1C 11 24 1C 1D 0A 1B 1D 24 0B 1E 1D 1D 18 17 24 24 24 D6 D8 E1 D9
  pal=360F00103617270F36081A2836303B2200303B160017270F00081A2800303B22
  chr_008=00000000000000000000000000000000
  chr_01C=00000000000000000000000000000000
  chr_108=78C4E47886867C000000000000000000
  chr_11C=78CCC07C06C67C000000000000000000
SNAPSHOT frame=755 reason=state_change
  state gm=00 ready=01 script=00 sub=00 ppu_idx=00 ram_005C=00 auto=00 phase=00 frm=6E ctrl=B0 mask=1E ctrl_shadow=B0 mask_shadow=1E flush_done=01 vblank=00 mirror=10
  nt_row_04=DC EE 24 24 24 24 24 24 24 24 24 24 24 24 24 24 24 24 24 24 24 24 24 24 24 24 24 24 24 24 D6 DB
  nt_row_07=DE EE 24 24 24 E3 24 24 71 72 73 74 75 76 77 78 79 79 79 7A 7B 24 24 24 24 24 E2 24 24 24 D6 DB
  nt_row_08=DE D8 EF 24 24 E2 24 7C 7D 7E 7F 80 81 82 83 84 85 86 87 88 89 8A 8B 24 24 24 E3 24 24 24 D6 DF
  nt_row_11=DE DB D7 24 24 E3 70 AF B0 B1 B2 B3 B4 B5 B6 B7 B8 B9 BA BB BC BD BE BF C0 24 E2 24 24 D6 DB DB
  nt_row_13=DE DB EE 24 24 E3 24 C6 C7 C8 C8 C8 24 C9 CA CB CC CD C8 C8 C8 C8 E8 E9 D3 24 E2 24 24 D6 DB DB
  nt_row_17=DC DA DC D7 24 24 24 24 24 24 24 24 24 F0 01 09 08 06 24 17 12 17 1D 0E 17 0D 18 24 D6 DC DB DF
  nt_row_20=E1 D9 DC ED E0 EF 24 24 19 1E 1C 11 24 1C 1D 0A 1B 1D 24 0B 1E 1D 1D 18 17 24 24 24 D6 D8 E1 D9
  pal=360F00103617270F36081A2836303B2200303B160017270F00081A2800303B22
  chr_008=00000000000000000000000000000000
  chr_01C=00000000000000000000000000000000
  chr_108=78C4E47886867C000000000000000000
  chr_11C=78CCC07C06C67C000000000000000000
SNAPSHOT frame=756 reason=state_change
  state gm=00 ready=01 script=00 sub=00 ppu_idx=00 ram_005C=00 auto=00 phase=00 frm=6F ctrl=B0 mask=1E ctrl_shadow=B0 mask_shadow=1E flush_done=01 vblank=00 mirror=10
  nt_row_04=DC EE 24 24 24 24 24 24 24 24 24 24 24 24 24 24 24 24 24 24 24 24 24 24 24 24 24 24 24 24 D6 DB
  nt_row_07=DE EE 24 24 24 E3 24 24 71 72 73 74 75 76 77 78 79 79 79 7A 7B 24 24 24 24 24 E2 24 24 24 D6 DB
  nt_row_08=DE D8 EF 24 24 E2 24 7C 7D 7E 7F 80 81 82 83 84 85 86 87 88 89 8A 8B 24 24 24 E3 24 24 24 D6 DF
  nt_row_11=DE DB D7 24 24 E3 70 AF B0 B1 B2 B3 B4 B5 B6 B7 B8 B9 BA BB BC BD BE BF C0 24 E2 24 24 D6 DB DB
  nt_row_13=DE DB EE 24 24 E3 24 C6 C7 C8 C8 C8 24 C9 CA CB CC CD C8 C8 C8 C8 E8 E9 D3 24 E2 24 24 D6 DB DB
  nt_row_17=DC DA DC D7 24 24 24 24 24 24 24 24 24 F0 01 09 08 06 24 17 12 17 1D 0E 17 0D 18 24 D6 DC DB DF
  nt_row_20=E1 D9 DC ED E0 EF 24 24 19 1E 1C 11 24 1C 1D 0A 1B 1D 24 0B 1E 1D 1D 18 17 24 24 24 D6 D8 E1 D9
  pal=360F00103617270F36081A2836303B2200303B160017270F00081A2800303B22
  chr_008=00000000000000000000000000000000
  chr_01C=00000000000000000000000000000000
  chr_108=78C4E47886867C000000000000000000
  chr_11C=78CCC07C06C67C000000000000000000
SNAPSHOT frame=757 reason=state_change
  state gm=00 ready=01 script=00 sub=00 ppu_idx=00 ram_005C=00 auto=00 phase=00 frm=70 ctrl=B0 mask=1E ctrl_shadow=B0 mask_shadow=1E flush_done=01 vblank=00 mirror=10
  nt_row_04=DC EE 24 24 24 24 24 24 24 24 24 24 24 24 24 24 24 24 24 24 24 24 24 24 24 24 24 24 24 24 D6 DB
  nt_row_07=DE EE 24 24 24 E3 24 24 71 72 73 74 75 76 77 78 79 79 79 7A 7B 24 24 24 24 24 E2 24 24 24 D6 DB
  nt_row_08=DE D8 EF 24 24 E2 24 7C 7D 7E 7F 80 81 82 83 84 85 86 87 88 89 8A 8B 24 24 24 E3 24 24 24 D6 DF
  nt_row_11=DE DB D7 24 24 E3 70 AF B0 B1 B2 B3 B4 B5 B6 B7 B8 B9 BA BB BC BD BE BF C0 24 E2 24 24 D6 DB DB
  nt_row_13=DE DB EE 24 24 E3 24 C6 C7 C8 C8 C8 24 C9 CA CB CC CD C8 C8 C8 C8 E8 E9 D3 24 E2 24 24 D6 DB DB
  nt_row_17=DC DA DC D7 24 24 24 24 24 24 24 24 24 F0 01 09 08 06 24 17 12 17 1D 0E 17 0D 18 24 D6 DC DB DF
  nt_row_20=E1 D9 DC ED E0 EF 24 24 19 1E 1C 11 24 1C 1D 0A 1B 1D 24 0B 1E 1D 1D 18 17 24 24 24 D6 D8 E1 D9
  pal=360F00103617270F36081A2836303B2200303B160017270F00081A2800303B22
  chr_008=00000000000000000000000000000000
  chr_01C=00000000000000000000000000000000
  chr_108=78C4E47886867C000000000000000000
  chr_11C=78CCC07C06C67C000000000000000000
SNAPSHOT frame=758 reason=state_change
  state gm=00 ready=01 script=00 sub=00 ppu_idx=00 ram_005C=00 auto=00 phase=00 frm=71 ctrl=B0 mask=1E ctrl_shadow=B0 mask_shadow=1E flush_done=01 vblank=00 mirror=10
  nt_row_04=DC EE 24 24 24 24 24 24 24 24 24 24 24 24 24 24 24 24 24 24 24 24 24 24 24 24 24 24 24 24 D6 DB
  nt_row_07=DE EE 24 24 24 E3 24 24 71 72 73 74 75 76 77 78 79 79 79 7A 7B 24 24 24 24 24 E2 24 24 24 D6 DB
  nt_row_08=DE D8 EF 24 24 E2 24 7C 7D 7E 7F 80 81 82 83 84 85 86 87 88 89 8A 8B 24 24 24 E3 24 24 24 D6 DF
  nt_row_11=DE DB D7 24 24 E3 70 AF B0 B1 B2 B3 B4 B5 B6 B7 B8 B9 BA BB BC BD BE BF C0 24 E2 24 24 D6 DB DB
  nt_row_13=DE DB EE 24 24 E3 24 C6 C7 C8 C8 C8 24 C9 CA CB CC CD C8 C8 C8 C8 E8 E9 D3 24 E2 24 24 D6 DB DB
  nt_row_17=DC DA DC D7 24 24 24 24 24 24 24 24 24 F0 01 09 08 06 24 17 12 17 1D 0E 17 0D 18 24 D6 DC DB DF
  nt_row_20=E1 D9 DC ED E0 EF 24 24 19 1E 1C 11 24 1C 1D 0A 1B 1D 24 0B 1E 1D 1D 18 17 24 24 24 D6 D8 E1 D9
  pal=360F00103617270F36081A2836303B2200303B160017270F00081A2800303B22
  chr_008=00000000000000000000000000000000
  chr_01C=00000000000000000000000000000000
  chr_108=78C4E47886867C000000000000000000
  chr_11C=78CCC07C06C67C000000000000000000
SNAPSHOT frame=759 reason=state_change
  state gm=00 ready=01 script=00 sub=00 ppu_idx=00 ram_005C=00 auto=00 phase=00 frm=72 ctrl=B0 mask=1E ctrl_shadow=B0 mask_shadow=1E flush_done=01 vblank=00 mirror=10
  nt_row_04=DC EE 24 24 24 24 24 24 24 24 24 24 24 24 24 24 24 24 24 24 24 24 24 24 24 24 24 24 24 24 D6 DB
  nt_row_07=DE EE 24 24 24 E3 24 24 71 72 73 74 75 76 77 78 79 79 79 7A 7B 24 24 24 24 24 E2 24 24 24 D6 DB
  nt_row_08=DE D8 EF 24 24 E2 24 7C 7D 7E 7F 80 81 82 83 84 85 86 87 88 89 8A 8B 24 24 24 E3 24 24 24 D6 DF
  nt_row_11=DE DB D7 24 24 E3 70 AF B0 B1 B2 B3 B4 B5 B6 B7 B8 B9 BA BB BC BD BE BF C0 24 E2 24 24 D6 DB DB
  nt_row_13=DE DB EE 24 24 E3 24 C6 C7 C8 C8 C8 24 C9 CA CB CC CD C8 C8 C8 C8 E8 E9 D3 24 E2 24 24 D6 DB DB
  nt_row_17=DC DA DC D7 24 24 24 24 24 24 24 24 24 F0 01 09 08 06 24 17 12 17 1D 0E 17 0D 18 24 D6 DC DB DF
  nt_row_20=E1 D9 DC ED E0 EF 24 24 19 1E 1C 11 24 1C 1D 0A 1B 1D 24 0B 1E 1D 1D 18 17 24 24 24 D6 D8 E1 D9
  pal=360F00103617270F36081A2836303B2200303B160017270F00081A2800303B22
  chr_008=00000000000000000000000000000000
  chr_01C=00000000000000000000000000000000
  chr_108=78C4E47886867C000000000000000000
  chr_11C=78CCC07C06C67C000000000000000000
SNAPSHOT frame=760 reason=state_change
  state gm=00 ready=01 script=00 sub=00 ppu_idx=00 ram_005C=00 auto=00 phase=00 frm=73 ctrl=B0 mask=1E ctrl_shadow=B0 mask_shadow=1E flush_done=01 vblank=00 mirror=10
  nt_row_04=DC EE 24 24 24 24 24 24 24 24 24 24 24 24 24 24 24 24 24 24 24 24 24 24 24 24 24 24 24 24 D6 DB
  nt_row_07=DE EE 24 24 24 E3 24 24 71 72 73 74 75 76 77 78 79 79 79 7A 7B 24 24 24 24 24 E2 24 24 24 D6 DB
  nt_row_08=DE D8 EF 24 24 E2 24 7C 7D 7E 7F 80 81 82 83 84 85 86 87 88 89 8A 8B 24 24 24 E3 24 24 24 D6 DF
  nt_row_11=DE DB D7 24 24 E3 70 AF B0 B1 B2 B3 B4 B5 B6 B7 B8 B9 BA BB BC BD BE BF C0 24 E2 24 24 D6 DB DB
  nt_row_13=DE DB EE 24 24 E3 24 C6 C7 C8 C8 C8 24 C9 CA CB CC CD C8 C8 C8 C8 E8 E9 D3 24 E2 24 24 D6 DB DB
  nt_row_17=DC DA DC D7 24 24 24 24 24 24 24 24 24 F0 01 09 08 06 24 17 12 17 1D 0E 17 0D 18 24 D6 DC DB DF
  nt_row_20=E1 D9 DC ED E0 EF 24 24 19 1E 1C 11 24 1C 1D 0A 1B 1D 24 0B 1E 1D 1D 18 17 24 24 24 D6 D8 E1 D9
  pal=360F00103617270F36081A2836303B2200303B160017270F00081A2800303B22
  chr_008=00000000000000000000000000000000
  chr_01C=00000000000000000000000000000000
  chr_108=78C4E47886867C000000000000000000
  chr_11C=78CCC07C06C67C000000000000000000
SNAPSHOT frame=761 reason=state_change
  state gm=00 ready=01 script=00 sub=00 ppu_idx=00 ram_005C=00 auto=00 phase=00 frm=74 ctrl=B0 mask=1E ctrl_shadow=B0 mask_shadow=1E flush_done=01 vblank=00 mirror=10
  nt_row_04=DC EE 24 24 24 24 24 24 24 24 24 24 24 24 24 24 24 24 24 24 24 24 24 24 24 24 24 24 24 24 D6 DB
  nt_row_07=DE EE 24 24 24 E3 24 24 71 72 73 74 75 76 77 78 79 79 79 7A 7B 24 24 24 24 24 E2 24 24 24 D6 DB
  nt_row_08=DE D8 EF 24 24 E2 24 7C 7D 7E 7F 80 81 82 83 84 85 86 87 88 89 8A 8B 24 24 24 E3 24 24 24 D6 DF
  nt_row_11=DE DB D7 24 24 E3 70 AF B0 B1 B2 B3 B4 B5 B6 B7 B8 B9 BA BB BC BD BE BF C0 24 E2 24 24 D6 DB DB
  nt_row_13=DE DB EE 24 24 E3 24 C6 C7 C8 C8 C8 24 C9 CA CB CC CD C8 C8 C8 C8 E8 E9 D3 24 E2 24 24 D6 DB DB
  nt_row_17=DC DA DC D7 24 24 24 24 24 24 24 24 24 F0 01 09 08 06 24 17 12 17 1D 0E 17 0D 18 24 D6 DC DB DF
  nt_row_20=E1 D9 DC ED E0 EF 24 24 19 1E 1C 11 24 1C 1D 0A 1B 1D 24 0B 1E 1D 1D 18 17 24 24 24 D6 D8 E1 D9
  pal=360F00103617270F36081A2836303B2200303B160017270F00081A2800303B22
  chr_008=00000000000000000000000000000000
  chr_01C=00000000000000000000000000000000
  chr_108=78C4E47886867C000000000000000000
  chr_11C=78CCC07C06C67C000000000000000000
SNAPSHOT frame=762 reason=state_change
  state gm=00 ready=01 script=00 sub=00 ppu_idx=00 ram_005C=00 auto=00 phase=00 frm=75 ctrl=B0 mask=1E ctrl_shadow=B0 mask_shadow=1E flush_done=01 vblank=00 mirror=10
  nt_row_04=DC EE 24 24 24 24 24 24 24 24 24 24 24 24 24 24 24 24 24 24 24 24 24 24 24 24 24 24 24 24 D6 DB
  nt_row_07=DE EE 24 24 24 E3 24 24 71 72 73 74 75 76 77 78 79 79 79 7A 7B 24 24 24 24 24 E2 24 24 24 D6 DB
  nt_row_08=DE D8 EF 24 24 E2 24 7C 7D 7E 7F 80 81 82 83 84 85 86 87 88 89 8A 8B 24 24 24 E3 24 24 24 D6 DF
  nt_row_11=DE DB D7 24 24 E3 70 AF B0 B1 B2 B3 B4 B5 B6 B7 B8 B9 BA BB BC BD BE BF C0 24 E2 24 24 D6 DB DB
  nt_row_13=DE DB EE 24 24 E3 24 C6 C7 C8 C8 C8 24 C9 CA CB CC CD C8 C8 C8 C8 E8 E9 D3 24 E2 24 24 D6 DB DB
  nt_row_17=DC DA DC D7 24 24 24 24 24 24 24 24 24 F0 01 09 08 06 24 17 12 17 1D 0E 17 0D 18 24 D6 DC DB DF
  nt_row_20=E1 D9 DC ED E0 EF 24 24 19 1E 1C 11 24 1C 1D 0A 1B 1D 24 0B 1E 1D 1D 18 17 24 24 24 D6 D8 E1 D9
  pal=360F00103617270F36081A2836303B2200303B160017270F00081A2800303B22
  chr_008=00000000000000000000000000000000
  chr_01C=00000000000000000000000000000000
  chr_108=78C4E47886867C000000000000000000
  chr_11C=78CCC07C06C67C000000000000000000
SNAPSHOT frame=763 reason=state_change
  state gm=00 ready=01 script=00 sub=00 ppu_idx=00 ram_005C=00 auto=00 phase=00 frm=76 ctrl=B0 mask=1E ctrl_shadow=B0 mask_shadow=1E flush_done=01 vblank=00 mirror=10
  nt_row_04=DC EE 24 24 24 24 24 24 24 24 24 24 24 24 24 24 24 24 24 24 24 24 24 24 24 24 24 24 24 24 D6 DB
  nt_row_07=DE EE 24 24 24 E3 24 24 71 72 73 74 75 76 77 78 79 79 79 7A 7B 24 24 24 24 24 E2 24 24 24 D6 DB
  nt_row_08=DE D8 EF 24 24 E2 24 7C 7D 7E 7F 80 81 82 83 84 85 86 87 88 89 8A 8B 24 24 24 E3 24 24 24 D6 DF
  nt_row_11=DE DB D7 24 24 E3 70 AF B0 B1 B2 B3 B4 B5 B6 B7 B8 B9 BA BB BC BD BE BF C0 24 E2 24 24 D6 DB DB
  nt_row_13=DE DB EE 24 24 E3 24 C6 C7 C8 C8 C8 24 C9 CA CB CC CD C8 C8 C8 C8 E8 E9 D3 24 E2 24 24 D6 DB DB
  nt_row_17=DC DA DC D7 24 24 24 24 24 24 24 24 24 F0 01 09 08 06 24 17 12 17 1D 0E 17 0D 18 24 D6 DC DB DF
  nt_row_20=E1 D9 DC ED E0 EF 24 24 19 1E 1C 11 24 1C 1D 0A 1B 1D 24 0B 1E 1D 1D 18 17 24 24 24 D6 D8 E1 D9
  pal=360F00103617270F36081A2836303B2200303B160017270F00081A2800303B22
  chr_008=00000000000000000000000000000000
  chr_01C=00000000000000000000000000000000
  chr_108=78C4E47886867C000000000000000000
  chr_11C=78CCC07C06C67C000000000000000000
SNAPSHOT frame=764 reason=state_change
  state gm=00 ready=01 script=00 sub=00 ppu_idx=00 ram_005C=00 auto=00 phase=00 frm=77 ctrl=B0 mask=1E ctrl_shadow=B0 mask_shadow=1E flush_done=01 vblank=00 mirror=10
  nt_row_04=DC EE 24 24 24 24 24 24 24 24 24 24 24 24 24 24 24 24 24 24 24 24 24 24 24 24 24 24 24 24 D6 DB
  nt_row_07=DE EE 24 24 24 E3 24 24 71 72 73 74 75 76 77 78 79 79 79 7A 7B 24 24 24 24 24 E2 24 24 24 D6 DB
  nt_row_08=DE D8 EF 24 24 E2 24 7C 7D 7E 7F 80 81 82 83 84 85 86 87 88 89 8A 8B 24 24 24 E3 24 24 24 D6 DF
  nt_row_11=DE DB D7 24 24 E3 70 AF B0 B1 B2 B3 B4 B5 B6 B7 B8 B9 BA BB BC BD BE BF C0 24 E2 24 24 D6 DB DB
  nt_row_13=DE DB EE 24 24 E3 24 C6 C7 C8 C8 C8 24 C9 CA CB CC CD C8 C8 C8 C8 E8 E9 D3 24 E2 24 24 D6 DB DB
  nt_row_17=DC DA DC D7 24 24 24 24 24 24 24 24 24 F0 01 09 08 06 24 17 12 17 1D 0E 17 0D 18 24 D6 DC DB DF
  nt_row_20=E1 D9 DC ED E0 EF 24 24 19 1E 1C 11 24 1C 1D 0A 1B 1D 24 0B 1E 1D 1D 18 17 24 24 24 D6 D8 E1 D9
  pal=360F00103617270F36081A2836303B2200303B160017270F00081A2800303B22
  chr_008=00000000000000000000000000000000
  chr_01C=00000000000000000000000000000000
  chr_108=78C4E47886867C000000000000000000
  chr_11C=78CCC07C06C67C000000000000000000
SNAPSHOT frame=765 reason=state_change
  state gm=00 ready=01 script=00 sub=00 ppu_idx=00 ram_005C=00 auto=00 phase=00 frm=78 ctrl=B0 mask=1E ctrl_shadow=B0 mask_shadow=1E flush_done=01 vblank=00 mirror=10
  nt_row_04=DC EE 24 24 24 24 24 24 24 24 24 24 24 24 24 24 24 24 24 24 24 24 24 24 24 24 24 24 24 24 D6 DB
  nt_row_07=DE EE 24 24 24 E3 24 24 71 72 73 74 75 76 77 78 79 79 79 7A 7B 24 24 24 24 24 E2 24 24 24 D6 DB
  nt_row_08=DE D8 EF 24 24 E2 24 7C 7D 7E 7F 80 81 82 83 84 85 86 87 88 89 8A 8B 24 24 24 E3 24 24 24 D6 DF
  nt_row_11=DE DB D7 24 24 E3 70 AF B0 B1 B2 B3 B4 B5 B6 B7 B8 B9 BA BB BC BD BE BF C0 24 E2 24 24 D6 DB DB
  nt_row_13=DE DB EE 24 24 E3 24 C6 C7 C8 C8 C8 24 C9 CA CB CC CD C8 C8 C8 C8 E8 E9 D3 24 E2 24 24 D6 DB DB
  nt_row_17=DC DA DC D7 24 24 24 24 24 24 24 24 24 F0 01 09 08 06 24 17 12 17 1D 0E 17 0D 18 24 D6 DC DB DF
  nt_row_20=E1 D9 DC ED E0 EF 24 24 19 1E 1C 11 24 1C 1D 0A 1B 1D 24 0B 1E 1D 1D 18 17 24 24 24 D6 D8 E1 D9
  pal=360F00103617270F36081A2836303B2200303B160017270F00081A2800303B22
  chr_008=00000000000000000000000000000000
  chr_01C=00000000000000000000000000000000
  chr_108=78C4E47886867C000000000000000000
  chr_11C=78CCC07C06C67C000000000000000000
SNAPSHOT frame=766 reason=state_change
  state gm=00 ready=01 script=00 sub=00 ppu_idx=00 ram_005C=00 auto=00 phase=00 frm=79 ctrl=B0 mask=1E ctrl_shadow=B0 mask_shadow=1E flush_done=01 vblank=00 mirror=10
  nt_row_04=DC EE 24 24 24 24 24 24 24 24 24 24 24 24 24 24 24 24 24 24 24 24 24 24 24 24 24 24 24 24 D6 DB
  nt_row_07=DE EE 24 24 24 E3 24 24 71 72 73 74 75 76 77 78 79 79 79 7A 7B 24 24 24 24 24 E2 24 24 24 D6 DB
  nt_row_08=DE D8 EF 24 24 E2 24 7C 7D 7E 7F 80 81 82 83 84 85 86 87 88 89 8A 8B 24 24 24 E3 24 24 24 D6 DF
  nt_row_11=DE DB D7 24 24 E3 70 AF B0 B1 B2 B3 B4 B5 B6 B7 B8 B9 BA BB BC BD BE BF C0 24 E2 24 24 D6 DB DB
  nt_row_13=DE DB EE 24 24 E3 24 C6 C7 C8 C8 C8 24 C9 CA CB CC CD C8 C8 C8 C8 E8 E9 D3 24 E2 24 24 D6 DB DB
  nt_row_17=DC DA DC D7 24 24 24 24 24 24 24 24 24 F0 01 09 08 06 24 17 12 17 1D 0E 17 0D 18 24 D6 DC DB DF
  nt_row_20=E1 D9 DC ED E0 EF 24 24 19 1E 1C 11 24 1C 1D 0A 1B 1D 24 0B 1E 1D 1D 18 17 24 24 24 D6 D8 E1 D9
  pal=360F00103617270F36081A2836303B2200303B160017270F00081A2800303B22
  chr_008=00000000000000000000000000000000
  chr_01C=00000000000000000000000000000000
  chr_108=78C4E47886867C000000000000000000
  chr_11C=78CCC07C06C67C000000000000000000
SNAPSHOT frame=767 reason=state_change
  state gm=00 ready=01 script=00 sub=00 ppu_idx=00 ram_005C=00 auto=00 phase=00 frm=7A ctrl=B0 mask=1E ctrl_shadow=B0 mask_shadow=1E flush_done=01 vblank=00 mirror=10
  nt_row_04=DC EE 24 24 24 24 24 24 24 24 24 24 24 24 24 24 24 24 24 24 24 24 24 24 24 24 24 24 24 24 D6 DB
  nt_row_07=DE EE 24 24 24 E3 24 24 71 72 73 74 75 76 77 78 79 79 79 7A 7B 24 24 24 24 24 E2 24 24 24 D6 DB
  nt_row_08=DE D8 EF 24 24 E2 24 7C 7D 7E 7F 80 81 82 83 84 85 86 87 88 89 8A 8B 24 24 24 E3 24 24 24 D6 DF
  nt_row_11=DE DB D7 24 24 E3 70 AF B0 B1 B2 B3 B4 B5 B6 B7 B8 B9 BA BB BC BD BE BF C0 24 E2 24 24 D6 DB DB
  nt_row_13=DE DB EE 24 24 E3 24 C6 C7 C8 C8 C8 24 C9 CA CB CC CD C8 C8 C8 C8 E8 E9 D3 24 E2 24 24 D6 DB DB
  nt_row_17=DC DA DC D7 24 24 24 24 24 24 24 24 24 F0 01 09 08 06 24 17 12 17 1D 0E 17 0D 18 24 D6 DC DB DF
  nt_row_20=E1 D9 DC ED E0 EF 24 24 19 1E 1C 11 24 1C 1D 0A 1B 1D 24 0B 1E 1D 1D 18 17 24 24 24 D6 D8 E1 D9
  pal=360F00103617270F36081A2836303B2200303B160017270F00081A2800303B22
  chr_008=00000000000000000000000000000000
  chr_01C=00000000000000000000000000000000
  chr_108=78C4E47886867C000000000000000000
  chr_11C=78CCC07C06C67C000000000000000000
SNAPSHOT frame=768 reason=state_change
  state gm=00 ready=01 script=00 sub=00 ppu_idx=00 ram_005C=00 auto=00 phase=00 frm=7B ctrl=B0 mask=1E ctrl_shadow=B0 mask_shadow=1E flush_done=01 vblank=00 mirror=10
  nt_row_04=DC EE 24 24 24 24 24 24 24 24 24 24 24 24 24 24 24 24 24 24 24 24 24 24 24 24 24 24 24 24 D6 DB
  nt_row_07=DE EE 24 24 24 E3 24 24 71 72 73 74 75 76 77 78 79 79 79 7A 7B 24 24 24 24 24 E2 24 24 24 D6 DB
  nt_row_08=DE D8 EF 24 24 E2 24 7C 7D 7E 7F 80 81 82 83 84 85 86 87 88 89 8A 8B 24 24 24 E3 24 24 24 D6 DF
  nt_row_11=DE DB D7 24 24 E3 70 AF B0 B1 B2 B3 B4 B5 B6 B7 B8 B9 BA BB BC BD BE BF C0 24 E2 24 24 D6 DB DB
  nt_row_13=DE DB EE 24 24 E3 24 C6 C7 C8 C8 C8 24 C9 CA CB CC CD C8 C8 C8 C8 E8 E9 D3 24 E2 24 24 D6 DB DB
  nt_row_17=DC DA DC D7 24 24 24 24 24 24 24 24 24 F0 01 09 08 06 24 17 12 17 1D 0E 17 0D 18 24 D6 DC DB DF
  nt_row_20=E1 D9 DC ED E0 EF 24 24 19 1E 1C 11 24 1C 1D 0A 1B 1D 24 0B 1E 1D 1D 18 17 24 24 24 D6 D8 E1 D9
  pal=360F00103617270F36081A2836303B2200303B160017270F00081A2800303B22
  chr_008=00000000000000000000000000000000
  chr_01C=00000000000000000000000000000000
  chr_108=78C4E47886867C000000000000000000
  chr_11C=78CCC07C06C67C000000000000000000
SNAPSHOT frame=769 reason=state_change
  state gm=00 ready=01 script=00 sub=00 ppu_idx=00 ram_005C=00 auto=00 phase=00 frm=7C ctrl=B0 mask=1E ctrl_shadow=B0 mask_shadow=1E flush_done=01 vblank=00 mirror=10
  nt_row_04=DC EE 24 24 24 24 24 24 24 24 24 24 24 24 24 24 24 24 24 24 24 24 24 24 24 24 24 24 24 24 D6 DB
  nt_row_07=DE EE 24 24 24 E3 24 24 71 72 73 74 75 76 77 78 79 79 79 7A 7B 24 24 24 24 24 E2 24 24 24 D6 DB
  nt_row_08=DE D8 EF 24 24 E2 24 7C 7D 7E 7F 80 81 82 83 84 85 86 87 88 89 8A 8B 24 24 24 E3 24 24 24 D6 DF
  nt_row_11=DE DB D7 24 24 E3 70 AF B0 B1 B2 B3 B4 B5 B6 B7 B8 B9 BA BB BC BD BE BF C0 24 E2 24 24 D6 DB DB
  nt_row_13=DE DB EE 24 24 E3 24 C6 C7 C8 C8 C8 24 C9 CA CB CC CD C8 C8 C8 C8 E8 E9 D3 24 E2 24 24 D6 DB DB
  nt_row_17=DC DA DC D7 24 24 24 24 24 24 24 24 24 F0 01 09 08 06 24 17 12 17 1D 0E 17 0D 18 24 D6 DC DB DF
  nt_row_20=E1 D9 DC ED E0 EF 24 24 19 1E 1C 11 24 1C 1D 0A 1B 1D 24 0B 1E 1D 1D 18 17 24 24 24 D6 D8 E1 D9
  pal=360F00103617270F36081A2836303B2200303B160017270F00081A2800303B22
  chr_008=00000000000000000000000000000000
  chr_01C=00000000000000000000000000000000
  chr_108=78C4E47886867C000000000000000000
  chr_11C=78CCC07C06C67C000000000000000000
SNAPSHOT frame=770 reason=state_change
  state gm=00 ready=01 script=00 sub=00 ppu_idx=00 ram_005C=00 auto=00 phase=00 frm=7D ctrl=B0 mask=1E ctrl_shadow=B0 mask_shadow=1E flush_done=01 vblank=00 mirror=10
  nt_row_04=DC EE 24 24 24 24 24 24 24 24 24 24 24 24 24 24 24 24 24 24 24 24 24 24 24 24 24 24 24 24 D6 DB
  nt_row_07=DE EE 24 24 24 E3 24 24 71 72 73 74 75 76 77 78 79 79 79 7A 7B 24 24 24 24 24 E2 24 24 24 D6 DB
  nt_row_08=DE D8 EF 24 24 E2 24 7C 7D 7E 7F 80 81 82 83 84 85 86 87 88 89 8A 8B 24 24 24 E3 24 24 24 D6 DF
  nt_row_11=DE DB D7 24 24 E3 70 AF B0 B1 B2 B3 B4 B5 B6 B7 B8 B9 BA BB BC BD BE BF C0 24 E2 24 24 D6 DB DB
  nt_row_13=DE DB EE 24 24 E3 24 C6 C7 C8 C8 C8 24 C9 CA CB CC CD C8 C8 C8 C8 E8 E9 D3 24 E2 24 24 D6 DB DB
  nt_row_17=DC DA DC D7 24 24 24 24 24 24 24 24 24 F0 01 09 08 06 24 17 12 17 1D 0E 17 0D 18 24 D6 DC DB DF
  nt_row_20=E1 D9 DC ED E0 EF 24 24 19 1E 1C 11 24 1C 1D 0A 1B 1D 24 0B 1E 1D 1D 18 17 24 24 24 D6 D8 E1 D9
  pal=360F00103617270F36081A2836303B2200303B160017270F00081A2800303B22
  chr_008=00000000000000000000000000000000
  chr_01C=00000000000000000000000000000000
  chr_108=78C4E47886867C000000000000000000
  chr_11C=78CCC07C06C67C000000000000000000
SNAPSHOT frame=771 reason=state_change
  state gm=00 ready=01 script=00 sub=00 ppu_idx=00 ram_005C=00 auto=00 phase=00 frm=7E ctrl=B0 mask=1E ctrl_shadow=B0 mask_shadow=1E flush_done=01 vblank=00 mirror=10
  nt_row_04=DC EE 24 24 24 24 24 24 24 24 24 24 24 24 24 24 24 24 24 24 24 24 24 24 24 24 24 24 24 24 D6 DB
  nt_row_07=DE EE 24 24 24 E3 24 24 71 72 73 74 75 76 77 78 79 79 79 7A 7B 24 24 24 24 24 E2 24 24 24 D6 DB
  nt_row_08=DE D8 EF 24 24 E2 24 7C 7D 7E 7F 80 81 82 83 84 85 86 87 88 89 8A 8B 24 24 24 E3 24 24 24 D6 DF
  nt_row_11=DE DB D7 24 24 E3 70 AF B0 B1 B2 B3 B4 B5 B6 B7 B8 B9 BA BB BC BD BE BF C0 24 E2 24 24 D6 DB DB
  nt_row_13=DE DB EE 24 24 E3 24 C6 C7 C8 C8 C8 24 C9 CA CB CC CD C8 C8 C8 C8 E8 E9 D3 24 E2 24 24 D6 DB DB
  nt_row_17=DC DA DC D7 24 24 24 24 24 24 24 24 24 F0 01 09 08 06 24 17 12 17 1D 0E 17 0D 18 24 D6 DC DB DF
  nt_row_20=E1 D9 DC ED E0 EF 24 24 19 1E 1C 11 24 1C 1D 0A 1B 1D 24 0B 1E 1D 1D 18 17 24 24 24 D6 D8 E1 D9
  pal=360F00103617270F36081A2836303B2200303B160017270F00081A2800303B22
  chr_008=00000000000000000000000000000000
  chr_01C=00000000000000000000000000000000
  chr_108=78C4E47886867C000000000000000000
  chr_11C=78CCC07C06C67C000000000000000000
SNAPSHOT frame=772 reason=state_change
  state gm=00 ready=01 script=00 sub=00 ppu_idx=00 ram_005C=00 auto=00 phase=00 frm=7F ctrl=B0 mask=1E ctrl_shadow=B0 mask_shadow=1E flush_done=01 vblank=00 mirror=10
  nt_row_04=DC EE 24 24 24 24 24 24 24 24 24 24 24 24 24 24 24 24 24 24 24 24 24 24 24 24 24 24 24 24 D6 DB
  nt_row_07=DE EE 24 24 24 E3 24 24 71 72 73 74 75 76 77 78 79 79 79 7A 7B 24 24 24 24 24 E2 24 24 24 D6 DB
  nt_row_08=DE D8 EF 24 24 E2 24 7C 7D 7E 7F 80 81 82 83 84 85 86 87 88 89 8A 8B 24 24 24 E3 24 24 24 D6 DF
  nt_row_11=DE DB D7 24 24 E3 70 AF B0 B1 B2 B3 B4 B5 B6 B7 B8 B9 BA BB BC BD BE BF C0 24 E2 24 24 D6 DB DB
  nt_row_13=DE DB EE 24 24 E3 24 C6 C7 C8 C8 C8 24 C9 CA CB CC CD C8 C8 C8 C8 E8 E9 D3 24 E2 24 24 D6 DB DB
  nt_row_17=DC DA DC D7 24 24 24 24 24 24 24 24 24 F0 01 09 08 06 24 17 12 17 1D 0E 17 0D 18 24 D6 DC DB DF
  nt_row_20=E1 D9 DC ED E0 EF 24 24 19 1E 1C 11 24 1C 1D 0A 1B 1D 24 0B 1E 1D 1D 18 17 24 24 24 D6 D8 E1 D9
  pal=360F00103617270F36081A2836303B2200303B160017270F00081A2800303B22
  chr_008=00000000000000000000000000000000
  chr_01C=00000000000000000000000000000000
  chr_108=78C4E47886867C000000000000000000
  chr_11C=78CCC07C06C67C000000000000000000
SNAPSHOT frame=773 reason=state_change
  state gm=00 ready=01 script=00 sub=00 ppu_idx=00 ram_005C=00 auto=00 phase=00 frm=80 ctrl=B0 mask=1E ctrl_shadow=B0 mask_shadow=1E flush_done=01 vblank=00 mirror=10
  nt_row_04=DC EE 24 24 24 24 24 24 24 24 24 24 24 24 24 24 24 24 24 24 24 24 24 24 24 24 24 24 24 24 D6 DB
  nt_row_07=DE EE 24 24 24 E3 24 24 71 72 73 74 75 76 77 78 79 79 79 7A 7B 24 24 24 24 24 E2 24 24 24 D6 DB
  nt_row_08=DE D8 EF 24 24 E2 24 7C 7D 7E 7F 80 81 82 83 84 85 86 87 88 89 8A 8B 24 24 24 E3 24 24 24 D6 DF
  nt_row_11=DE DB D7 24 24 E3 70 AF B0 B1 B2 B3 B4 B5 B6 B7 B8 B9 BA BB BC BD BE BF C0 24 E2 24 24 D6 DB DB
  nt_row_13=DE DB EE 24 24 E3 24 C6 C7 C8 C8 C8 24 C9 CA CB CC CD C8 C8 C8 C8 E8 E9 D3 24 E2 24 24 D6 DB DB
  nt_row_17=DC DA DC D7 24 24 24 24 24 24 24 24 24 F0 01 09 08 06 24 17 12 17 1D 0E 17 0D 18 24 D6 DC DB DF
  nt_row_20=E1 D9 DC ED E0 EF 24 24 19 1E 1C 11 24 1C 1D 0A 1B 1D 24 0B 1E 1D 1D 18 17 24 24 24 D6 D8 E1 D9
  pal=360F00103617270F36081A2836303B2200303B160017270F00081A2800303B22
  chr_008=00000000000000000000000000000000
  chr_01C=00000000000000000000000000000000
  chr_108=78C4E47886867C000000000000000000
  chr_11C=78CCC07C06C67C000000000000000000
SNAPSHOT frame=774 reason=state_change
  state gm=00 ready=01 script=00 sub=00 ppu_idx=00 ram_005C=00 auto=00 phase=00 frm=81 ctrl=B0 mask=1E ctrl_shadow=B0 mask_shadow=1E flush_done=01 vblank=00 mirror=10
  nt_row_04=DC EE 24 24 24 24 24 24 24 24 24 24 24 24 24 24 24 24 24 24 24 24 24 24 24 24 24 24 24 24 D6 DB
  nt_row_07=DE EE 24 24 24 E3 24 24 71 72 73 74 75 76 77 78 79 79 79 7A 7B 24 24 24 24 24 E2 24 24 24 D6 DB
  nt_row_08=DE D8 EF 24 24 E2 24 7C 7D 7E 7F 80 81 82 83 84 85 86 87 88 89 8A 8B 24 24 24 E3 24 24 24 D6 DF
  nt_row_11=DE DB D7 24 24 E3 70 AF B0 B1 B2 B3 B4 B5 B6 B7 B8 B9 BA BB BC BD BE BF C0 24 E2 24 24 D6 DB DB
  nt_row_13=DE DB EE 24 24 E3 24 C6 C7 C8 C8 C8 24 C9 CA CB CC CD C8 C8 C8 C8 E8 E9 D3 24 E2 24 24 D6 DB DB
  nt_row_17=DC DA DC D7 24 24 24 24 24 24 24 24 24 F0 01 09 08 06 24 17 12 17 1D 0E 17 0D 18 24 D6 DC DB DF
  nt_row_20=E1 D9 DC ED E0 EF 24 24 19 1E 1C 11 24 1C 1D 0A 1B 1D 24 0B 1E 1D 1D 18 17 24 24 24 D6 D8 E1 D9
  pal=360F00103617270F36081A2836303B2200303B160017270F00081A2800303B22
  chr_008=00000000000000000000000000000000
  chr_01C=00000000000000000000000000000000
  chr_108=78C4E47886867C000000000000000000
  chr_11C=78CCC07C06C67C000000000000000000
SNAPSHOT frame=775 reason=state_change
  state gm=00 ready=01 script=00 sub=00 ppu_idx=00 ram_005C=00 auto=00 phase=00 frm=82 ctrl=B0 mask=1E ctrl_shadow=B0 mask_shadow=1E flush_done=01 vblank=00 mirror=10
  nt_row_04=DC EE 24 24 24 24 24 24 24 24 24 24 24 24 24 24 24 24 24 24 24 24 24 24 24 24 24 24 24 24 D6 DB
  nt_row_07=DE EE 24 24 24 E3 24 24 71 72 73 74 75 76 77 78 79 79 79 7A 7B 24 24 24 24 24 E2 24 24 24 D6 DB
  nt_row_08=DE D8 EF 24 24 E2 24 7C 7D 7E 7F 80 81 82 83 84 85 86 87 88 89 8A 8B 24 24 24 E3 24 24 24 D6 DF
  nt_row_11=DE DB D7 24 24 E3 70 AF B0 B1 B2 B3 B4 B5 B6 B7 B8 B9 BA BB BC BD BE BF C0 24 E2 24 24 D6 DB DB
  nt_row_13=DE DB EE 24 24 E3 24 C6 C7 C8 C8 C8 24 C9 CA CB CC CD C8 C8 C8 C8 E8 E9 D3 24 E2 24 24 D6 DB DB
  nt_row_17=DC DA DC D7 24 24 24 24 24 24 24 24 24 F0 01 09 08 06 24 17 12 17 1D 0E 17 0D 18 24 D6 DC DB DF
  nt_row_20=E1 D9 DC ED E0 EF 24 24 19 1E 1C 11 24 1C 1D 0A 1B 1D 24 0B 1E 1D 1D 18 17 24 24 24 D6 D8 E1 D9
  pal=360F00103617270F36081A2836303B2200303B160017270F00081A2800303B22
  chr_008=00000000000000000000000000000000
  chr_01C=00000000000000000000000000000000
  chr_108=78C4E47886867C000000000000000000
  chr_11C=78CCC07C06C67C000000000000000000
SNAPSHOT frame=776 reason=state_change
  state gm=00 ready=01 script=00 sub=00 ppu_idx=00 ram_005C=00 auto=00 phase=00 frm=83 ctrl=B0 mask=1E ctrl_shadow=B0 mask_shadow=1E flush_done=01 vblank=00 mirror=10
  nt_row_04=DC EE 24 24 24 24 24 24 24 24 24 24 24 24 24 24 24 24 24 24 24 24 24 24 24 24 24 24 24 24 D6 DB
  nt_row_07=DE EE 24 24 24 E3 24 24 71 72 73 74 75 76 77 78 79 79 79 7A 7B 24 24 24 24 24 E2 24 24 24 D6 DB
  nt_row_08=DE D8 EF 24 24 E2 24 7C 7D 7E 7F 80 81 82 83 84 85 86 87 88 89 8A 8B 24 24 24 E3 24 24 24 D6 DF
  nt_row_11=DE DB D7 24 24 E3 70 AF B0 B1 B2 B3 B4 B5 B6 B7 B8 B9 BA BB BC BD BE BF C0 24 E2 24 24 D6 DB DB
  nt_row_13=DE DB EE 24 24 E3 24 C6 C7 C8 C8 C8 24 C9 CA CB CC CD C8 C8 C8 C8 E8 E9 D3 24 E2 24 24 D6 DB DB
  nt_row_17=DC DA DC D7 24 24 24 24 24 24 24 24 24 F0 01 09 08 06 24 17 12 17 1D 0E 17 0D 18 24 D6 DC DB DF
  nt_row_20=E1 D9 DC ED E0 EF 24 24 19 1E 1C 11 24 1C 1D 0A 1B 1D 24 0B 1E 1D 1D 18 17 24 24 24 D6 D8 E1 D9
  pal=360F00103617270F36081A2836303B2200303B160017270F00081A2800303B22
  chr_008=00000000000000000000000000000000
  chr_01C=00000000000000000000000000000000
  chr_108=78C4E47886867C000000000000000000
  chr_11C=78CCC07C06C67C000000000000000000
SNAPSHOT frame=777 reason=state_change
  state gm=00 ready=01 script=00 sub=00 ppu_idx=00 ram_005C=00 auto=00 phase=00 frm=84 ctrl=B0 mask=1E ctrl_shadow=B0 mask_shadow=1E flush_done=01 vblank=00 mirror=10
  nt_row_04=DC EE 24 24 24 24 24 24 24 24 24 24 24 24 24 24 24 24 24 24 24 24 24 24 24 24 24 24 24 24 D6 DB
  nt_row_07=DE EE 24 24 24 E3 24 24 71 72 73 74 75 76 77 78 79 79 79 7A 7B 24 24 24 24 24 E2 24 24 24 D6 DB
  nt_row_08=DE D8 EF 24 24 E2 24 7C 7D 7E 7F 80 81 82 83 84 85 86 87 88 89 8A 8B 24 24 24 E3 24 24 24 D6 DF
  nt_row_11=DE DB D7 24 24 E3 70 AF B0 B1 B2 B3 B4 B5 B6 B7 B8 B9 BA BB BC BD BE BF C0 24 E2 24 24 D6 DB DB
  nt_row_13=DE DB EE 24 24 E3 24 C6 C7 C8 C8 C8 24 C9 CA CB CC CD C8 C8 C8 C8 E8 E9 D3 24 E2 24 24 D6 DB DB
  nt_row_17=DC DA DC D7 24 24 24 24 24 24 24 24 24 F0 01 09 08 06 24 17 12 17 1D 0E 17 0D 18 24 D6 DC DB DF
  nt_row_20=E1 D9 DC ED E0 EF 24 24 19 1E 1C 11 24 1C 1D 0A 1B 1D 24 0B 1E 1D 1D 18 17 24 24 24 D6 D8 E1 D9
  pal=360F00103617270F36081A2836303B2200303B160017270F00081A2800303B22
  chr_008=00000000000000000000000000000000
  chr_01C=00000000000000000000000000000000
  chr_108=78C4E47886867C000000000000000000
  chr_11C=78CCC07C06C67C000000000000000000
SNAPSHOT frame=778 reason=state_change
  state gm=00 ready=01 script=00 sub=00 ppu_idx=00 ram_005C=00 auto=00 phase=00 frm=85 ctrl=B0 mask=1E ctrl_shadow=B0 mask_shadow=1E flush_done=01 vblank=00 mirror=10
  nt_row_04=DC EE 24 24 24 24 24 24 24 24 24 24 24 24 24 24 24 24 24 24 24 24 24 24 24 24 24 24 24 24 D6 DB
  nt_row_07=DE EE 24 24 24 E3 24 24 71 72 73 74 75 76 77 78 79 79 79 7A 7B 24 24 24 24 24 E2 24 24 24 D6 DB
  nt_row_08=DE D8 EF 24 24 E2 24 7C 7D 7E 7F 80 81 82 83 84 85 86 87 88 89 8A 8B 24 24 24 E3 24 24 24 D6 DF
  nt_row_11=DE DB D7 24 24 E3 70 AF B0 B1 B2 B3 B4 B5 B6 B7 B8 B9 BA BB BC BD BE BF C0 24 E2 24 24 D6 DB DB
  nt_row_13=DE DB EE 24 24 E3 24 C6 C7 C8 C8 C8 24 C9 CA CB CC CD C8 C8 C8 C8 E8 E9 D3 24 E2 24 24 D6 DB DB
  nt_row_17=DC DA DC D7 24 24 24 24 24 24 24 24 24 F0 01 09 08 06 24 17 12 17 1D 0E 17 0D 18 24 D6 DC DB DF
  nt_row_20=E1 D9 DC ED E0 EF 24 24 19 1E 1C 11 24 1C 1D 0A 1B 1D 24 0B 1E 1D 1D 18 17 24 24 24 D6 D8 E1 D9
  pal=360F00103617270F36081A2836303B2200303B160017270F00081A2800303B22
  chr_008=00000000000000000000000000000000
  chr_01C=00000000000000000000000000000000
  chr_108=78C4E47886867C000000000000000000
  chr_11C=78CCC07C06C67C000000000000000000
SNAPSHOT frame=779 reason=state_change
  state gm=00 ready=01 script=00 sub=00 ppu_idx=00 ram_005C=00 auto=00 phase=00 frm=86 ctrl=B0 mask=1E ctrl_shadow=B0 mask_shadow=1E flush_done=01 vblank=00 mirror=10
  nt_row_04=DC EE 24 24 24 24 24 24 24 24 24 24 24 24 24 24 24 24 24 24 24 24 24 24 24 24 24 24 24 24 D6 DB
  nt_row_07=DE EE 24 24 24 E3 24 24 71 72 73 74 75 76 77 78 79 79 79 7A 7B 24 24 24 24 24 E2 24 24 24 D6 DB
  nt_row_08=DE D8 EF 24 24 E2 24 7C 7D 7E 7F 80 81 82 83 84 85 86 87 88 89 8A 8B 24 24 24 E3 24 24 24 D6 DF
  nt_row_11=DE DB D7 24 24 E3 70 AF B0 B1 B2 B3 B4 B5 B6 B7 B8 B9 BA BB BC BD BE BF C0 24 E2 24 24 D6 DB DB
  nt_row_13=DE DB EE 24 24 E3 24 C6 C7 C8 C8 C8 24 C9 CA CB CC CD C8 C8 C8 C8 E8 E9 D3 24 E2 24 24 D6 DB DB
  nt_row_17=DC DA DC D7 24 24 24 24 24 24 24 24 24 F0 01 09 08 06 24 17 12 17 1D 0E 17 0D 18 24 D6 DC DB DF
  nt_row_20=E1 D9 DC ED E0 EF 24 24 19 1E 1C 11 24 1C 1D 0A 1B 1D 24 0B 1E 1D 1D 18 17 24 24 24 D6 D8 E1 D9
  pal=360F00103617270F36081A2836303B2200303B160017270F00081A2800303B22
  chr_008=00000000000000000000000000000000
  chr_01C=00000000000000000000000000000000
  chr_108=78C4E47886867C000000000000000000
  chr_11C=78CCC07C06C67C000000000000000000
SNAPSHOT frame=780 reason=state_change
  state gm=00 ready=01 script=00 sub=00 ppu_idx=00 ram_005C=00 auto=00 phase=00 frm=87 ctrl=B0 mask=1E ctrl_shadow=B0 mask_shadow=1E flush_done=01 vblank=00 mirror=10
  nt_row_04=DC EE 24 24 24 24 24 24 24 24 24 24 24 24 24 24 24 24 24 24 24 24 24 24 24 24 24 24 24 24 D6 DB
  nt_row_07=DE EE 24 24 24 E3 24 24 71 72 73 74 75 76 77 78 79 79 79 7A 7B 24 24 24 24 24 E2 24 24 24 D6 DB
  nt_row_08=DE D8 EF 24 24 E2 24 7C 7D 7E 7F 80 81 82 83 84 85 86 87 88 89 8A 8B 24 24 24 E3 24 24 24 D6 DF
  nt_row_11=DE DB D7 24 24 E3 70 AF B0 B1 B2 B3 B4 B5 B6 B7 B8 B9 BA BB BC BD BE BF C0 24 E2 24 24 D6 DB DB
  nt_row_13=DE DB EE 24 24 E3 24 C6 C7 C8 C8 C8 24 C9 CA CB CC CD C8 C8 C8 C8 E8 E9 D3 24 E2 24 24 D6 DB DB
  nt_row_17=DC DA DC D7 24 24 24 24 24 24 24 24 24 F0 01 09 08 06 24 17 12 17 1D 0E 17 0D 18 24 D6 DC DB DF
  nt_row_20=E1 D9 DC ED E0 EF 24 24 19 1E 1C 11 24 1C 1D 0A 1B 1D 24 0B 1E 1D 1D 18 17 24 24 24 D6 D8 E1 D9
  pal=360F00103617270F36081A2836303B2200303B160017270F00081A2800303B22
  chr_008=00000000000000000000000000000000
  chr_01C=00000000000000000000000000000000
  chr_108=78C4E47886867C000000000000000000
  chr_11C=78CCC07C06C67C000000000000000000
SNAPSHOT frame=781 reason=state_change
  state gm=00 ready=01 script=00 sub=00 ppu_idx=00 ram_005C=00 auto=00 phase=00 frm=88 ctrl=B0 mask=1E ctrl_shadow=B0 mask_shadow=1E flush_done=01 vblank=00 mirror=10
  nt_row_04=DC EE 24 24 24 24 24 24 24 24 24 24 24 24 24 24 24 24 24 24 24 24 24 24 24 24 24 24 24 24 D6 DB
  nt_row_07=DE EE 24 24 24 E3 24 24 71 72 73 74 75 76 77 78 79 79 79 7A 7B 24 24 24 24 24 E2 24 24 24 D6 DB
  nt_row_08=DE D8 EF 24 24 E2 24 7C 7D 7E 7F 80 81 82 83 84 85 86 87 88 89 8A 8B 24 24 24 E3 24 24 24 D6 DF
  nt_row_11=DE DB D7 24 24 E3 70 AF B0 B1 B2 B3 B4 B5 B6 B7 B8 B9 BA BB BC BD BE BF C0 24 E2 24 24 D6 DB DB
  nt_row_13=DE DB EE 24 24 E3 24 C6 C7 C8 C8 C8 24 C9 CA CB CC CD C8 C8 C8 C8 E8 E9 D3 24 E2 24 24 D6 DB DB
  nt_row_17=DC DA DC D7 24 24 24 24 24 24 24 24 24 F0 01 09 08 06 24 17 12 17 1D 0E 17 0D 18 24 D6 DC DB DF
  nt_row_20=E1 D9 DC ED E0 EF 24 24 19 1E 1C 11 24 1C 1D 0A 1B 1D 24 0B 1E 1D 1D 18 17 24 24 24 D6 D8 E1 D9
  pal=360F00103617270F36081A2836303B2200303B160017270F00081A2800303B22
  chr_008=00000000000000000000000000000000
  chr_01C=00000000000000000000000000000000
  chr_108=78C4E47886867C000000000000000000
  chr_11C=78CCC07C06C67C000000000000000000
SNAPSHOT frame=782 reason=state_change
  state gm=00 ready=01 script=00 sub=00 ppu_idx=00 ram_005C=00 auto=00 phase=00 frm=89 ctrl=B0 mask=1E ctrl_shadow=B0 mask_shadow=1E flush_done=01 vblank=00 mirror=10
  nt_row_04=DC EE 24 24 24 24 24 24 24 24 24 24 24 24 24 24 24 24 24 24 24 24 24 24 24 24 24 24 24 24 D6 DB
  nt_row_07=DE EE 24 24 24 E3 24 24 71 72 73 74 75 76 77 78 79 79 79 7A 7B 24 24 24 24 24 E2 24 24 24 D6 DB
  nt_row_08=DE D8 EF 24 24 E2 24 7C 7D 7E 7F 80 81 82 83 84 85 86 87 88 89 8A 8B 24 24 24 E3 24 24 24 D6 DF
  nt_row_11=DE DB D7 24 24 E3 70 AF B0 B1 B2 B3 B4 B5 B6 B7 B8 B9 BA BB BC BD BE BF C0 24 E2 24 24 D6 DB DB
  nt_row_13=DE DB EE 24 24 E3 24 C6 C7 C8 C8 C8 24 C9 CA CB CC CD C8 C8 C8 C8 E8 E9 D3 24 E2 24 24 D6 DB DB
  nt_row_17=DC DA DC D7 24 24 24 24 24 24 24 24 24 F0 01 09 08 06 24 17 12 17 1D 0E 17 0D 18 24 D6 DC DB DF
  nt_row_20=E1 D9 DC ED E0 EF 24 24 19 1E 1C 11 24 1C 1D 0A 1B 1D 24 0B 1E 1D 1D 18 17 24 24 24 D6 D8 E1 D9
  pal=360F00103617270F36081A2836303B2200303B160017270F00081A2800303B22
  chr_008=00000000000000000000000000000000
  chr_01C=00000000000000000000000000000000
  chr_108=78C4E47886867C000000000000000000
  chr_11C=78CCC07C06C67C000000000000000000
SNAPSHOT frame=783 reason=state_change
  state gm=00 ready=01 script=00 sub=00 ppu_idx=00 ram_005C=00 auto=00 phase=00 frm=8A ctrl=B0 mask=1E ctrl_shadow=B0 mask_shadow=1E flush_done=01 vblank=00 mirror=10
  nt_row_04=DC EE 24 24 24 24 24 24 24 24 24 24 24 24 24 24 24 24 24 24 24 24 24 24 24 24 24 24 24 24 D6 DB
  nt_row_07=DE EE 24 24 24 E3 24 24 71 72 73 74 75 76 77 78 79 79 79 7A 7B 24 24 24 24 24 E2 24 24 24 D6 DB
  nt_row_08=DE D8 EF 24 24 E2 24 7C 7D 7E 7F 80 81 82 83 84 85 86 87 88 89 8A 8B 24 24 24 E3 24 24 24 D6 DF
  nt_row_11=DE DB D7 24 24 E3 70 AF B0 B1 B2 B3 B4 B5 B6 B7 B8 B9 BA BB BC BD BE BF C0 24 E2 24 24 D6 DB DB
  nt_row_13=DE DB EE 24 24 E3 24 C6 C7 C8 C8 C8 24 C9 CA CB CC CD C8 C8 C8 C8 E8 E9 D3 24 E2 24 24 D6 DB DB
  nt_row_17=DC DA DC D7 24 24 24 24 24 24 24 24 24 F0 01 09 08 06 24 17 12 17 1D 0E 17 0D 18 24 D6 DC DB DF
  nt_row_20=E1 D9 DC ED E0 EF 24 24 19 1E 1C 11 24 1C 1D 0A 1B 1D 24 0B 1E 1D 1D 18 17 24 24 24 D6 D8 E1 D9
  pal=360F00103617270F36081A2836303B2200303B160017270F00081A2800303B22
  chr_008=00000000000000000000000000000000
  chr_01C=00000000000000000000000000000000
  chr_108=78C4E47886867C000000000000000000
  chr_11C=78CCC07C06C67C000000000000000000
SNAPSHOT frame=784 reason=state_change
  state gm=00 ready=01 script=00 sub=00 ppu_idx=00 ram_005C=00 auto=00 phase=00 frm=8B ctrl=B0 mask=1E ctrl_shadow=B0 mask_shadow=1E flush_done=01 vblank=00 mirror=10
  nt_row_04=DC EE 24 24 24 24 24 24 24 24 24 24 24 24 24 24 24 24 24 24 24 24 24 24 24 24 24 24 24 24 D6 DB
  nt_row_07=DE EE 24 24 24 E3 24 24 71 72 73 74 75 76 77 78 79 79 79 7A 7B 24 24 24 24 24 E2 24 24 24 D6 DB
  nt_row_08=DE D8 EF 24 24 E2 24 7C 7D 7E 7F 80 81 82 83 84 85 86 87 88 89 8A 8B 24 24 24 E3 24 24 24 D6 DF
  nt_row_11=DE DB D7 24 24 E3 70 AF B0 B1 B2 B3 B4 B5 B6 B7 B8 B9 BA BB BC BD BE BF C0 24 E2 24 24 D6 DB DB
  nt_row_13=DE DB EE 24 24 E3 24 C6 C7 C8 C8 C8 24 C9 CA CB CC CD C8 C8 C8 C8 E8 E9 D3 24 E2 24 24 D6 DB DB
  nt_row_17=DC DA DC D7 24 24 24 24 24 24 24 24 24 F0 01 09 08 06 24 17 12 17 1D 0E 17 0D 18 24 D6 DC DB DF
  nt_row_20=E1 D9 DC ED E0 EF 24 24 19 1E 1C 11 24 1C 1D 0A 1B 1D 24 0B 1E 1D 1D 18 17 24 24 24 D6 D8 E1 D9
  pal=360F00103617270F36081A2836303B2200303B160017270F00081A2800303B22
  chr_008=00000000000000000000000000000000
  chr_01C=00000000000000000000000000000000
  chr_108=78C4E47886867C000000000000000000
  chr_11C=78CCC07C06C67C000000000000000000
SNAPSHOT frame=785 reason=state_change
  state gm=00 ready=01 script=00 sub=00 ppu_idx=00 ram_005C=00 auto=00 phase=00 frm=8C ctrl=B0 mask=1E ctrl_shadow=B0 mask_shadow=1E flush_done=01 vblank=00 mirror=10
  nt_row_04=DC EE 24 24 24 24 24 24 24 24 24 24 24 24 24 24 24 24 24 24 24 24 24 24 24 24 24 24 24 24 D6 DB
  nt_row_07=DE EE 24 24 24 E3 24 24 71 72 73 74 75 76 77 78 79 79 79 7A 7B 24 24 24 24 24 E2 24 24 24 D6 DB
  nt_row_08=DE D8 EF 24 24 E2 24 7C 7D 7E 7F 80 81 82 83 84 85 86 87 88 89 8A 8B 24 24 24 E3 24 24 24 D6 DF
  nt_row_11=DE DB D7 24 24 E3 70 AF B0 B1 B2 B3 B4 B5 B6 B7 B8 B9 BA BB BC BD BE BF C0 24 E2 24 24 D6 DB DB
  nt_row_13=DE DB EE 24 24 E3 24 C6 C7 C8 C8 C8 24 C9 CA CB CC CD C8 C8 C8 C8 E8 E9 D3 24 E2 24 24 D6 DB DB
  nt_row_17=DC DA DC D7 24 24 24 24 24 24 24 24 24 F0 01 09 08 06 24 17 12 17 1D 0E 17 0D 18 24 D6 DC DB DF
  nt_row_20=E1 D9 DC ED E0 EF 24 24 19 1E 1C 11 24 1C 1D 0A 1B 1D 24 0B 1E 1D 1D 18 17 24 24 24 D6 D8 E1 D9
  pal=360F00103617270F36081A2836303B2200303B160017270F00081A2800303B22
  chr_008=00000000000000000000000000000000
  chr_01C=00000000000000000000000000000000
  chr_108=78C4E47886867C000000000000000000
  chr_11C=78CCC07C06C67C000000000000000000
SNAPSHOT frame=786 reason=state_change
  state gm=00 ready=01 script=00 sub=00 ppu_idx=00 ram_005C=00 auto=00 phase=00 frm=8D ctrl=B0 mask=1E ctrl_shadow=B0 mask_shadow=1E flush_done=01 vblank=00 mirror=10
  nt_row_04=DC EE 24 24 24 24 24 24 24 24 24 24 24 24 24 24 24 24 24 24 24 24 24 24 24 24 24 24 24 24 D6 DB
  nt_row_07=DE EE 24 24 24 E3 24 24 71 72 73 74 75 76 77 78 79 79 79 7A 7B 24 24 24 24 24 E2 24 24 24 D6 DB
  nt_row_08=DE D8 EF 24 24 E2 24 7C 7D 7E 7F 80 81 82 83 84 85 86 87 88 89 8A 8B 24 24 24 E3 24 24 24 D6 DF
  nt_row_11=DE DB D7 24 24 E3 70 AF B0 B1 B2 B3 B4 B5 B6 B7 B8 B9 BA BB BC BD BE BF C0 24 E2 24 24 D6 DB DB
  nt_row_13=DE DB EE 24 24 E3 24 C6 C7 C8 C8 C8 24 C9 CA CB CC CD C8 C8 C8 C8 E8 E9 D3 24 E2 24 24 D6 DB DB
  nt_row_17=DC DA DC D7 24 24 24 24 24 24 24 24 24 F0 01 09 08 06 24 17 12 17 1D 0E 17 0D 18 24 D6 DC DB DF
  nt_row_20=E1 D9 DC ED E0 EF 24 24 19 1E 1C 11 24 1C 1D 0A 1B 1D 24 0B 1E 1D 1D 18 17 24 24 24 D6 D8 E1 D9
  pal=360F00103617270F36081A2836303B2200303B160017270F00081A2800303B22
  chr_008=00000000000000000000000000000000
  chr_01C=00000000000000000000000000000000
  chr_108=78C4E47886867C000000000000000000
  chr_11C=78CCC07C06C67C000000000000000000
SNAPSHOT frame=787 reason=state_change
  state gm=00 ready=01 script=00 sub=00 ppu_idx=00 ram_005C=00 auto=00 phase=00 frm=8E ctrl=B0 mask=1E ctrl_shadow=B0 mask_shadow=1E flush_done=01 vblank=00 mirror=10
  nt_row_04=DC EE 24 24 24 24 24 24 24 24 24 24 24 24 24 24 24 24 24 24 24 24 24 24 24 24 24 24 24 24 D6 DB
  nt_row_07=DE EE 24 24 24 E3 24 24 71 72 73 74 75 76 77 78 79 79 79 7A 7B 24 24 24 24 24 E2 24 24 24 D6 DB
  nt_row_08=DE D8 EF 24 24 E2 24 7C 7D 7E 7F 80 81 82 83 84 85 86 87 88 89 8A 8B 24 24 24 E3 24 24 24 D6 DF
  nt_row_11=DE DB D7 24 24 E3 70 AF B0 B1 B2 B3 B4 B5 B6 B7 B8 B9 BA BB BC BD BE BF C0 24 E2 24 24 D6 DB DB
  nt_row_13=DE DB EE 24 24 E3 24 C6 C7 C8 C8 C8 24 C9 CA CB CC CD C8 C8 C8 C8 E8 E9 D3 24 E2 24 24 D6 DB DB
  nt_row_17=DC DA DC D7 24 24 24 24 24 24 24 24 24 F0 01 09 08 06 24 17 12 17 1D 0E 17 0D 18 24 D6 DC DB DF
  nt_row_20=E1 D9 DC ED E0 EF 24 24 19 1E 1C 11 24 1C 1D 0A 1B 1D 24 0B 1E 1D 1D 18 17 24 24 24 D6 D8 E1 D9
  pal=360F00103617270F36081A2836303B2200303B160017270F00081A2800303B22
  chr_008=00000000000000000000000000000000
  chr_01C=00000000000000000000000000000000
  chr_108=78C4E47886867C000000000000000000
  chr_11C=78CCC07C06C67C000000000000000000
SNAPSHOT frame=788 reason=state_change
  state gm=00 ready=01 script=00 sub=00 ppu_idx=00 ram_005C=00 auto=00 phase=00 frm=8F ctrl=B0 mask=1E ctrl_shadow=B0 mask_shadow=1E flush_done=01 vblank=00 mirror=10
  nt_row_04=DC EE 24 24 24 24 24 24 24 24 24 24 24 24 24 24 24 24 24 24 24 24 24 24 24 24 24 24 24 24 D6 DB
  nt_row_07=DE EE 24 24 24 E3 24 24 71 72 73 74 75 76 77 78 79 79 79 7A 7B 24 24 24 24 24 E2 24 24 24 D6 DB
  nt_row_08=DE D8 EF 24 24 E2 24 7C 7D 7E 7F 80 81 82 83 84 85 86 87 88 89 8A 8B 24 24 24 E3 24 24 24 D6 DF
  nt_row_11=DE DB D7 24 24 E3 70 AF B0 B1 B2 B3 B4 B5 B6 B7 B8 B9 BA BB BC BD BE BF C0 24 E2 24 24 D6 DB DB
  nt_row_13=DE DB EE 24 24 E3 24 C6 C7 C8 C8 C8 24 C9 CA CB CC CD C8 C8 C8 C8 E8 E9 D3 24 E2 24 24 D6 DB DB
  nt_row_17=DC DA DC D7 24 24 24 24 24 24 24 24 24 F0 01 09 08 06 24 17 12 17 1D 0E 17 0D 18 24 D6 DC DB DF
  nt_row_20=E1 D9 DC ED E0 EF 24 24 19 1E 1C 11 24 1C 1D 0A 1B 1D 24 0B 1E 1D 1D 18 17 24 24 24 D6 D8 E1 D9
  pal=360F00103617270F36081A2836303B2200303B160017270F00081A2800303B22
  chr_008=00000000000000000000000000000000
  chr_01C=00000000000000000000000000000000
  chr_108=78C4E47886867C000000000000000000
  chr_11C=78CCC07C06C67C000000000000000000
SNAPSHOT frame=789 reason=state_change
  state gm=00 ready=01 script=00 sub=00 ppu_idx=00 ram_005C=00 auto=00 phase=00 frm=90 ctrl=B0 mask=1E ctrl_shadow=B0 mask_shadow=1E flush_done=01 vblank=00 mirror=10
  nt_row_04=DC EE 24 24 24 24 24 24 24 24 24 24 24 24 24 24 24 24 24 24 24 24 24 24 24 24 24 24 24 24 D6 DB
  nt_row_07=DE EE 24 24 24 E3 24 24 71 72 73 74 75 76 77 78 79 79 79 7A 7B 24 24 24 24 24 E2 24 24 24 D6 DB
  nt_row_08=DE D8 EF 24 24 E2 24 7C 7D 7E 7F 80 81 82 83 84 85 86 87 88 89 8A 8B 24 24 24 E3 24 24 24 D6 DF
  nt_row_11=DE DB D7 24 24 E3 70 AF B0 B1 B2 B3 B4 B5 B6 B7 B8 B9 BA BB BC BD BE BF C0 24 E2 24 24 D6 DB DB
  nt_row_13=DE DB EE 24 24 E3 24 C6 C7 C8 C8 C8 24 C9 CA CB CC CD C8 C8 C8 C8 E8 E9 D3 24 E2 24 24 D6 DB DB
  nt_row_17=DC DA DC D7 24 24 24 24 24 24 24 24 24 F0 01 09 08 06 24 17 12 17 1D 0E 17 0D 18 24 D6 DC DB DF
  nt_row_20=E1 D9 DC ED E0 EF 24 24 19 1E 1C 11 24 1C 1D 0A 1B 1D 24 0B 1E 1D 1D 18 17 24 24 24 D6 D8 E1 D9
  pal=360F00103617270F36081A2836303B2200303B160017270F00081A2800303B22
  chr_008=00000000000000000000000000000000
  chr_01C=00000000000000000000000000000000
  chr_108=78C4E47886867C000000000000000000
  chr_11C=78CCC07C06C67C000000000000000000
SNAPSHOT frame=790 reason=state_change
  state gm=00 ready=01 script=00 sub=00 ppu_idx=00 ram_005C=00 auto=00 phase=00 frm=91 ctrl=B0 mask=1E ctrl_shadow=B0 mask_shadow=1E flush_done=01 vblank=00 mirror=10
  nt_row_04=DC EE 24 24 24 24 24 24 24 24 24 24 24 24 24 24 24 24 24 24 24 24 24 24 24 24 24 24 24 24 D6 DB
  nt_row_07=DE EE 24 24 24 E3 24 24 71 72 73 74 75 76 77 78 79 79 79 7A 7B 24 24 24 24 24 E2 24 24 24 D6 DB
  nt_row_08=DE D8 EF 24 24 E2 24 7C 7D 7E 7F 80 81 82 83 84 85 86 87 88 89 8A 8B 24 24 24 E3 24 24 24 D6 DF
  nt_row_11=DE DB D7 24 24 E3 70 AF B0 B1 B2 B3 B4 B5 B6 B7 B8 B9 BA BB BC BD BE BF C0 24 E2 24 24 D6 DB DB
  nt_row_13=DE DB EE 24 24 E3 24 C6 C7 C8 C8 C8 24 C9 CA CB CC CD C8 C8 C8 C8 E8 E9 D3 24 E2 24 24 D6 DB DB
  nt_row_17=DC DA DC D7 24 24 24 24 24 24 24 24 24 F0 01 09 08 06 24 17 12 17 1D 0E 17 0D 18 24 D6 DC DB DF
  nt_row_20=E1 D9 DC ED E0 EF 24 24 19 1E 1C 11 24 1C 1D 0A 1B 1D 24 0B 1E 1D 1D 18 17 24 24 24 D6 D8 E1 D9
  pal=360F00103617270F36081A2836303B2200303B160017270F00081A2800303B22
  chr_008=00000000000000000000000000000000
  chr_01C=00000000000000000000000000000000
  chr_108=78C4E47886867C000000000000000000
  chr_11C=78CCC07C06C67C000000000000000000
SNAPSHOT frame=791 reason=state_change
  state gm=00 ready=01 script=00 sub=00 ppu_idx=00 ram_005C=00 auto=00 phase=00 frm=92 ctrl=B0 mask=1E ctrl_shadow=B0 mask_shadow=1E flush_done=01 vblank=00 mirror=10
  nt_row_04=DC EE 24 24 24 24 24 24 24 24 24 24 24 24 24 24 24 24 24 24 24 24 24 24 24 24 24 24 24 24 D6 DB
  nt_row_07=DE EE 24 24 24 E3 24 24 71 72 73 74 75 76 77 78 79 79 79 7A 7B 24 24 24 24 24 E2 24 24 24 D6 DB
  nt_row_08=DE D8 EF 24 24 E2 24 7C 7D 7E 7F 80 81 82 83 84 85 86 87 88 89 8A 8B 24 24 24 E3 24 24 24 D6 DF
  nt_row_11=DE DB D7 24 24 E3 70 AF B0 B1 B2 B3 B4 B5 B6 B7 B8 B9 BA BB BC BD BE BF C0 24 E2 24 24 D6 DB DB
  nt_row_13=DE DB EE 24 24 E3 24 C6 C7 C8 C8 C8 24 C9 CA CB CC CD C8 C8 C8 C8 E8 E9 D3 24 E2 24 24 D6 DB DB
  nt_row_17=DC DA DC D7 24 24 24 24 24 24 24 24 24 F0 01 09 08 06 24 17 12 17 1D 0E 17 0D 18 24 D6 DC DB DF
  nt_row_20=E1 D9 DC ED E0 EF 24 24 19 1E 1C 11 24 1C 1D 0A 1B 1D 24 0B 1E 1D 1D 18 17 24 24 24 D6 D8 E1 D9
  pal=360F00103617270F36081A2836303B2200303B160017270F00081A2800303B22
  chr_008=00000000000000000000000000000000
  chr_01C=00000000000000000000000000000000
  chr_108=78C4E47886867C000000000000000000
  chr_11C=78CCC07C06C67C000000000000000000
SNAPSHOT frame=792 reason=state_change
  state gm=00 ready=01 script=00 sub=00 ppu_idx=00 ram_005C=00 auto=00 phase=00 frm=93 ctrl=B0 mask=1E ctrl_shadow=B0 mask_shadow=1E flush_done=01 vblank=00 mirror=10
  nt_row_04=DC EE 24 24 24 24 24 24 24 24 24 24 24 24 24 24 24 24 24 24 24 24 24 24 24 24 24 24 24 24 D6 DB
  nt_row_07=DE EE 24 24 24 E3 24 24 71 72 73 74 75 76 77 78 79 79 79 7A 7B 24 24 24 24 24 E2 24 24 24 D6 DB
  nt_row_08=DE D8 EF 24 24 E2 24 7C 7D 7E 7F 80 81 82 83 84 85 86 87 88 89 8A 8B 24 24 24 E3 24 24 24 D6 DF
  nt_row_11=DE DB D7 24 24 E3 70 AF B0 B1 B2 B3 B4 B5 B6 B7 B8 B9 BA BB BC BD BE BF C0 24 E2 24 24 D6 DB DB
  nt_row_13=DE DB EE 24 24 E3 24 C6 C7 C8 C8 C8 24 C9 CA CB CC CD C8 C8 C8 C8 E8 E9 D3 24 E2 24 24 D6 DB DB
  nt_row_17=DC DA DC D7 24 24 24 24 24 24 24 24 24 F0 01 09 08 06 24 17 12 17 1D 0E 17 0D 18 24 D6 DC DB DF
  nt_row_20=E1 D9 DC ED E0 EF 24 24 19 1E 1C 11 24 1C 1D 0A 1B 1D 24 0B 1E 1D 1D 18 17 24 24 24 D6 D8 E1 D9
  pal=360F00103617270F36081A2836303B2200303B160017270F00081A2800303B22
  chr_008=00000000000000000000000000000000
  chr_01C=00000000000000000000000000000000
  chr_108=78C4E47886867C000000000000000000
  chr_11C=78CCC07C06C67C000000000000000000
SNAPSHOT frame=793 reason=state_change
  state gm=00 ready=01 script=00 sub=00 ppu_idx=00 ram_005C=00 auto=00 phase=00 frm=94 ctrl=B0 mask=1E ctrl_shadow=B0 mask_shadow=1E flush_done=01 vblank=00 mirror=10
  nt_row_04=DC EE 24 24 24 24 24 24 24 24 24 24 24 24 24 24 24 24 24 24 24 24 24 24 24 24 24 24 24 24 D6 DB
  nt_row_07=DE EE 24 24 24 E3 24 24 71 72 73 74 75 76 77 78 79 79 79 7A 7B 24 24 24 24 24 E2 24 24 24 D6 DB
  nt_row_08=DE D8 EF 24 24 E2 24 7C 7D 7E 7F 80 81 82 83 84 85 86 87 88 89 8A 8B 24 24 24 E3 24 24 24 D6 DF
  nt_row_11=DE DB D7 24 24 E3 70 AF B0 B1 B2 B3 B4 B5 B6 B7 B8 B9 BA BB BC BD BE BF C0 24 E2 24 24 D6 DB DB
  nt_row_13=DE DB EE 24 24 E3 24 C6 C7 C8 C8 C8 24 C9 CA CB CC CD C8 C8 C8 C8 E8 E9 D3 24 E2 24 24 D6 DB DB
  nt_row_17=DC DA DC D7 24 24 24 24 24 24 24 24 24 F0 01 09 08 06 24 17 12 17 1D 0E 17 0D 18 24 D6 DC DB DF
  nt_row_20=E1 D9 DC ED E0 EF 24 24 19 1E 1C 11 24 1C 1D 0A 1B 1D 24 0B 1E 1D 1D 18 17 24 24 24 D6 D8 E1 D9
  pal=360F00103617270F36081A2836303B2200303B160017270F00081A2800303B22
  chr_008=00000000000000000000000000000000
  chr_01C=00000000000000000000000000000000
  chr_108=78C4E47886867C000000000000000000
  chr_11C=78CCC07C06C67C000000000000000000
SNAPSHOT frame=794 reason=state_change
  state gm=00 ready=01 script=00 sub=00 ppu_idx=00 ram_005C=00 auto=00 phase=00 frm=95 ctrl=B0 mask=1E ctrl_shadow=B0 mask_shadow=1E flush_done=01 vblank=00 mirror=10
  nt_row_04=DC EE 24 24 24 24 24 24 24 24 24 24 24 24 24 24 24 24 24 24 24 24 24 24 24 24 24 24 24 24 D6 DB
  nt_row_07=DE EE 24 24 24 E3 24 24 71 72 73 74 75 76 77 78 79 79 79 7A 7B 24 24 24 24 24 E2 24 24 24 D6 DB
  nt_row_08=DE D8 EF 24 24 E2 24 7C 7D 7E 7F 80 81 82 83 84 85 86 87 88 89 8A 8B 24 24 24 E3 24 24 24 D6 DF
  nt_row_11=DE DB D7 24 24 E3 70 AF B0 B1 B2 B3 B4 B5 B6 B7 B8 B9 BA BB BC BD BE BF C0 24 E2 24 24 D6 DB DB
  nt_row_13=DE DB EE 24 24 E3 24 C6 C7 C8 C8 C8 24 C9 CA CB CC CD C8 C8 C8 C8 E8 E9 D3 24 E2 24 24 D6 DB DB
  nt_row_17=DC DA DC D7 24 24 24 24 24 24 24 24 24 F0 01 09 08 06 24 17 12 17 1D 0E 17 0D 18 24 D6 DC DB DF
  nt_row_20=E1 D9 DC ED E0 EF 24 24 19 1E 1C 11 24 1C 1D 0A 1B 1D 24 0B 1E 1D 1D 18 17 24 24 24 D6 D8 E1 D9
  pal=360F00103617270F36081A2836303B2200303B160017270F00081A2800303B22
  chr_008=00000000000000000000000000000000
  chr_01C=00000000000000000000000000000000
  chr_108=78C4E47886867C000000000000000000
  chr_11C=78CCC07C06C67C000000000000000000
SNAPSHOT frame=795 reason=state_change
  state gm=00 ready=01 script=00 sub=00 ppu_idx=00 ram_005C=00 auto=00 phase=00 frm=96 ctrl=B0 mask=1E ctrl_shadow=B0 mask_shadow=1E flush_done=01 vblank=00 mirror=10
  nt_row_04=DC EE 24 24 24 24 24 24 24 24 24 24 24 24 24 24 24 24 24 24 24 24 24 24 24 24 24 24 24 24 D6 DB
  nt_row_07=DE EE 24 24 24 E3 24 24 71 72 73 74 75 76 77 78 79 79 79 7A 7B 24 24 24 24 24 E2 24 24 24 D6 DB
  nt_row_08=DE D8 EF 24 24 E2 24 7C 7D 7E 7F 80 81 82 83 84 85 86 87 88 89 8A 8B 24 24 24 E3 24 24 24 D6 DF
  nt_row_11=DE DB D7 24 24 E3 70 AF B0 B1 B2 B3 B4 B5 B6 B7 B8 B9 BA BB BC BD BE BF C0 24 E2 24 24 D6 DB DB
  nt_row_13=DE DB EE 24 24 E3 24 C6 C7 C8 C8 C8 24 C9 CA CB CC CD C8 C8 C8 C8 E8 E9 D3 24 E2 24 24 D6 DB DB
  nt_row_17=DC DA DC D7 24 24 24 24 24 24 24 24 24 F0 01 09 08 06 24 17 12 17 1D 0E 17 0D 18 24 D6 DC DB DF
  nt_row_20=E1 D9 DC ED E0 EF 24 24 19 1E 1C 11 24 1C 1D 0A 1B 1D 24 0B 1E 1D 1D 18 17 24 24 24 D6 D8 E1 D9
  pal=360F00103617270F36081A2836303B2200303B160017270F00081A2800303B22
  chr_008=00000000000000000000000000000000
  chr_01C=00000000000000000000000000000000
  chr_108=78C4E47886867C000000000000000000
  chr_11C=78CCC07C06C67C000000000000000000
SNAPSHOT frame=796 reason=state_change
  state gm=00 ready=01 script=00 sub=00 ppu_idx=00 ram_005C=00 auto=00 phase=00 frm=97 ctrl=B0 mask=1E ctrl_shadow=B0 mask_shadow=1E flush_done=01 vblank=00 mirror=10
  nt_row_04=DC EE 24 24 24 24 24 24 24 24 24 24 24 24 24 24 24 24 24 24 24 24 24 24 24 24 24 24 24 24 D6 DB
  nt_row_07=DE EE 24 24 24 E3 24 24 71 72 73 74 75 76 77 78 79 79 79 7A 7B 24 24 24 24 24 E2 24 24 24 D6 DB
  nt_row_08=DE D8 EF 24 24 E2 24 7C 7D 7E 7F 80 81 82 83 84 85 86 87 88 89 8A 8B 24 24 24 E3 24 24 24 D6 DF
  nt_row_11=DE DB D7 24 24 E3 70 AF B0 B1 B2 B3 B4 B5 B6 B7 B8 B9 BA BB BC BD BE BF C0 24 E2 24 24 D6 DB DB
  nt_row_13=DE DB EE 24 24 E3 24 C6 C7 C8 C8 C8 24 C9 CA CB CC CD C8 C8 C8 C8 E8 E9 D3 24 E2 24 24 D6 DB DB
  nt_row_17=DC DA DC D7 24 24 24 24 24 24 24 24 24 F0 01 09 08 06 24 17 12 17 1D 0E 17 0D 18 24 D6 DC DB DF
  nt_row_20=E1 D9 DC ED E0 EF 24 24 19 1E 1C 11 24 1C 1D 0A 1B 1D 24 0B 1E 1D 1D 18 17 24 24 24 D6 D8 E1 D9
  pal=360F00103617270F36081A2836303B2200303B160017270F00081A2800303B22
  chr_008=00000000000000000000000000000000
  chr_01C=00000000000000000000000000000000
  chr_108=78C4E47886867C000000000000000000
  chr_11C=78CCC07C06C67C000000000000000000
SNAPSHOT frame=797 reason=state_change
  state gm=00 ready=01 script=00 sub=00 ppu_idx=00 ram_005C=00 auto=00 phase=00 frm=98 ctrl=B0 mask=1E ctrl_shadow=B0 mask_shadow=1E flush_done=01 vblank=00 mirror=10
  nt_row_04=DC EE 24 24 24 24 24 24 24 24 24 24 24 24 24 24 24 24 24 24 24 24 24 24 24 24 24 24 24 24 D6 DB
  nt_row_07=DE EE 24 24 24 E3 24 24 71 72 73 74 75 76 77 78 79 79 79 7A 7B 24 24 24 24 24 E2 24 24 24 D6 DB
  nt_row_08=DE D8 EF 24 24 E2 24 7C 7D 7E 7F 80 81 82 83 84 85 86 87 88 89 8A 8B 24 24 24 E3 24 24 24 D6 DF
  nt_row_11=DE DB D7 24 24 E3 70 AF B0 B1 B2 B3 B4 B5 B6 B7 B8 B9 BA BB BC BD BE BF C0 24 E2 24 24 D6 DB DB
  nt_row_13=DE DB EE 24 24 E3 24 C6 C7 C8 C8 C8 24 C9 CA CB CC CD C8 C8 C8 C8 E8 E9 D3 24 E2 24 24 D6 DB DB
  nt_row_17=DC DA DC D7 24 24 24 24 24 24 24 24 24 F0 01 09 08 06 24 17 12 17 1D 0E 17 0D 18 24 D6 DC DB DF
  nt_row_20=E1 D9 DC ED E0 EF 24 24 19 1E 1C 11 24 1C 1D 0A 1B 1D 24 0B 1E 1D 1D 18 17 24 24 24 D6 D8 E1 D9
  pal=360F00103617270F36081A2836303B2200303B160017270F00081A2800303B22
  chr_008=00000000000000000000000000000000
  chr_01C=00000000000000000000000000000000
  chr_108=78C4E47886867C000000000000000000
  chr_11C=78CCC07C06C67C000000000000000000
SNAPSHOT frame=798 reason=state_change
  state gm=00 ready=01 script=00 sub=00 ppu_idx=00 ram_005C=00 auto=00 phase=00 frm=99 ctrl=B0 mask=1E ctrl_shadow=B0 mask_shadow=1E flush_done=01 vblank=00 mirror=10
  nt_row_04=DC EE 24 24 24 24 24 24 24 24 24 24 24 24 24 24 24 24 24 24 24 24 24 24 24 24 24 24 24 24 D6 DB
  nt_row_07=DE EE 24 24 24 E3 24 24 71 72 73 74 75 76 77 78 79 79 79 7A 7B 24 24 24 24 24 E2 24 24 24 D6 DB
  nt_row_08=DE D8 EF 24 24 E2 24 7C 7D 7E 7F 80 81 82 83 84 85 86 87 88 89 8A 8B 24 24 24 E3 24 24 24 D6 DF
  nt_row_11=DE DB D7 24 24 E3 70 AF B0 B1 B2 B3 B4 B5 B6 B7 B8 B9 BA BB BC BD BE BF C0 24 E2 24 24 D6 DB DB
  nt_row_13=DE DB EE 24 24 E3 24 C6 C7 C8 C8 C8 24 C9 CA CB CC CD C8 C8 C8 C8 E8 E9 D3 24 E2 24 24 D6 DB DB
  nt_row_17=DC DA DC D7 24 24 24 24 24 24 24 24 24 F0 01 09 08 06 24 17 12 17 1D 0E 17 0D 18 24 D6 DC DB DF
  nt_row_20=E1 D9 DC ED E0 EF 24 24 19 1E 1C 11 24 1C 1D 0A 1B 1D 24 0B 1E 1D 1D 18 17 24 24 24 D6 D8 E1 D9
  pal=360F00103617270F36081A2836303B2200303B160017270F00081A2800303B22
  chr_008=00000000000000000000000000000000
  chr_01C=00000000000000000000000000000000
  chr_108=78C4E47886867C000000000000000000
  chr_11C=78CCC07C06C67C000000000000000000
SNAPSHOT frame=799 reason=state_change
  state gm=00 ready=01 script=00 sub=00 ppu_idx=00 ram_005C=00 auto=00 phase=00 frm=9A ctrl=B0 mask=1E ctrl_shadow=B0 mask_shadow=1E flush_done=01 vblank=00 mirror=10
  nt_row_04=DC EE 24 24 24 24 24 24 24 24 24 24 24 24 24 24 24 24 24 24 24 24 24 24 24 24 24 24 24 24 D6 DB
  nt_row_07=DE EE 24 24 24 E3 24 24 71 72 73 74 75 76 77 78 79 79 79 7A 7B 24 24 24 24 24 E2 24 24 24 D6 DB
  nt_row_08=DE D8 EF 24 24 E2 24 7C 7D 7E 7F 80 81 82 83 84 85 86 87 88 89 8A 8B 24 24 24 E3 24 24 24 D6 DF
  nt_row_11=DE DB D7 24 24 E3 70 AF B0 B1 B2 B3 B4 B5 B6 B7 B8 B9 BA BB BC BD BE BF C0 24 E2 24 24 D6 DB DB
  nt_row_13=DE DB EE 24 24 E3 24 C6 C7 C8 C8 C8 24 C9 CA CB CC CD C8 C8 C8 C8 E8 E9 D3 24 E2 24 24 D6 DB DB
  nt_row_17=DC DA DC D7 24 24 24 24 24 24 24 24 24 F0 01 09 08 06 24 17 12 17 1D 0E 17 0D 18 24 D6 DC DB DF
  nt_row_20=E1 D9 DC ED E0 EF 24 24 19 1E 1C 11 24 1C 1D 0A 1B 1D 24 0B 1E 1D 1D 18 17 24 24 24 D6 D8 E1 D9
  pal=360F00103617270F36081A2836303B2200303B160017270F00081A2800303B22
  chr_008=00000000000000000000000000000000
  chr_01C=00000000000000000000000000000000
  chr_108=78C4E47886867C000000000000000000
  chr_11C=78CCC07C06C67C000000000000000000
SNAPSHOT frame=800 reason=state_change
  state gm=00 ready=01 script=00 sub=00 ppu_idx=00 ram_005C=00 auto=00 phase=00 frm=9B ctrl=B0 mask=1E ctrl_shadow=B0 mask_shadow=1E flush_done=01 vblank=00 mirror=10
  nt_row_04=DC EE 24 24 24 24 24 24 24 24 24 24 24 24 24 24 24 24 24 24 24 24 24 24 24 24 24 24 24 24 D6 DB
  nt_row_07=DE EE 24 24 24 E3 24 24 71 72 73 74 75 76 77 78 79 79 79 7A 7B 24 24 24 24 24 E2 24 24 24 D6 DB
  nt_row_08=DE D8 EF 24 24 E2 24 7C 7D 7E 7F 80 81 82 83 84 85 86 87 88 89 8A 8B 24 24 24 E3 24 24 24 D6 DF
  nt_row_11=DE DB D7 24 24 E3 70 AF B0 B1 B2 B3 B4 B5 B6 B7 B8 B9 BA BB BC BD BE BF C0 24 E2 24 24 D6 DB DB
  nt_row_13=DE DB EE 24 24 E3 24 C6 C7 C8 C8 C8 24 C9 CA CB CC CD C8 C8 C8 C8 E8 E9 D3 24 E2 24 24 D6 DB DB
  nt_row_17=DC DA DC D7 24 24 24 24 24 24 24 24 24 F0 01 09 08 06 24 17 12 17 1D 0E 17 0D 18 24 D6 DC DB DF
  nt_row_20=E1 D9 DC ED E0 EF 24 24 19 1E 1C 11 24 1C 1D 0A 1B 1D 24 0B 1E 1D 1D 18 17 24 24 24 D6 D8 E1 D9
  pal=360F00103617270F36081A2836303B2200303B160017270F00081A2800303B22
  chr_008=00000000000000000000000000000000
  chr_01C=00000000000000000000000000000000
  chr_108=78C4E47886867C000000000000000000
  chr_11C=78CCC07C06C67C000000000000000000
SNAPSHOT frame=801 reason=state_change
  state gm=00 ready=01 script=00 sub=00 ppu_idx=00 ram_005C=00 auto=00 phase=00 frm=9C ctrl=B0 mask=1E ctrl_shadow=B0 mask_shadow=1E flush_done=01 vblank=00 mirror=10
  nt_row_04=DC EE 24 24 24 24 24 24 24 24 24 24 24 24 24 24 24 24 24 24 24 24 24 24 24 24 24 24 24 24 D6 DB
  nt_row_07=DE EE 24 24 24 E3 24 24 71 72 73 74 75 76 77 78 79 79 79 7A 7B 24 24 24 24 24 E2 24 24 24 D6 DB
  nt_row_08=DE D8 EF 24 24 E2 24 7C 7D 7E 7F 80 81 82 83 84 85 86 87 88 89 8A 8B 24 24 24 E3 24 24 24 D6 DF
  nt_row_11=DE DB D7 24 24 E3 70 AF B0 B1 B2 B3 B4 B5 B6 B7 B8 B9 BA BB BC BD BE BF C0 24 E2 24 24 D6 DB DB
  nt_row_13=DE DB EE 24 24 E3 24 C6 C7 C8 C8 C8 24 C9 CA CB CC CD C8 C8 C8 C8 E8 E9 D3 24 E2 24 24 D6 DB DB
  nt_row_17=DC DA DC D7 24 24 24 24 24 24 24 24 24 F0 01 09 08 06 24 17 12 17 1D 0E 17 0D 18 24 D6 DC DB DF
  nt_row_20=E1 D9 DC ED E0 EF 24 24 19 1E 1C 11 24 1C 1D 0A 1B 1D 24 0B 1E 1D 1D 18 17 24 24 24 D6 D8 E1 D9
  pal=360F00103617270F36081A2836303B2200303B160017270F00081A2800303B22
  chr_008=00000000000000000000000000000000
  chr_01C=00000000000000000000000000000000
  chr_108=78C4E47886867C000000000000000000
  chr_11C=78CCC07C06C67C000000000000000000
SNAPSHOT frame=802 reason=state_change
  state gm=00 ready=01 script=00 sub=00 ppu_idx=00 ram_005C=00 auto=00 phase=00 frm=9D ctrl=B0 mask=1E ctrl_shadow=B0 mask_shadow=1E flush_done=01 vblank=00 mirror=10
  nt_row_04=DC EE 24 24 24 24 24 24 24 24 24 24 24 24 24 24 24 24 24 24 24 24 24 24 24 24 24 24 24 24 D6 DB
  nt_row_07=DE EE 24 24 24 E3 24 24 71 72 73 74 75 76 77 78 79 79 79 7A 7B 24 24 24 24 24 E2 24 24 24 D6 DB
  nt_row_08=DE D8 EF 24 24 E2 24 7C 7D 7E 7F 80 81 82 83 84 85 86 87 88 89 8A 8B 24 24 24 E3 24 24 24 D6 DF
  nt_row_11=DE DB D7 24 24 E3 70 AF B0 B1 B2 B3 B4 B5 B6 B7 B8 B9 BA BB BC BD BE BF C0 24 E2 24 24 D6 DB DB
  nt_row_13=DE DB EE 24 24 E3 24 C6 C7 C8 C8 C8 24 C9 CA CB CC CD C8 C8 C8 C8 E8 E9 D3 24 E2 24 24 D6 DB DB
  nt_row_17=DC DA DC D7 24 24 24 24 24 24 24 24 24 F0 01 09 08 06 24 17 12 17 1D 0E 17 0D 18 24 D6 DC DB DF
  nt_row_20=E1 D9 DC ED E0 EF 24 24 19 1E 1C 11 24 1C 1D 0A 1B 1D 24 0B 1E 1D 1D 18 17 24 24 24 D6 D8 E1 D9
  pal=360F00103617270F36081A2836303B2200303B160017270F00081A2800303B22
  chr_008=00000000000000000000000000000000
  chr_01C=00000000000000000000000000000000
  chr_108=78C4E47886867C000000000000000000
  chr_11C=78CCC07C06C67C000000000000000000
SNAPSHOT frame=803 reason=state_change
  state gm=00 ready=01 script=00 sub=00 ppu_idx=00 ram_005C=00 auto=00 phase=00 frm=9E ctrl=B0 mask=1E ctrl_shadow=B0 mask_shadow=1E flush_done=01 vblank=00 mirror=10
  nt_row_04=DC EE 24 24 24 24 24 24 24 24 24 24 24 24 24 24 24 24 24 24 24 24 24 24 24 24 24 24 24 24 D6 DB
  nt_row_07=DE EE 24 24 24 E3 24 24 71 72 73 74 75 76 77 78 79 79 79 7A 7B 24 24 24 24 24 E2 24 24 24 D6 DB
  nt_row_08=DE D8 EF 24 24 E2 24 7C 7D 7E 7F 80 81 82 83 84 85 86 87 88 89 8A 8B 24 24 24 E3 24 24 24 D6 DF
  nt_row_11=DE DB D7 24 24 E3 70 AF B0 B1 B2 B3 B4 B5 B6 B7 B8 B9 BA BB BC BD BE BF C0 24 E2 24 24 D6 DB DB
  nt_row_13=DE DB EE 24 24 E3 24 C6 C7 C8 C8 C8 24 C9 CA CB CC CD C8 C8 C8 C8 E8 E9 D3 24 E2 24 24 D6 DB DB
  nt_row_17=DC DA DC D7 24 24 24 24 24 24 24 24 24 F0 01 09 08 06 24 17 12 17 1D 0E 17 0D 18 24 D6 DC DB DF
  nt_row_20=E1 D9 DC ED E0 EF 24 24 19 1E 1C 11 24 1C 1D 0A 1B 1D 24 0B 1E 1D 1D 18 17 24 24 24 D6 D8 E1 D9
  pal=360F00103617270F36081A2836303B2200303B160017270F00081A2800303B22
  chr_008=00000000000000000000000000000000
  chr_01C=00000000000000000000000000000000
  chr_108=78C4E47886867C000000000000000000
  chr_11C=78CCC07C06C67C000000000000000000
SNAPSHOT frame=804 reason=state_change
  state gm=00 ready=01 script=00 sub=00 ppu_idx=00 ram_005C=00 auto=00 phase=00 frm=9F ctrl=B0 mask=1E ctrl_shadow=B0 mask_shadow=1E flush_done=01 vblank=00 mirror=10
  nt_row_04=DC EE 24 24 24 24 24 24 24 24 24 24 24 24 24 24 24 24 24 24 24 24 24 24 24 24 24 24 24 24 D6 DB
  nt_row_07=DE EE 24 24 24 E3 24 24 71 72 73 74 75 76 77 78 79 79 79 7A 7B 24 24 24 24 24 E2 24 24 24 D6 DB
  nt_row_08=DE D8 EF 24 24 E2 24 7C 7D 7E 7F 80 81 82 83 84 85 86 87 88 89 8A 8B 24 24 24 E3 24 24 24 D6 DF
  nt_row_11=DE DB D7 24 24 E3 70 AF B0 B1 B2 B3 B4 B5 B6 B7 B8 B9 BA BB BC BD BE BF C0 24 E2 24 24 D6 DB DB
  nt_row_13=DE DB EE 24 24 E3 24 C6 C7 C8 C8 C8 24 C9 CA CB CC CD C8 C8 C8 C8 E8 E9 D3 24 E2 24 24 D6 DB DB
  nt_row_17=DC DA DC D7 24 24 24 24 24 24 24 24 24 F0 01 09 08 06 24 17 12 17 1D 0E 17 0D 18 24 D6 DC DB DF
  nt_row_20=E1 D9 DC ED E0 EF 24 24 19 1E 1C 11 24 1C 1D 0A 1B 1D 24 0B 1E 1D 1D 18 17 24 24 24 D6 D8 E1 D9
  pal=360F00103617270F36081A2836303B2200303B160017270F00081A2800303B22
  chr_008=00000000000000000000000000000000
  chr_01C=00000000000000000000000000000000
  chr_108=78C4E47886867C000000000000000000
  chr_11C=78CCC07C06C67C000000000000000000
SNAPSHOT frame=805 reason=state_change
  state gm=00 ready=01 script=00 sub=00 ppu_idx=00 ram_005C=00 auto=00 phase=00 frm=A0 ctrl=B0 mask=1E ctrl_shadow=B0 mask_shadow=1E flush_done=01 vblank=00 mirror=10
  nt_row_04=DC EE 24 24 24 24 24 24 24 24 24 24 24 24 24 24 24 24 24 24 24 24 24 24 24 24 24 24 24 24 D6 DB
  nt_row_07=DE EE 24 24 24 E3 24 24 71 72 73 74 75 76 77 78 79 79 79 7A 7B 24 24 24 24 24 E2 24 24 24 D6 DB
  nt_row_08=DE D8 EF 24 24 E2 24 7C 7D 7E 7F 80 81 82 83 84 85 86 87 88 89 8A 8B 24 24 24 E3 24 24 24 D6 DF
  nt_row_11=DE DB D7 24 24 E3 70 AF B0 B1 B2 B3 B4 B5 B6 B7 B8 B9 BA BB BC BD BE BF C0 24 E2 24 24 D6 DB DB
  nt_row_13=DE DB EE 24 24 E3 24 C6 C7 C8 C8 C8 24 C9 CA CB CC CD C8 C8 C8 C8 E8 E9 D3 24 E2 24 24 D6 DB DB
  nt_row_17=DC DA DC D7 24 24 24 24 24 24 24 24 24 F0 01 09 08 06 24 17 12 17 1D 0E 17 0D 18 24 D6 DC DB DF
  nt_row_20=E1 D9 DC ED E0 EF 24 24 19 1E 1C 11 24 1C 1D 0A 1B 1D 24 0B 1E 1D 1D 18 17 24 24 24 D6 D8 E1 D9
  pal=360F00103617270F36081A2836303B2200303B160017270F00081A2800303B22
  chr_008=00000000000000000000000000000000
  chr_01C=00000000000000000000000000000000
  chr_108=78C4E47886867C000000000000000000
  chr_11C=78CCC07C06C67C000000000000000000
SNAPSHOT frame=806 reason=state_change
  state gm=00 ready=01 script=00 sub=00 ppu_idx=00 ram_005C=00 auto=00 phase=00 frm=A1 ctrl=B0 mask=1E ctrl_shadow=B0 mask_shadow=1E flush_done=01 vblank=00 mirror=10
  nt_row_04=DC EE 24 24 24 24 24 24 24 24 24 24 24 24 24 24 24 24 24 24 24 24 24 24 24 24 24 24 24 24 D6 DB
  nt_row_07=DE EE 24 24 24 E3 24 24 71 72 73 74 75 76 77 78 79 79 79 7A 7B 24 24 24 24 24 E2 24 24 24 D6 DB
  nt_row_08=DE D8 EF 24 24 E2 24 7C 7D 7E 7F 80 81 82 83 84 85 86 87 88 89 8A 8B 24 24 24 E3 24 24 24 D6 DF
  nt_row_11=DE DB D7 24 24 E3 70 AF B0 B1 B2 B3 B4 B5 B6 B7 B8 B9 BA BB BC BD BE BF C0 24 E2 24 24 D6 DB DB
  nt_row_13=DE DB EE 24 24 E3 24 C6 C7 C8 C8 C8 24 C9 CA CB CC CD C8 C8 C8 C8 E8 E9 D3 24 E2 24 24 D6 DB DB
  nt_row_17=DC DA DC D7 24 24 24 24 24 24 24 24 24 F0 01 09 08 06 24 17 12 17 1D 0E 17 0D 18 24 D6 DC DB DF
  nt_row_20=E1 D9 DC ED E0 EF 24 24 19 1E 1C 11 24 1C 1D 0A 1B 1D 24 0B 1E 1D 1D 18 17 24 24 24 D6 D8 E1 D9
  pal=360F00103617270F36081A2836303B2200303B160017270F00081A2800303B22
  chr_008=00000000000000000000000000000000
  chr_01C=00000000000000000000000000000000
  chr_108=78C4E47886867C000000000000000000
  chr_11C=78CCC07C06C67C000000000000000000
SNAPSHOT frame=807 reason=state_change
  state gm=00 ready=01 script=00 sub=00 ppu_idx=00 ram_005C=00 auto=00 phase=00 frm=A2 ctrl=B0 mask=1E ctrl_shadow=B0 mask_shadow=1E flush_done=01 vblank=00 mirror=10
  nt_row_04=DC EE 24 24 24 24 24 24 24 24 24 24 24 24 24 24 24 24 24 24 24 24 24 24 24 24 24 24 24 24 D6 DB
  nt_row_07=DE EE 24 24 24 E3 24 24 71 72 73 74 75 76 77 78 79 79 79 7A 7B 24 24 24 24 24 E2 24 24 24 D6 DB
  nt_row_08=DE D8 EF 24 24 E2 24 7C 7D 7E 7F 80 81 82 83 84 85 86 87 88 89 8A 8B 24 24 24 E3 24 24 24 D6 DF
  nt_row_11=DE DB D7 24 24 E3 70 AF B0 B1 B2 B3 B4 B5 B6 B7 B8 B9 BA BB BC BD BE BF C0 24 E2 24 24 D6 DB DB
  nt_row_13=DE DB EE 24 24 E3 24 C6 C7 C8 C8 C8 24 C9 CA CB CC CD C8 C8 C8 C8 E8 E9 D3 24 E2 24 24 D6 DB DB
  nt_row_17=DC DA DC D7 24 24 24 24 24 24 24 24 24 F0 01 09 08 06 24 17 12 17 1D 0E 17 0D 18 24 D6 DC DB DF
  nt_row_20=E1 D9 DC ED E0 EF 24 24 19 1E 1C 11 24 1C 1D 0A 1B 1D 24 0B 1E 1D 1D 18 17 24 24 24 D6 D8 E1 D9
  pal=360F00103617270F36081A2836303B2200303B160017270F00081A2800303B22
  chr_008=00000000000000000000000000000000
  chr_01C=00000000000000000000000000000000
  chr_108=78C4E47886867C000000000000000000
  chr_11C=78CCC07C06C67C000000000000000000
SNAPSHOT frame=808 reason=state_change
  state gm=00 ready=01 script=00 sub=00 ppu_idx=00 ram_005C=00 auto=00 phase=00 frm=A3 ctrl=B0 mask=1E ctrl_shadow=B0 mask_shadow=1E flush_done=01 vblank=00 mirror=10
  nt_row_04=DC EE 24 24 24 24 24 24 24 24 24 24 24 24 24 24 24 24 24 24 24 24 24 24 24 24 24 24 24 24 D6 DB
  nt_row_07=DE EE 24 24 24 E3 24 24 71 72 73 74 75 76 77 78 79 79 79 7A 7B 24 24 24 24 24 E2 24 24 24 D6 DB
  nt_row_08=DE D8 EF 24 24 E2 24 7C 7D 7E 7F 80 81 82 83 84 85 86 87 88 89 8A 8B 24 24 24 E3 24 24 24 D6 DF
  nt_row_11=DE DB D7 24 24 E3 70 AF B0 B1 B2 B3 B4 B5 B6 B7 B8 B9 BA BB BC BD BE BF C0 24 E2 24 24 D6 DB DB
  nt_row_13=DE DB EE 24 24 E3 24 C6 C7 C8 C8 C8 24 C9 CA CB CC CD C8 C8 C8 C8 E8 E9 D3 24 E2 24 24 D6 DB DB
  nt_row_17=DC DA DC D7 24 24 24 24 24 24 24 24 24 F0 01 09 08 06 24 17 12 17 1D 0E 17 0D 18 24 D6 DC DB DF
  nt_row_20=E1 D9 DC ED E0 EF 24 24 19 1E 1C 11 24 1C 1D 0A 1B 1D 24 0B 1E 1D 1D 18 17 24 24 24 D6 D8 E1 D9
  pal=360F00103617270F36081A2836303B2200303B160017270F00081A2800303B22
  chr_008=00000000000000000000000000000000
  chr_01C=00000000000000000000000000000000
  chr_108=78C4E47886867C000000000000000000
  chr_11C=78CCC07C06C67C000000000000000000
SNAPSHOT frame=809 reason=state_change
  state gm=00 ready=01 script=00 sub=00 ppu_idx=00 ram_005C=00 auto=00 phase=00 frm=A4 ctrl=B0 mask=1E ctrl_shadow=B0 mask_shadow=1E flush_done=01 vblank=00 mirror=10
  nt_row_04=DC EE 24 24 24 24 24 24 24 24 24 24 24 24 24 24 24 24 24 24 24 24 24 24 24 24 24 24 24 24 D6 DB
  nt_row_07=DE EE 24 24 24 E3 24 24 71 72 73 74 75 76 77 78 79 79 79 7A 7B 24 24 24 24 24 E2 24 24 24 D6 DB
  nt_row_08=DE D8 EF 24 24 E2 24 7C 7D 7E 7F 80 81 82 83 84 85 86 87 88 89 8A 8B 24 24 24 E3 24 24 24 D6 DF
  nt_row_11=DE DB D7 24 24 E3 70 AF B0 B1 B2 B3 B4 B5 B6 B7 B8 B9 BA BB BC BD BE BF C0 24 E2 24 24 D6 DB DB
  nt_row_13=DE DB EE 24 24 E3 24 C6 C7 C8 C8 C8 24 C9 CA CB CC CD C8 C8 C8 C8 E8 E9 D3 24 E2 24 24 D6 DB DB
  nt_row_17=DC DA DC D7 24 24 24 24 24 24 24 24 24 F0 01 09 08 06 24 17 12 17 1D 0E 17 0D 18 24 D6 DC DB DF
  nt_row_20=E1 D9 DC ED E0 EF 24 24 19 1E 1C 11 24 1C 1D 0A 1B 1D 24 0B 1E 1D 1D 18 17 24 24 24 D6 D8 E1 D9
  pal=360F00103617270F36081A2836303B2200303B160017270F00081A2800303B22
  chr_008=00000000000000000000000000000000
  chr_01C=00000000000000000000000000000000
  chr_108=78C4E47886867C000000000000000000
  chr_11C=78CCC07C06C67C000000000000000000
SNAPSHOT frame=810 reason=state_change
  state gm=00 ready=01 script=00 sub=00 ppu_idx=00 ram_005C=00 auto=00 phase=00 frm=A5 ctrl=B0 mask=1E ctrl_shadow=B0 mask_shadow=1E flush_done=01 vblank=00 mirror=10
  nt_row_04=DC EE 24 24 24 24 24 24 24 24 24 24 24 24 24 24 24 24 24 24 24 24 24 24 24 24 24 24 24 24 D6 DB
  nt_row_07=DE EE 24 24 24 E3 24 24 71 72 73 74 75 76 77 78 79 79 79 7A 7B 24 24 24 24 24 E2 24 24 24 D6 DB
  nt_row_08=DE D8 EF 24 24 E2 24 7C 7D 7E 7F 80 81 82 83 84 85 86 87 88 89 8A 8B 24 24 24 E3 24 24 24 D6 DF
  nt_row_11=DE DB D7 24 24 E3 70 AF B0 B1 B2 B3 B4 B5 B6 B7 B8 B9 BA BB BC BD BE BF C0 24 E2 24 24 D6 DB DB
  nt_row_13=DE DB EE 24 24 E3 24 C6 C7 C8 C8 C8 24 C9 CA CB CC CD C8 C8 C8 C8 E8 E9 D3 24 E2 24 24 D6 DB DB
  nt_row_17=DC DA DC D7 24 24 24 24 24 24 24 24 24 F0 01 09 08 06 24 17 12 17 1D 0E 17 0D 18 24 D6 DC DB DF
  nt_row_20=E1 D9 DC ED E0 EF 24 24 19 1E 1C 11 24 1C 1D 0A 1B 1D 24 0B 1E 1D 1D 18 17 24 24 24 D6 D8 E1 D9
  pal=360F00103617270F36081A2836303B2200303B160017270F00081A2800303B22
  chr_008=00000000000000000000000000000000
  chr_01C=00000000000000000000000000000000
  chr_108=78C4E47886867C000000000000000000
  chr_11C=78CCC07C06C67C000000000000000000
SNAPSHOT frame=811 reason=state_change
  state gm=00 ready=01 script=00 sub=00 ppu_idx=00 ram_005C=00 auto=00 phase=00 frm=A6 ctrl=B0 mask=1E ctrl_shadow=B0 mask_shadow=1E flush_done=01 vblank=00 mirror=10
  nt_row_04=DC EE 24 24 24 24 24 24 24 24 24 24 24 24 24 24 24 24 24 24 24 24 24 24 24 24 24 24 24 24 D6 DB
  nt_row_07=DE EE 24 24 24 E3 24 24 71 72 73 74 75 76 77 78 79 79 79 7A 7B 24 24 24 24 24 E2 24 24 24 D6 DB
  nt_row_08=DE D8 EF 24 24 E2 24 7C 7D 7E 7F 80 81 82 83 84 85 86 87 88 89 8A 8B 24 24 24 E3 24 24 24 D6 DF
  nt_row_11=DE DB D7 24 24 E3 70 AF B0 B1 B2 B3 B4 B5 B6 B7 B8 B9 BA BB BC BD BE BF C0 24 E2 24 24 D6 DB DB
  nt_row_13=DE DB EE 24 24 E3 24 C6 C7 C8 C8 C8 24 C9 CA CB CC CD C8 C8 C8 C8 E8 E9 D3 24 E2 24 24 D6 DB DB
  nt_row_17=DC DA DC D7 24 24 24 24 24 24 24 24 24 F0 01 09 08 06 24 17 12 17 1D 0E 17 0D 18 24 D6 DC DB DF
  nt_row_20=E1 D9 DC ED E0 EF 24 24 19 1E 1C 11 24 1C 1D 0A 1B 1D 24 0B 1E 1D 1D 18 17 24 24 24 D6 D8 E1 D9
  pal=360F00103617270F36081A2836303B2200303B160017270F00081A2800303B22
  chr_008=00000000000000000000000000000000
  chr_01C=00000000000000000000000000000000
  chr_108=78C4E47886867C000000000000000000
  chr_11C=78CCC07C06C67C000000000000000000
SNAPSHOT frame=812 reason=state_change
  state gm=00 ready=01 script=00 sub=00 ppu_idx=00 ram_005C=00 auto=00 phase=00 frm=A7 ctrl=B0 mask=1E ctrl_shadow=B0 mask_shadow=1E flush_done=01 vblank=00 mirror=10
  nt_row_04=DC EE 24 24 24 24 24 24 24 24 24 24 24 24 24 24 24 24 24 24 24 24 24 24 24 24 24 24 24 24 D6 DB
  nt_row_07=DE EE 24 24 24 E3 24 24 71 72 73 74 75 76 77 78 79 79 79 7A 7B 24 24 24 24 24 E2 24 24 24 D6 DB
  nt_row_08=DE D8 EF 24 24 E2 24 7C 7D 7E 7F 80 81 82 83 84 85 86 87 88 89 8A 8B 24 24 24 E3 24 24 24 D6 DF
  nt_row_11=DE DB D7 24 24 E3 70 AF B0 B1 B2 B3 B4 B5 B6 B7 B8 B9 BA BB BC BD BE BF C0 24 E2 24 24 D6 DB DB
  nt_row_13=DE DB EE 24 24 E3 24 C6 C7 C8 C8 C8 24 C9 CA CB CC CD C8 C8 C8 C8 E8 E9 D3 24 E2 24 24 D6 DB DB
  nt_row_17=DC DA DC D7 24 24 24 24 24 24 24 24 24 F0 01 09 08 06 24 17 12 17 1D 0E 17 0D 18 24 D6 DC DB DF
  nt_row_20=E1 D9 DC ED E0 EF 24 24 19 1E 1C 11 24 1C 1D 0A 1B 1D 24 0B 1E 1D 1D 18 17 24 24 24 D6 D8 E1 D9
  pal=360F00103617270F36081A2836303B2200303B160017270F00081A2800303B22
  chr_008=00000000000000000000000000000000
  chr_01C=00000000000000000000000000000000
  chr_108=78C4E47886867C000000000000000000
  chr_11C=78CCC07C06C67C000000000000000000
SNAPSHOT frame=813 reason=state_change
  state gm=00 ready=01 script=00 sub=00 ppu_idx=00 ram_005C=00 auto=00 phase=00 frm=A8 ctrl=B0 mask=1E ctrl_shadow=B0 mask_shadow=1E flush_done=01 vblank=00 mirror=10
  nt_row_04=DC EE 24 24 24 24 24 24 24 24 24 24 24 24 24 24 24 24 24 24 24 24 24 24 24 24 24 24 24 24 D6 DB
  nt_row_07=DE EE 24 24 24 E3 24 24 71 72 73 74 75 76 77 78 79 79 79 7A 7B 24 24 24 24 24 E2 24 24 24 D6 DB
  nt_row_08=DE D8 EF 24 24 E2 24 7C 7D 7E 7F 80 81 82 83 84 85 86 87 88 89 8A 8B 24 24 24 E3 24 24 24 D6 DF
  nt_row_11=DE DB D7 24 24 E3 70 AF B0 B1 B2 B3 B4 B5 B6 B7 B8 B9 BA BB BC BD BE BF C0 24 E2 24 24 D6 DB DB
  nt_row_13=DE DB EE 24 24 E3 24 C6 C7 C8 C8 C8 24 C9 CA CB CC CD C8 C8 C8 C8 E8 E9 D3 24 E2 24 24 D6 DB DB
  nt_row_17=DC DA DC D7 24 24 24 24 24 24 24 24 24 F0 01 09 08 06 24 17 12 17 1D 0E 17 0D 18 24 D6 DC DB DF
  nt_row_20=E1 D9 DC ED E0 EF 24 24 19 1E 1C 11 24 1C 1D 0A 1B 1D 24 0B 1E 1D 1D 18 17 24 24 24 D6 D8 E1 D9
  pal=360F00103617270F36081A2836303B2200303B160017270F00081A2800303B22
  chr_008=00000000000000000000000000000000
  chr_01C=00000000000000000000000000000000
  chr_108=78C4E47886867C000000000000000000
  chr_11C=78CCC07C06C67C000000000000000000
SNAPSHOT frame=814 reason=state_change
  state gm=00 ready=01 script=00 sub=00 ppu_idx=00 ram_005C=00 auto=00 phase=00 frm=A9 ctrl=B0 mask=1E ctrl_shadow=B0 mask_shadow=1E flush_done=01 vblank=00 mirror=10
  nt_row_04=DC EE 24 24 24 24 24 24 24 24 24 24 24 24 24 24 24 24 24 24 24 24 24 24 24 24 24 24 24 24 D6 DB
  nt_row_07=DE EE 24 24 24 E3 24 24 71 72 73 74 75 76 77 78 79 79 79 7A 7B 24 24 24 24 24 E2 24 24 24 D6 DB
  nt_row_08=DE D8 EF 24 24 E2 24 7C 7D 7E 7F 80 81 82 83 84 85 86 87 88 89 8A 8B 24 24 24 E3 24 24 24 D6 DF
  nt_row_11=DE DB D7 24 24 E3 70 AF B0 B1 B2 B3 B4 B5 B6 B7 B8 B9 BA BB BC BD BE BF C0 24 E2 24 24 D6 DB DB
  nt_row_13=DE DB EE 24 24 E3 24 C6 C7 C8 C8 C8 24 C9 CA CB CC CD C8 C8 C8 C8 E8 E9 D3 24 E2 24 24 D6 DB DB
  nt_row_17=DC DA DC D7 24 24 24 24 24 24 24 24 24 F0 01 09 08 06 24 17 12 17 1D 0E 17 0D 18 24 D6 DC DB DF
  nt_row_20=E1 D9 DC ED E0 EF 24 24 19 1E 1C 11 24 1C 1D 0A 1B 1D 24 0B 1E 1D 1D 18 17 24 24 24 D6 D8 E1 D9
  pal=360F00103617270F36081A2836303B2200303B160017270F00081A2800303B22
  chr_008=00000000000000000000000000000000
  chr_01C=00000000000000000000000000000000
  chr_108=78C4E47886867C000000000000000000
  chr_11C=78CCC07C06C67C000000000000000000
SNAPSHOT frame=815 reason=state_change
  state gm=00 ready=01 script=00 sub=00 ppu_idx=00 ram_005C=00 auto=00 phase=00 frm=AA ctrl=B0 mask=1E ctrl_shadow=B0 mask_shadow=1E flush_done=01 vblank=00 mirror=10
  nt_row_04=DC EE 24 24 24 24 24 24 24 24 24 24 24 24 24 24 24 24 24 24 24 24 24 24 24 24 24 24 24 24 D6 DB
  nt_row_07=DE EE 24 24 24 E3 24 24 71 72 73 74 75 76 77 78 79 79 79 7A 7B 24 24 24 24 24 E2 24 24 24 D6 DB
  nt_row_08=DE D8 EF 24 24 E2 24 7C 7D 7E 7F 80 81 82 83 84 85 86 87 88 89 8A 8B 24 24 24 E3 24 24 24 D6 DF
  nt_row_11=DE DB D7 24 24 E3 70 AF B0 B1 B2 B3 B4 B5 B6 B7 B8 B9 BA BB BC BD BE BF C0 24 E2 24 24 D6 DB DB
  nt_row_13=DE DB EE 24 24 E3 24 C6 C7 C8 C8 C8 24 C9 CA CB CC CD C8 C8 C8 C8 E8 E9 D3 24 E2 24 24 D6 DB DB
  nt_row_17=DC DA DC D7 24 24 24 24 24 24 24 24 24 F0 01 09 08 06 24 17 12 17 1D 0E 17 0D 18 24 D6 DC DB DF
  nt_row_20=E1 D9 DC ED E0 EF 24 24 19 1E 1C 11 24 1C 1D 0A 1B 1D 24 0B 1E 1D 1D 18 17 24 24 24 D6 D8 E1 D9
  pal=360F00103617270F36081A2836303B2200303B160017270F00081A2800303B22
  chr_008=00000000000000000000000000000000
  chr_01C=00000000000000000000000000000000
  chr_108=78C4E47886867C000000000000000000
  chr_11C=78CCC07C06C67C000000000000000000
SNAPSHOT frame=816 reason=state_change
  state gm=00 ready=01 script=00 sub=00 ppu_idx=00 ram_005C=00 auto=00 phase=00 frm=AB ctrl=B0 mask=1E ctrl_shadow=B0 mask_shadow=1E flush_done=01 vblank=00 mirror=10
  nt_row_04=DC EE 24 24 24 24 24 24 24 24 24 24 24 24 24 24 24 24 24 24 24 24 24 24 24 24 24 24 24 24 D6 DB
  nt_row_07=DE EE 24 24 24 E3 24 24 71 72 73 74 75 76 77 78 79 79 79 7A 7B 24 24 24 24 24 E2 24 24 24 D6 DB
  nt_row_08=DE D8 EF 24 24 E2 24 7C 7D 7E 7F 80 81 82 83 84 85 86 87 88 89 8A 8B 24 24 24 E3 24 24 24 D6 DF
  nt_row_11=DE DB D7 24 24 E3 70 AF B0 B1 B2 B3 B4 B5 B6 B7 B8 B9 BA BB BC BD BE BF C0 24 E2 24 24 D6 DB DB
  nt_row_13=DE DB EE 24 24 E3 24 C6 C7 C8 C8 C8 24 C9 CA CB CC CD C8 C8 C8 C8 E8 E9 D3 24 E2 24 24 D6 DB DB
  nt_row_17=DC DA DC D7 24 24 24 24 24 24 24 24 24 F0 01 09 08 06 24 17 12 17 1D 0E 17 0D 18 24 D6 DC DB DF
  nt_row_20=E1 D9 DC ED E0 EF 24 24 19 1E 1C 11 24 1C 1D 0A 1B 1D 24 0B 1E 1D 1D 18 17 24 24 24 D6 D8 E1 D9
  pal=360F00103617270F36081A2836303B2200303B160017270F00081A2800303B22
  chr_008=00000000000000000000000000000000
  chr_01C=00000000000000000000000000000000
  chr_108=78C4E47886867C000000000000000000
  chr_11C=78CCC07C06C67C000000000000000000
SNAPSHOT frame=817 reason=state_change
  state gm=00 ready=01 script=00 sub=00 ppu_idx=00 ram_005C=00 auto=00 phase=00 frm=AC ctrl=B0 mask=1E ctrl_shadow=B0 mask_shadow=1E flush_done=01 vblank=00 mirror=10
  nt_row_04=DC EE 24 24 24 24 24 24 24 24 24 24 24 24 24 24 24 24 24 24 24 24 24 24 24 24 24 24 24 24 D6 DB
  nt_row_07=DE EE 24 24 24 E3 24 24 71 72 73 74 75 76 77 78 79 79 79 7A 7B 24 24 24 24 24 E2 24 24 24 D6 DB
  nt_row_08=DE D8 EF 24 24 E2 24 7C 7D 7E 7F 80 81 82 83 84 85 86 87 88 89 8A 8B 24 24 24 E3 24 24 24 D6 DF
  nt_row_11=DE DB D7 24 24 E3 70 AF B0 B1 B2 B3 B4 B5 B6 B7 B8 B9 BA BB BC BD BE BF C0 24 E2 24 24 D6 DB DB
  nt_row_13=DE DB EE 24 24 E3 24 C6 C7 C8 C8 C8 24 C9 CA CB CC CD C8 C8 C8 C8 E8 E9 D3 24 E2 24 24 D6 DB DB
  nt_row_17=DC DA DC D7 24 24 24 24 24 24 24 24 24 F0 01 09 08 06 24 17 12 17 1D 0E 17 0D 18 24 D6 DC DB DF
  nt_row_20=E1 D9 DC ED E0 EF 24 24 19 1E 1C 11 24 1C 1D 0A 1B 1D 24 0B 1E 1D 1D 18 17 24 24 24 D6 D8 E1 D9
  pal=360F00103617270F36081A2836303B2200303B160017270F00081A2800303B22
  chr_008=00000000000000000000000000000000
  chr_01C=00000000000000000000000000000000
  chr_108=78C4E47886867C000000000000000000
  chr_11C=78CCC07C06C67C000000000000000000
SNAPSHOT frame=818 reason=state_change
  state gm=00 ready=01 script=00 sub=00 ppu_idx=00 ram_005C=00 auto=00 phase=00 frm=AD ctrl=B0 mask=1E ctrl_shadow=B0 mask_shadow=1E flush_done=01 vblank=00 mirror=10
  nt_row_04=DC EE 24 24 24 24 24 24 24 24 24 24 24 24 24 24 24 24 24 24 24 24 24 24 24 24 24 24 24 24 D6 DB
  nt_row_07=DE EE 24 24 24 E3 24 24 71 72 73 74 75 76 77 78 79 79 79 7A 7B 24 24 24 24 24 E2 24 24 24 D6 DB
  nt_row_08=DE D8 EF 24 24 E2 24 7C 7D 7E 7F 80 81 82 83 84 85 86 87 88 89 8A 8B 24 24 24 E3 24 24 24 D6 DF
  nt_row_11=DE DB D7 24 24 E3 70 AF B0 B1 B2 B3 B4 B5 B6 B7 B8 B9 BA BB BC BD BE BF C0 24 E2 24 24 D6 DB DB
  nt_row_13=DE DB EE 24 24 E3 24 C6 C7 C8 C8 C8 24 C9 CA CB CC CD C8 C8 C8 C8 E8 E9 D3 24 E2 24 24 D6 DB DB
  nt_row_17=DC DA DC D7 24 24 24 24 24 24 24 24 24 F0 01 09 08 06 24 17 12 17 1D 0E 17 0D 18 24 D6 DC DB DF
  nt_row_20=E1 D9 DC ED E0 EF 24 24 19 1E 1C 11 24 1C 1D 0A 1B 1D 24 0B 1E 1D 1D 18 17 24 24 24 D6 D8 E1 D9
  pal=360F00103617270F36081A2836303B2200303B160017270F00081A2800303B22
  chr_008=00000000000000000000000000000000
  chr_01C=00000000000000000000000000000000
  chr_108=78C4E47886867C000000000000000000
  chr_11C=78CCC07C06C67C000000000000000000
SNAPSHOT frame=819 reason=state_change
  state gm=00 ready=01 script=00 sub=00 ppu_idx=00 ram_005C=00 auto=00 phase=00 frm=AE ctrl=B0 mask=1E ctrl_shadow=B0 mask_shadow=1E flush_done=01 vblank=00 mirror=10
  nt_row_04=DC EE 24 24 24 24 24 24 24 24 24 24 24 24 24 24 24 24 24 24 24 24 24 24 24 24 24 24 24 24 D6 DB
  nt_row_07=DE EE 24 24 24 E3 24 24 71 72 73 74 75 76 77 78 79 79 79 7A 7B 24 24 24 24 24 E2 24 24 24 D6 DB
  nt_row_08=DE D8 EF 24 24 E2 24 7C 7D 7E 7F 80 81 82 83 84 85 86 87 88 89 8A 8B 24 24 24 E3 24 24 24 D6 DF
  nt_row_11=DE DB D7 24 24 E3 70 AF B0 B1 B2 B3 B4 B5 B6 B7 B8 B9 BA BB BC BD BE BF C0 24 E2 24 24 D6 DB DB
  nt_row_13=DE DB EE 24 24 E3 24 C6 C7 C8 C8 C8 24 C9 CA CB CC CD C8 C8 C8 C8 E8 E9 D3 24 E2 24 24 D6 DB DB
  nt_row_17=DC DA DC D7 24 24 24 24 24 24 24 24 24 F0 01 09 08 06 24 17 12 17 1D 0E 17 0D 18 24 D6 DC DB DF
  nt_row_20=E1 D9 DC ED E0 EF 24 24 19 1E 1C 11 24 1C 1D 0A 1B 1D 24 0B 1E 1D 1D 18 17 24 24 24 D6 D8 E1 D9
  pal=360F00103617270F36081A2836303B2200303B160017270F00081A2800303B22
  chr_008=00000000000000000000000000000000
  chr_01C=00000000000000000000000000000000
  chr_108=78C4E47886867C000000000000000000
  chr_11C=78CCC07C06C67C000000000000000000
SNAPSHOT frame=820 reason=state_change
  state gm=00 ready=01 script=00 sub=00 ppu_idx=00 ram_005C=00 auto=00 phase=00 frm=AF ctrl=B0 mask=1E ctrl_shadow=B0 mask_shadow=1E flush_done=01 vblank=00 mirror=10
  nt_row_04=DC EE 24 24 24 24 24 24 24 24 24 24 24 24 24 24 24 24 24 24 24 24 24 24 24 24 24 24 24 24 D6 DB
  nt_row_07=DE EE 24 24 24 E3 24 24 71 72 73 74 75 76 77 78 79 79 79 7A 7B 24 24 24 24 24 E2 24 24 24 D6 DB
  nt_row_08=DE D8 EF 24 24 E2 24 7C 7D 7E 7F 80 81 82 83 84 85 86 87 88 89 8A 8B 24 24 24 E3 24 24 24 D6 DF
  nt_row_11=DE DB D7 24 24 E3 70 AF B0 B1 B2 B3 B4 B5 B6 B7 B8 B9 BA BB BC BD BE BF C0 24 E2 24 24 D6 DB DB
  nt_row_13=DE DB EE 24 24 E3 24 C6 C7 C8 C8 C8 24 C9 CA CB CC CD C8 C8 C8 C8 E8 E9 D3 24 E2 24 24 D6 DB DB
  nt_row_17=DC DA DC D7 24 24 24 24 24 24 24 24 24 F0 01 09 08 06 24 17 12 17 1D 0E 17 0D 18 24 D6 DC DB DF
  nt_row_20=E1 D9 DC ED E0 EF 24 24 19 1E 1C 11 24 1C 1D 0A 1B 1D 24 0B 1E 1D 1D 18 17 24 24 24 D6 D8 E1 D9
  pal=360F00103617270F36081A2836303B2200303B160017270F00081A2800303B22
  chr_008=00000000000000000000000000000000
  chr_01C=00000000000000000000000000000000
  chr_108=78C4E47886867C000000000000000000
  chr_11C=78CCC07C06C67C000000000000000000
SNAPSHOT frame=821 reason=state_change
  state gm=00 ready=01 script=00 sub=00 ppu_idx=00 ram_005C=00 auto=00 phase=00 frm=B0 ctrl=B0 mask=1E ctrl_shadow=B0 mask_shadow=1E flush_done=01 vblank=00 mirror=10
  nt_row_04=DC EE 24 24 24 24 24 24 24 24 24 24 24 24 24 24 24 24 24 24 24 24 24 24 24 24 24 24 24 24 D6 DB
  nt_row_07=DE EE 24 24 24 E3 24 24 71 72 73 74 75 76 77 78 79 79 79 7A 7B 24 24 24 24 24 E2 24 24 24 D6 DB
  nt_row_08=DE D8 EF 24 24 E2 24 7C 7D 7E 7F 80 81 82 83 84 85 86 87 88 89 8A 8B 24 24 24 E3 24 24 24 D6 DF
  nt_row_11=DE DB D7 24 24 E3 70 AF B0 B1 B2 B3 B4 B5 B6 B7 B8 B9 BA BB BC BD BE BF C0 24 E2 24 24 D6 DB DB
  nt_row_13=DE DB EE 24 24 E3 24 C6 C7 C8 C8 C8 24 C9 CA CB CC CD C8 C8 C8 C8 E8 E9 D3 24 E2 24 24 D6 DB DB
  nt_row_17=DC DA DC D7 24 24 24 24 24 24 24 24 24 F0 01 09 08 06 24 17 12 17 1D 0E 17 0D 18 24 D6 DC DB DF
  nt_row_20=E1 D9 DC ED E0 EF 24 24 19 1E 1C 11 24 1C 1D 0A 1B 1D 24 0B 1E 1D 1D 18 17 24 24 24 D6 D8 E1 D9
  pal=360F00103617270F36081A2836303B2200303B160017270F00081A2800303B22
  chr_008=00000000000000000000000000000000
  chr_01C=00000000000000000000000000000000
  chr_108=78C4E47886867C000000000000000000
  chr_11C=78CCC07C06C67C000000000000000000
SNAPSHOT frame=822 reason=state_change
  state gm=00 ready=01 script=00 sub=00 ppu_idx=00 ram_005C=00 auto=00 phase=00 frm=B1 ctrl=B0 mask=1E ctrl_shadow=B0 mask_shadow=1E flush_done=01 vblank=00 mirror=10
  nt_row_04=DC EE 24 24 24 24 24 24 24 24 24 24 24 24 24 24 24 24 24 24 24 24 24 24 24 24 24 24 24 24 D6 DB
  nt_row_07=DE EE 24 24 24 E3 24 24 71 72 73 74 75 76 77 78 79 79 79 7A 7B 24 24 24 24 24 E2 24 24 24 D6 DB
  nt_row_08=DE D8 EF 24 24 E2 24 7C 7D 7E 7F 80 81 82 83 84 85 86 87 88 89 8A 8B 24 24 24 E3 24 24 24 D6 DF
  nt_row_11=DE DB D7 24 24 E3 70 AF B0 B1 B2 B3 B4 B5 B6 B7 B8 B9 BA BB BC BD BE BF C0 24 E2 24 24 D6 DB DB
  nt_row_13=DE DB EE 24 24 E3 24 C6 C7 C8 C8 C8 24 C9 CA CB CC CD C8 C8 C8 C8 E8 E9 D3 24 E2 24 24 D6 DB DB
  nt_row_17=DC DA DC D7 24 24 24 24 24 24 24 24 24 F0 01 09 08 06 24 17 12 17 1D 0E 17 0D 18 24 D6 DC DB DF
  nt_row_20=E1 D9 DC ED E0 EF 24 24 19 1E 1C 11 24 1C 1D 0A 1B 1D 24 0B 1E 1D 1D 18 17 24 24 24 D6 D8 E1 D9
  pal=360F00103617270F36081A2836303B2200303B160017270F00081A2800303B22
  chr_008=00000000000000000000000000000000
  chr_01C=00000000000000000000000000000000
  chr_108=78C4E47886867C000000000000000000
  chr_11C=78CCC07C06C67C000000000000000000
SNAPSHOT frame=823 reason=state_change
  state gm=00 ready=01 script=00 sub=00 ppu_idx=00 ram_005C=00 auto=00 phase=00 frm=B2 ctrl=B0 mask=1E ctrl_shadow=B0 mask_shadow=1E flush_done=01 vblank=00 mirror=10
  nt_row_04=DC EE 24 24 24 24 24 24 24 24 24 24 24 24 24 24 24 24 24 24 24 24 24 24 24 24 24 24 24 24 D6 DB
  nt_row_07=DE EE 24 24 24 E3 24 24 71 72 73 74 75 76 77 78 79 79 79 7A 7B 24 24 24 24 24 E2 24 24 24 D6 DB
  nt_row_08=DE D8 EF 24 24 E2 24 7C 7D 7E 7F 80 81 82 83 84 85 86 87 88 89 8A 8B 24 24 24 E3 24 24 24 D6 DF
  nt_row_11=DE DB D7 24 24 E3 70 AF B0 B1 B2 B3 B4 B5 B6 B7 B8 B9 BA BB BC BD BE BF C0 24 E2 24 24 D6 DB DB
  nt_row_13=DE DB EE 24 24 E3 24 C6 C7 C8 C8 C8 24 C9 CA CB CC CD C8 C8 C8 C8 E8 E9 D3 24 E2 24 24 D6 DB DB
  nt_row_17=DC DA DC D7 24 24 24 24 24 24 24 24 24 F0 01 09 08 06 24 17 12 17 1D 0E 17 0D 18 24 D6 DC DB DF
  nt_row_20=E1 D9 DC ED E0 EF 24 24 19 1E 1C 11 24 1C 1D 0A 1B 1D 24 0B 1E 1D 1D 18 17 24 24 24 D6 D8 E1 D9
  pal=360F00103617270F36081A2836303B2200303B160017270F00081A2800303B22
  chr_008=00000000000000000000000000000000
  chr_01C=00000000000000000000000000000000
  chr_108=78C4E47886867C000000000000000000
  chr_11C=78CCC07C06C67C000000000000000000
SNAPSHOT frame=824 reason=state_change
  state gm=00 ready=01 script=00 sub=00 ppu_idx=00 ram_005C=00 auto=00 phase=00 frm=B3 ctrl=B0 mask=1E ctrl_shadow=B0 mask_shadow=1E flush_done=01 vblank=00 mirror=10
  nt_row_04=DC EE 24 24 24 24 24 24 24 24 24 24 24 24 24 24 24 24 24 24 24 24 24 24 24 24 24 24 24 24 D6 DB
  nt_row_07=DE EE 24 24 24 E3 24 24 71 72 73 74 75 76 77 78 79 79 79 7A 7B 24 24 24 24 24 E2 24 24 24 D6 DB
  nt_row_08=DE D8 EF 24 24 E2 24 7C 7D 7E 7F 80 81 82 83 84 85 86 87 88 89 8A 8B 24 24 24 E3 24 24 24 D6 DF
  nt_row_11=DE DB D7 24 24 E3 70 AF B0 B1 B2 B3 B4 B5 B6 B7 B8 B9 BA BB BC BD BE BF C0 24 E2 24 24 D6 DB DB
  nt_row_13=DE DB EE 24 24 E3 24 C6 C7 C8 C8 C8 24 C9 CA CB CC CD C8 C8 C8 C8 E8 E9 D3 24 E2 24 24 D6 DB DB
  nt_row_17=DC DA DC D7 24 24 24 24 24 24 24 24 24 F0 01 09 08 06 24 17 12 17 1D 0E 17 0D 18 24 D6 DC DB DF
  nt_row_20=E1 D9 DC ED E0 EF 24 24 19 1E 1C 11 24 1C 1D 0A 1B 1D 24 0B 1E 1D 1D 18 17 24 24 24 D6 D8 E1 D9
  pal=360F00103617270F36081A2836303B2200303B160017270F00081A2800303B22
  chr_008=00000000000000000000000000000000
  chr_01C=00000000000000000000000000000000
  chr_108=78C4E47886867C000000000000000000
  chr_11C=78CCC07C06C67C000000000000000000
SNAPSHOT frame=825 reason=state_change
  state gm=00 ready=01 script=00 sub=00 ppu_idx=00 ram_005C=00 auto=00 phase=00 frm=B4 ctrl=B0 mask=1E ctrl_shadow=B0 mask_shadow=1E flush_done=01 vblank=00 mirror=10
  nt_row_04=DC EE 24 24 24 24 24 24 24 24 24 24 24 24 24 24 24 24 24 24 24 24 24 24 24 24 24 24 24 24 D6 DB
  nt_row_07=DE EE 24 24 24 E3 24 24 71 72 73 74 75 76 77 78 79 79 79 7A 7B 24 24 24 24 24 E2 24 24 24 D6 DB
  nt_row_08=DE D8 EF 24 24 E2 24 7C 7D 7E 7F 80 81 82 83 84 85 86 87 88 89 8A 8B 24 24 24 E3 24 24 24 D6 DF
  nt_row_11=DE DB D7 24 24 E3 70 AF B0 B1 B2 B3 B4 B5 B6 B7 B8 B9 BA BB BC BD BE BF C0 24 E2 24 24 D6 DB DB
  nt_row_13=DE DB EE 24 24 E3 24 C6 C7 C8 C8 C8 24 C9 CA CB CC CD C8 C8 C8 C8 E8 E9 D3 24 E2 24 24 D6 DB DB
  nt_row_17=DC DA DC D7 24 24 24 24 24 24 24 24 24 F0 01 09 08 06 24 17 12 17 1D 0E 17 0D 18 24 D6 DC DB DF
  nt_row_20=E1 D9 DC ED E0 EF 24 24 19 1E 1C 11 24 1C 1D 0A 1B 1D 24 0B 1E 1D 1D 18 17 24 24 24 D6 D8 E1 D9
  pal=360F00103617270F36081A2836303B2200303B160017270F00081A2800303B22
  chr_008=00000000000000000000000000000000
  chr_01C=00000000000000000000000000000000
  chr_108=78C4E47886867C000000000000000000
  chr_11C=78CCC07C06C67C000000000000000000
SNAPSHOT frame=826 reason=state_change
  state gm=00 ready=01 script=00 sub=00 ppu_idx=00 ram_005C=00 auto=00 phase=00 frm=B5 ctrl=B0 mask=1E ctrl_shadow=B0 mask_shadow=1E flush_done=01 vblank=00 mirror=10
  nt_row_04=DC EE 24 24 24 24 24 24 24 24 24 24 24 24 24 24 24 24 24 24 24 24 24 24 24 24 24 24 24 24 D6 DB
  nt_row_07=DE EE 24 24 24 E3 24 24 71 72 73 74 75 76 77 78 79 79 79 7A 7B 24 24 24 24 24 E2 24 24 24 D6 DB
  nt_row_08=DE D8 EF 24 24 E2 24 7C 7D 7E 7F 80 81 82 83 84 85 86 87 88 89 8A 8B 24 24 24 E3 24 24 24 D6 DF
  nt_row_11=DE DB D7 24 24 E3 70 AF B0 B1 B2 B3 B4 B5 B6 B7 B8 B9 BA BB BC BD BE BF C0 24 E2 24 24 D6 DB DB
  nt_row_13=DE DB EE 24 24 E3 24 C6 C7 C8 C8 C8 24 C9 CA CB CC CD C8 C8 C8 C8 E8 E9 D3 24 E2 24 24 D6 DB DB
  nt_row_17=DC DA DC D7 24 24 24 24 24 24 24 24 24 F0 01 09 08 06 24 17 12 17 1D 0E 17 0D 18 24 D6 DC DB DF
  nt_row_20=E1 D9 DC ED E0 EF 24 24 19 1E 1C 11 24 1C 1D 0A 1B 1D 24 0B 1E 1D 1D 18 17 24 24 24 D6 D8 E1 D9
  pal=360F00103617270F36081A2836303B2200303B160017270F00081A2800303B22
  chr_008=00000000000000000000000000000000
  chr_01C=00000000000000000000000000000000
  chr_108=78C4E47886867C000000000000000000
  chr_11C=78CCC07C06C67C000000000000000000
SNAPSHOT frame=827 reason=state_change
  state gm=00 ready=01 script=00 sub=00 ppu_idx=00 ram_005C=00 auto=00 phase=00 frm=B6 ctrl=B0 mask=1E ctrl_shadow=B0 mask_shadow=1E flush_done=01 vblank=00 mirror=10
  nt_row_04=DC EE 24 24 24 24 24 24 24 24 24 24 24 24 24 24 24 24 24 24 24 24 24 24 24 24 24 24 24 24 D6 DB
  nt_row_07=DE EE 24 24 24 E3 24 24 71 72 73 74 75 76 77 78 79 79 79 7A 7B 24 24 24 24 24 E2 24 24 24 D6 DB
  nt_row_08=DE D8 EF 24 24 E2 24 7C 7D 7E 7F 80 81 82 83 84 85 86 87 88 89 8A 8B 24 24 24 E3 24 24 24 D6 DF
  nt_row_11=DE DB D7 24 24 E3 70 AF B0 B1 B2 B3 B4 B5 B6 B7 B8 B9 BA BB BC BD BE BF C0 24 E2 24 24 D6 DB DB
  nt_row_13=DE DB EE 24 24 E3 24 C6 C7 C8 C8 C8 24 C9 CA CB CC CD C8 C8 C8 C8 E8 E9 D3 24 E2 24 24 D6 DB DB
  nt_row_17=DC DA DC D7 24 24 24 24 24 24 24 24 24 F0 01 09 08 06 24 17 12 17 1D 0E 17 0D 18 24 D6 DC DB DF
  nt_row_20=E1 D9 DC ED E0 EF 24 24 19 1E 1C 11 24 1C 1D 0A 1B 1D 24 0B 1E 1D 1D 18 17 24 24 24 D6 D8 E1 D9
  pal=360F00103617270F36081A2836303B2200303B160017270F00081A2800303B22
  chr_008=00000000000000000000000000000000
  chr_01C=00000000000000000000000000000000
  chr_108=78C4E47886867C000000000000000000
  chr_11C=78CCC07C06C67C000000000000000000
SNAPSHOT frame=828 reason=state_change
  state gm=00 ready=01 script=00 sub=00 ppu_idx=00 ram_005C=00 auto=00 phase=00 frm=B7 ctrl=B0 mask=1E ctrl_shadow=B0 mask_shadow=1E flush_done=01 vblank=00 mirror=10
  nt_row_04=DC EE 24 24 24 24 24 24 24 24 24 24 24 24 24 24 24 24 24 24 24 24 24 24 24 24 24 24 24 24 D6 DB
  nt_row_07=DE EE 24 24 24 E3 24 24 71 72 73 74 75 76 77 78 79 79 79 7A 7B 24 24 24 24 24 E2 24 24 24 D6 DB
  nt_row_08=DE D8 EF 24 24 E2 24 7C 7D 7E 7F 80 81 82 83 84 85 86 87 88 89 8A 8B 24 24 24 E3 24 24 24 D6 DF
  nt_row_11=DE DB D7 24 24 E3 70 AF B0 B1 B2 B3 B4 B5 B6 B7 B8 B9 BA BB BC BD BE BF C0 24 E2 24 24 D6 DB DB
  nt_row_13=DE DB EE 24 24 E3 24 C6 C7 C8 C8 C8 24 C9 CA CB CC CD C8 C8 C8 C8 E8 E9 D3 24 E2 24 24 D6 DB DB
  nt_row_17=DC DA DC D7 24 24 24 24 24 24 24 24 24 F0 01 09 08 06 24 17 12 17 1D 0E 17 0D 18 24 D6 DC DB DF
  nt_row_20=E1 D9 DC ED E0 EF 24 24 19 1E 1C 11 24 1C 1D 0A 1B 1D 24 0B 1E 1D 1D 18 17 24 24 24 D6 D8 E1 D9
  pal=360F00103617270F36081A2836303B2200303B160017270F00081A2800303B22
  chr_008=00000000000000000000000000000000
  chr_01C=00000000000000000000000000000000
  chr_108=78C4E47886867C000000000000000000
  chr_11C=78CCC07C06C67C000000000000000000
SNAPSHOT frame=829 reason=state_change
  state gm=00 ready=01 script=00 sub=00 ppu_idx=00 ram_005C=00 auto=00 phase=00 frm=B8 ctrl=B0 mask=1E ctrl_shadow=B0 mask_shadow=1E flush_done=01 vblank=00 mirror=10
  nt_row_04=DC EE 24 24 24 24 24 24 24 24 24 24 24 24 24 24 24 24 24 24 24 24 24 24 24 24 24 24 24 24 D6 DB
  nt_row_07=DE EE 24 24 24 E3 24 24 71 72 73 74 75 76 77 78 79 79 79 7A 7B 24 24 24 24 24 E2 24 24 24 D6 DB
  nt_row_08=DE D8 EF 24 24 E2 24 7C 7D 7E 7F 80 81 82 83 84 85 86 87 88 89 8A 8B 24 24 24 E3 24 24 24 D6 DF
  nt_row_11=DE DB D7 24 24 E3 70 AF B0 B1 B2 B3 B4 B5 B6 B7 B8 B9 BA BB BC BD BE BF C0 24 E2 24 24 D6 DB DB
  nt_row_13=DE DB EE 24 24 E3 24 C6 C7 C8 C8 C8 24 C9 CA CB CC CD C8 C8 C8 C8 E8 E9 D3 24 E2 24 24 D6 DB DB
  nt_row_17=DC DA DC D7 24 24 24 24 24 24 24 24 24 F0 01 09 08 06 24 17 12 17 1D 0E 17 0D 18 24 D6 DC DB DF
  nt_row_20=E1 D9 DC ED E0 EF 24 24 19 1E 1C 11 24 1C 1D 0A 1B 1D 24 0B 1E 1D 1D 18 17 24 24 24 D6 D8 E1 D9
  pal=360F00103617270F36081A2836303B2200303B160017270F00081A2800303B22
  chr_008=00000000000000000000000000000000
  chr_01C=00000000000000000000000000000000
  chr_108=78C4E47886867C000000000000000000
  chr_11C=78CCC07C06C67C000000000000000000
SNAPSHOT frame=830 reason=state_change
  state gm=00 ready=01 script=00 sub=00 ppu_idx=00 ram_005C=00 auto=00 phase=00 frm=B9 ctrl=B0 mask=1E ctrl_shadow=B0 mask_shadow=1E flush_done=01 vblank=00 mirror=10
  nt_row_04=DC EE 24 24 24 24 24 24 24 24 24 24 24 24 24 24 24 24 24 24 24 24 24 24 24 24 24 24 24 24 D6 DB
  nt_row_07=DE EE 24 24 24 E3 24 24 71 72 73 74 75 76 77 78 79 79 79 7A 7B 24 24 24 24 24 E2 24 24 24 D6 DB
  nt_row_08=DE D8 EF 24 24 E2 24 7C 7D 7E 7F 80 81 82 83 84 85 86 87 88 89 8A 8B 24 24 24 E3 24 24 24 D6 DF
  nt_row_11=DE DB D7 24 24 E3 70 AF B0 B1 B2 B3 B4 B5 B6 B7 B8 B9 BA BB BC BD BE BF C0 24 E2 24 24 D6 DB DB
  nt_row_13=DE DB EE 24 24 E3 24 C6 C7 C8 C8 C8 24 C9 CA CB CC CD C8 C8 C8 C8 E8 E9 D3 24 E2 24 24 D6 DB DB
  nt_row_17=DC DA DC D7 24 24 24 24 24 24 24 24 24 F0 01 09 08 06 24 17 12 17 1D 0E 17 0D 18 24 D6 DC DB DF
  nt_row_20=E1 D9 DC ED E0 EF 24 24 19 1E 1C 11 24 1C 1D 0A 1B 1D 24 0B 1E 1D 1D 18 17 24 24 24 D6 D8 E1 D9
  pal=360F00103617270F36081A2836303B2200303B160017270F00081A2800303B22
  chr_008=00000000000000000000000000000000
  chr_01C=00000000000000000000000000000000
  chr_108=78C4E47886867C000000000000000000
  chr_11C=78CCC07C06C67C000000000000000000
SNAPSHOT frame=831 reason=state_change
  state gm=00 ready=01 script=00 sub=00 ppu_idx=00 ram_005C=00 auto=00 phase=00 frm=BA ctrl=B0 mask=1E ctrl_shadow=B0 mask_shadow=1E flush_done=01 vblank=00 mirror=10
  nt_row_04=DC EE 24 24 24 24 24 24 24 24 24 24 24 24 24 24 24 24 24 24 24 24 24 24 24 24 24 24 24 24 D6 DB
  nt_row_07=DE EE 24 24 24 E3 24 24 71 72 73 74 75 76 77 78 79 79 79 7A 7B 24 24 24 24 24 E2 24 24 24 D6 DB
  nt_row_08=DE D8 EF 24 24 E2 24 7C 7D 7E 7F 80 81 82 83 84 85 86 87 88 89 8A 8B 24 24 24 E3 24 24 24 D6 DF
  nt_row_11=DE DB D7 24 24 E3 70 AF B0 B1 B2 B3 B4 B5 B6 B7 B8 B9 BA BB BC BD BE BF C0 24 E2 24 24 D6 DB DB
  nt_row_13=DE DB EE 24 24 E3 24 C6 C7 C8 C8 C8 24 C9 CA CB CC CD C8 C8 C8 C8 E8 E9 D3 24 E2 24 24 D6 DB DB
  nt_row_17=DC DA DC D7 24 24 24 24 24 24 24 24 24 F0 01 09 08 06 24 17 12 17 1D 0E 17 0D 18 24 D6 DC DB DF
  nt_row_20=E1 D9 DC ED E0 EF 24 24 19 1E 1C 11 24 1C 1D 0A 1B 1D 24 0B 1E 1D 1D 18 17 24 24 24 D6 D8 E1 D9
  pal=360F00103617270F36081A2836303B2200303B160017270F00081A2800303B22
  chr_008=00000000000000000000000000000000
  chr_01C=00000000000000000000000000000000
  chr_108=78C4E47886867C000000000000000000
  chr_11C=78CCC07C06C67C000000000000000000
SNAPSHOT frame=832 reason=state_change
  state gm=00 ready=01 script=00 sub=00 ppu_idx=00 ram_005C=00 auto=00 phase=00 frm=BB ctrl=B0 mask=1E ctrl_shadow=B0 mask_shadow=1E flush_done=01 vblank=00 mirror=10
  nt_row_04=DC EE 24 24 24 24 24 24 24 24 24 24 24 24 24 24 24 24 24 24 24 24 24 24 24 24 24 24 24 24 D6 DB
  nt_row_07=DE EE 24 24 24 E3 24 24 71 72 73 74 75 76 77 78 79 79 79 7A 7B 24 24 24 24 24 E2 24 24 24 D6 DB
  nt_row_08=DE D8 EF 24 24 E2 24 7C 7D 7E 7F 80 81 82 83 84 85 86 87 88 89 8A 8B 24 24 24 E3 24 24 24 D6 DF
  nt_row_11=DE DB D7 24 24 E3 70 AF B0 B1 B2 B3 B4 B5 B6 B7 B8 B9 BA BB BC BD BE BF C0 24 E2 24 24 D6 DB DB
  nt_row_13=DE DB EE 24 24 E3 24 C6 C7 C8 C8 C8 24 C9 CA CB CC CD C8 C8 C8 C8 E8 E9 D3 24 E2 24 24 D6 DB DB
  nt_row_17=DC DA DC D7 24 24 24 24 24 24 24 24 24 F0 01 09 08 06 24 17 12 17 1D 0E 17 0D 18 24 D6 DC DB DF
  nt_row_20=E1 D9 DC ED E0 EF 24 24 19 1E 1C 11 24 1C 1D 0A 1B 1D 24 0B 1E 1D 1D 18 17 24 24 24 D6 D8 E1 D9
  pal=360F00103617270F36081A2836303B2200303B160017270F00081A2800303B22
  chr_008=00000000000000000000000000000000
  chr_01C=00000000000000000000000000000000
  chr_108=78C4E47886867C000000000000000000
  chr_11C=78CCC07C06C67C000000000000000000
SNAPSHOT frame=833 reason=state_change
  state gm=00 ready=01 script=00 sub=00 ppu_idx=00 ram_005C=00 auto=00 phase=00 frm=BC ctrl=B0 mask=1E ctrl_shadow=B0 mask_shadow=1E flush_done=01 vblank=00 mirror=10
  nt_row_04=DC EE 24 24 24 24 24 24 24 24 24 24 24 24 24 24 24 24 24 24 24 24 24 24 24 24 24 24 24 24 D6 DB
  nt_row_07=DE EE 24 24 24 E3 24 24 71 72 73 74 75 76 77 78 79 79 79 7A 7B 24 24 24 24 24 E2 24 24 24 D6 DB
  nt_row_08=DE D8 EF 24 24 E2 24 7C 7D 7E 7F 80 81 82 83 84 85 86 87 88 89 8A 8B 24 24 24 E3 24 24 24 D6 DF
  nt_row_11=DE DB D7 24 24 E3 70 AF B0 B1 B2 B3 B4 B5 B6 B7 B8 B9 BA BB BC BD BE BF C0 24 E2 24 24 D6 DB DB
  nt_row_13=DE DB EE 24 24 E3 24 C6 C7 C8 C8 C8 24 C9 CA CB CC CD C8 C8 C8 C8 E8 E9 D3 24 E2 24 24 D6 DB DB
  nt_row_17=DC DA DC D7 24 24 24 24 24 24 24 24 24 F0 01 09 08 06 24 17 12 17 1D 0E 17 0D 18 24 D6 DC DB DF
  nt_row_20=E1 D9 DC ED E0 EF 24 24 19 1E 1C 11 24 1C 1D 0A 1B 1D 24 0B 1E 1D 1D 18 17 24 24 24 D6 D8 E1 D9
  pal=360F00103617270F36081A2836303B2200303B160017270F00081A2800303B22
  chr_008=00000000000000000000000000000000
  chr_01C=00000000000000000000000000000000
  chr_108=78C4E47886867C000000000000000000
  chr_11C=78CCC07C06C67C000000000000000000
SNAPSHOT frame=834 reason=state_change
  state gm=00 ready=01 script=00 sub=00 ppu_idx=00 ram_005C=00 auto=00 phase=00 frm=BD ctrl=B0 mask=1E ctrl_shadow=B0 mask_shadow=1E flush_done=01 vblank=00 mirror=10
  nt_row_04=DC EE 24 24 24 24 24 24 24 24 24 24 24 24 24 24 24 24 24 24 24 24 24 24 24 24 24 24 24 24 D6 DB
  nt_row_07=DE EE 24 24 24 E3 24 24 71 72 73 74 75 76 77 78 79 79 79 7A 7B 24 24 24 24 24 E2 24 24 24 D6 DB
  nt_row_08=DE D8 EF 24 24 E2 24 7C 7D 7E 7F 80 81 82 83 84 85 86 87 88 89 8A 8B 24 24 24 E3 24 24 24 D6 DF
  nt_row_11=DE DB D7 24 24 E3 70 AF B0 B1 B2 B3 B4 B5 B6 B7 B8 B9 BA BB BC BD BE BF C0 24 E2 24 24 D6 DB DB
  nt_row_13=DE DB EE 24 24 E3 24 C6 C7 C8 C8 C8 24 C9 CA CB CC CD C8 C8 C8 C8 E8 E9 D3 24 E2 24 24 D6 DB DB
  nt_row_17=DC DA DC D7 24 24 24 24 24 24 24 24 24 F0 01 09 08 06 24 17 12 17 1D 0E 17 0D 18 24 D6 DC DB DF
  nt_row_20=E1 D9 DC ED E0 EF 24 24 19 1E 1C 11 24 1C 1D 0A 1B 1D 24 0B 1E 1D 1D 18 17 24 24 24 D6 D8 E1 D9
  pal=360F00103617270F36081A2836303B2200303B160017270F00081A2800303B22
  chr_008=00000000000000000000000000000000
  chr_01C=00000000000000000000000000000000
  chr_108=78C4E47886867C000000000000000000
  chr_11C=78CCC07C06C67C000000000000000000
SNAPSHOT frame=835 reason=state_change
  state gm=00 ready=01 script=00 sub=00 ppu_idx=00 ram_005C=00 auto=00 phase=00 frm=BE ctrl=B0 mask=1E ctrl_shadow=B0 mask_shadow=1E flush_done=01 vblank=00 mirror=10
  nt_row_04=DC EE 24 24 24 24 24 24 24 24 24 24 24 24 24 24 24 24 24 24 24 24 24 24 24 24 24 24 24 24 D6 DB
  nt_row_07=DE EE 24 24 24 E3 24 24 71 72 73 74 75 76 77 78 79 79 79 7A 7B 24 24 24 24 24 E2 24 24 24 D6 DB
  nt_row_08=DE D8 EF 24 24 E2 24 7C 7D 7E 7F 80 81 82 83 84 85 86 87 88 89 8A 8B 24 24 24 E3 24 24 24 D6 DF
  nt_row_11=DE DB D7 24 24 E3 70 AF B0 B1 B2 B3 B4 B5 B6 B7 B8 B9 BA BB BC BD BE BF C0 24 E2 24 24 D6 DB DB
  nt_row_13=DE DB EE 24 24 E3 24 C6 C7 C8 C8 C8 24 C9 CA CB CC CD C8 C8 C8 C8 E8 E9 D3 24 E2 24 24 D6 DB DB
  nt_row_17=DC DA DC D7 24 24 24 24 24 24 24 24 24 F0 01 09 08 06 24 17 12 17 1D 0E 17 0D 18 24 D6 DC DB DF
  nt_row_20=E1 D9 DC ED E0 EF 24 24 19 1E 1C 11 24 1C 1D 0A 1B 1D 24 0B 1E 1D 1D 18 17 24 24 24 D6 D8 E1 D9
  pal=360F00103617270F36081A2836303B2200303B160017270F00081A2800303B22
  chr_008=00000000000000000000000000000000
  chr_01C=00000000000000000000000000000000
  chr_108=78C4E47886867C000000000000000000
  chr_11C=78CCC07C06C67C000000000000000000
SNAPSHOT frame=836 reason=state_change
  state gm=00 ready=01 script=00 sub=00 ppu_idx=00 ram_005C=00 auto=00 phase=00 frm=BF ctrl=B0 mask=1E ctrl_shadow=B0 mask_shadow=1E flush_done=01 vblank=00 mirror=10
  nt_row_04=DC EE 24 24 24 24 24 24 24 24 24 24 24 24 24 24 24 24 24 24 24 24 24 24 24 24 24 24 24 24 D6 DB
  nt_row_07=DE EE 24 24 24 E3 24 24 71 72 73 74 75 76 77 78 79 79 79 7A 7B 24 24 24 24 24 E2 24 24 24 D6 DB
  nt_row_08=DE D8 EF 24 24 E2 24 7C 7D 7E 7F 80 81 82 83 84 85 86 87 88 89 8A 8B 24 24 24 E3 24 24 24 D6 DF
  nt_row_11=DE DB D7 24 24 E3 70 AF B0 B1 B2 B3 B4 B5 B6 B7 B8 B9 BA BB BC BD BE BF C0 24 E2 24 24 D6 DB DB
  nt_row_13=DE DB EE 24 24 E3 24 C6 C7 C8 C8 C8 24 C9 CA CB CC CD C8 C8 C8 C8 E8 E9 D3 24 E2 24 24 D6 DB DB
  nt_row_17=DC DA DC D7 24 24 24 24 24 24 24 24 24 F0 01 09 08 06 24 17 12 17 1D 0E 17 0D 18 24 D6 DC DB DF
  nt_row_20=E1 D9 DC ED E0 EF 24 24 19 1E 1C 11 24 1C 1D 0A 1B 1D 24 0B 1E 1D 1D 18 17 24 24 24 D6 D8 E1 D9
  pal=360F00103617270F36081A2836303B2200303B160017270F00081A2800303B22
  chr_008=00000000000000000000000000000000
  chr_01C=00000000000000000000000000000000
  chr_108=78C4E47886867C000000000000000000
  chr_11C=78CCC07C06C67C000000000000000000
SNAPSHOT frame=837 reason=state_change
  state gm=00 ready=01 script=00 sub=00 ppu_idx=00 ram_005C=00 auto=00 phase=00 frm=C0 ctrl=B0 mask=1E ctrl_shadow=B0 mask_shadow=1E flush_done=01 vblank=00 mirror=10
  nt_row_04=DC EE 24 24 24 24 24 24 24 24 24 24 24 24 24 24 24 24 24 24 24 24 24 24 24 24 24 24 24 24 D6 DB
  nt_row_07=DE EE 24 24 24 E3 24 24 71 72 73 74 75 76 77 78 79 79 79 7A 7B 24 24 24 24 24 E2 24 24 24 D6 DB
  nt_row_08=DE D8 EF 24 24 E2 24 7C 7D 7E 7F 80 81 82 83 84 85 86 87 88 89 8A 8B 24 24 24 E3 24 24 24 D6 DF
  nt_row_11=DE DB D7 24 24 E3 70 AF B0 B1 B2 B3 B4 B5 B6 B7 B8 B9 BA BB BC BD BE BF C0 24 E2 24 24 D6 DB DB
  nt_row_13=DE DB EE 24 24 E3 24 C6 C7 C8 C8 C8 24 C9 CA CB CC CD C8 C8 C8 C8 E8 E9 D3 24 E2 24 24 D6 DB DB
  nt_row_17=DC DA DC D7 24 24 24 24 24 24 24 24 24 F0 01 09 08 06 24 17 12 17 1D 0E 17 0D 18 24 D6 DC DB DF
  nt_row_20=E1 D9 DC ED E0 EF 24 24 19 1E 1C 11 24 1C 1D 0A 1B 1D 24 0B 1E 1D 1D 18 17 24 24 24 D6 D8 E1 D9
  pal=360F00103617270F36081A2836303B2200303B160017270F00081A2800303B22
  chr_008=00000000000000000000000000000000
  chr_01C=00000000000000000000000000000000
  chr_108=78C4E47886867C000000000000000000
  chr_11C=78CCC07C06C67C000000000000000000
SNAPSHOT frame=838 reason=state_change
  state gm=00 ready=01 script=00 sub=00 ppu_idx=00 ram_005C=00 auto=00 phase=00 frm=C1 ctrl=B0 mask=1E ctrl_shadow=B0 mask_shadow=1E flush_done=01 vblank=00 mirror=10
  nt_row_04=DC EE 24 24 24 24 24 24 24 24 24 24 24 24 24 24 24 24 24 24 24 24 24 24 24 24 24 24 24 24 D6 DB
  nt_row_07=DE EE 24 24 24 E3 24 24 71 72 73 74 75 76 77 78 79 79 79 7A 7B 24 24 24 24 24 E2 24 24 24 D6 DB
  nt_row_08=DE D8 EF 24 24 E2 24 7C 7D 7E 7F 80 81 82 83 84 85 86 87 88 89 8A 8B 24 24 24 E3 24 24 24 D6 DF
  nt_row_11=DE DB D7 24 24 E3 70 AF B0 B1 B2 B3 B4 B5 B6 B7 B8 B9 BA BB BC BD BE BF C0 24 E2 24 24 D6 DB DB
  nt_row_13=DE DB EE 24 24 E3 24 C6 C7 C8 C8 C8 24 C9 CA CB CC CD C8 C8 C8 C8 E8 E9 D3 24 E2 24 24 D6 DB DB
  nt_row_17=DC DA DC D7 24 24 24 24 24 24 24 24 24 F0 01 09 08 06 24 17 12 17 1D 0E 17 0D 18 24 D6 DC DB DF
  nt_row_20=E1 D9 DC ED E0 EF 24 24 19 1E 1C 11 24 1C 1D 0A 1B 1D 24 0B 1E 1D 1D 18 17 24 24 24 D6 D8 E1 D9
  pal=360F00103617270F36081A2836303B2200303B160017270F00081A2800303B22
  chr_008=00000000000000000000000000000000
  chr_01C=00000000000000000000000000000000
  chr_108=78C4E47886867C000000000000000000
  chr_11C=78CCC07C06C67C000000000000000000
SNAPSHOT frame=839 reason=state_change
  state gm=00 ready=01 script=00 sub=00 ppu_idx=00 ram_005C=00 auto=00 phase=00 frm=C2 ctrl=B0 mask=1E ctrl_shadow=B0 mask_shadow=1E flush_done=01 vblank=00 mirror=10
  nt_row_04=DC EE 24 24 24 24 24 24 24 24 24 24 24 24 24 24 24 24 24 24 24 24 24 24 24 24 24 24 24 24 D6 DB
  nt_row_07=DE EE 24 24 24 E3 24 24 71 72 73 74 75 76 77 78 79 79 79 7A 7B 24 24 24 24 24 E2 24 24 24 D6 DB
  nt_row_08=DE D8 EF 24 24 E2 24 7C 7D 7E 7F 80 81 82 83 84 85 86 87 88 89 8A 8B 24 24 24 E3 24 24 24 D6 DF
  nt_row_11=DE DB D7 24 24 E3 70 AF B0 B1 B2 B3 B4 B5 B6 B7 B8 B9 BA BB BC BD BE BF C0 24 E2 24 24 D6 DB DB
  nt_row_13=DE DB EE 24 24 E3 24 C6 C7 C8 C8 C8 24 C9 CA CB CC CD C8 C8 C8 C8 E8 E9 D3 24 E2 24 24 D6 DB DB
  nt_row_17=DC DA DC D7 24 24 24 24 24 24 24 24 24 F0 01 09 08 06 24 17 12 17 1D 0E 17 0D 18 24 D6 DC DB DF
  nt_row_20=E1 D9 DC ED E0 EF 24 24 19 1E 1C 11 24 1C 1D 0A 1B 1D 24 0B 1E 1D 1D 18 17 24 24 24 D6 D8 E1 D9
  pal=360F00103617270F36081A2836303B2200303B160017270F00081A2800303B22
  chr_008=00000000000000000000000000000000
  chr_01C=00000000000000000000000000000000
  chr_108=78C4E47886867C000000000000000000
  chr_11C=78CCC07C06C67C000000000000000000
SNAPSHOT frame=840 reason=state_change
  state gm=00 ready=01 script=00 sub=00 ppu_idx=00 ram_005C=00 auto=00 phase=00 frm=C3 ctrl=B0 mask=1E ctrl_shadow=B0 mask_shadow=1E flush_done=01 vblank=00 mirror=10
  nt_row_04=DC EE 24 24 24 24 24 24 24 24 24 24 24 24 24 24 24 24 24 24 24 24 24 24 24 24 24 24 24 24 D6 DB
  nt_row_07=DE EE 24 24 24 E3 24 24 71 72 73 74 75 76 77 78 79 79 79 7A 7B 24 24 24 24 24 E2 24 24 24 D6 DB
  nt_row_08=DE D8 EF 24 24 E2 24 7C 7D 7E 7F 80 81 82 83 84 85 86 87 88 89 8A 8B 24 24 24 E3 24 24 24 D6 DF
  nt_row_11=DE DB D7 24 24 E3 70 AF B0 B1 B2 B3 B4 B5 B6 B7 B8 B9 BA BB BC BD BE BF C0 24 E2 24 24 D6 DB DB
  nt_row_13=DE DB EE 24 24 E3 24 C6 C7 C8 C8 C8 24 C9 CA CB CC CD C8 C8 C8 C8 E8 E9 D3 24 E2 24 24 D6 DB DB
  nt_row_17=DC DA DC D7 24 24 24 24 24 24 24 24 24 F0 01 09 08 06 24 17 12 17 1D 0E 17 0D 18 24 D6 DC DB DF
  nt_row_20=E1 D9 DC ED E0 EF 24 24 19 1E 1C 11 24 1C 1D 0A 1B 1D 24 0B 1E 1D 1D 18 17 24 24 24 D6 D8 E1 D9
  pal=360F00103617270F36081A2836303B2200303B160017270F00081A2800303B22
  chr_008=00000000000000000000000000000000
  chr_01C=00000000000000000000000000000000
  chr_108=78C4E47886867C000000000000000000
  chr_11C=78CCC07C06C67C000000000000000000
SNAPSHOT frame=841 reason=state_change
  state gm=00 ready=01 script=00 sub=00 ppu_idx=00 ram_005C=00 auto=00 phase=00 frm=C4 ctrl=B0 mask=1E ctrl_shadow=B0 mask_shadow=1E flush_done=01 vblank=00 mirror=10
  nt_row_04=DC EE 24 24 24 24 24 24 24 24 24 24 24 24 24 24 24 24 24 24 24 24 24 24 24 24 24 24 24 24 D6 DB
  nt_row_07=DE EE 24 24 24 E3 24 24 71 72 73 74 75 76 77 78 79 79 79 7A 7B 24 24 24 24 24 E2 24 24 24 D6 DB
  nt_row_08=DE D8 EF 24 24 E2 24 7C 7D 7E 7F 80 81 82 83 84 85 86 87 88 89 8A 8B 24 24 24 E3 24 24 24 D6 DF
  nt_row_11=DE DB D7 24 24 E3 70 AF B0 B1 B2 B3 B4 B5 B6 B7 B8 B9 BA BB BC BD BE BF C0 24 E2 24 24 D6 DB DB
  nt_row_13=DE DB EE 24 24 E3 24 C6 C7 C8 C8 C8 24 C9 CA CB CC CD C8 C8 C8 C8 E8 E9 D3 24 E2 24 24 D6 DB DB
  nt_row_17=DC DA DC D7 24 24 24 24 24 24 24 24 24 F0 01 09 08 06 24 17 12 17 1D 0E 17 0D 18 24 D6 DC DB DF
  nt_row_20=E1 D9 DC ED E0 EF 24 24 19 1E 1C 11 24 1C 1D 0A 1B 1D 24 0B 1E 1D 1D 18 17 24 24 24 D6 D8 E1 D9
  pal=360F00103617270F36081A2836303B2200303B160017270F00081A2800303B22
  chr_008=00000000000000000000000000000000
  chr_01C=00000000000000000000000000000000
  chr_108=78C4E47886867C000000000000000000
  chr_11C=78CCC07C06C67C000000000000000000
SNAPSHOT frame=842 reason=state_change
  state gm=00 ready=01 script=00 sub=00 ppu_idx=00 ram_005C=00 auto=00 phase=00 frm=C5 ctrl=B0 mask=1E ctrl_shadow=B0 mask_shadow=1E flush_done=01 vblank=00 mirror=10
  nt_row_04=DC EE 24 24 24 24 24 24 24 24 24 24 24 24 24 24 24 24 24 24 24 24 24 24 24 24 24 24 24 24 D6 DB
  nt_row_07=DE EE 24 24 24 E3 24 24 71 72 73 74 75 76 77 78 79 79 79 7A 7B 24 24 24 24 24 E2 24 24 24 D6 DB
  nt_row_08=DE D8 EF 24 24 E2 24 7C 7D 7E 7F 80 81 82 83 84 85 86 87 88 89 8A 8B 24 24 24 E3 24 24 24 D6 DF
  nt_row_11=DE DB D7 24 24 E3 70 AF B0 B1 B2 B3 B4 B5 B6 B7 B8 B9 BA BB BC BD BE BF C0 24 E2 24 24 D6 DB DB
  nt_row_13=DE DB EE 24 24 E3 24 C6 C7 C8 C8 C8 24 C9 CA CB CC CD C8 C8 C8 C8 E8 E9 D3 24 E2 24 24 D6 DB DB
  nt_row_17=DC DA DC D7 24 24 24 24 24 24 24 24 24 F0 01 09 08 06 24 17 12 17 1D 0E 17 0D 18 24 D6 DC DB DF
  nt_row_20=E1 D9 DC ED E0 EF 24 24 19 1E 1C 11 24 1C 1D 0A 1B 1D 24 0B 1E 1D 1D 18 17 24 24 24 D6 D8 E1 D9
  pal=360F00103617270F36081A2836303B2200303B160017270F00081A2800303B22
  chr_008=00000000000000000000000000000000
  chr_01C=00000000000000000000000000000000
  chr_108=78C4E47886867C000000000000000000
  chr_11C=78CCC07C06C67C000000000000000000
SNAPSHOT frame=843 reason=state_change
  state gm=00 ready=01 script=00 sub=00 ppu_idx=00 ram_005C=00 auto=00 phase=00 frm=C6 ctrl=B0 mask=1E ctrl_shadow=B0 mask_shadow=1E flush_done=01 vblank=00 mirror=10
  nt_row_04=DC EE 24 24 24 24 24 24 24 24 24 24 24 24 24 24 24 24 24 24 24 24 24 24 24 24 24 24 24 24 D6 DB
  nt_row_07=DE EE 24 24 24 E3 24 24 71 72 73 74 75 76 77 78 79 79 79 7A 7B 24 24 24 24 24 E2 24 24 24 D6 DB
  nt_row_08=DE D8 EF 24 24 E2 24 7C 7D 7E 7F 80 81 82 83 84 85 86 87 88 89 8A 8B 24 24 24 E3 24 24 24 D6 DF
  nt_row_11=DE DB D7 24 24 E3 70 AF B0 B1 B2 B3 B4 B5 B6 B7 B8 B9 BA BB BC BD BE BF C0 24 E2 24 24 D6 DB DB
  nt_row_13=DE DB EE 24 24 E3 24 C6 C7 C8 C8 C8 24 C9 CA CB CC CD C8 C8 C8 C8 E8 E9 D3 24 E2 24 24 D6 DB DB
  nt_row_17=DC DA DC D7 24 24 24 24 24 24 24 24 24 F0 01 09 08 06 24 17 12 17 1D 0E 17 0D 18 24 D6 DC DB DF
  nt_row_20=E1 D9 DC ED E0 EF 24 24 19 1E 1C 11 24 1C 1D 0A 1B 1D 24 0B 1E 1D 1D 18 17 24 24 24 D6 D8 E1 D9
  pal=360F00103617270F36081A2836303B2200303B160017270F00081A2800303B22
  chr_008=00000000000000000000000000000000
  chr_01C=00000000000000000000000000000000
  chr_108=78C4E47886867C000000000000000000
  chr_11C=78CCC07C06C67C000000000000000000
SNAPSHOT frame=844 reason=state_change
  state gm=00 ready=01 script=00 sub=00 ppu_idx=00 ram_005C=00 auto=00 phase=00 frm=C7 ctrl=B0 mask=1E ctrl_shadow=B0 mask_shadow=1E flush_done=01 vblank=00 mirror=10
  nt_row_04=DC EE 24 24 24 24 24 24 24 24 24 24 24 24 24 24 24 24 24 24 24 24 24 24 24 24 24 24 24 24 D6 DB
  nt_row_07=DE EE 24 24 24 E3 24 24 71 72 73 74 75 76 77 78 79 79 79 7A 7B 24 24 24 24 24 E2 24 24 24 D6 DB
  nt_row_08=DE D8 EF 24 24 E2 24 7C 7D 7E 7F 80 81 82 83 84 85 86 87 88 89 8A 8B 24 24 24 E3 24 24 24 D6 DF
  nt_row_11=DE DB D7 24 24 E3 70 AF B0 B1 B2 B3 B4 B5 B6 B7 B8 B9 BA BB BC BD BE BF C0 24 E2 24 24 D6 DB DB
  nt_row_13=DE DB EE 24 24 E3 24 C6 C7 C8 C8 C8 24 C9 CA CB CC CD C8 C8 C8 C8 E8 E9 D3 24 E2 24 24 D6 DB DB
  nt_row_17=DC DA DC D7 24 24 24 24 24 24 24 24 24 F0 01 09 08 06 24 17 12 17 1D 0E 17 0D 18 24 D6 DC DB DF
  nt_row_20=E1 D9 DC ED E0 EF 24 24 19 1E 1C 11 24 1C 1D 0A 1B 1D 24 0B 1E 1D 1D 18 17 24 24 24 D6 D8 E1 D9
  pal=360F00103617270F36081A2836303B2200303B160017270F00081A2800303B22
  chr_008=00000000000000000000000000000000
  chr_01C=00000000000000000000000000000000
  chr_108=78C4E47886867C000000000000000000
  chr_11C=78CCC07C06C67C000000000000000000
SNAPSHOT frame=845 reason=state_change
  state gm=00 ready=01 script=00 sub=00 ppu_idx=00 ram_005C=00 auto=00 phase=00 frm=C8 ctrl=B0 mask=1E ctrl_shadow=B0 mask_shadow=1E flush_done=01 vblank=00 mirror=10
  nt_row_04=DC EE 24 24 24 24 24 24 24 24 24 24 24 24 24 24 24 24 24 24 24 24 24 24 24 24 24 24 24 24 D6 DB
  nt_row_07=DE EE 24 24 24 E3 24 24 71 72 73 74 75 76 77 78 79 79 79 7A 7B 24 24 24 24 24 E2 24 24 24 D6 DB
  nt_row_08=DE D8 EF 24 24 E2 24 7C 7D 7E 7F 80 81 82 83 84 85 86 87 88 89 8A 8B 24 24 24 E3 24 24 24 D6 DF
  nt_row_11=DE DB D7 24 24 E3 70 AF B0 B1 B2 B3 B4 B5 B6 B7 B8 B9 BA BB BC BD BE BF C0 24 E2 24 24 D6 DB DB
  nt_row_13=DE DB EE 24 24 E3 24 C6 C7 C8 C8 C8 24 C9 CA CB CC CD C8 C8 C8 C8 E8 E9 D3 24 E2 24 24 D6 DB DB
  nt_row_17=DC DA DC D7 24 24 24 24 24 24 24 24 24 F0 01 09 08 06 24 17 12 17 1D 0E 17 0D 18 24 D6 DC DB DF
  nt_row_20=E1 D9 DC ED E0 EF 24 24 19 1E 1C 11 24 1C 1D 0A 1B 1D 24 0B 1E 1D 1D 18 17 24 24 24 D6 D8 E1 D9
  pal=360F00103617270F36081A2836303B2200303B160017270F00081A2800303B22
  chr_008=00000000000000000000000000000000
  chr_01C=00000000000000000000000000000000
  chr_108=78C4E47886867C000000000000000000
  chr_11C=78CCC07C06C67C000000000000000000
SNAPSHOT frame=846 reason=state_change
  state gm=00 ready=01 script=00 sub=00 ppu_idx=00 ram_005C=00 auto=00 phase=00 frm=C9 ctrl=B0 mask=1E ctrl_shadow=B0 mask_shadow=1E flush_done=01 vblank=00 mirror=10
  nt_row_04=DC EE 24 24 24 24 24 24 24 24 24 24 24 24 24 24 24 24 24 24 24 24 24 24 24 24 24 24 24 24 D6 DB
  nt_row_07=DE EE 24 24 24 E3 24 24 71 72 73 74 75 76 77 78 79 79 79 7A 7B 24 24 24 24 24 E2 24 24 24 D6 DB
  nt_row_08=DE D8 EF 24 24 E2 24 7C 7D 7E 7F 80 81 82 83 84 85 86 87 88 89 8A 8B 24 24 24 E3 24 24 24 D6 DF
  nt_row_11=DE DB D7 24 24 E3 70 AF B0 B1 B2 B3 B4 B5 B6 B7 B8 B9 BA BB BC BD BE BF C0 24 E2 24 24 D6 DB DB
  nt_row_13=DE DB EE 24 24 E3 24 C6 C7 C8 C8 C8 24 C9 CA CB CC CD C8 C8 C8 C8 E8 E9 D3 24 E2 24 24 D6 DB DB
  nt_row_17=DC DA DC D7 24 24 24 24 24 24 24 24 24 F0 01 09 08 06 24 17 12 17 1D 0E 17 0D 18 24 D6 DC DB DF
  nt_row_20=E1 D9 DC ED E0 EF 24 24 19 1E 1C 11 24 1C 1D 0A 1B 1D 24 0B 1E 1D 1D 18 17 24 24 24 D6 D8 E1 D9
  pal=360F00103617270F36081A2836303B2200303B160017270F00081A2800303B22
  chr_008=00000000000000000000000000000000
  chr_01C=00000000000000000000000000000000
  chr_108=78C4E47886867C000000000000000000
  chr_11C=78CCC07C06C67C000000000000000000
SNAPSHOT frame=847 reason=state_change
  state gm=00 ready=01 script=00 sub=00 ppu_idx=00 ram_005C=00 auto=00 phase=00 frm=CA ctrl=B0 mask=1E ctrl_shadow=B0 mask_shadow=1E flush_done=01 vblank=00 mirror=10
  nt_row_04=DC EE 24 24 24 24 24 24 24 24 24 24 24 24 24 24 24 24 24 24 24 24 24 24 24 24 24 24 24 24 D6 DB
  nt_row_07=DE EE 24 24 24 E3 24 24 71 72 73 74 75 76 77 78 79 79 79 7A 7B 24 24 24 24 24 E2 24 24 24 D6 DB
  nt_row_08=DE D8 EF 24 24 E2 24 7C 7D 7E 7F 80 81 82 83 84 85 86 87 88 89 8A 8B 24 24 24 E3 24 24 24 D6 DF
  nt_row_11=DE DB D7 24 24 E3 70 AF B0 B1 B2 B3 B4 B5 B6 B7 B8 B9 BA BB BC BD BE BF C0 24 E2 24 24 D6 DB DB
  nt_row_13=DE DB EE 24 24 E3 24 C6 C7 C8 C8 C8 24 C9 CA CB CC CD C8 C8 C8 C8 E8 E9 D3 24 E2 24 24 D6 DB DB
  nt_row_17=DC DA DC D7 24 24 24 24 24 24 24 24 24 F0 01 09 08 06 24 17 12 17 1D 0E 17 0D 18 24 D6 DC DB DF
  nt_row_20=E1 D9 DC ED E0 EF 24 24 19 1E 1C 11 24 1C 1D 0A 1B 1D 24 0B 1E 1D 1D 18 17 24 24 24 D6 D8 E1 D9
  pal=360F00103617270F36081A2836303B2200303B160017270F00081A2800303B22
  chr_008=00000000000000000000000000000000
  chr_01C=00000000000000000000000000000000
  chr_108=78C4E47886867C000000000000000000
  chr_11C=78CCC07C06C67C000000000000000000
SNAPSHOT frame=848 reason=state_change
  state gm=00 ready=01 script=00 sub=00 ppu_idx=00 ram_005C=00 auto=00 phase=00 frm=CB ctrl=B0 mask=1E ctrl_shadow=B0 mask_shadow=1E flush_done=01 vblank=00 mirror=10
  nt_row_04=DC EE 24 24 24 24 24 24 24 24 24 24 24 24 24 24 24 24 24 24 24 24 24 24 24 24 24 24 24 24 D6 DB
  nt_row_07=DE EE 24 24 24 E3 24 24 71 72 73 74 75 76 77 78 79 79 79 7A 7B 24 24 24 24 24 E2 24 24 24 D6 DB
  nt_row_08=DE D8 EF 24 24 E2 24 7C 7D 7E 7F 80 81 82 83 84 85 86 87 88 89 8A 8B 24 24 24 E3 24 24 24 D6 DF
  nt_row_11=DE DB D7 24 24 E3 70 AF B0 B1 B2 B3 B4 B5 B6 B7 B8 B9 BA BB BC BD BE BF C0 24 E2 24 24 D6 DB DB
  nt_row_13=DE DB EE 24 24 E3 24 C6 C7 C8 C8 C8 24 C9 CA CB CC CD C8 C8 C8 C8 E8 E9 D3 24 E2 24 24 D6 DB DB
  nt_row_17=DC DA DC D7 24 24 24 24 24 24 24 24 24 F0 01 09 08 06 24 17 12 17 1D 0E 17 0D 18 24 D6 DC DB DF
  nt_row_20=E1 D9 DC ED E0 EF 24 24 19 1E 1C 11 24 1C 1D 0A 1B 1D 24 0B 1E 1D 1D 18 17 24 24 24 D6 D8 E1 D9
  pal=360F00103617270F36081A2836303B2200303B160017270F00081A2800303B22
  chr_008=00000000000000000000000000000000
  chr_01C=00000000000000000000000000000000
  chr_108=78C4E47886867C000000000000000000
  chr_11C=78CCC07C06C67C000000000000000000
SNAPSHOT frame=849 reason=state_change
  state gm=00 ready=01 script=00 sub=00 ppu_idx=00 ram_005C=00 auto=00 phase=00 frm=CC ctrl=B0 mask=1E ctrl_shadow=B0 mask_shadow=1E flush_done=01 vblank=00 mirror=10
  nt_row_04=DC EE 24 24 24 24 24 24 24 24 24 24 24 24 24 24 24 24 24 24 24 24 24 24 24 24 24 24 24 24 D6 DB
  nt_row_07=DE EE 24 24 24 E3 24 24 71 72 73 74 75 76 77 78 79 79 79 7A 7B 24 24 24 24 24 E2 24 24 24 D6 DB
  nt_row_08=DE D8 EF 24 24 E2 24 7C 7D 7E 7F 80 81 82 83 84 85 86 87 88 89 8A 8B 24 24 24 E3 24 24 24 D6 DF
  nt_row_11=DE DB D7 24 24 E3 70 AF B0 B1 B2 B3 B4 B5 B6 B7 B8 B9 BA BB BC BD BE BF C0 24 E2 24 24 D6 DB DB
  nt_row_13=DE DB EE 24 24 E3 24 C6 C7 C8 C8 C8 24 C9 CA CB CC CD C8 C8 C8 C8 E8 E9 D3 24 E2 24 24 D6 DB DB
  nt_row_17=DC DA DC D7 24 24 24 24 24 24 24 24 24 F0 01 09 08 06 24 17 12 17 1D 0E 17 0D 18 24 D6 DC DB DF
  nt_row_20=E1 D9 DC ED E0 EF 24 24 19 1E 1C 11 24 1C 1D 0A 1B 1D 24 0B 1E 1D 1D 18 17 24 24 24 D6 D8 E1 D9
  pal=360F00103617270F36081A2836303B2200303B160017270F00081A2800303B22
  chr_008=00000000000000000000000000000000
  chr_01C=00000000000000000000000000000000
  chr_108=78C4E47886867C000000000000000000
  chr_11C=78CCC07C06C67C000000000000000000
SNAPSHOT frame=850 reason=state_change
  state gm=00 ready=01 script=00 sub=00 ppu_idx=00 ram_005C=00 auto=00 phase=00 frm=CD ctrl=B0 mask=1E ctrl_shadow=B0 mask_shadow=1E flush_done=01 vblank=00 mirror=10
  nt_row_04=DC EE 24 24 24 24 24 24 24 24 24 24 24 24 24 24 24 24 24 24 24 24 24 24 24 24 24 24 24 24 D6 DB
  nt_row_07=DE EE 24 24 24 E3 24 24 71 72 73 74 75 76 77 78 79 79 79 7A 7B 24 24 24 24 24 E2 24 24 24 D6 DB
  nt_row_08=DE D8 EF 24 24 E2 24 7C 7D 7E 7F 80 81 82 83 84 85 86 87 88 89 8A 8B 24 24 24 E3 24 24 24 D6 DF
  nt_row_11=DE DB D7 24 24 E3 70 AF B0 B1 B2 B3 B4 B5 B6 B7 B8 B9 BA BB BC BD BE BF C0 24 E2 24 24 D6 DB DB
  nt_row_13=DE DB EE 24 24 E3 24 C6 C7 C8 C8 C8 24 C9 CA CB CC CD C8 C8 C8 C8 E8 E9 D3 24 E2 24 24 D6 DB DB
  nt_row_17=DC DA DC D7 24 24 24 24 24 24 24 24 24 F0 01 09 08 06 24 17 12 17 1D 0E 17 0D 18 24 D6 DC DB DF
  nt_row_20=E1 D9 DC ED E0 EF 24 24 19 1E 1C 11 24 1C 1D 0A 1B 1D 24 0B 1E 1D 1D 18 17 24 24 24 D6 D8 E1 D9
  pal=360F00103617270F36081A2836303B2200303B160017270F00081A2800303B22
  chr_008=00000000000000000000000000000000
  chr_01C=00000000000000000000000000000000
  chr_108=78C4E47886867C000000000000000000
  chr_11C=78CCC07C06C67C000000000000000000
SNAPSHOT frame=851 reason=state_change
  state gm=00 ready=01 script=00 sub=00 ppu_idx=00 ram_005C=00 auto=00 phase=00 frm=CE ctrl=B0 mask=1E ctrl_shadow=B0 mask_shadow=1E flush_done=01 vblank=00 mirror=10
  nt_row_04=DC EE 24 24 24 24 24 24 24 24 24 24 24 24 24 24 24 24 24 24 24 24 24 24 24 24 24 24 24 24 D6 DB
  nt_row_07=DE EE 24 24 24 E3 24 24 71 72 73 74 75 76 77 78 79 79 79 7A 7B 24 24 24 24 24 E2 24 24 24 D6 DB
  nt_row_08=DE D8 EF 24 24 E2 24 7C 7D 7E 7F 80 81 82 83 84 85 86 87 88 89 8A 8B 24 24 24 E3 24 24 24 D6 DF
  nt_row_11=DE DB D7 24 24 E3 70 AF B0 B1 B2 B3 B4 B5 B6 B7 B8 B9 BA BB BC BD BE BF C0 24 E2 24 24 D6 DB DB
  nt_row_13=DE DB EE 24 24 E3 24 C6 C7 C8 C8 C8 24 C9 CA CB CC CD C8 C8 C8 C8 E8 E9 D3 24 E2 24 24 D6 DB DB
  nt_row_17=DC DA DC D7 24 24 24 24 24 24 24 24 24 F0 01 09 08 06 24 17 12 17 1D 0E 17 0D 18 24 D6 DC DB DF
  nt_row_20=E1 D9 DC ED E0 EF 24 24 19 1E 1C 11 24 1C 1D 0A 1B 1D 24 0B 1E 1D 1D 18 17 24 24 24 D6 D8 E1 D9
  pal=360F00103617270F36081A2836303B2200303B160017270F00081A2800303B22
  chr_008=00000000000000000000000000000000
  chr_01C=00000000000000000000000000000000
  chr_108=78C4E47886867C000000000000000000
  chr_11C=78CCC07C06C67C000000000000000000
SNAPSHOT frame=852 reason=state_change
  state gm=00 ready=01 script=00 sub=00 ppu_idx=00 ram_005C=00 auto=00 phase=00 frm=CF ctrl=B0 mask=1E ctrl_shadow=B0 mask_shadow=1E flush_done=01 vblank=00 mirror=10
  nt_row_04=DC EE 24 24 24 24 24 24 24 24 24 24 24 24 24 24 24 24 24 24 24 24 24 24 24 24 24 24 24 24 D6 DB
  nt_row_07=DE EE 24 24 24 E3 24 24 71 72 73 74 75 76 77 78 79 79 79 7A 7B 24 24 24 24 24 E2 24 24 24 D6 DB
  nt_row_08=DE D8 EF 24 24 E2 24 7C 7D 7E 7F 80 81 82 83 84 85 86 87 88 89 8A 8B 24 24 24 E3 24 24 24 D6 DF
  nt_row_11=DE DB D7 24 24 E3 70 AF B0 B1 B2 B3 B4 B5 B6 B7 B8 B9 BA BB BC BD BE BF C0 24 E2 24 24 D6 DB DB
  nt_row_13=DE DB EE 24 24 E3 24 C6 C7 C8 C8 C8 24 C9 CA CB CC CD C8 C8 C8 C8 E8 E9 D3 24 E2 24 24 D6 DB DB
  nt_row_17=DC DA DC D7 24 24 24 24 24 24 24 24 24 F0 01 09 08 06 24 17 12 17 1D 0E 17 0D 18 24 D6 DC DB DF
  nt_row_20=E1 D9 DC ED E0 EF 24 24 19 1E 1C 11 24 1C 1D 0A 1B 1D 24 0B 1E 1D 1D 18 17 24 24 24 D6 D8 E1 D9
  pal=360F00103617270F36081A2836303B2200303B160017270F00081A2800303B22
  chr_008=00000000000000000000000000000000
  chr_01C=00000000000000000000000000000000
  chr_108=78C4E47886867C000000000000000000
  chr_11C=78CCC07C06C67C000000000000000000
SNAPSHOT frame=853 reason=state_change
  state gm=00 ready=01 script=00 sub=00 ppu_idx=00 ram_005C=00 auto=00 phase=00 frm=D0 ctrl=B0 mask=1E ctrl_shadow=B0 mask_shadow=1E flush_done=01 vblank=00 mirror=10
  nt_row_04=DC EE 24 24 24 24 24 24 24 24 24 24 24 24 24 24 24 24 24 24 24 24 24 24 24 24 24 24 24 24 D6 DB
  nt_row_07=DE EE 24 24 24 E3 24 24 71 72 73 74 75 76 77 78 79 79 79 7A 7B 24 24 24 24 24 E2 24 24 24 D6 DB
  nt_row_08=DE D8 EF 24 24 E2 24 7C 7D 7E 7F 80 81 82 83 84 85 86 87 88 89 8A 8B 24 24 24 E3 24 24 24 D6 DF
  nt_row_11=DE DB D7 24 24 E3 70 AF B0 B1 B2 B3 B4 B5 B6 B7 B8 B9 BA BB BC BD BE BF C0 24 E2 24 24 D6 DB DB
  nt_row_13=DE DB EE 24 24 E3 24 C6 C7 C8 C8 C8 24 C9 CA CB CC CD C8 C8 C8 C8 E8 E9 D3 24 E2 24 24 D6 DB DB
  nt_row_17=DC DA DC D7 24 24 24 24 24 24 24 24 24 F0 01 09 08 06 24 17 12 17 1D 0E 17 0D 18 24 D6 DC DB DF
  nt_row_20=E1 D9 DC ED E0 EF 24 24 19 1E 1C 11 24 1C 1D 0A 1B 1D 24 0B 1E 1D 1D 18 17 24 24 24 D6 D8 E1 D9
  pal=360F00103617270F36081A2836303B2200303B160017270F00081A2800303B22
  chr_008=00000000000000000000000000000000
  chr_01C=00000000000000000000000000000000
  chr_108=78C4E47886867C000000000000000000
  chr_11C=78CCC07C06C67C000000000000000000
SNAPSHOT frame=854 reason=state_change
  state gm=00 ready=01 script=00 sub=00 ppu_idx=00 ram_005C=00 auto=00 phase=00 frm=D1 ctrl=B0 mask=1E ctrl_shadow=B0 mask_shadow=1E flush_done=01 vblank=00 mirror=10
  nt_row_04=DC EE 24 24 24 24 24 24 24 24 24 24 24 24 24 24 24 24 24 24 24 24 24 24 24 24 24 24 24 24 D6 DB
  nt_row_07=DE EE 24 24 24 E3 24 24 71 72 73 74 75 76 77 78 79 79 79 7A 7B 24 24 24 24 24 E2 24 24 24 D6 DB
  nt_row_08=DE D8 EF 24 24 E2 24 7C 7D 7E 7F 80 81 82 83 84 85 86 87 88 89 8A 8B 24 24 24 E3 24 24 24 D6 DF
  nt_row_11=DE DB D7 24 24 E3 70 AF B0 B1 B2 B3 B4 B5 B6 B7 B8 B9 BA BB BC BD BE BF C0 24 E2 24 24 D6 DB DB
  nt_row_13=DE DB EE 24 24 E3 24 C6 C7 C8 C8 C8 24 C9 CA CB CC CD C8 C8 C8 C8 E8 E9 D3 24 E2 24 24 D6 DB DB
  nt_row_17=DC DA DC D7 24 24 24 24 24 24 24 24 24 F0 01 09 08 06 24 17 12 17 1D 0E 17 0D 18 24 D6 DC DB DF
  nt_row_20=E1 D9 DC ED E0 EF 24 24 19 1E 1C 11 24 1C 1D 0A 1B 1D 24 0B 1E 1D 1D 18 17 24 24 24 D6 D8 E1 D9
  pal=360F00103617270F36081A2836303B2200303B160017270F00081A2800303B22
  chr_008=00000000000000000000000000000000
  chr_01C=00000000000000000000000000000000
  chr_108=78C4E47886867C000000000000000000
  chr_11C=78CCC07C06C67C000000000000000000
SNAPSHOT frame=855 reason=state_change
  state gm=00 ready=01 script=00 sub=00 ppu_idx=00 ram_005C=00 auto=00 phase=00 frm=D2 ctrl=B0 mask=1E ctrl_shadow=B0 mask_shadow=1E flush_done=01 vblank=00 mirror=10
  nt_row_04=DC EE 24 24 24 24 24 24 24 24 24 24 24 24 24 24 24 24 24 24 24 24 24 24 24 24 24 24 24 24 D6 DB
  nt_row_07=DE EE 24 24 24 E3 24 24 71 72 73 74 75 76 77 78 79 79 79 7A 7B 24 24 24 24 24 E2 24 24 24 D6 DB
  nt_row_08=DE D8 EF 24 24 E2 24 7C 7D 7E 7F 80 81 82 83 84 85 86 87 88 89 8A 8B 24 24 24 E3 24 24 24 D6 DF
  nt_row_11=DE DB D7 24 24 E3 70 AF B0 B1 B2 B3 B4 B5 B6 B7 B8 B9 BA BB BC BD BE BF C0 24 E2 24 24 D6 DB DB
  nt_row_13=DE DB EE 24 24 E3 24 C6 C7 C8 C8 C8 24 C9 CA CB CC CD C8 C8 C8 C8 E8 E9 D3 24 E2 24 24 D6 DB DB
  nt_row_17=DC DA DC D7 24 24 24 24 24 24 24 24 24 F0 01 09 08 06 24 17 12 17 1D 0E 17 0D 18 24 D6 DC DB DF
  nt_row_20=E1 D9 DC ED E0 EF 24 24 19 1E 1C 11 24 1C 1D 0A 1B 1D 24 0B 1E 1D 1D 18 17 24 24 24 D6 D8 E1 D9
  pal=360F00103617270F36081A2836303B2200303B160017270F00081A2800303B22
  chr_008=00000000000000000000000000000000
  chr_01C=00000000000000000000000000000000
  chr_108=78C4E47886867C000000000000000000
  chr_11C=78CCC07C06C67C000000000000000000
SNAPSHOT frame=856 reason=state_change
  state gm=00 ready=01 script=00 sub=00 ppu_idx=00 ram_005C=00 auto=00 phase=00 frm=D3 ctrl=B0 mask=1E ctrl_shadow=B0 mask_shadow=1E flush_done=01 vblank=00 mirror=10
  nt_row_04=DC EE 24 24 24 24 24 24 24 24 24 24 24 24 24 24 24 24 24 24 24 24 24 24 24 24 24 24 24 24 D6 DB
  nt_row_07=DE EE 24 24 24 E3 24 24 71 72 73 74 75 76 77 78 79 79 79 7A 7B 24 24 24 24 24 E2 24 24 24 D6 DB
  nt_row_08=DE D8 EF 24 24 E2 24 7C 7D 7E 7F 80 81 82 83 84 85 86 87 88 89 8A 8B 24 24 24 E3 24 24 24 D6 DF
  nt_row_11=DE DB D7 24 24 E3 70 AF B0 B1 B2 B3 B4 B5 B6 B7 B8 B9 BA BB BC BD BE BF C0 24 E2 24 24 D6 DB DB
  nt_row_13=DE DB EE 24 24 E3 24 C6 C7 C8 C8 C8 24 C9 CA CB CC CD C8 C8 C8 C8 E8 E9 D3 24 E2 24 24 D6 DB DB
  nt_row_17=DC DA DC D7 24 24 24 24 24 24 24 24 24 F0 01 09 08 06 24 17 12 17 1D 0E 17 0D 18 24 D6 DC DB DF
  nt_row_20=E1 D9 DC ED E0 EF 24 24 19 1E 1C 11 24 1C 1D 0A 1B 1D 24 0B 1E 1D 1D 18 17 24 24 24 D6 D8 E1 D9
  pal=360F00103617270F36081A2836303B2200303B160017270F00081A2800303B22
  chr_008=00000000000000000000000000000000
  chr_01C=00000000000000000000000000000000
  chr_108=78C4E47886867C000000000000000000
  chr_11C=78CCC07C06C67C000000000000000000
SNAPSHOT frame=857 reason=state_change
  state gm=00 ready=01 script=00 sub=00 ppu_idx=00 ram_005C=00 auto=00 phase=00 frm=D4 ctrl=B0 mask=1E ctrl_shadow=B0 mask_shadow=1E flush_done=01 vblank=00 mirror=10
  nt_row_04=DC EE 24 24 24 24 24 24 24 24 24 24 24 24 24 24 24 24 24 24 24 24 24 24 24 24 24 24 24 24 D6 DB
  nt_row_07=DE EE 24 24 24 E3 24 24 71 72 73 74 75 76 77 78 79 79 79 7A 7B 24 24 24 24 24 E2 24 24 24 D6 DB
  nt_row_08=DE D8 EF 24 24 E2 24 7C 7D 7E 7F 80 81 82 83 84 85 86 87 88 89 8A 8B 24 24 24 E3 24 24 24 D6 DF
  nt_row_11=DE DB D7 24 24 E3 70 AF B0 B1 B2 B3 B4 B5 B6 B7 B8 B9 BA BB BC BD BE BF C0 24 E2 24 24 D6 DB DB
  nt_row_13=DE DB EE 24 24 E3 24 C6 C7 C8 C8 C8 24 C9 CA CB CC CD C8 C8 C8 C8 E8 E9 D3 24 E2 24 24 D6 DB DB
  nt_row_17=DC DA DC D7 24 24 24 24 24 24 24 24 24 F0 01 09 08 06 24 17 12 17 1D 0E 17 0D 18 24 D6 DC DB DF
  nt_row_20=E1 D9 DC ED E0 EF 24 24 19 1E 1C 11 24 1C 1D 0A 1B 1D 24 0B 1E 1D 1D 18 17 24 24 24 D6 D8 E1 D9
  pal=360F00103617270F36081A2836303B2200303B160017270F00081A2800303B22
  chr_008=00000000000000000000000000000000
  chr_01C=00000000000000000000000000000000
  chr_108=78C4E47886867C000000000000000000
  chr_11C=78CCC07C06C67C000000000000000000
SNAPSHOT frame=858 reason=state_change
  state gm=00 ready=01 script=00 sub=00 ppu_idx=00 ram_005C=00 auto=00 phase=00 frm=D5 ctrl=B0 mask=1E ctrl_shadow=B0 mask_shadow=1E flush_done=01 vblank=00 mirror=10
  nt_row_04=DC EE 24 24 24 24 24 24 24 24 24 24 24 24 24 24 24 24 24 24 24 24 24 24 24 24 24 24 24 24 D6 DB
  nt_row_07=DE EE 24 24 24 E3 24 24 71 72 73 74 75 76 77 78 79 79 79 7A 7B 24 24 24 24 24 E2 24 24 24 D6 DB
  nt_row_08=DE D8 EF 24 24 E2 24 7C 7D 7E 7F 80 81 82 83 84 85 86 87 88 89 8A 8B 24 24 24 E3 24 24 24 D6 DF
  nt_row_11=DE DB D7 24 24 E3 70 AF B0 B1 B2 B3 B4 B5 B6 B7 B8 B9 BA BB BC BD BE BF C0 24 E2 24 24 D6 DB DB
  nt_row_13=DE DB EE 24 24 E3 24 C6 C7 C8 C8 C8 24 C9 CA CB CC CD C8 C8 C8 C8 E8 E9 D3 24 E2 24 24 D6 DB DB
  nt_row_17=DC DA DC D7 24 24 24 24 24 24 24 24 24 F0 01 09 08 06 24 17 12 17 1D 0E 17 0D 18 24 D6 DC DB DF
  nt_row_20=E1 D9 DC ED E0 EF 24 24 19 1E 1C 11 24 1C 1D 0A 1B 1D 24 0B 1E 1D 1D 18 17 24 24 24 D6 D8 E1 D9
  pal=360F00103617270F36081A2836303B2200303B160017270F00081A2800303B22
  chr_008=00000000000000000000000000000000
  chr_01C=00000000000000000000000000000000
  chr_108=78C4E47886867C000000000000000000
  chr_11C=78CCC07C06C67C000000000000000000
SNAPSHOT frame=859 reason=state_change
  state gm=00 ready=01 script=00 sub=00 ppu_idx=00 ram_005C=00 auto=00 phase=00 frm=D6 ctrl=B0 mask=1E ctrl_shadow=B0 mask_shadow=1E flush_done=01 vblank=00 mirror=10
  nt_row_04=DC EE 24 24 24 24 24 24 24 24 24 24 24 24 24 24 24 24 24 24 24 24 24 24 24 24 24 24 24 24 D6 DB
  nt_row_07=DE EE 24 24 24 E3 24 24 71 72 73 74 75 76 77 78 79 79 79 7A 7B 24 24 24 24 24 E2 24 24 24 D6 DB
  nt_row_08=DE D8 EF 24 24 E2 24 7C 7D 7E 7F 80 81 82 83 84 85 86 87 88 89 8A 8B 24 24 24 E3 24 24 24 D6 DF
  nt_row_11=DE DB D7 24 24 E3 70 AF B0 B1 B2 B3 B4 B5 B6 B7 B8 B9 BA BB BC BD BE BF C0 24 E2 24 24 D6 DB DB
  nt_row_13=DE DB EE 24 24 E3 24 C6 C7 C8 C8 C8 24 C9 CA CB CC CD C8 C8 C8 C8 E8 E9 D3 24 E2 24 24 D6 DB DB
  nt_row_17=DC DA DC D7 24 24 24 24 24 24 24 24 24 F0 01 09 08 06 24 17 12 17 1D 0E 17 0D 18 24 D6 DC DB DF
  nt_row_20=E1 D9 DC ED E0 EF 24 24 19 1E 1C 11 24 1C 1D 0A 1B 1D 24 0B 1E 1D 1D 18 17 24 24 24 D6 D8 E1 D9
  pal=360F00103617270F36081A2836303B2200303B160017270F00081A2800303B22
  chr_008=00000000000000000000000000000000
  chr_01C=00000000000000000000000000000000
  chr_108=78C4E47886867C000000000000000000
  chr_11C=78CCC07C06C67C000000000000000000
SNAPSHOT frame=860 reason=state_change
  state gm=00 ready=01 script=00 sub=00 ppu_idx=00 ram_005C=00 auto=00 phase=00 frm=D7 ctrl=B0 mask=1E ctrl_shadow=B0 mask_shadow=1E flush_done=01 vblank=00 mirror=10
  nt_row_04=DC EE 24 24 24 24 24 24 24 24 24 24 24 24 24 24 24 24 24 24 24 24 24 24 24 24 24 24 24 24 D6 DB
  nt_row_07=DE EE 24 24 24 E3 24 24 71 72 73 74 75 76 77 78 79 79 79 7A 7B 24 24 24 24 24 E2 24 24 24 D6 DB
  nt_row_08=DE D8 EF 24 24 E2 24 7C 7D 7E 7F 80 81 82 83 84 85 86 87 88 89 8A 8B 24 24 24 E3 24 24 24 D6 DF
  nt_row_11=DE DB D7 24 24 E3 70 AF B0 B1 B2 B3 B4 B5 B6 B7 B8 B9 BA BB BC BD BE BF C0 24 E2 24 24 D6 DB DB
  nt_row_13=DE DB EE 24 24 E3 24 C6 C7 C8 C8 C8 24 C9 CA CB CC CD C8 C8 C8 C8 E8 E9 D3 24 E2 24 24 D6 DB DB
  nt_row_17=DC DA DC D7 24 24 24 24 24 24 24 24 24 F0 01 09 08 06 24 17 12 17 1D 0E 17 0D 18 24 D6 DC DB DF
  nt_row_20=E1 D9 DC ED E0 EF 24 24 19 1E 1C 11 24 1C 1D 0A 1B 1D 24 0B 1E 1D 1D 18 17 24 24 24 D6 D8 E1 D9
  pal=360F00103617270F36081A2836303B2200303B160017270F00081A2800303B22
  chr_008=00000000000000000000000000000000
  chr_01C=00000000000000000000000000000000
  chr_108=78C4E47886867C000000000000000000
  chr_11C=78CCC07C06C67C000000000000000000
SNAPSHOT frame=861 reason=state_change
  state gm=00 ready=01 script=00 sub=00 ppu_idx=00 ram_005C=00 auto=00 phase=00 frm=D8 ctrl=B0 mask=1E ctrl_shadow=B0 mask_shadow=1E flush_done=01 vblank=00 mirror=10
  nt_row_04=DC EE 24 24 24 24 24 24 24 24 24 24 24 24 24 24 24 24 24 24 24 24 24 24 24 24 24 24 24 24 D6 DB
  nt_row_07=DE EE 24 24 24 E3 24 24 71 72 73 74 75 76 77 78 79 79 79 7A 7B 24 24 24 24 24 E2 24 24 24 D6 DB
  nt_row_08=DE D8 EF 24 24 E2 24 7C 7D 7E 7F 80 81 82 83 84 85 86 87 88 89 8A 8B 24 24 24 E3 24 24 24 D6 DF
  nt_row_11=DE DB D7 24 24 E3 70 AF B0 B1 B2 B3 B4 B5 B6 B7 B8 B9 BA BB BC BD BE BF C0 24 E2 24 24 D6 DB DB
  nt_row_13=DE DB EE 24 24 E3 24 C6 C7 C8 C8 C8 24 C9 CA CB CC CD C8 C8 C8 C8 E8 E9 D3 24 E2 24 24 D6 DB DB
  nt_row_17=DC DA DC D7 24 24 24 24 24 24 24 24 24 F0 01 09 08 06 24 17 12 17 1D 0E 17 0D 18 24 D6 DC DB DF
  nt_row_20=E1 D9 DC ED E0 EF 24 24 19 1E 1C 11 24 1C 1D 0A 1B 1D 24 0B 1E 1D 1D 18 17 24 24 24 D6 D8 E1 D9
  pal=360F00103617270F36081A2836303B2200303B160017270F00081A2800303B22
  chr_008=00000000000000000000000000000000
  chr_01C=00000000000000000000000000000000
  chr_108=78C4E47886867C000000000000000000
  chr_11C=78CCC07C06C67C000000000000000000
SNAPSHOT frame=862 reason=state_change
  state gm=00 ready=01 script=00 sub=00 ppu_idx=00 ram_005C=00 auto=00 phase=00 frm=D9 ctrl=B0 mask=1E ctrl_shadow=B0 mask_shadow=1E flush_done=01 vblank=00 mirror=10
  nt_row_04=DC EE 24 24 24 24 24 24 24 24 24 24 24 24 24 24 24 24 24 24 24 24 24 24 24 24 24 24 24 24 D6 DB
  nt_row_07=DE EE 24 24 24 E3 24 24 71 72 73 74 75 76 77 78 79 79 79 7A 7B 24 24 24 24 24 E2 24 24 24 D6 DB
  nt_row_08=DE D8 EF 24 24 E2 24 7C 7D 7E 7F 80 81 82 83 84 85 86 87 88 89 8A 8B 24 24 24 E3 24 24 24 D6 DF
  nt_row_11=DE DB D7 24 24 E3 70 AF B0 B1 B2 B3 B4 B5 B6 B7 B8 B9 BA BB BC BD BE BF C0 24 E2 24 24 D6 DB DB
  nt_row_13=DE DB EE 24 24 E3 24 C6 C7 C8 C8 C8 24 C9 CA CB CC CD C8 C8 C8 C8 E8 E9 D3 24 E2 24 24 D6 DB DB
  nt_row_17=DC DA DC D7 24 24 24 24 24 24 24 24 24 F0 01 09 08 06 24 17 12 17 1D 0E 17 0D 18 24 D6 DC DB DF
  nt_row_20=E1 D9 DC ED E0 EF 24 24 19 1E 1C 11 24 1C 1D 0A 1B 1D 24 0B 1E 1D 1D 18 17 24 24 24 D6 D8 E1 D9
  pal=360F00103617270F36081A2836303B2200303B160017270F00081A2800303B22
  chr_008=00000000000000000000000000000000
  chr_01C=00000000000000000000000000000000
  chr_108=78C4E47886867C000000000000000000
  chr_11C=78CCC07C06C67C000000000000000000
SNAPSHOT frame=863 reason=state_change
  state gm=00 ready=01 script=00 sub=00 ppu_idx=00 ram_005C=00 auto=00 phase=00 frm=DA ctrl=B0 mask=1E ctrl_shadow=B0 mask_shadow=1E flush_done=01 vblank=00 mirror=10
  nt_row_04=DC EE 24 24 24 24 24 24 24 24 24 24 24 24 24 24 24 24 24 24 24 24 24 24 24 24 24 24 24 24 D6 DB
  nt_row_07=DE EE 24 24 24 E3 24 24 71 72 73 74 75 76 77 78 79 79 79 7A 7B 24 24 24 24 24 E2 24 24 24 D6 DB
  nt_row_08=DE D8 EF 24 24 E2 24 7C 7D 7E 7F 80 81 82 83 84 85 86 87 88 89 8A 8B 24 24 24 E3 24 24 24 D6 DF
  nt_row_11=DE DB D7 24 24 E3 70 AF B0 B1 B2 B3 B4 B5 B6 B7 B8 B9 BA BB BC BD BE BF C0 24 E2 24 24 D6 DB DB
  nt_row_13=DE DB EE 24 24 E3 24 C6 C7 C8 C8 C8 24 C9 CA CB CC CD C8 C8 C8 C8 E8 E9 D3 24 E2 24 24 D6 DB DB
  nt_row_17=DC DA DC D7 24 24 24 24 24 24 24 24 24 F0 01 09 08 06 24 17 12 17 1D 0E 17 0D 18 24 D6 DC DB DF
  nt_row_20=E1 D9 DC ED E0 EF 24 24 19 1E 1C 11 24 1C 1D 0A 1B 1D 24 0B 1E 1D 1D 18 17 24 24 24 D6 D8 E1 D9
  pal=360F00103617270F36081A2836303B2200303B160017270F00081A2800303B22
  chr_008=00000000000000000000000000000000
  chr_01C=00000000000000000000000000000000
  chr_108=78C4E47886867C000000000000000000
  chr_11C=78CCC07C06C67C000000000000000000
SNAPSHOT frame=864 reason=state_change
  state gm=00 ready=01 script=00 sub=00 ppu_idx=00 ram_005C=00 auto=00 phase=00 frm=DB ctrl=B0 mask=1E ctrl_shadow=B0 mask_shadow=1E flush_done=01 vblank=00 mirror=10
  nt_row_04=DC EE 24 24 24 24 24 24 24 24 24 24 24 24 24 24 24 24 24 24 24 24 24 24 24 24 24 24 24 24 D6 DB
  nt_row_07=DE EE 24 24 24 E3 24 24 71 72 73 74 75 76 77 78 79 79 79 7A 7B 24 24 24 24 24 E2 24 24 24 D6 DB
  nt_row_08=DE D8 EF 24 24 E2 24 7C 7D 7E 7F 80 81 82 83 84 85 86 87 88 89 8A 8B 24 24 24 E3 24 24 24 D6 DF
  nt_row_11=DE DB D7 24 24 E3 70 AF B0 B1 B2 B3 B4 B5 B6 B7 B8 B9 BA BB BC BD BE BF C0 24 E2 24 24 D6 DB DB
  nt_row_13=DE DB EE 24 24 E3 24 C6 C7 C8 C8 C8 24 C9 CA CB CC CD C8 C8 C8 C8 E8 E9 D3 24 E2 24 24 D6 DB DB
  nt_row_17=DC DA DC D7 24 24 24 24 24 24 24 24 24 F0 01 09 08 06 24 17 12 17 1D 0E 17 0D 18 24 D6 DC DB DF
  nt_row_20=E1 D9 DC ED E0 EF 24 24 19 1E 1C 11 24 1C 1D 0A 1B 1D 24 0B 1E 1D 1D 18 17 24 24 24 D6 D8 E1 D9
  pal=360F00103617270F36081A2836303B2200303B160017270F00081A2800303B22
  chr_008=00000000000000000000000000000000
  chr_01C=00000000000000000000000000000000
  chr_108=78C4E47886867C000000000000000000
  chr_11C=78CCC07C06C67C000000000000000000
SNAPSHOT frame=865 reason=state_change
  state gm=00 ready=01 script=00 sub=00 ppu_idx=00 ram_005C=00 auto=00 phase=00 frm=DC ctrl=B0 mask=1E ctrl_shadow=B0 mask_shadow=1E flush_done=01 vblank=00 mirror=10
  nt_row_04=DC EE 24 24 24 24 24 24 24 24 24 24 24 24 24 24 24 24 24 24 24 24 24 24 24 24 24 24 24 24 D6 DB
  nt_row_07=DE EE 24 24 24 E3 24 24 71 72 73 74 75 76 77 78 79 79 79 7A 7B 24 24 24 24 24 E2 24 24 24 D6 DB
  nt_row_08=DE D8 EF 24 24 E2 24 7C 7D 7E 7F 80 81 82 83 84 85 86 87 88 89 8A 8B 24 24 24 E3 24 24 24 D6 DF
  nt_row_11=DE DB D7 24 24 E3 70 AF B0 B1 B2 B3 B4 B5 B6 B7 B8 B9 BA BB BC BD BE BF C0 24 E2 24 24 D6 DB DB
  nt_row_13=DE DB EE 24 24 E3 24 C6 C7 C8 C8 C8 24 C9 CA CB CC CD C8 C8 C8 C8 E8 E9 D3 24 E2 24 24 D6 DB DB
  nt_row_17=DC DA DC D7 24 24 24 24 24 24 24 24 24 F0 01 09 08 06 24 17 12 17 1D 0E 17 0D 18 24 D6 DC DB DF
  nt_row_20=E1 D9 DC ED E0 EF 24 24 19 1E 1C 11 24 1C 1D 0A 1B 1D 24 0B 1E 1D 1D 18 17 24 24 24 D6 D8 E1 D9
  pal=360F00103617270F36081A2836303B2200303B160017270F00081A2800303B22
  chr_008=00000000000000000000000000000000
  chr_01C=00000000000000000000000000000000
  chr_108=78C4E47886867C000000000000000000
  chr_11C=78CCC07C06C67C000000000000000000
SNAPSHOT frame=866 reason=state_change
  state gm=00 ready=01 script=00 sub=00 ppu_idx=00 ram_005C=00 auto=00 phase=00 frm=DD ctrl=B0 mask=1E ctrl_shadow=B0 mask_shadow=1E flush_done=01 vblank=00 mirror=10
  nt_row_04=DC EE 24 24 24 24 24 24 24 24 24 24 24 24 24 24 24 24 24 24 24 24 24 24 24 24 24 24 24 24 D6 DB
  nt_row_07=DE EE 24 24 24 E3 24 24 71 72 73 74 75 76 77 78 79 79 79 7A 7B 24 24 24 24 24 E2 24 24 24 D6 DB
  nt_row_08=DE D8 EF 24 24 E2 24 7C 7D 7E 7F 80 81 82 83 84 85 86 87 88 89 8A 8B 24 24 24 E3 24 24 24 D6 DF
  nt_row_11=DE DB D7 24 24 E3 70 AF B0 B1 B2 B3 B4 B5 B6 B7 B8 B9 BA BB BC BD BE BF C0 24 E2 24 24 D6 DB DB
  nt_row_13=DE DB EE 24 24 E3 24 C6 C7 C8 C8 C8 24 C9 CA CB CC CD C8 C8 C8 C8 E8 E9 D3 24 E2 24 24 D6 DB DB
  nt_row_17=DC DA DC D7 24 24 24 24 24 24 24 24 24 F0 01 09 08 06 24 17 12 17 1D 0E 17 0D 18 24 D6 DC DB DF
  nt_row_20=E1 D9 DC ED E0 EF 24 24 19 1E 1C 11 24 1C 1D 0A 1B 1D 24 0B 1E 1D 1D 18 17 24 24 24 D6 D8 E1 D9
  pal=360F00103617270F36081A2836303B2200303B160017270F00081A2800303B22
  chr_008=00000000000000000000000000000000
  chr_01C=00000000000000000000000000000000
  chr_108=78C4E47886867C000000000000000000
  chr_11C=78CCC07C06C67C000000000000000000
SNAPSHOT frame=867 reason=state_change
  state gm=00 ready=01 script=00 sub=00 ppu_idx=00 ram_005C=00 auto=00 phase=00 frm=DE ctrl=B0 mask=1E ctrl_shadow=B0 mask_shadow=1E flush_done=01 vblank=00 mirror=10
  nt_row_04=DC EE 24 24 24 24 24 24 24 24 24 24 24 24 24 24 24 24 24 24 24 24 24 24 24 24 24 24 24 24 D6 DB
  nt_row_07=DE EE 24 24 24 E3 24 24 71 72 73 74 75 76 77 78 79 79 79 7A 7B 24 24 24 24 24 E2 24 24 24 D6 DB
  nt_row_08=DE D8 EF 24 24 E2 24 7C 7D 7E 7F 80 81 82 83 84 85 86 87 88 89 8A 8B 24 24 24 E3 24 24 24 D6 DF
  nt_row_11=DE DB D7 24 24 E3 70 AF B0 B1 B2 B3 B4 B5 B6 B7 B8 B9 BA BB BC BD BE BF C0 24 E2 24 24 D6 DB DB
  nt_row_13=DE DB EE 24 24 E3 24 C6 C7 C8 C8 C8 24 C9 CA CB CC CD C8 C8 C8 C8 E8 E9 D3 24 E2 24 24 D6 DB DB
  nt_row_17=DC DA DC D7 24 24 24 24 24 24 24 24 24 F0 01 09 08 06 24 17 12 17 1D 0E 17 0D 18 24 D6 DC DB DF
  nt_row_20=E1 D9 DC ED E0 EF 24 24 19 1E 1C 11 24 1C 1D 0A 1B 1D 24 0B 1E 1D 1D 18 17 24 24 24 D6 D8 E1 D9
  pal=360F00103617270F36081A2836303B2200303B160017270F00081A2800303B22
  chr_008=00000000000000000000000000000000
  chr_01C=00000000000000000000000000000000
  chr_108=78C4E47886867C000000000000000000
  chr_11C=78CCC07C06C67C000000000000000000
SNAPSHOT frame=868 reason=state_change
  state gm=00 ready=01 script=00 sub=00 ppu_idx=00 ram_005C=00 auto=00 phase=00 frm=DF ctrl=B0 mask=1E ctrl_shadow=B0 mask_shadow=1E flush_done=01 vblank=00 mirror=10
  nt_row_04=DC EE 24 24 24 24 24 24 24 24 24 24 24 24 24 24 24 24 24 24 24 24 24 24 24 24 24 24 24 24 D6 DB
  nt_row_07=DE EE 24 24 24 E3 24 24 71 72 73 74 75 76 77 78 79 79 79 7A 7B 24 24 24 24 24 E2 24 24 24 D6 DB
  nt_row_08=DE D8 EF 24 24 E2 24 7C 7D 7E 7F 80 81 82 83 84 85 86 87 88 89 8A 8B 24 24 24 E3 24 24 24 D6 DF
  nt_row_11=DE DB D7 24 24 E3 70 AF B0 B1 B2 B3 B4 B5 B6 B7 B8 B9 BA BB BC BD BE BF C0 24 E2 24 24 D6 DB DB
  nt_row_13=DE DB EE 24 24 E3 24 C6 C7 C8 C8 C8 24 C9 CA CB CC CD C8 C8 C8 C8 E8 E9 D3 24 E2 24 24 D6 DB DB
  nt_row_17=DC DA DC D7 24 24 24 24 24 24 24 24 24 F0 01 09 08 06 24 17 12 17 1D 0E 17 0D 18 24 D6 DC DB DF
  nt_row_20=E1 D9 DC ED E0 EF 24 24 19 1E 1C 11 24 1C 1D 0A 1B 1D 24 0B 1E 1D 1D 18 17 24 24 24 D6 D8 E1 D9
  pal=360F00103617270F36081A2836303B2200303B160017270F00081A2800303B22
  chr_008=00000000000000000000000000000000
  chr_01C=00000000000000000000000000000000
  chr_108=78C4E47886867C000000000000000000
  chr_11C=78CCC07C06C67C000000000000000000
SNAPSHOT frame=869 reason=state_change
  state gm=00 ready=01 script=00 sub=00 ppu_idx=00 ram_005C=00 auto=00 phase=00 frm=E0 ctrl=B0 mask=1E ctrl_shadow=B0 mask_shadow=1E flush_done=01 vblank=00 mirror=10
  nt_row_04=DC EE 24 24 24 24 24 24 24 24 24 24 24 24 24 24 24 24 24 24 24 24 24 24 24 24 24 24 24 24 D6 DB
  nt_row_07=DE EE 24 24 24 E3 24 24 71 72 73 74 75 76 77 78 79 79 79 7A 7B 24 24 24 24 24 E2 24 24 24 D6 DB
  nt_row_08=DE D8 EF 24 24 E2 24 7C 7D 7E 7F 80 81 82 83 84 85 86 87 88 89 8A 8B 24 24 24 E3 24 24 24 D6 DF
  nt_row_11=DE DB D7 24 24 E3 70 AF B0 B1 B2 B3 B4 B5 B6 B7 B8 B9 BA BB BC BD BE BF C0 24 E2 24 24 D6 DB DB
  nt_row_13=DE DB EE 24 24 E3 24 C6 C7 C8 C8 C8 24 C9 CA CB CC CD C8 C8 C8 C8 E8 E9 D3 24 E2 24 24 D6 DB DB
  nt_row_17=DC DA DC D7 24 24 24 24 24 24 24 24 24 F0 01 09 08 06 24 17 12 17 1D 0E 17 0D 18 24 D6 DC DB DF
  nt_row_20=E1 D9 DC ED E0 EF 24 24 19 1E 1C 11 24 1C 1D 0A 1B 1D 24 0B 1E 1D 1D 18 17 24 24 24 D6 D8 E1 D9
  pal=360F00103617270F36081A2836303B2200303B160017270F00081A2800303B22
  chr_008=00000000000000000000000000000000
  chr_01C=00000000000000000000000000000000
  chr_108=78C4E47886867C000000000000000000
  chr_11C=78CCC07C06C67C000000000000000000
SNAPSHOT frame=870 reason=state_change
  state gm=00 ready=01 script=00 sub=00 ppu_idx=00 ram_005C=00 auto=00 phase=00 frm=E1 ctrl=B0 mask=1E ctrl_shadow=B0 mask_shadow=1E flush_done=01 vblank=00 mirror=10
  nt_row_04=DC EE 24 24 24 24 24 24 24 24 24 24 24 24 24 24 24 24 24 24 24 24 24 24 24 24 24 24 24 24 D6 DB
  nt_row_07=DE EE 24 24 24 E3 24 24 71 72 73 74 75 76 77 78 79 79 79 7A 7B 24 24 24 24 24 E2 24 24 24 D6 DB
  nt_row_08=DE D8 EF 24 24 E2 24 7C 7D 7E 7F 80 81 82 83 84 85 86 87 88 89 8A 8B 24 24 24 E3 24 24 24 D6 DF
  nt_row_11=DE DB D7 24 24 E3 70 AF B0 B1 B2 B3 B4 B5 B6 B7 B8 B9 BA BB BC BD BE BF C0 24 E2 24 24 D6 DB DB
  nt_row_13=DE DB EE 24 24 E3 24 C6 C7 C8 C8 C8 24 C9 CA CB CC CD C8 C8 C8 C8 E8 E9 D3 24 E2 24 24 D6 DB DB
  nt_row_17=DC DA DC D7 24 24 24 24 24 24 24 24 24 F0 01 09 08 06 24 17 12 17 1D 0E 17 0D 18 24 D6 DC DB DF
  nt_row_20=E1 D9 DC ED E0 EF 24 24 19 1E 1C 11 24 1C 1D 0A 1B 1D 24 0B 1E 1D 1D 18 17 24 24 24 D6 D8 E1 D9
  pal=360F00103617270F36081A2836303B2200303B160017270F00081A2800303B22
  chr_008=00000000000000000000000000000000
  chr_01C=00000000000000000000000000000000
  chr_108=78C4E47886867C000000000000000000
  chr_11C=78CCC07C06C67C000000000000000000
SNAPSHOT frame=871 reason=state_change
  state gm=00 ready=01 script=00 sub=00 ppu_idx=00 ram_005C=00 auto=00 phase=00 frm=E2 ctrl=B0 mask=1E ctrl_shadow=B0 mask_shadow=1E flush_done=01 vblank=00 mirror=10
  nt_row_04=DC EE 24 24 24 24 24 24 24 24 24 24 24 24 24 24 24 24 24 24 24 24 24 24 24 24 24 24 24 24 D6 DB
  nt_row_07=DE EE 24 24 24 E3 24 24 71 72 73 74 75 76 77 78 79 79 79 7A 7B 24 24 24 24 24 E2 24 24 24 D6 DB
  nt_row_08=DE D8 EF 24 24 E2 24 7C 7D 7E 7F 80 81 82 83 84 85 86 87 88 89 8A 8B 24 24 24 E3 24 24 24 D6 DF
  nt_row_11=DE DB D7 24 24 E3 70 AF B0 B1 B2 B3 B4 B5 B6 B7 B8 B9 BA BB BC BD BE BF C0 24 E2 24 24 D6 DB DB
  nt_row_13=DE DB EE 24 24 E3 24 C6 C7 C8 C8 C8 24 C9 CA CB CC CD C8 C8 C8 C8 E8 E9 D3 24 E2 24 24 D6 DB DB
  nt_row_17=DC DA DC D7 24 24 24 24 24 24 24 24 24 F0 01 09 08 06 24 17 12 17 1D 0E 17 0D 18 24 D6 DC DB DF
  nt_row_20=E1 D9 DC ED E0 EF 24 24 19 1E 1C 11 24 1C 1D 0A 1B 1D 24 0B 1E 1D 1D 18 17 24 24 24 D6 D8 E1 D9
  pal=360F00103617270F36081A2836303B2200303B160017270F00081A2800303B22
  chr_008=00000000000000000000000000000000
  chr_01C=00000000000000000000000000000000
  chr_108=78C4E47886867C000000000000000000
  chr_11C=78CCC07C06C67C000000000000000000
SNAPSHOT frame=872 reason=state_change
  state gm=00 ready=01 script=00 sub=00 ppu_idx=00 ram_005C=00 auto=00 phase=00 frm=E3 ctrl=B0 mask=1E ctrl_shadow=B0 mask_shadow=1E flush_done=01 vblank=00 mirror=10
  nt_row_04=DC EE 24 24 24 24 24 24 24 24 24 24 24 24 24 24 24 24 24 24 24 24 24 24 24 24 24 24 24 24 D6 DB
  nt_row_07=DE EE 24 24 24 E3 24 24 71 72 73 74 75 76 77 78 79 79 79 7A 7B 24 24 24 24 24 E2 24 24 24 D6 DB
  nt_row_08=DE D8 EF 24 24 E2 24 7C 7D 7E 7F 80 81 82 83 84 85 86 87 88 89 8A 8B 24 24 24 E3 24 24 24 D6 DF
  nt_row_11=DE DB D7 24 24 E3 70 AF B0 B1 B2 B3 B4 B5 B6 B7 B8 B9 BA BB BC BD BE BF C0 24 E2 24 24 D6 DB DB
  nt_row_13=DE DB EE 24 24 E3 24 C6 C7 C8 C8 C8 24 C9 CA CB CC CD C8 C8 C8 C8 E8 E9 D3 24 E2 24 24 D6 DB DB
  nt_row_17=DC DA DC D7 24 24 24 24 24 24 24 24 24 F0 01 09 08 06 24 17 12 17 1D 0E 17 0D 18 24 D6 DC DB DF
  nt_row_20=E1 D9 DC ED E0 EF 24 24 19 1E 1C 11 24 1C 1D 0A 1B 1D 24 0B 1E 1D 1D 18 17 24 24 24 D6 D8 E1 D9
  pal=360F00103617270F36081A2836303B2200303B160017270F00081A2800303B22
  chr_008=00000000000000000000000000000000
  chr_01C=00000000000000000000000000000000
  chr_108=78C4E47886867C000000000000000000
  chr_11C=78CCC07C06C67C000000000000000000
SNAPSHOT frame=873 reason=state_change
  state gm=00 ready=01 script=00 sub=00 ppu_idx=00 ram_005C=00 auto=00 phase=00 frm=E4 ctrl=B0 mask=1E ctrl_shadow=B0 mask_shadow=1E flush_done=01 vblank=00 mirror=10
  nt_row_04=DC EE 24 24 24 24 24 24 24 24 24 24 24 24 24 24 24 24 24 24 24 24 24 24 24 24 24 24 24 24 D6 DB
  nt_row_07=DE EE 24 24 24 E3 24 24 71 72 73 74 75 76 77 78 79 79 79 7A 7B 24 24 24 24 24 E2 24 24 24 D6 DB
  nt_row_08=DE D8 EF 24 24 E2 24 7C 7D 7E 7F 80 81 82 83 84 85 86 87 88 89 8A 8B 24 24 24 E3 24 24 24 D6 DF
  nt_row_11=DE DB D7 24 24 E3 70 AF B0 B1 B2 B3 B4 B5 B6 B7 B8 B9 BA BB BC BD BE BF C0 24 E2 24 24 D6 DB DB
  nt_row_13=DE DB EE 24 24 E3 24 C6 C7 C8 C8 C8 24 C9 CA CB CC CD C8 C8 C8 C8 E8 E9 D3 24 E2 24 24 D6 DB DB
  nt_row_17=DC DA DC D7 24 24 24 24 24 24 24 24 24 F0 01 09 08 06 24 17 12 17 1D 0E 17 0D 18 24 D6 DC DB DF
  nt_row_20=E1 D9 DC ED E0 EF 24 24 19 1E 1C 11 24 1C 1D 0A 1B 1D 24 0B 1E 1D 1D 18 17 24 24 24 D6 D8 E1 D9
  pal=360F00103617270F36081A2836303B2200303B160017270F00081A2800303B22
  chr_008=00000000000000000000000000000000
  chr_01C=00000000000000000000000000000000
  chr_108=78C4E47886867C000000000000000000
  chr_11C=78CCC07C06C67C000000000000000000
SNAPSHOT frame=874 reason=state_change
  state gm=00 ready=01 script=00 sub=00 ppu_idx=00 ram_005C=00 auto=00 phase=00 frm=E5 ctrl=B0 mask=1E ctrl_shadow=B0 mask_shadow=1E flush_done=01 vblank=00 mirror=10
  nt_row_04=DC EE 24 24 24 24 24 24 24 24 24 24 24 24 24 24 24 24 24 24 24 24 24 24 24 24 24 24 24 24 D6 DB
  nt_row_07=DE EE 24 24 24 E3 24 24 71 72 73 74 75 76 77 78 79 79 79 7A 7B 24 24 24 24 24 E2 24 24 24 D6 DB
  nt_row_08=DE D8 EF 24 24 E2 24 7C 7D 7E 7F 80 81 82 83 84 85 86 87 88 89 8A 8B 24 24 24 E3 24 24 24 D6 DF
  nt_row_11=DE DB D7 24 24 E3 70 AF B0 B1 B2 B3 B4 B5 B6 B7 B8 B9 BA BB BC BD BE BF C0 24 E2 24 24 D6 DB DB
  nt_row_13=DE DB EE 24 24 E3 24 C6 C7 C8 C8 C8 24 C9 CA CB CC CD C8 C8 C8 C8 E8 E9 D3 24 E2 24 24 D6 DB DB
  nt_row_17=DC DA DC D7 24 24 24 24 24 24 24 24 24 F0 01 09 08 06 24 17 12 17 1D 0E 17 0D 18 24 D6 DC DB DF
  nt_row_20=E1 D9 DC ED E0 EF 24 24 19 1E 1C 11 24 1C 1D 0A 1B 1D 24 0B 1E 1D 1D 18 17 24 24 24 D6 D8 E1 D9
  pal=360F00103617270F36081A2836303B2200303B160017270F00081A2800303B22
  chr_008=00000000000000000000000000000000
  chr_01C=00000000000000000000000000000000
  chr_108=78C4E47886867C000000000000000000
  chr_11C=78CCC07C06C67C000000000000000000
SNAPSHOT frame=875 reason=state_change
  state gm=00 ready=01 script=00 sub=00 ppu_idx=00 ram_005C=00 auto=00 phase=00 frm=E6 ctrl=B0 mask=1E ctrl_shadow=B0 mask_shadow=1E flush_done=01 vblank=00 mirror=10
  nt_row_04=DC EE 24 24 24 24 24 24 24 24 24 24 24 24 24 24 24 24 24 24 24 24 24 24 24 24 24 24 24 24 D6 DB
  nt_row_07=DE EE 24 24 24 E3 24 24 71 72 73 74 75 76 77 78 79 79 79 7A 7B 24 24 24 24 24 E2 24 24 24 D6 DB
  nt_row_08=DE D8 EF 24 24 E2 24 7C 7D 7E 7F 80 81 82 83 84 85 86 87 88 89 8A 8B 24 24 24 E3 24 24 24 D6 DF
  nt_row_11=DE DB D7 24 24 E3 70 AF B0 B1 B2 B3 B4 B5 B6 B7 B8 B9 BA BB BC BD BE BF C0 24 E2 24 24 D6 DB DB
  nt_row_13=DE DB EE 24 24 E3 24 C6 C7 C8 C8 C8 24 C9 CA CB CC CD C8 C8 C8 C8 E8 E9 D3 24 E2 24 24 D6 DB DB
  nt_row_17=DC DA DC D7 24 24 24 24 24 24 24 24 24 F0 01 09 08 06 24 17 12 17 1D 0E 17 0D 18 24 D6 DC DB DF
  nt_row_20=E1 D9 DC ED E0 EF 24 24 19 1E 1C 11 24 1C 1D 0A 1B 1D 24 0B 1E 1D 1D 18 17 24 24 24 D6 D8 E1 D9
  pal=360F00103617270F36081A2836303B2200303B160017270F00081A2800303B22
  chr_008=00000000000000000000000000000000
  chr_01C=00000000000000000000000000000000
  chr_108=78C4E47886867C000000000000000000
  chr_11C=78CCC07C06C67C000000000000000000
SNAPSHOT frame=876 reason=state_change
  state gm=00 ready=01 script=00 sub=00 ppu_idx=00 ram_005C=00 auto=00 phase=00 frm=E7 ctrl=B0 mask=1E ctrl_shadow=B0 mask_shadow=1E flush_done=01 vblank=00 mirror=10
  nt_row_04=DC EE 24 24 24 24 24 24 24 24 24 24 24 24 24 24 24 24 24 24 24 24 24 24 24 24 24 24 24 24 D6 DB
  nt_row_07=DE EE 24 24 24 E3 24 24 71 72 73 74 75 76 77 78 79 79 79 7A 7B 24 24 24 24 24 E2 24 24 24 D6 DB
  nt_row_08=DE D8 EF 24 24 E2 24 7C 7D 7E 7F 80 81 82 83 84 85 86 87 88 89 8A 8B 24 24 24 E3 24 24 24 D6 DF
  nt_row_11=DE DB D7 24 24 E3 70 AF B0 B1 B2 B3 B4 B5 B6 B7 B8 B9 BA BB BC BD BE BF C0 24 E2 24 24 D6 DB DB
  nt_row_13=DE DB EE 24 24 E3 24 C6 C7 C8 C8 C8 24 C9 CA CB CC CD C8 C8 C8 C8 E8 E9 D3 24 E2 24 24 D6 DB DB
  nt_row_17=DC DA DC D7 24 24 24 24 24 24 24 24 24 F0 01 09 08 06 24 17 12 17 1D 0E 17 0D 18 24 D6 DC DB DF
  nt_row_20=E1 D9 DC ED E0 EF 24 24 19 1E 1C 11 24 1C 1D 0A 1B 1D 24 0B 1E 1D 1D 18 17 24 24 24 D6 D8 E1 D9
  pal=360F00103617270F36081A2836303B2200303B160017270F00081A2800303B22
  chr_008=00000000000000000000000000000000
  chr_01C=00000000000000000000000000000000
  chr_108=78C4E47886867C000000000000000000
  chr_11C=78CCC07C06C67C000000000000000000
SNAPSHOT frame=877 reason=state_change
  state gm=00 ready=01 script=00 sub=00 ppu_idx=00 ram_005C=00 auto=00 phase=00 frm=E8 ctrl=B0 mask=1E ctrl_shadow=B0 mask_shadow=1E flush_done=01 vblank=00 mirror=10
  nt_row_04=DC EE 24 24 24 24 24 24 24 24 24 24 24 24 24 24 24 24 24 24 24 24 24 24 24 24 24 24 24 24 D6 DB
  nt_row_07=DE EE 24 24 24 E3 24 24 71 72 73 74 75 76 77 78 79 79 79 7A 7B 24 24 24 24 24 E2 24 24 24 D6 DB
  nt_row_08=DE D8 EF 24 24 E2 24 7C 7D 7E 7F 80 81 82 83 84 85 86 87 88 89 8A 8B 24 24 24 E3 24 24 24 D6 DF
  nt_row_11=DE DB D7 24 24 E3 70 AF B0 B1 B2 B3 B4 B5 B6 B7 B8 B9 BA BB BC BD BE BF C0 24 E2 24 24 D6 DB DB
  nt_row_13=DE DB EE 24 24 E3 24 C6 C7 C8 C8 C8 24 C9 CA CB CC CD C8 C8 C8 C8 E8 E9 D3 24 E2 24 24 D6 DB DB
  nt_row_17=DC DA DC D7 24 24 24 24 24 24 24 24 24 F0 01 09 08 06 24 17 12 17 1D 0E 17 0D 18 24 D6 DC DB DF
  nt_row_20=E1 D9 DC ED E0 EF 24 24 19 1E 1C 11 24 1C 1D 0A 1B 1D 24 0B 1E 1D 1D 18 17 24 24 24 D6 D8 E1 D9
  pal=360F00103617270F36081A2836303B2200303B160017270F00081A2800303B22
  chr_008=00000000000000000000000000000000
  chr_01C=00000000000000000000000000000000
  chr_108=78C4E47886867C000000000000000000
  chr_11C=78CCC07C06C67C000000000000000000
SNAPSHOT frame=878 reason=state_change
  state gm=00 ready=01 script=00 sub=00 ppu_idx=00 ram_005C=00 auto=00 phase=00 frm=E9 ctrl=B0 mask=1E ctrl_shadow=B0 mask_shadow=1E flush_done=01 vblank=00 mirror=10
  nt_row_04=DC EE 24 24 24 24 24 24 24 24 24 24 24 24 24 24 24 24 24 24 24 24 24 24 24 24 24 24 24 24 D6 DB
  nt_row_07=DE EE 24 24 24 E3 24 24 71 72 73 74 75 76 77 78 79 79 79 7A 7B 24 24 24 24 24 E2 24 24 24 D6 DB
  nt_row_08=DE D8 EF 24 24 E2 24 7C 7D 7E 7F 80 81 82 83 84 85 86 87 88 89 8A 8B 24 24 24 E3 24 24 24 D6 DF
  nt_row_11=DE DB D7 24 24 E3 70 AF B0 B1 B2 B3 B4 B5 B6 B7 B8 B9 BA BB BC BD BE BF C0 24 E2 24 24 D6 DB DB
  nt_row_13=DE DB EE 24 24 E3 24 C6 C7 C8 C8 C8 24 C9 CA CB CC CD C8 C8 C8 C8 E8 E9 D3 24 E2 24 24 D6 DB DB
  nt_row_17=DC DA DC D7 24 24 24 24 24 24 24 24 24 F0 01 09 08 06 24 17 12 17 1D 0E 17 0D 18 24 D6 DC DB DF
  nt_row_20=E1 D9 DC ED E0 EF 24 24 19 1E 1C 11 24 1C 1D 0A 1B 1D 24 0B 1E 1D 1D 18 17 24 24 24 D6 D8 E1 D9
  pal=360F00103617270F36081A2836303B2200303B160017270F00081A2800303B22
  chr_008=00000000000000000000000000000000
  chr_01C=00000000000000000000000000000000
  chr_108=78C4E47886867C000000000000000000
  chr_11C=78CCC07C06C67C000000000000000000
SNAPSHOT frame=879 reason=state_change
  state gm=00 ready=01 script=00 sub=00 ppu_idx=00 ram_005C=00 auto=00 phase=00 frm=EA ctrl=B0 mask=1E ctrl_shadow=B0 mask_shadow=1E flush_done=01 vblank=00 mirror=10
  nt_row_04=DC EE 24 24 24 24 24 24 24 24 24 24 24 24 24 24 24 24 24 24 24 24 24 24 24 24 24 24 24 24 D6 DB
  nt_row_07=DE EE 24 24 24 E3 24 24 71 72 73 74 75 76 77 78 79 79 79 7A 7B 24 24 24 24 24 E2 24 24 24 D6 DB
  nt_row_08=DE D8 EF 24 24 E2 24 7C 7D 7E 7F 80 81 82 83 84 85 86 87 88 89 8A 8B 24 24 24 E3 24 24 24 D6 DF
  nt_row_11=DE DB D7 24 24 E3 70 AF B0 B1 B2 B3 B4 B5 B6 B7 B8 B9 BA BB BC BD BE BF C0 24 E2 24 24 D6 DB DB
  nt_row_13=DE DB EE 24 24 E3 24 C6 C7 C8 C8 C8 24 C9 CA CB CC CD C8 C8 C8 C8 E8 E9 D3 24 E2 24 24 D6 DB DB
  nt_row_17=DC DA DC D7 24 24 24 24 24 24 24 24 24 F0 01 09 08 06 24 17 12 17 1D 0E 17 0D 18 24 D6 DC DB DF
  nt_row_20=E1 D9 DC ED E0 EF 24 24 19 1E 1C 11 24 1C 1D 0A 1B 1D 24 0B 1E 1D 1D 18 17 24 24 24 D6 D8 E1 D9
  pal=360F00103617270F36081A2836303B2200303B160017270F00081A2800303B22
  chr_008=00000000000000000000000000000000
  chr_01C=00000000000000000000000000000000
  chr_108=78C4E47886867C000000000000000000
  chr_11C=78CCC07C06C67C000000000000000000
SNAPSHOT frame=880 reason=state_change
  state gm=00 ready=01 script=00 sub=00 ppu_idx=00 ram_005C=00 auto=00 phase=00 frm=EB ctrl=B0 mask=1E ctrl_shadow=B0 mask_shadow=1E flush_done=01 vblank=00 mirror=10
  nt_row_04=DC EE 24 24 24 24 24 24 24 24 24 24 24 24 24 24 24 24 24 24 24 24 24 24 24 24 24 24 24 24 D6 DB
  nt_row_07=DE EE 24 24 24 E3 24 24 71 72 73 74 75 76 77 78 79 79 79 7A 7B 24 24 24 24 24 E2 24 24 24 D6 DB
  nt_row_08=DE D8 EF 24 24 E2 24 7C 7D 7E 7F 80 81 82 83 84 85 86 87 88 89 8A 8B 24 24 24 E3 24 24 24 D6 DF
  nt_row_11=DE DB D7 24 24 E3 70 AF B0 B1 B2 B3 B4 B5 B6 B7 B8 B9 BA BB BC BD BE BF C0 24 E2 24 24 D6 DB DB
  nt_row_13=DE DB EE 24 24 E3 24 C6 C7 C8 C8 C8 24 C9 CA CB CC CD C8 C8 C8 C8 E8 E9 D3 24 E2 24 24 D6 DB DB
  nt_row_17=DC DA DC D7 24 24 24 24 24 24 24 24 24 F0 01 09 08 06 24 17 12 17 1D 0E 17 0D 18 24 D6 DC DB DF
  nt_row_20=E1 D9 DC ED E0 EF 24 24 19 1E 1C 11 24 1C 1D 0A 1B 1D 24 0B 1E 1D 1D 18 17 24 24 24 D6 D8 E1 D9
  pal=360F00103617270F36081A2836303B2200303B160017270F00081A2800303B22
  chr_008=00000000000000000000000000000000
  chr_01C=00000000000000000000000000000000
  chr_108=78C4E47886867C000000000000000000
  chr_11C=78CCC07C06C67C000000000000000000
SNAPSHOT frame=881 reason=state_change
  state gm=00 ready=01 script=00 sub=00 ppu_idx=00 ram_005C=00 auto=00 phase=00 frm=EC ctrl=B0 mask=1E ctrl_shadow=B0 mask_shadow=1E flush_done=01 vblank=00 mirror=10
  nt_row_04=DC EE 24 24 24 24 24 24 24 24 24 24 24 24 24 24 24 24 24 24 24 24 24 24 24 24 24 24 24 24 D6 DB
  nt_row_07=DE EE 24 24 24 E3 24 24 71 72 73 74 75 76 77 78 79 79 79 7A 7B 24 24 24 24 24 E2 24 24 24 D6 DB
  nt_row_08=DE D8 EF 24 24 E2 24 7C 7D 7E 7F 80 81 82 83 84 85 86 87 88 89 8A 8B 24 24 24 E3 24 24 24 D6 DF
  nt_row_11=DE DB D7 24 24 E3 70 AF B0 B1 B2 B3 B4 B5 B6 B7 B8 B9 BA BB BC BD BE BF C0 24 E2 24 24 D6 DB DB
  nt_row_13=DE DB EE 24 24 E3 24 C6 C7 C8 C8 C8 24 C9 CA CB CC CD C8 C8 C8 C8 E8 E9 D3 24 E2 24 24 D6 DB DB
  nt_row_17=DC DA DC D7 24 24 24 24 24 24 24 24 24 F0 01 09 08 06 24 17 12 17 1D 0E 17 0D 18 24 D6 DC DB DF
  nt_row_20=E1 D9 DC ED E0 EF 24 24 19 1E 1C 11 24 1C 1D 0A 1B 1D 24 0B 1E 1D 1D 18 17 24 24 24 D6 D8 E1 D9
  pal=360F00103617270F36081A2836303B2200303B160017270F00081A2800303B22
  chr_008=00000000000000000000000000000000
  chr_01C=00000000000000000000000000000000
  chr_108=78C4E47886867C000000000000000000
  chr_11C=78CCC07C06C67C000000000000000000
SNAPSHOT frame=882 reason=state_change
  state gm=00 ready=01 script=00 sub=00 ppu_idx=00 ram_005C=00 auto=00 phase=00 frm=ED ctrl=B0 mask=1E ctrl_shadow=B0 mask_shadow=1E flush_done=01 vblank=00 mirror=10
  nt_row_04=DC EE 24 24 24 24 24 24 24 24 24 24 24 24 24 24 24 24 24 24 24 24 24 24 24 24 24 24 24 24 D6 DB
  nt_row_07=DE EE 24 24 24 E3 24 24 71 72 73 74 75 76 77 78 79 79 79 7A 7B 24 24 24 24 24 E2 24 24 24 D6 DB
  nt_row_08=DE D8 EF 24 24 E2 24 7C 7D 7E 7F 80 81 82 83 84 85 86 87 88 89 8A 8B 24 24 24 E3 24 24 24 D6 DF
  nt_row_11=DE DB D7 24 24 E3 70 AF B0 B1 B2 B3 B4 B5 B6 B7 B8 B9 BA BB BC BD BE BF C0 24 E2 24 24 D6 DB DB
  nt_row_13=DE DB EE 24 24 E3 24 C6 C7 C8 C8 C8 24 C9 CA CB CC CD C8 C8 C8 C8 E8 E9 D3 24 E2 24 24 D6 DB DB
  nt_row_17=DC DA DC D7 24 24 24 24 24 24 24 24 24 F0 01 09 08 06 24 17 12 17 1D 0E 17 0D 18 24 D6 DC DB DF
  nt_row_20=E1 D9 DC ED E0 EF 24 24 19 1E 1C 11 24 1C 1D 0A 1B 1D 24 0B 1E 1D 1D 18 17 24 24 24 D6 D8 E1 D9
  pal=360F00103617270F36081A2836303B2200303B160017270F00081A2800303B22
  chr_008=00000000000000000000000000000000
  chr_01C=00000000000000000000000000000000
  chr_108=78C4E47886867C000000000000000000
  chr_11C=78CCC07C06C67C000000000000000000
SNAPSHOT frame=883 reason=state_change
  state gm=00 ready=01 script=00 sub=00 ppu_idx=00 ram_005C=00 auto=00 phase=00 frm=EE ctrl=B0 mask=1E ctrl_shadow=B0 mask_shadow=1E flush_done=01 vblank=00 mirror=10
  nt_row_04=DC EE 24 24 24 24 24 24 24 24 24 24 24 24 24 24 24 24 24 24 24 24 24 24 24 24 24 24 24 24 D6 DB
  nt_row_07=DE EE 24 24 24 E3 24 24 71 72 73 74 75 76 77 78 79 79 79 7A 7B 24 24 24 24 24 E2 24 24 24 D6 DB
  nt_row_08=DE D8 EF 24 24 E2 24 7C 7D 7E 7F 80 81 82 83 84 85 86 87 88 89 8A 8B 24 24 24 E3 24 24 24 D6 DF
  nt_row_11=DE DB D7 24 24 E3 70 AF B0 B1 B2 B3 B4 B5 B6 B7 B8 B9 BA BB BC BD BE BF C0 24 E2 24 24 D6 DB DB
  nt_row_13=DE DB EE 24 24 E3 24 C6 C7 C8 C8 C8 24 C9 CA CB CC CD C8 C8 C8 C8 E8 E9 D3 24 E2 24 24 D6 DB DB
  nt_row_17=DC DA DC D7 24 24 24 24 24 24 24 24 24 F0 01 09 08 06 24 17 12 17 1D 0E 17 0D 18 24 D6 DC DB DF
  nt_row_20=E1 D9 DC ED E0 EF 24 24 19 1E 1C 11 24 1C 1D 0A 1B 1D 24 0B 1E 1D 1D 18 17 24 24 24 D6 D8 E1 D9
  pal=360F00103617270F36081A2836303B2200303B160017270F00081A2800303B22
  chr_008=00000000000000000000000000000000
  chr_01C=00000000000000000000000000000000
  chr_108=78C4E47886867C000000000000000000
  chr_11C=78CCC07C06C67C000000000000000000
SNAPSHOT frame=884 reason=state_change
  state gm=00 ready=01 script=00 sub=00 ppu_idx=00 ram_005C=00 auto=00 phase=00 frm=EF ctrl=B0 mask=1E ctrl_shadow=B0 mask_shadow=1E flush_done=01 vblank=00 mirror=10
  nt_row_04=DC EE 24 24 24 24 24 24 24 24 24 24 24 24 24 24 24 24 24 24 24 24 24 24 24 24 24 24 24 24 D6 DB
  nt_row_07=DE EE 24 24 24 E3 24 24 71 72 73 74 75 76 77 78 79 79 79 7A 7B 24 24 24 24 24 E2 24 24 24 D6 DB
  nt_row_08=DE D8 EF 24 24 E2 24 7C 7D 7E 7F 80 81 82 83 84 85 86 87 88 89 8A 8B 24 24 24 E3 24 24 24 D6 DF
  nt_row_11=DE DB D7 24 24 E3 70 AF B0 B1 B2 B3 B4 B5 B6 B7 B8 B9 BA BB BC BD BE BF C0 24 E2 24 24 D6 DB DB
  nt_row_13=DE DB EE 24 24 E3 24 C6 C7 C8 C8 C8 24 C9 CA CB CC CD C8 C8 C8 C8 E8 E9 D3 24 E2 24 24 D6 DB DB
  nt_row_17=DC DA DC D7 24 24 24 24 24 24 24 24 24 F0 01 09 08 06 24 17 12 17 1D 0E 17 0D 18 24 D6 DC DB DF
  nt_row_20=E1 D9 DC ED E0 EF 24 24 19 1E 1C 11 24 1C 1D 0A 1B 1D 24 0B 1E 1D 1D 18 17 24 24 24 D6 D8 E1 D9
  pal=360F00103617270F36081A2836303B2200303B160017270F00081A2800303B22
  chr_008=00000000000000000000000000000000
  chr_01C=00000000000000000000000000000000
  chr_108=78C4E47886867C000000000000000000
  chr_11C=78CCC07C06C67C000000000000000000
SNAPSHOT frame=885 reason=state_change
  state gm=00 ready=01 script=00 sub=00 ppu_idx=00 ram_005C=00 auto=00 phase=00 frm=F0 ctrl=B0 mask=1E ctrl_shadow=B0 mask_shadow=1E flush_done=01 vblank=00 mirror=10
  nt_row_04=DC EE 24 24 24 24 24 24 24 24 24 24 24 24 24 24 24 24 24 24 24 24 24 24 24 24 24 24 24 24 D6 DB
  nt_row_07=DE EE 24 24 24 E3 24 24 71 72 73 74 75 76 77 78 79 79 79 7A 7B 24 24 24 24 24 E2 24 24 24 D6 DB
  nt_row_08=DE D8 EF 24 24 E2 24 7C 7D 7E 7F 80 81 82 83 84 85 86 87 88 89 8A 8B 24 24 24 E3 24 24 24 D6 DF
  nt_row_11=DE DB D7 24 24 E3 70 AF B0 B1 B2 B3 B4 B5 B6 B7 B8 B9 BA BB BC BD BE BF C0 24 E2 24 24 D6 DB DB
  nt_row_13=DE DB EE 24 24 E3 24 C6 C7 C8 C8 C8 24 C9 CA CB CC CD C8 C8 C8 C8 E8 E9 D3 24 E2 24 24 D6 DB DB
  nt_row_17=DC DA DC D7 24 24 24 24 24 24 24 24 24 F0 01 09 08 06 24 17 12 17 1D 0E 17 0D 18 24 D6 DC DB DF
  nt_row_20=E1 D9 DC ED E0 EF 24 24 19 1E 1C 11 24 1C 1D 0A 1B 1D 24 0B 1E 1D 1D 18 17 24 24 24 D6 D8 E1 D9
  pal=360F00103617270F36081A2836303B2200303B160017270F00081A2800303B22
  chr_008=00000000000000000000000000000000
  chr_01C=00000000000000000000000000000000
  chr_108=78C4E47886867C000000000000000000
  chr_11C=78CCC07C06C67C000000000000000000
SNAPSHOT frame=886 reason=state_change
  state gm=00 ready=01 script=00 sub=00 ppu_idx=00 ram_005C=00 auto=00 phase=00 frm=F1 ctrl=B0 mask=1E ctrl_shadow=B0 mask_shadow=1E flush_done=01 vblank=00 mirror=10
  nt_row_04=DC EE 24 24 24 24 24 24 24 24 24 24 24 24 24 24 24 24 24 24 24 24 24 24 24 24 24 24 24 24 D6 DB
  nt_row_07=DE EE 24 24 24 E3 24 24 71 72 73 74 75 76 77 78 79 79 79 7A 7B 24 24 24 24 24 E2 24 24 24 D6 DB
  nt_row_08=DE D8 EF 24 24 E2 24 7C 7D 7E 7F 80 81 82 83 84 85 86 87 88 89 8A 8B 24 24 24 E3 24 24 24 D6 DF
  nt_row_11=DE DB D7 24 24 E3 70 AF B0 B1 B2 B3 B4 B5 B6 B7 B8 B9 BA BB BC BD BE BF C0 24 E2 24 24 D6 DB DB
  nt_row_13=DE DB EE 24 24 E3 24 C6 C7 C8 C8 C8 24 C9 CA CB CC CD C8 C8 C8 C8 E8 E9 D3 24 E2 24 24 D6 DB DB
  nt_row_17=DC DA DC D7 24 24 24 24 24 24 24 24 24 F0 01 09 08 06 24 17 12 17 1D 0E 17 0D 18 24 D6 DC DB DF
  nt_row_20=E1 D9 DC ED E0 EF 24 24 19 1E 1C 11 24 1C 1D 0A 1B 1D 24 0B 1E 1D 1D 18 17 24 24 24 D6 D8 E1 D9
  pal=360F00103617270F36081A2836303B2200303B160017270F00081A2800303B22
  chr_008=00000000000000000000000000000000
  chr_01C=00000000000000000000000000000000
  chr_108=78C4E47886867C000000000000000000
  chr_11C=78CCC07C06C67C000000000000000000
SNAPSHOT frame=887 reason=state_change
  state gm=00 ready=01 script=00 sub=00 ppu_idx=00 ram_005C=00 auto=00 phase=00 frm=F2 ctrl=B0 mask=1E ctrl_shadow=B0 mask_shadow=1E flush_done=01 vblank=00 mirror=10
  nt_row_04=DC EE 24 24 24 24 24 24 24 24 24 24 24 24 24 24 24 24 24 24 24 24 24 24 24 24 24 24 24 24 D6 DB
  nt_row_07=DE EE 24 24 24 E3 24 24 71 72 73 74 75 76 77 78 79 79 79 7A 7B 24 24 24 24 24 E2 24 24 24 D6 DB
  nt_row_08=DE D8 EF 24 24 E2 24 7C 7D 7E 7F 80 81 82 83 84 85 86 87 88 89 8A 8B 24 24 24 E3 24 24 24 D6 DF
  nt_row_11=DE DB D7 24 24 E3 70 AF B0 B1 B2 B3 B4 B5 B6 B7 B8 B9 BA BB BC BD BE BF C0 24 E2 24 24 D6 DB DB
  nt_row_13=DE DB EE 24 24 E3 24 C6 C7 C8 C8 C8 24 C9 CA CB CC CD C8 C8 C8 C8 E8 E9 D3 24 E2 24 24 D6 DB DB
  nt_row_17=DC DA DC D7 24 24 24 24 24 24 24 24 24 F0 01 09 08 06 24 17 12 17 1D 0E 17 0D 18 24 D6 DC DB DF
  nt_row_20=E1 D9 DC ED E0 EF 24 24 19 1E 1C 11 24 1C 1D 0A 1B 1D 24 0B 1E 1D 1D 18 17 24 24 24 D6 D8 E1 D9
  pal=360F00103617270F36081A2836303B2200303B160017270F00081A2800303B22
  chr_008=00000000000000000000000000000000
  chr_01C=00000000000000000000000000000000
  chr_108=78C4E47886867C000000000000000000
  chr_11C=78CCC07C06C67C000000000000000000
SNAPSHOT frame=888 reason=state_change
  state gm=00 ready=01 script=00 sub=00 ppu_idx=00 ram_005C=00 auto=00 phase=00 frm=F3 ctrl=B0 mask=1E ctrl_shadow=B0 mask_shadow=1E flush_done=01 vblank=00 mirror=10
  nt_row_04=DC EE 24 24 24 24 24 24 24 24 24 24 24 24 24 24 24 24 24 24 24 24 24 24 24 24 24 24 24 24 D6 DB
  nt_row_07=DE EE 24 24 24 E3 24 24 71 72 73 74 75 76 77 78 79 79 79 7A 7B 24 24 24 24 24 E2 24 24 24 D6 DB
  nt_row_08=DE D8 EF 24 24 E2 24 7C 7D 7E 7F 80 81 82 83 84 85 86 87 88 89 8A 8B 24 24 24 E3 24 24 24 D6 DF
  nt_row_11=DE DB D7 24 24 E3 70 AF B0 B1 B2 B3 B4 B5 B6 B7 B8 B9 BA BB BC BD BE BF C0 24 E2 24 24 D6 DB DB
  nt_row_13=DE DB EE 24 24 E3 24 C6 C7 C8 C8 C8 24 C9 CA CB CC CD C8 C8 C8 C8 E8 E9 D3 24 E2 24 24 D6 DB DB
  nt_row_17=DC DA DC D7 24 24 24 24 24 24 24 24 24 F0 01 09 08 06 24 17 12 17 1D 0E 17 0D 18 24 D6 DC DB DF
  nt_row_20=E1 D9 DC ED E0 EF 24 24 19 1E 1C 11 24 1C 1D 0A 1B 1D 24 0B 1E 1D 1D 18 17 24 24 24 D6 D8 E1 D9
  pal=360F00103617270F36081A2836303B2200303B160017270F00081A2800303B22
  chr_008=00000000000000000000000000000000
  chr_01C=00000000000000000000000000000000
  chr_108=78C4E47886867C000000000000000000
  chr_11C=78CCC07C06C67C000000000000000000
SNAPSHOT frame=889 reason=state_change
  state gm=00 ready=01 script=00 sub=00 ppu_idx=00 ram_005C=00 auto=00 phase=00 frm=F4 ctrl=B0 mask=1E ctrl_shadow=B0 mask_shadow=1E flush_done=01 vblank=00 mirror=10
  nt_row_04=DC EE 24 24 24 24 24 24 24 24 24 24 24 24 24 24 24 24 24 24 24 24 24 24 24 24 24 24 24 24 D6 DB
  nt_row_07=DE EE 24 24 24 E3 24 24 71 72 73 74 75 76 77 78 79 79 79 7A 7B 24 24 24 24 24 E2 24 24 24 D6 DB
  nt_row_08=DE D8 EF 24 24 E2 24 7C 7D 7E 7F 80 81 82 83 84 85 86 87 88 89 8A 8B 24 24 24 E3 24 24 24 D6 DF
  nt_row_11=DE DB D7 24 24 E3 70 AF B0 B1 B2 B3 B4 B5 B6 B7 B8 B9 BA BB BC BD BE BF C0 24 E2 24 24 D6 DB DB
  nt_row_13=DE DB EE 24 24 E3 24 C6 C7 C8 C8 C8 24 C9 CA CB CC CD C8 C8 C8 C8 E8 E9 D3 24 E2 24 24 D6 DB DB
  nt_row_17=DC DA DC D7 24 24 24 24 24 24 24 24 24 F0 01 09 08 06 24 17 12 17 1D 0E 17 0D 18 24 D6 DC DB DF
  nt_row_20=E1 D9 DC ED E0 EF 24 24 19 1E 1C 11 24 1C 1D 0A 1B 1D 24 0B 1E 1D 1D 18 17 24 24 24 D6 D8 E1 D9
  pal=360F00103617270F36081A2836303B2200303B160017270F00081A2800303B22
  chr_008=00000000000000000000000000000000
  chr_01C=00000000000000000000000000000000
  chr_108=78C4E47886867C000000000000000000
  chr_11C=78CCC07C06C67C000000000000000000
SNAPSHOT frame=890 reason=state_change
  state gm=00 ready=01 script=00 sub=00 ppu_idx=00 ram_005C=00 auto=00 phase=00 frm=F5 ctrl=B0 mask=1E ctrl_shadow=B0 mask_shadow=1E flush_done=01 vblank=00 mirror=10
  nt_row_04=DC EE 24 24 24 24 24 24 24 24 24 24 24 24 24 24 24 24 24 24 24 24 24 24 24 24 24 24 24 24 D6 DB
  nt_row_07=DE EE 24 24 24 E3 24 24 71 72 73 74 75 76 77 78 79 79 79 7A 7B 24 24 24 24 24 E2 24 24 24 D6 DB
  nt_row_08=DE D8 EF 24 24 E2 24 7C 7D 7E 7F 80 81 82 83 84 85 86 87 88 89 8A 8B 24 24 24 E3 24 24 24 D6 DF
  nt_row_11=DE DB D7 24 24 E3 70 AF B0 B1 B2 B3 B4 B5 B6 B7 B8 B9 BA BB BC BD BE BF C0 24 E2 24 24 D6 DB DB
  nt_row_13=DE DB EE 24 24 E3 24 C6 C7 C8 C8 C8 24 C9 CA CB CC CD C8 C8 C8 C8 E8 E9 D3 24 E2 24 24 D6 DB DB
  nt_row_17=DC DA DC D7 24 24 24 24 24 24 24 24 24 F0 01 09 08 06 24 17 12 17 1D 0E 17 0D 18 24 D6 DC DB DF
  nt_row_20=E1 D9 DC ED E0 EF 24 24 19 1E 1C 11 24 1C 1D 0A 1B 1D 24 0B 1E 1D 1D 18 17 24 24 24 D6 D8 E1 D9
  pal=360F00103617270F36081A2836303B2200303B160017270F00081A2800303B22
  chr_008=00000000000000000000000000000000
  chr_01C=00000000000000000000000000000000
  chr_108=78C4E47886867C000000000000000000
  chr_11C=78CCC07C06C67C000000000000000000
SNAPSHOT frame=891 reason=state_change
  state gm=00 ready=01 script=00 sub=00 ppu_idx=00 ram_005C=00 auto=00 phase=00 frm=F6 ctrl=B0 mask=1E ctrl_shadow=B0 mask_shadow=1E flush_done=01 vblank=00 mirror=10
  nt_row_04=DC EE 24 24 24 24 24 24 24 24 24 24 24 24 24 24 24 24 24 24 24 24 24 24 24 24 24 24 24 24 D6 DB
  nt_row_07=DE EE 24 24 24 E3 24 24 71 72 73 74 75 76 77 78 79 79 79 7A 7B 24 24 24 24 24 E2 24 24 24 D6 DB
  nt_row_08=DE D8 EF 24 24 E2 24 7C 7D 7E 7F 80 81 82 83 84 85 86 87 88 89 8A 8B 24 24 24 E3 24 24 24 D6 DF
  nt_row_11=DE DB D7 24 24 E3 70 AF B0 B1 B2 B3 B4 B5 B6 B7 B8 B9 BA BB BC BD BE BF C0 24 E2 24 24 D6 DB DB
  nt_row_13=DE DB EE 24 24 E3 24 C6 C7 C8 C8 C8 24 C9 CA CB CC CD C8 C8 C8 C8 E8 E9 D3 24 E2 24 24 D6 DB DB
  nt_row_17=DC DA DC D7 24 24 24 24 24 24 24 24 24 F0 01 09 08 06 24 17 12 17 1D 0E 17 0D 18 24 D6 DC DB DF
  nt_row_20=E1 D9 DC ED E0 EF 24 24 19 1E 1C 11 24 1C 1D 0A 1B 1D 24 0B 1E 1D 1D 18 17 24 24 24 D6 D8 E1 D9
  pal=360F00103617270F36081A2836303B2200303B160017270F00081A2800303B22
  chr_008=00000000000000000000000000000000
  chr_01C=00000000000000000000000000000000
  chr_108=78C4E47886867C000000000000000000
  chr_11C=78CCC07C06C67C000000000000000000
SNAPSHOT frame=892 reason=state_change
  state gm=00 ready=01 script=00 sub=00 ppu_idx=00 ram_005C=00 auto=00 phase=00 frm=F7 ctrl=B0 mask=1E ctrl_shadow=B0 mask_shadow=1E flush_done=01 vblank=00 mirror=10
  nt_row_04=DC EE 24 24 24 24 24 24 24 24 24 24 24 24 24 24 24 24 24 24 24 24 24 24 24 24 24 24 24 24 D6 DB
  nt_row_07=DE EE 24 24 24 E3 24 24 71 72 73 74 75 76 77 78 79 79 79 7A 7B 24 24 24 24 24 E2 24 24 24 D6 DB
  nt_row_08=DE D8 EF 24 24 E2 24 7C 7D 7E 7F 80 81 82 83 84 85 86 87 88 89 8A 8B 24 24 24 E3 24 24 24 D6 DF
  nt_row_11=DE DB D7 24 24 E3 70 AF B0 B1 B2 B3 B4 B5 B6 B7 B8 B9 BA BB BC BD BE BF C0 24 E2 24 24 D6 DB DB
  nt_row_13=DE DB EE 24 24 E3 24 C6 C7 C8 C8 C8 24 C9 CA CB CC CD C8 C8 C8 C8 E8 E9 D3 24 E2 24 24 D6 DB DB
  nt_row_17=DC DA DC D7 24 24 24 24 24 24 24 24 24 F0 01 09 08 06 24 17 12 17 1D 0E 17 0D 18 24 D6 DC DB DF
  nt_row_20=E1 D9 DC ED E0 EF 24 24 19 1E 1C 11 24 1C 1D 0A 1B 1D 24 0B 1E 1D 1D 18 17 24 24 24 D6 D8 E1 D9
  pal=360F00103617270F36081A2836303B2200303B160017270F00081A2800303B22
  chr_008=00000000000000000000000000000000
  chr_01C=00000000000000000000000000000000
  chr_108=78C4E47886867C000000000000000000
  chr_11C=78CCC07C06C67C000000000000000000
SNAPSHOT frame=893 reason=state_change
  state gm=00 ready=01 script=00 sub=00 ppu_idx=00 ram_005C=00 auto=00 phase=00 frm=F8 ctrl=B0 mask=1E ctrl_shadow=B0 mask_shadow=1E flush_done=01 vblank=00 mirror=10
  nt_row_04=DC EE 24 24 24 24 24 24 24 24 24 24 24 24 24 24 24 24 24 24 24 24 24 24 24 24 24 24 24 24 D6 DB
  nt_row_07=DE EE 24 24 24 E3 24 24 71 72 73 74 75 76 77 78 79 79 79 7A 7B 24 24 24 24 24 E2 24 24 24 D6 DB
  nt_row_08=DE D8 EF 24 24 E2 24 7C 7D 7E 7F 80 81 82 83 84 85 86 87 88 89 8A 8B 24 24 24 E3 24 24 24 D6 DF
  nt_row_11=DE DB D7 24 24 E3 70 AF B0 B1 B2 B3 B4 B5 B6 B7 B8 B9 BA BB BC BD BE BF C0 24 E2 24 24 D6 DB DB
  nt_row_13=DE DB EE 24 24 E3 24 C6 C7 C8 C8 C8 24 C9 CA CB CC CD C8 C8 C8 C8 E8 E9 D3 24 E2 24 24 D6 DB DB
  nt_row_17=DC DA DC D7 24 24 24 24 24 24 24 24 24 F0 01 09 08 06 24 17 12 17 1D 0E 17 0D 18 24 D6 DC DB DF
  nt_row_20=E1 D9 DC ED E0 EF 24 24 19 1E 1C 11 24 1C 1D 0A 1B 1D 24 0B 1E 1D 1D 18 17 24 24 24 D6 D8 E1 D9
  pal=360F00103617270F36081A2836303B2200303B160017270F00081A2800303B22
  chr_008=00000000000000000000000000000000
  chr_01C=00000000000000000000000000000000
  chr_108=78C4E47886867C000000000000000000
  chr_11C=78CCC07C06C67C000000000000000000
SNAPSHOT frame=894 reason=state_change
  state gm=00 ready=01 script=00 sub=00 ppu_idx=00 ram_005C=00 auto=00 phase=00 frm=F9 ctrl=B0 mask=1E ctrl_shadow=B0 mask_shadow=1E flush_done=01 vblank=00 mirror=10
  nt_row_04=DC EE 24 24 24 24 24 24 24 24 24 24 24 24 24 24 24 24 24 24 24 24 24 24 24 24 24 24 24 24 D6 DB
  nt_row_07=DE EE 24 24 24 E3 24 24 71 72 73 74 75 76 77 78 79 79 79 7A 7B 24 24 24 24 24 E2 24 24 24 D6 DB
  nt_row_08=DE D8 EF 24 24 E2 24 7C 7D 7E 7F 80 81 82 83 84 85 86 87 88 89 8A 8B 24 24 24 E3 24 24 24 D6 DF
  nt_row_11=DE DB D7 24 24 E3 70 AF B0 B1 B2 B3 B4 B5 B6 B7 B8 B9 BA BB BC BD BE BF C0 24 E2 24 24 D6 DB DB
  nt_row_13=DE DB EE 24 24 E3 24 C6 C7 C8 C8 C8 24 C9 CA CB CC CD C8 C8 C8 C8 E8 E9 D3 24 E2 24 24 D6 DB DB
  nt_row_17=DC DA DC D7 24 24 24 24 24 24 24 24 24 F0 01 09 08 06 24 17 12 17 1D 0E 17 0D 18 24 D6 DC DB DF
  nt_row_20=E1 D9 DC ED E0 EF 24 24 19 1E 1C 11 24 1C 1D 0A 1B 1D 24 0B 1E 1D 1D 18 17 24 24 24 D6 D8 E1 D9
  pal=360F00103617270F36081A2836303B2200303B160017270F00081A2800303B22
  chr_008=00000000000000000000000000000000
  chr_01C=00000000000000000000000000000000
  chr_108=78C4E47886867C000000000000000000
  chr_11C=78CCC07C06C67C000000000000000000
SNAPSHOT frame=895 reason=state_change
  state gm=00 ready=01 script=00 sub=00 ppu_idx=00 ram_005C=00 auto=00 phase=00 frm=FA ctrl=B0 mask=1E ctrl_shadow=B0 mask_shadow=1E flush_done=01 vblank=00 mirror=10
  nt_row_04=DC EE 24 24 24 24 24 24 24 24 24 24 24 24 24 24 24 24 24 24 24 24 24 24 24 24 24 24 24 24 D6 DB
  nt_row_07=DE EE 24 24 24 E3 24 24 71 72 73 74 75 76 77 78 79 79 79 7A 7B 24 24 24 24 24 E2 24 24 24 D6 DB
  nt_row_08=DE D8 EF 24 24 E2 24 7C 7D 7E 7F 80 81 82 83 84 85 86 87 88 89 8A 8B 24 24 24 E3 24 24 24 D6 DF
  nt_row_11=DE DB D7 24 24 E3 70 AF B0 B1 B2 B3 B4 B5 B6 B7 B8 B9 BA BB BC BD BE BF C0 24 E2 24 24 D6 DB DB
  nt_row_13=DE DB EE 24 24 E3 24 C6 C7 C8 C8 C8 24 C9 CA CB CC CD C8 C8 C8 C8 E8 E9 D3 24 E2 24 24 D6 DB DB
  nt_row_17=DC DA DC D7 24 24 24 24 24 24 24 24 24 F0 01 09 08 06 24 17 12 17 1D 0E 17 0D 18 24 D6 DC DB DF
  nt_row_20=E1 D9 DC ED E0 EF 24 24 19 1E 1C 11 24 1C 1D 0A 1B 1D 24 0B 1E 1D 1D 18 17 24 24 24 D6 D8 E1 D9
  pal=360F00103617270F36081A2836303B2200303B160017270F00081A2800303B22
  chr_008=00000000000000000000000000000000
  chr_01C=00000000000000000000000000000000
  chr_108=78C4E47886867C000000000000000000
  chr_11C=78CCC07C06C67C000000000000000000
SNAPSHOT frame=896 reason=state_change
  state gm=00 ready=01 script=00 sub=00 ppu_idx=00 ram_005C=00 auto=00 phase=00 frm=FB ctrl=B0 mask=1E ctrl_shadow=B0 mask_shadow=1E flush_done=01 vblank=00 mirror=10
  nt_row_04=DC EE 24 24 24 24 24 24 24 24 24 24 24 24 24 24 24 24 24 24 24 24 24 24 24 24 24 24 24 24 D6 DB
  nt_row_07=DE EE 24 24 24 E3 24 24 71 72 73 74 75 76 77 78 79 79 79 7A 7B 24 24 24 24 24 E2 24 24 24 D6 DB
  nt_row_08=DE D8 EF 24 24 E2 24 7C 7D 7E 7F 80 81 82 83 84 85 86 87 88 89 8A 8B 24 24 24 E3 24 24 24 D6 DF
  nt_row_11=DE DB D7 24 24 E3 70 AF B0 B1 B2 B3 B4 B5 B6 B7 B8 B9 BA BB BC BD BE BF C0 24 E2 24 24 D6 DB DB
  nt_row_13=DE DB EE 24 24 E3 24 C6 C7 C8 C8 C8 24 C9 CA CB CC CD C8 C8 C8 C8 E8 E9 D3 24 E2 24 24 D6 DB DB
  nt_row_17=DC DA DC D7 24 24 24 24 24 24 24 24 24 F0 01 09 08 06 24 17 12 17 1D 0E 17 0D 18 24 D6 DC DB DF
  nt_row_20=E1 D9 DC ED E0 EF 24 24 19 1E 1C 11 24 1C 1D 0A 1B 1D 24 0B 1E 1D 1D 18 17 24 24 24 D6 D8 E1 D9
  pal=360F00103617270F36081A2836303B2200303B160017270F00081A2800303B22
  chr_008=00000000000000000000000000000000
  chr_01C=00000000000000000000000000000000
  chr_108=78C4E47886867C000000000000000000
  chr_11C=78CCC07C06C67C000000000000000000
SNAPSHOT frame=897 reason=state_change
  state gm=00 ready=01 script=00 sub=00 ppu_idx=00 ram_005C=00 auto=00 phase=00 frm=FC ctrl=B0 mask=1E ctrl_shadow=B0 mask_shadow=1E flush_done=01 vblank=00 mirror=10
  nt_row_04=DC EE 24 24 24 24 24 24 24 24 24 24 24 24 24 24 24 24 24 24 24 24 24 24 24 24 24 24 24 24 D6 DB
  nt_row_07=DE EE 24 24 24 E3 24 24 71 72 73 74 75 76 77 78 79 79 79 7A 7B 24 24 24 24 24 E2 24 24 24 D6 DB
  nt_row_08=DE D8 EF 24 24 E2 24 7C 7D 7E 7F 80 81 82 83 84 85 86 87 88 89 8A 8B 24 24 24 E3 24 24 24 D6 DF
  nt_row_11=DE DB D7 24 24 E3 70 AF B0 B1 B2 B3 B4 B5 B6 B7 B8 B9 BA BB BC BD BE BF C0 24 E2 24 24 D6 DB DB
  nt_row_13=DE DB EE 24 24 E3 24 C6 C7 C8 C8 C8 24 C9 CA CB CC CD C8 C8 C8 C8 E8 E9 D3 24 E2 24 24 D6 DB DB
  nt_row_17=DC DA DC D7 24 24 24 24 24 24 24 24 24 F0 01 09 08 06 24 17 12 17 1D 0E 17 0D 18 24 D6 DC DB DF
  nt_row_20=E1 D9 DC ED E0 EF 24 24 19 1E 1C 11 24 1C 1D 0A 1B 1D 24 0B 1E 1D 1D 18 17 24 24 24 D6 D8 E1 D9
  pal=360F00103617270F36081A2836303B2200303B160017270F00081A2800303B22
  chr_008=00000000000000000000000000000000
  chr_01C=00000000000000000000000000000000
  chr_108=78C4E47886867C000000000000000000
  chr_11C=78CCC07C06C67C000000000000000000
SNAPSHOT frame=898 reason=state_change
  state gm=00 ready=01 script=00 sub=00 ppu_idx=00 ram_005C=00 auto=00 phase=00 frm=FD ctrl=B0 mask=1E ctrl_shadow=B0 mask_shadow=1E flush_done=01 vblank=00 mirror=10
  nt_row_04=DC EE 24 24 24 24 24 24 24 24 24 24 24 24 24 24 24 24 24 24 24 24 24 24 24 24 24 24 24 24 D6 DB
  nt_row_07=DE EE 24 24 24 E3 24 24 71 72 73 74 75 76 77 78 79 79 79 7A 7B 24 24 24 24 24 E2 24 24 24 D6 DB
  nt_row_08=DE D8 EF 24 24 E2 24 7C 7D 7E 7F 80 81 82 83 84 85 86 87 88 89 8A 8B 24 24 24 E3 24 24 24 D6 DF
  nt_row_11=DE DB D7 24 24 E3 70 AF B0 B1 B2 B3 B4 B5 B6 B7 B8 B9 BA BB BC BD BE BF C0 24 E2 24 24 D6 DB DB
  nt_row_13=DE DB EE 24 24 E3 24 C6 C7 C8 C8 C8 24 C9 CA CB CC CD C8 C8 C8 C8 E8 E9 D3 24 E2 24 24 D6 DB DB
  nt_row_17=DC DA DC D7 24 24 24 24 24 24 24 24 24 F0 01 09 08 06 24 17 12 17 1D 0E 17 0D 18 24 D6 DC DB DF
  nt_row_20=E1 D9 DC ED E0 EF 24 24 19 1E 1C 11 24 1C 1D 0A 1B 1D 24 0B 1E 1D 1D 18 17 24 24 24 D6 D8 E1 D9
  pal=360F00103617270F36081A2836303B2200303B160017270F00081A2800303B22
  chr_008=00000000000000000000000000000000
  chr_01C=00000000000000000000000000000000
  chr_108=78C4E47886867C000000000000000000
  chr_11C=78CCC07C06C67C000000000000000000
SNAPSHOT frame=899 reason=state_change
  state gm=00 ready=01 script=00 sub=00 ppu_idx=00 ram_005C=00 auto=00 phase=00 frm=FE ctrl=B0 mask=1E ctrl_shadow=B0 mask_shadow=1E flush_done=01 vblank=00 mirror=10
  nt_row_04=DC EE 24 24 24 24 24 24 24 24 24 24 24 24 24 24 24 24 24 24 24 24 24 24 24 24 24 24 24 24 D6 DB
  nt_row_07=DE EE 24 24 24 E3 24 24 71 72 73 74 75 76 77 78 79 79 79 7A 7B 24 24 24 24 24 E2 24 24 24 D6 DB
  nt_row_08=DE D8 EF 24 24 E2 24 7C 7D 7E 7F 80 81 82 83 84 85 86 87 88 89 8A 8B 24 24 24 E3 24 24 24 D6 DF
  nt_row_11=DE DB D7 24 24 E3 70 AF B0 B1 B2 B3 B4 B5 B6 B7 B8 B9 BA BB BC BD BE BF C0 24 E2 24 24 D6 DB DB
  nt_row_13=DE DB EE 24 24 E3 24 C6 C7 C8 C8 C8 24 C9 CA CB CC CD C8 C8 C8 C8 E8 E9 D3 24 E2 24 24 D6 DB DB
  nt_row_17=DC DA DC D7 24 24 24 24 24 24 24 24 24 F0 01 09 08 06 24 17 12 17 1D 0E 17 0D 18 24 D6 DC DB DF
  nt_row_20=E1 D9 DC ED E0 EF 24 24 19 1E 1C 11 24 1C 1D 0A 1B 1D 24 0B 1E 1D 1D 18 17 24 24 24 D6 D8 E1 D9
  pal=360F00103617270F36081A2836303B2200303B160017270F00081A2800303B22
  chr_008=00000000000000000000000000000000
  chr_01C=00000000000000000000000000000000
  chr_108=78C4E47886867C000000000000000000
  chr_11C=78CCC07C06C67C000000000000000000
SNAPSHOT frame=900 reason=state_change
  state gm=00 ready=01 script=00 sub=00 ppu_idx=00 ram_005C=00 auto=00 phase=00 frm=FF ctrl=B0 mask=1E ctrl_shadow=B0 mask_shadow=1E flush_done=01 vblank=00 mirror=10
  nt_row_04=DC EE 24 24 24 24 24 24 24 24 24 24 24 24 24 24 24 24 24 24 24 24 24 24 24 24 24 24 24 24 D6 DB
  nt_row_07=DE EE 24 24 24 E3 24 24 71 72 73 74 75 76 77 78 79 79 79 7A 7B 24 24 24 24 24 E2 24 24 24 D6 DB
  nt_row_08=DE D8 EF 24 24 E2 24 7C 7D 7E 7F 80 81 82 83 84 85 86 87 88 89 8A 8B 24 24 24 E3 24 24 24 D6 DF
  nt_row_11=DE DB D7 24 24 E3 70 AF B0 B1 B2 B3 B4 B5 B6 B7 B8 B9 BA BB BC BD BE BF C0 24 E2 24 24 D6 DB DB
  nt_row_13=DE DB EE 24 24 E3 24 C6 C7 C8 C8 C8 24 C9 CA CB CC CD C8 C8 C8 C8 E8 E9 D3 24 E2 24 24 D6 DB DB
  nt_row_17=DC DA DC D7 24 24 24 24 24 24 24 24 24 F0 01 09 08 06 24 17 12 17 1D 0E 17 0D 18 24 D6 DC DB DF
  nt_row_20=E1 D9 DC ED E0 EF 24 24 19 1E 1C 11 24 1C 1D 0A 1B 1D 24 0B 1E 1D 1D 18 17 24 24 24 D6 D8 E1 D9
  pal=360F00103617270F36081A2836303B2200303B160017270F00081A2800303B22
  chr_008=00000000000000000000000000000000
  chr_01C=00000000000000000000000000000000
  chr_108=78C4E47886867C000000000000000000
  chr_11C=78CCC07C06C67C000000000000000000
SNAPSHOT frame=901 reason=state_change
  state gm=00 ready=01 script=00 sub=00 ppu_idx=00 ram_005C=00 auto=00 phase=00 frm=00 ctrl=B0 mask=1E ctrl_shadow=B0 mask_shadow=1E flush_done=01 vblank=00 mirror=10
  nt_row_04=DC EE 24 24 24 24 24 24 24 24 24 24 24 24 24 24 24 24 24 24 24 24 24 24 24 24 24 24 24 24 D6 DB
  nt_row_07=DE EE 24 24 24 E3 24 24 71 72 73 74 75 76 77 78 79 79 79 7A 7B 24 24 24 24 24 E2 24 24 24 D6 DB
  nt_row_08=DE D8 EF 24 24 E2 24 7C 7D 7E 7F 80 81 82 83 84 85 86 87 88 89 8A 8B 24 24 24 E3 24 24 24 D6 DF
  nt_row_11=DE DB D7 24 24 E3 70 AF B0 B1 B2 B3 B4 B5 B6 B7 B8 B9 BA BB BC BD BE BF C0 24 E2 24 24 D6 DB DB
  nt_row_13=DE DB EE 24 24 E3 24 C6 C7 C8 C8 C8 24 C9 CA CB CC CD C8 C8 C8 C8 E8 E9 D3 24 E2 24 24 D6 DB DB
  nt_row_17=DC DA DC D7 24 24 24 24 24 24 24 24 24 F0 01 09 08 06 24 17 12 17 1D 0E 17 0D 18 24 D6 DC DB DF
  nt_row_20=E1 D9 DC ED E0 EF 24 24 19 1E 1C 11 24 1C 1D 0A 1B 1D 24 0B 1E 1D 1D 18 17 24 24 24 D6 D8 E1 D9
  pal=360F00103617270F36081A2836303B2200303B160017270F00081A2800303B22
  chr_008=00000000000000000000000000000000
  chr_01C=00000000000000000000000000000000
  chr_108=78C4E47886867C000000000000000000
  chr_11C=78CCC07C06C67C000000000000000000
SNAPSHOT frame=902 reason=state_change
  state gm=00 ready=01 script=00 sub=00 ppu_idx=00 ram_005C=00 auto=00 phase=00 frm=01 ctrl=B0 mask=1E ctrl_shadow=B0 mask_shadow=1E flush_done=01 vblank=00 mirror=10
  nt_row_04=DC EE 24 24 24 24 24 24 24 24 24 24 24 24 24 24 24 24 24 24 24 24 24 24 24 24 24 24 24 24 D6 DB
  nt_row_07=DE EE 24 24 24 E3 24 24 71 72 73 74 75 76 77 78 79 79 79 7A 7B 24 24 24 24 24 E2 24 24 24 D6 DB
  nt_row_08=DE D8 EF 24 24 E2 24 7C 7D 7E 7F 80 81 82 83 84 85 86 87 88 89 8A 8B 24 24 24 E3 24 24 24 D6 DF
  nt_row_11=DE DB D7 24 24 E3 70 AF B0 B1 B2 B3 B4 B5 B6 B7 B8 B9 BA BB BC BD BE BF C0 24 E2 24 24 D6 DB DB
  nt_row_13=DE DB EE 24 24 E3 24 C6 C7 C8 C8 C8 24 C9 CA CB CC CD C8 C8 C8 C8 E8 E9 D3 24 E2 24 24 D6 DB DB
  nt_row_17=DC DA DC D7 24 24 24 24 24 24 24 24 24 F0 01 09 08 06 24 17 12 17 1D 0E 17 0D 18 24 D6 DC DB DF
  nt_row_20=E1 D9 DC ED E0 EF 24 24 19 1E 1C 11 24 1C 1D 0A 1B 1D 24 0B 1E 1D 1D 18 17 24 24 24 D6 D8 E1 D9
  pal=360F00103617270F36081A2836303B2200303B160017270F00081A2800303B22
  chr_008=00000000000000000000000000000000
  chr_01C=00000000000000000000000000000000
  chr_108=78C4E47886867C000000000000000000
  chr_11C=78CCC07C06C67C000000000000000000
SNAPSHOT frame=903 reason=state_change
  state gm=00 ready=01 script=00 sub=00 ppu_idx=00 ram_005C=00 auto=00 phase=00 frm=02 ctrl=B0 mask=1E ctrl_shadow=B0 mask_shadow=1E flush_done=01 vblank=00 mirror=10
  nt_row_04=DC EE 24 24 24 24 24 24 24 24 24 24 24 24 24 24 24 24 24 24 24 24 24 24 24 24 24 24 24 24 D6 DB
  nt_row_07=DE EE 24 24 24 E3 24 24 71 72 73 74 75 76 77 78 79 79 79 7A 7B 24 24 24 24 24 E2 24 24 24 D6 DB
  nt_row_08=DE D8 EF 24 24 E2 24 7C 7D 7E 7F 80 81 82 83 84 85 86 87 88 89 8A 8B 24 24 24 E3 24 24 24 D6 DF
  nt_row_11=DE DB D7 24 24 E3 70 AF B0 B1 B2 B3 B4 B5 B6 B7 B8 B9 BA BB BC BD BE BF C0 24 E2 24 24 D6 DB DB
  nt_row_13=DE DB EE 24 24 E3 24 C6 C7 C8 C8 C8 24 C9 CA CB CC CD C8 C8 C8 C8 E8 E9 D3 24 E2 24 24 D6 DB DB
  nt_row_17=DC DA DC D7 24 24 24 24 24 24 24 24 24 F0 01 09 08 06 24 17 12 17 1D 0E 17 0D 18 24 D6 DC DB DF
  nt_row_20=E1 D9 DC ED E0 EF 24 24 19 1E 1C 11 24 1C 1D 0A 1B 1D 24 0B 1E 1D 1D 18 17 24 24 24 D6 D8 E1 D9
  pal=360F00103617270F36081A2836303B2200303B160017270F00081A2800303B22
  chr_008=00000000000000000000000000000000
  chr_01C=00000000000000000000000000000000
  chr_108=78C4E47886867C000000000000000000
  chr_11C=78CCC07C06C67C000000000000000000
SNAPSHOT frame=904 reason=state_change
  state gm=00 ready=01 script=00 sub=00 ppu_idx=00 ram_005C=00 auto=00 phase=00 frm=03 ctrl=B0 mask=1E ctrl_shadow=B0 mask_shadow=1E flush_done=01 vblank=00 mirror=10
  nt_row_04=DC EE 24 24 24 24 24 24 24 24 24 24 24 24 24 24 24 24 24 24 24 24 24 24 24 24 24 24 24 24 D6 DB
  nt_row_07=DE EE 24 24 24 E3 24 24 71 72 73 74 75 76 77 78 79 79 79 7A 7B 24 24 24 24 24 E2 24 24 24 D6 DB
  nt_row_08=DE D8 EF 24 24 E2 24 7C 7D 7E 7F 80 81 82 83 84 85 86 87 88 89 8A 8B 24 24 24 E3 24 24 24 D6 DF
  nt_row_11=DE DB D7 24 24 E3 70 AF B0 B1 B2 B3 B4 B5 B6 B7 B8 B9 BA BB BC BD BE BF C0 24 E2 24 24 D6 DB DB
  nt_row_13=DE DB EE 24 24 E3 24 C6 C7 C8 C8 C8 24 C9 CA CB CC CD C8 C8 C8 C8 E8 E9 D3 24 E2 24 24 D6 DB DB
  nt_row_17=DC DA DC D7 24 24 24 24 24 24 24 24 24 F0 01 09 08 06 24 17 12 17 1D 0E 17 0D 18 24 D6 DC DB DF
  nt_row_20=E1 D9 DC ED E0 EF 24 24 19 1E 1C 11 24 1C 1D 0A 1B 1D 24 0B 1E 1D 1D 18 17 24 24 24 D6 D8 E1 D9
  pal=360F00103617270F36081A2836303B2200303B160017270F00081A2800303B22
  chr_008=00000000000000000000000000000000
  chr_01C=00000000000000000000000000000000
  chr_108=78C4E47886867C000000000000000000
  chr_11C=78CCC07C06C67C000000000000000000
SNAPSHOT frame=905 reason=state_change
  state gm=00 ready=01 script=00 sub=00 ppu_idx=00 ram_005C=00 auto=00 phase=00 frm=04 ctrl=B0 mask=1E ctrl_shadow=B0 mask_shadow=1E flush_done=01 vblank=00 mirror=10
  nt_row_04=DC EE 24 24 24 24 24 24 24 24 24 24 24 24 24 24 24 24 24 24 24 24 24 24 24 24 24 24 24 24 D6 DB
  nt_row_07=DE EE 24 24 24 E3 24 24 71 72 73 74 75 76 77 78 79 79 79 7A 7B 24 24 24 24 24 E2 24 24 24 D6 DB
  nt_row_08=DE D8 EF 24 24 E2 24 7C 7D 7E 7F 80 81 82 83 84 85 86 87 88 89 8A 8B 24 24 24 E3 24 24 24 D6 DF
  nt_row_11=DE DB D7 24 24 E3 70 AF B0 B1 B2 B3 B4 B5 B6 B7 B8 B9 BA BB BC BD BE BF C0 24 E2 24 24 D6 DB DB
  nt_row_13=DE DB EE 24 24 E3 24 C6 C7 C8 C8 C8 24 C9 CA CB CC CD C8 C8 C8 C8 E8 E9 D3 24 E2 24 24 D6 DB DB
  nt_row_17=DC DA DC D7 24 24 24 24 24 24 24 24 24 F0 01 09 08 06 24 17 12 17 1D 0E 17 0D 18 24 D6 DC DB DF
  nt_row_20=E1 D9 DC ED E0 EF 24 24 19 1E 1C 11 24 1C 1D 0A 1B 1D 24 0B 1E 1D 1D 18 17 24 24 24 D6 D8 E1 D9
  pal=360F00103617270F36081A2836303B2200303B160017270F00081A2800303B22
  chr_008=00000000000000000000000000000000
  chr_01C=00000000000000000000000000000000
  chr_108=78C4E47886867C000000000000000000
  chr_11C=78CCC07C06C67C000000000000000000
SNAPSHOT frame=906 reason=state_change
  state gm=00 ready=01 script=00 sub=00 ppu_idx=00 ram_005C=00 auto=00 phase=01 frm=05 ctrl=B0 mask=1E ctrl_shadow=B0 mask_shadow=1E flush_done=00 vblank=00 mirror=10
  nt_row_04=DC EE 24 24 24 24 24 24 24 24 24 24 24 24 24 24 24 24 24 24 24 24 24 24 24 24 24 24 24 24 D6 DB
  nt_row_07=DE EE 24 24 24 E3 24 24 71 72 73 74 75 76 77 78 79 79 79 7A 7B 24 24 24 24 24 E2 24 24 24 D6 DB
  nt_row_08=DE D8 EF 24 24 E2 24 7C 7D 7E 7F 80 81 82 83 84 85 86 87 88 89 8A 8B 24 24 24 E3 24 24 24 D6 DF
  nt_row_11=DE DB D7 24 24 E3 70 AF B0 B1 B2 B3 B4 B5 B6 B7 B8 B9 BA BB BC BD BE BF C0 24 E2 24 24 D6 DB DB
  nt_row_13=DE DB EE 24 24 E3 24 C6 C7 C8 C8 C8 24 C9 CA CB CC CD C8 C8 C8 C8 E8 E9 D3 24 E2 24 24 D6 DB DB
  nt_row_17=DC DA DC D7 24 24 24 24 24 24 24 24 24 F0 01 09 08 06 24 17 12 17 1D 0E 17 0D 18 24 D6 DC DB DF
  nt_row_20=E1 D9 DC ED E0 EF 24 24 19 1E 1C 11 24 1C 1D 0A 1B 1D 24 0B 1E 1D 1D 18 17 24 24 24 D6 D8 E1 D9
  pal=360F00103617270F36081A2836303B2200303B160017270F00081A2800303B22
  chr_008=00000000000000000000000000000000
  chr_01C=00000000000000000000000000000000
  chr_108=78C4E47886867C000000000000000000
  chr_11C=78CCC07C06C67C000000000000000000
SNAPSHOT frame=907 reason=state_change
  state gm=00 ready=01 script=00 sub=00 ppu_idx=00 ram_005C=00 auto=00 phase=01 frm=06 ctrl=B0 mask=1E ctrl_shadow=B0 mask_shadow=1E flush_done=00 vblank=00 mirror=10
  nt_row_04=DC EE 24 24 24 24 24 24 24 24 24 24 24 24 24 24 24 24 24 24 24 24 24 24 24 24 24 24 24 24 D6 DB
  nt_row_07=DE EE 24 24 24 E3 24 24 71 72 73 74 75 76 77 78 79 79 79 7A 7B 24 24 24 24 24 E2 24 24 24 D6 DB
  nt_row_08=DE D8 EF 24 24 E2 24 7C 7D 7E 7F 80 81 82 83 84 85 86 87 88 89 8A 8B 24 24 24 E3 24 24 24 D6 DF
  nt_row_11=DE DB D7 24 24 E3 70 AF B0 B1 B2 B3 B4 B5 B6 B7 B8 B9 BA BB BC BD BE BF C0 24 E2 24 24 D6 DB DB
  nt_row_13=DE DB EE 24 24 E3 24 C6 C7 C8 C8 C8 24 C9 CA CB CC CD C8 C8 C8 C8 E8 E9 D3 24 E2 24 24 D6 DB DB
  nt_row_17=DC DA DC D7 24 24 24 24 24 24 24 24 24 F0 01 09 08 06 24 17 12 17 1D 0E 17 0D 18 24 D6 DC DB DF
  nt_row_20=E1 D9 DC ED E0 EF 24 24 19 1E 1C 11 24 1C 1D 0A 1B 1D 24 0B 1E 1D 1D 18 17 24 24 24 D6 D8 E1 D9
  pal=360F00103617270F36081A2836303B2200303B160017270F00081A2800303B22
  chr_008=00000000000000000000000000000000
  chr_01C=00000000000000000000000000000000
  chr_108=78C4E47886867C000000000000000000
  chr_11C=78CCC07C06C67C000000000000000000
SNAPSHOT frame=908 reason=state_change
  state gm=00 ready=01 script=00 sub=00 ppu_idx=00 ram_005C=00 auto=00 phase=01 frm=07 ctrl=B0 mask=1E ctrl_shadow=B0 mask_shadow=1E flush_done=00 vblank=00 mirror=10
  nt_row_04=DC EE 24 24 24 24 24 24 24 24 24 24 24 24 24 24 24 24 24 24 24 24 24 24 24 24 24 24 24 24 D6 DB
  nt_row_07=DE EE 24 24 24 E3 24 24 71 72 73 74 75 76 77 78 79 79 79 7A 7B 24 24 24 24 24 E2 24 24 24 D6 DB
  nt_row_08=DE D8 EF 24 24 E2 24 7C 7D 7E 7F 80 81 82 83 84 85 86 87 88 89 8A 8B 24 24 24 E3 24 24 24 D6 DF
  nt_row_11=DE DB D7 24 24 E3 70 AF B0 B1 B2 B3 B4 B5 B6 B7 B8 B9 BA BB BC BD BE BF C0 24 E2 24 24 D6 DB DB
  nt_row_13=DE DB EE 24 24 E3 24 C6 C7 C8 C8 C8 24 C9 CA CB CC CD C8 C8 C8 C8 E8 E9 D3 24 E2 24 24 D6 DB DB
  nt_row_17=DC DA DC D7 24 24 24 24 24 24 24 24 24 F0 01 09 08 06 24 17 12 17 1D 0E 17 0D 18 24 D6 DC DB DF
  nt_row_20=E1 D9 DC ED E0 EF 24 24 19 1E 1C 11 24 1C 1D 0A 1B 1D 24 0B 1E 1D 1D 18 17 24 24 24 D6 D8 E1 D9
  pal=360F00103617270F36081A2836303B2200303B160017270F00081A2800303B22
  chr_008=00000000000000000000000000000000
  chr_01C=00000000000000000000000000000000
  chr_108=78C4E47886867C000000000000000000
  chr_11C=78CCC07C06C67C000000000000000000
SNAPSHOT frame=909 reason=state_change
  state gm=00 ready=01 script=00 sub=00 ppu_idx=00 ram_005C=00 auto=00 phase=01 frm=08 ctrl=B0 mask=1E ctrl_shadow=B0 mask_shadow=1E flush_done=00 vblank=01 mirror=10
  nt_row_04=DC EE 24 24 24 24 24 24 24 24 24 24 24 24 24 24 24 24 24 24 24 24 24 24 24 24 24 24 24 24 D6 DB
  nt_row_07=DE EE 24 24 24 E3 24 24 71 72 73 74 75 76 77 78 79 79 79 7A 7B 24 24 24 24 24 E2 24 24 24 D6 DB
  nt_row_08=DE D8 EF 24 24 E2 24 7C 7D 7E 7F 80 81 82 83 84 85 86 87 88 89 8A 8B 24 24 24 E3 24 24 24 D6 DF
  nt_row_11=DE DB D7 24 24 E3 70 AF B0 B1 B2 B3 B4 B5 B6 B7 B8 B9 BA BB BC BD BE BF C0 24 E2 24 24 D6 DB DB
  nt_row_13=DE DB EE 24 24 E3 24 C6 C7 C8 C8 C8 24 C9 CA CB CC CD C8 C8 C8 C8 E8 E9 D3 24 E2 24 24 D6 DB DB
  nt_row_17=DC DA DC D7 24 24 24 24 24 24 24 24 24 F0 01 09 08 06 24 17 12 17 1D 0E 17 0D 18 24 D6 DC DB DF
  nt_row_20=E1 D9 DC ED E0 EF 24 24 19 1E 1C 11 24 1C 1D 0A 1B 1D 24 0B 1E 1D 1D 18 17 24 24 24 D6 D8 E1 D9
  pal=360F00103617270F36081A2836303B2200303B160017270F00081A2800303B22
  chr_008=00000000000000000000000000000000
  chr_01C=00000000000000000000000000000000
  chr_108=78C4E47886867C000000000000000000
  chr_11C=78CCC07C06C67C000000000000000000
SNAPSHOT frame=947 reason=state_change
  state gm=00 ready=01 script=00 sub=00 ppu_idx=00 ram_005C=00 auto=00 phase=01 frm=09 ctrl=B0 mask=1E ctrl_shadow=B0 mask_shadow=1E flush_done=00 vblank=00 mirror=10
  nt_row_04=DC EE 24 24 24 24 24 24 24 24 24 24 24 24 24 24 24 24 24 24 24 24 24 24 24 24 24 24 24 24 D6 DB
  nt_row_07=DE EE 24 24 24 E3 24 24 71 72 73 74 75 76 77 78 79 79 79 7A 7B 24 24 24 24 24 E2 24 24 24 D6 DB
  nt_row_08=DE D8 EF 24 24 E2 24 7C 7D 7E 7F 80 81 82 83 84 85 86 87 88 89 8A 8B 24 24 24 E3 24 24 24 D6 DF
  nt_row_11=DE DB D7 24 24 E3 70 AF B0 B1 B2 B3 B4 B5 B6 B7 B8 B9 BA BB BC BD BE BF C0 24 E2 24 24 D6 DB DB
  nt_row_13=DE DB EE 24 24 E3 24 C6 C7 C8 C8 C8 24 C9 CA CB CC CD C8 C8 C8 C8 E8 E9 D3 24 E2 24 24 D6 DB DB
  nt_row_17=DC DA DC D7 24 24 24 24 24 24 24 24 24 F0 01 09 08 06 24 17 12 17 1D 0E 17 0D 18 24 D6 DC DB DF
  nt_row_20=E1 D9 DC ED E0 EF 24 24 19 1E 1C 11 24 1C 1D 0A 1B 1D 24 0B 1E 1D 1D 18 17 24 24 24 D6 D8 E1 D9
  pal=360F00103617270F36081A2836303B2200303B160017270F00081A2800303B22
  chr_008=00000000000000000000000000000000
  chr_01C=00000000000000000000000000000000
  chr_108=78C4E47886867C000000000000000000
  chr_11C=78CCC07C06C67C000000000000000000
SNAPSHOT frame=948 reason=state_change
  state gm=00 ready=01 script=00 sub=00 ppu_idx=00 ram_005C=00 auto=00 phase=01 frm=0A ctrl=B0 mask=1E ctrl_shadow=B0 mask_shadow=1E flush_done=00 vblank=00 mirror=10
  nt_row_04=DC EE 24 24 24 24 24 24 24 24 24 24 24 24 24 24 24 24 24 24 24 24 24 24 24 24 24 24 24 24 D6 DB
  nt_row_07=DE EE 24 24 24 E3 24 24 71 72 73 74 75 76 77 78 79 79 79 7A 7B 24 24 24 24 24 E2 24 24 24 D6 DB
  nt_row_08=DE D8 EF 24 24 E2 24 7C 7D 7E 7F 80 81 82 83 84 85 86 87 88 89 8A 8B 24 24 24 E3 24 24 24 D6 DF
  nt_row_11=DE DB D7 24 24 E3 70 AF B0 B1 B2 B3 B4 B5 B6 B7 B8 B9 BA BB BC BD BE BF C0 24 E2 24 24 D6 DB DB
  nt_row_13=DE DB EE 24 24 E3 24 C6 C7 C8 C8 C8 24 C9 CA CB CC CD C8 C8 C8 C8 E8 E9 D3 24 E2 24 24 D6 DB DB
  nt_row_17=DC DA DC D7 24 24 24 24 24 24 24 24 24 F0 01 09 08 06 24 17 12 17 1D 0E 17 0D 18 24 D6 DC DB DF
  nt_row_20=E1 D9 DC ED E0 EF 24 24 19 1E 1C 11 24 1C 1D 0A 1B 1D 24 0B 1E 1D 1D 18 17 24 24 24 D6 D8 E1 D9
  pal=360F00103617270F36081A2836303B2200303B160017270F00081A2800303B22
  chr_008=00000000000000000000000000000000
  chr_01C=00000000000000000000000000000000
  chr_108=78C4E47886867C000000000000000000
  chr_11C=78CCC07C06C67C000000000000000000
SNAPSHOT frame=949 reason=state_change
  state gm=00 ready=01 script=00 sub=00 ppu_idx=00 ram_005C=00 auto=00 phase=01 frm=0B ctrl=B0 mask=1E ctrl_shadow=B0 mask_shadow=1E flush_done=00 vblank=00 mirror=10
  nt_row_04=DC EE 24 24 24 24 24 24 24 24 24 24 24 24 24 24 24 24 24 24 24 24 24 24 24 24 24 24 24 24 D6 DB
  nt_row_07=DE EE 24 24 24 E3 24 24 71 72 73 74 75 76 77 78 79 79 79 7A 7B 24 24 24 24 24 E2 24 24 24 D6 DB
  nt_row_08=DE D8 EF 24 24 E2 24 7C 7D 7E 7F 80 81 82 83 84 85 86 87 88 89 8A 8B 24 24 24 E3 24 24 24 D6 DF
  nt_row_11=DE DB D7 24 24 E3 70 AF B0 B1 B2 B3 B4 B5 B6 B7 B8 B9 BA BB BC BD BE BF C0 24 E2 24 24 D6 DB DB
  nt_row_13=DE DB EE 24 24 E3 24 C6 C7 C8 C8 C8 24 C9 CA CB CC CD C8 C8 C8 C8 E8 E9 D3 24 E2 24 24 D6 DB DB
  nt_row_17=DC DA DC D7 24 24 24 24 24 24 24 24 24 F0 01 09 08 06 24 17 12 17 1D 0E 17 0D 18 24 D6 DC DB DF
  nt_row_20=E1 D9 DC ED E0 EF 24 24 19 1E 1C 11 24 1C 1D 0A 1B 1D 24 0B 1E 1D 1D 18 17 24 24 24 D6 D8 E1 D9
  pal=360F00103617270F36081A2836303B2200303B160017270F00081A2800303B22
  chr_008=00000000000000000000000000000000
  chr_01C=00000000000000000000000000000000
  chr_108=78C4E47886867C000000000000000000
  chr_11C=78CCC07C06C67C000000000000000000
SNAPSHOT frame=950 reason=state_change
  state gm=00 ready=01 script=00 sub=00 ppu_idx=00 ram_005C=00 auto=00 phase=01 frm=0C ctrl=B0 mask=1E ctrl_shadow=B0 mask_shadow=1E flush_done=00 vblank=01 mirror=10
  nt_row_04=DC EE 24 24 24 24 24 24 24 24 24 24 24 24 24 24 24 24 24 24 24 24 24 24 24 24 24 24 24 24 D6 DB
  nt_row_07=DE EE 24 24 24 E3 24 24 71 72 73 74 75 76 77 78 79 79 79 7A 7B 24 24 24 24 24 E2 24 24 24 D6 DB
  nt_row_08=DE D8 EF 24 24 E2 24 7C 7D 7E 7F 80 81 82 83 84 85 86 87 88 89 8A 8B 24 24 24 E3 24 24 24 D6 DF
  nt_row_11=DE DB D7 24 24 E3 70 AF B0 B1 B2 B3 B4 B5 B6 B7 B8 B9 BA BB BC BD BE BF C0 24 E2 24 24 D6 DB DB
  nt_row_13=DE DB EE 24 24 E3 24 C6 C7 C8 C8 C8 24 C9 CA CB CC CD C8 C8 C8 C8 E8 E9 D3 24 E2 24 24 D6 DB DB
  nt_row_17=DC DA DC D7 24 24 24 24 24 24 24 24 24 F0 01 09 08 06 24 17 12 17 1D 0E 17 0D 18 24 D6 DC DB DF
  nt_row_20=E1 D9 DC ED E0 EF 24 24 19 1E 1C 11 24 1C 1D 0A 1B 1D 24 0B 1E 1D 1D 18 17 24 24 24 D6 D8 E1 D9
  pal=360F00103617270F36081A2836303B2200303B160017270F00081A2800303B22
  chr_008=00000000000000000000000000000000
  chr_01C=00000000000000000000000000000000
  chr_108=78C4E47886867C000000000000000000
  chr_11C=78CCC07C06C67C000000000000000000
SNAPSHOT frame=988 reason=state_change
  state gm=00 ready=01 script=00 sub=00 ppu_idx=00 ram_005C=00 auto=00 phase=01 frm=0D ctrl=B0 mask=1E ctrl_shadow=B0 mask_shadow=1E flush_done=00 vblank=00 mirror=10
  nt_row_04=DC EE 24 24 24 24 24 24 24 24 24 24 24 24 24 24 24 24 24 24 24 24 24 24 24 24 24 24 24 24 D6 DB
  nt_row_07=DE EE 24 24 24 E3 24 24 71 72 73 74 75 76 77 78 79 79 79 7A 7B 24 24 24 24 24 E2 24 24 24 D6 DB
  nt_row_08=DE D8 EF 24 24 E2 24 7C 7D 7E 7F 80 81 82 83 84 85 86 87 88 89 8A 8B 24 24 24 E3 24 24 24 D6 DF
  nt_row_11=DE DB D7 24 24 E3 70 AF B0 B1 B2 B3 B4 B5 B6 B7 B8 B9 BA BB BC BD BE BF C0 24 E2 24 24 D6 DB DB
  nt_row_13=DE DB EE 24 24 E3 24 C6 C7 C8 C8 C8 24 C9 CA CB CC CD C8 C8 C8 C8 E8 E9 D3 24 E2 24 24 D6 DB DB
  nt_row_17=DC DA DC D7 24 24 24 24 24 24 24 24 24 F0 01 09 08 06 24 17 12 17 1D 0E 17 0D 18 24 D6 DC DB DF
  nt_row_20=E1 D9 DC ED E0 EF 24 24 19 1E 1C 11 24 1C 1D 0A 1B 1D 24 0B 1E 1D 1D 18 17 24 24 24 D6 D8 E1 D9
  pal=360F00103617270F36081A2836303B2200303B160017270F00081A2800303B22
  chr_008=00000000000000000000000000000000
  chr_01C=00000000000000000000000000000000
  chr_108=78C4E47886867C000000000000000000
  chr_11C=78CCC07C06C67C000000000000000000
SNAPSHOT frame=989 reason=state_change
  state gm=00 ready=01 script=00 sub=00 ppu_idx=00 ram_005C=00 auto=00 phase=01 frm=0E ctrl=B0 mask=1E ctrl_shadow=B0 mask_shadow=1E flush_done=00 vblank=00 mirror=10
  nt_row_04=DC EE 24 24 24 24 24 24 24 24 24 24 24 24 24 24 24 24 24 24 24 24 24 24 24 24 24 24 24 24 D6 DB
  nt_row_07=DE EE 24 24 24 E3 24 24 71 72 73 74 75 76 77 78 79 79 79 7A 7B 24 24 24 24 24 E2 24 24 24 D6 DB
  nt_row_08=DE D8 EF 24 24 E2 24 7C 7D 7E 7F 80 81 82 83 84 85 86 87 88 89 8A 8B 24 24 24 E3 24 24 24 D6 DF
  nt_row_11=DE DB D7 24 24 E3 70 AF B0 B1 B2 B3 B4 B5 B6 B7 B8 B9 BA BB BC BD BE BF C0 24 E2 24 24 D6 DB DB
  nt_row_13=DE DB EE 24 24 E3 24 C6 C7 C8 C8 C8 24 C9 CA CB CC CD C8 C8 C8 C8 E8 E9 D3 24 E2 24 24 D6 DB DB
  nt_row_17=DC DA DC D7 24 24 24 24 24 24 24 24 24 F0 01 09 08 06 24 17 12 17 1D 0E 17 0D 18 24 D6 DC DB DF
  nt_row_20=E1 D9 DC ED E0 EF 24 24 19 1E 1C 11 24 1C 1D 0A 1B 1D 24 0B 1E 1D 1D 18 17 24 24 24 D6 D8 E1 D9
  pal=360F00103617270F36081A2836303B2200303B160017270F00081A2800303B22
  chr_008=00000000000000000000000000000000
  chr_01C=00000000000000000000000000000000
  chr_108=78C4E47886867C000000000000000000
  chr_11C=78CCC07C06C67C000000000000000000
SNAPSHOT frame=990 reason=state_change
  state gm=00 ready=01 script=00 sub=00 ppu_idx=00 ram_005C=00 auto=00 phase=01 frm=0F ctrl=B0 mask=1E ctrl_shadow=B0 mask_shadow=1E flush_done=00 vblank=00 mirror=10
  nt_row_04=DC EE 24 24 24 24 24 24 24 24 24 24 24 24 24 24 24 24 24 24 24 24 24 24 24 24 24 24 24 24 D6 DB
  nt_row_07=DE EE 24 24 24 E3 24 24 71 72 73 74 75 76 77 78 79 79 79 7A 7B 24 24 24 24 24 E2 24 24 24 D6 DB
  nt_row_08=DE D8 EF 24 24 E2 24 7C 7D 7E 7F 80 81 82 83 84 85 86 87 88 89 8A 8B 24 24 24 E3 24 24 24 D6 DF
  nt_row_11=DE DB D7 24 24 E3 70 AF B0 B1 B2 B3 B4 B5 B6 B7 B8 B9 BA BB BC BD BE BF C0 24 E2 24 24 D6 DB DB
  nt_row_13=DE DB EE 24 24 E3 24 C6 C7 C8 C8 C8 24 C9 CA CB CC CD C8 C8 C8 C8 E8 E9 D3 24 E2 24 24 D6 DB DB
  nt_row_17=DC DA DC D7 24 24 24 24 24 24 24 24 24 F0 01 09 08 06 24 17 12 17 1D 0E 17 0D 18 24 D6 DC DB DF
  nt_row_20=E1 D9 DC ED E0 EF 24 24 19 1E 1C 11 24 1C 1D 0A 1B 1D 24 0B 1E 1D 1D 18 17 24 24 24 D6 D8 E1 D9
  pal=390F00103917270F39081A2839303B2200303B160017270F00081A2800303B22
  chr_008=00000000000000000000000000000000
  chr_01C=00000000000000000000000000000000
  chr_108=78C4E47886867C000000000000000000
  chr_11C=78CCC07C06C67C000000000000000000
SNAPSHOT frame=991 reason=state_change
  state gm=00 ready=01 script=00 sub=00 ppu_idx=00 ram_005C=00 auto=00 phase=01 frm=10 ctrl=B0 mask=1E ctrl_shadow=B0 mask_shadow=1E flush_done=00 vblank=01 mirror=10
  nt_row_04=DC EE 24 24 24 24 24 24 24 24 24 24 24 24 24 24 24 24 24 24 24 24 24 24 24 24 24 24 24 24 D6 DB
  nt_row_07=DE EE 24 24 24 E3 24 24 71 72 73 74 75 76 77 78 79 79 79 7A 7B 24 24 24 24 24 E2 24 24 24 D6 DB
  nt_row_08=DE D8 EF 24 24 E2 24 7C 7D 7E 7F 80 81 82 83 84 85 86 87 88 89 8A 8B 24 24 24 E3 24 24 24 D6 DF
  nt_row_11=DE DB D7 24 24 E3 70 AF B0 B1 B2 B3 B4 B5 B6 B7 B8 B9 BA BB BC BD BE BF C0 24 E2 24 24 D6 DB DB
  nt_row_13=DE DB EE 24 24 E3 24 C6 C7 C8 C8 C8 24 C9 CA CB CC CD C8 C8 C8 C8 E8 E9 D3 24 E2 24 24 D6 DB DB
  nt_row_17=DC DA DC D7 24 24 24 24 24 24 24 24 24 F0 01 09 08 06 24 17 12 17 1D 0E 17 0D 18 24 D6 DC DB DF
  nt_row_20=E1 D9 DC ED E0 EF 24 24 19 1E 1C 11 24 1C 1D 0A 1B 1D 24 0B 1E 1D 1D 18 17 24 24 24 D6 D8 E1 D9
  pal=390F00103917270F39081A2839303B2200303B160017270F00081A2800303B22
  chr_008=00000000000000000000000000000000
  chr_01C=00000000000000000000000000000000
  chr_108=78C4E47886867C000000000000000000
  chr_11C=78CCC07C06C67C000000000000000000
SNAPSHOT frame=1029 reason=state_change
  state gm=00 ready=01 script=00 sub=00 ppu_idx=00 ram_005C=00 auto=00 phase=01 frm=11 ctrl=B0 mask=1E ctrl_shadow=B0 mask_shadow=1E flush_done=00 vblank=00 mirror=10
  nt_row_04=DC EE 24 24 24 24 24 24 24 24 24 24 24 24 24 24 24 24 24 24 24 24 24 24 24 24 24 24 24 24 D6 DB
  nt_row_07=DE EE 24 24 24 E3 24 24 71 72 73 74 75 76 77 78 79 79 79 7A 7B 24 24 24 24 24 E2 24 24 24 D6 DB
  nt_row_08=DE D8 EF 24 24 E2 24 7C 7D 7E 7F 80 81 82 83 84 85 86 87 88 89 8A 8B 24 24 24 E3 24 24 24 D6 DF
  nt_row_11=DE DB D7 24 24 E3 70 AF B0 B1 B2 B3 B4 B5 B6 B7 B8 B9 BA BB BC BD BE BF C0 24 E2 24 24 D6 DB DB
  nt_row_13=DE DB EE 24 24 E3 24 C6 C7 C8 C8 C8 24 C9 CA CB CC CD C8 C8 C8 C8 E8 E9 D3 24 E2 24 24 D6 DB DB
  nt_row_17=DC DA DC D7 24 24 24 24 24 24 24 24 24 F0 01 09 08 06 24 17 12 17 1D 0E 17 0D 18 24 D6 DC DB DF
  nt_row_20=E1 D9 DC ED E0 EF 24 24 19 1E 1C 11 24 1C 1D 0A 1B 1D 24 0B 1E 1D 1D 18 17 24 24 24 D6 D8 E1 D9
  pal=390F00103917270F39081A2839303B2200303B160017270F00081A2800303B22
  chr_008=00000000000000000000000000000000
  chr_01C=00000000000000000000000000000000
  chr_108=78C4E47886867C000000000000000000
  chr_11C=78CCC07C06C67C000000000000000000
SNAPSHOT frame=1030 reason=state_change
  state gm=00 ready=01 script=00 sub=00 ppu_idx=00 ram_005C=00 auto=00 phase=01 frm=12 ctrl=B0 mask=1E ctrl_shadow=B0 mask_shadow=1E flush_done=00 vblank=00 mirror=10
  nt_row_04=DC EE 24 24 24 24 24 24 24 24 24 24 24 24 24 24 24 24 24 24 24 24 24 24 24 24 24 24 24 24 D6 DB
  nt_row_07=DE EE 24 24 24 E3 24 24 71 72 73 74 75 76 77 78 79 79 79 7A 7B 24 24 24 24 24 E2 24 24 24 D6 DB
  nt_row_08=DE D8 EF 24 24 E2 24 7C 7D 7E 7F 80 81 82 83 84 85 86 87 88 89 8A 8B 24 24 24 E3 24 24 24 D6 DF
  nt_row_11=DE DB D7 24 24 E3 70 AF B0 B1 B2 B3 B4 B5 B6 B7 B8 B9 BA BB BC BD BE BF C0 24 E2 24 24 D6 DB DB
  nt_row_13=DE DB EE 24 24 E3 24 C6 C7 C8 C8 C8 24 C9 CA CB CC CD C8 C8 C8 C8 E8 E9 D3 24 E2 24 24 D6 DB DB
  nt_row_17=DC DA DC D7 24 24 24 24 24 24 24 24 24 F0 01 09 08 06 24 17 12 17 1D 0E 17 0D 18 24 D6 DC DB DF
  nt_row_20=E1 D9 DC ED E0 EF 24 24 19 1E 1C 11 24 1C 1D 0A 1B 1D 24 0B 1E 1D 1D 18 17 24 24 24 D6 D8 E1 D9
  pal=390F00103917270F39081A2839303B2200303B160017270F00081A2800303B22
  chr_008=00000000000000000000000000000000
  chr_01C=00000000000000000000000000000000
  chr_108=78C4E47886867C000000000000000000
  chr_11C=78CCC07C06C67C000000000000000000
SNAPSHOT frame=1031 reason=state_change
  state gm=00 ready=01 script=00 sub=00 ppu_idx=00 ram_005C=00 auto=00 phase=01 frm=13 ctrl=B0 mask=1E ctrl_shadow=B0 mask_shadow=1E flush_done=00 vblank=00 mirror=10
  nt_row_04=DC EE 24 24 24 24 24 24 24 24 24 24 24 24 24 24 24 24 24 24 24 24 24 24 24 24 24 24 24 24 D6 DB
  nt_row_07=DE EE 24 24 24 E3 24 24 71 72 73 74 75 76 77 78 79 79 79 7A 7B 24 24 24 24 24 E2 24 24 24 D6 DB
  nt_row_08=DE D8 EF 24 24 E2 24 7C 7D 7E 7F 80 81 82 83 84 85 86 87 88 89 8A 8B 24 24 24 E3 24 24 24 D6 DF
  nt_row_11=DE DB D7 24 24 E3 70 AF B0 B1 B2 B3 B4 B5 B6 B7 B8 B9 BA BB BC BD BE BF C0 24 E2 24 24 D6 DB DB
  nt_row_13=DE DB EE 24 24 E3 24 C6 C7 C8 C8 C8 24 C9 CA CB CC CD C8 C8 C8 C8 E8 E9 D3 24 E2 24 24 D6 DB DB
  nt_row_17=DC DA DC D7 24 24 24 24 24 24 24 24 24 F0 01 09 08 06 24 17 12 17 1D 0E 17 0D 18 24 D6 DC DB DF
  nt_row_20=E1 D9 DC ED E0 EF 24 24 19 1E 1C 11 24 1C 1D 0A 1B 1D 24 0B 1E 1D 1D 18 17 24 24 24 D6 D8 E1 D9
  pal=390F00103917270F39081A2839303B2200303B160017270F00081A2800303B22
  chr_008=00000000000000000000000000000000
  chr_01C=00000000000000000000000000000000
  chr_108=78C4E47886867C000000000000000000
  chr_11C=78CCC07C06C67C000000000000000000
SNAPSHOT frame=1032 reason=state_change
  state gm=00 ready=01 script=00 sub=00 ppu_idx=00 ram_005C=00 auto=00 phase=01 frm=14 ctrl=B0 mask=1E ctrl_shadow=B0 mask_shadow=1E flush_done=00 vblank=01 mirror=10
  nt_row_04=DC EE 24 24 24 24 24 24 24 24 24 24 24 24 24 24 24 24 24 24 24 24 24 24 24 24 24 24 24 24 D6 DB
  nt_row_07=DE EE 24 24 24 E3 24 24 71 72 73 74 75 76 77 78 79 79 79 7A 7B 24 24 24 24 24 E2 24 24 24 D6 DB
  nt_row_08=DE D8 EF 24 24 E2 24 7C 7D 7E 7F 80 81 82 83 84 85 86 87 88 89 8A 8B 24 24 24 E3 24 24 24 D6 DF
  nt_row_11=DE DB D7 24 24 E3 70 AF B0 B1 B2 B3 B4 B5 B6 B7 B8 B9 BA BB BC BD BE BF C0 24 E2 24 24 D6 DB DB
  nt_row_13=DE DB EE 24 24 E3 24 C6 C7 C8 C8 C8 24 C9 CA CB CC CD C8 C8 C8 C8 E8 E9 D3 24 E2 24 24 D6 DB DB
  nt_row_17=DC DA DC D7 24 24 24 24 24 24 24 24 24 F0 01 09 08 06 24 17 12 17 1D 0E 17 0D 18 24 D6 DC DB DF
  nt_row_20=E1 D9 DC ED E0 EF 24 24 19 1E 1C 11 24 1C 1D 0A 1B 1D 24 0B 1E 1D 1D 18 17 24 24 24 D6 D8 E1 D9
  pal=390F00103917270F39081A2839303B2200303B160017270F00081A2800303B22
  chr_008=00000000000000000000000000000000
  chr_01C=00000000000000000000000000000000
  chr_108=78C4E47886867C000000000000000000
  chr_11C=78CCC07C06C67C000000000000000000
SNAPSHOT frame=1070 reason=state_change
  state gm=00 ready=01 script=00 sub=00 ppu_idx=00 ram_005C=00 auto=00 phase=01 frm=15 ctrl=B0 mask=1E ctrl_shadow=B0 mask_shadow=1E flush_done=00 vblank=00 mirror=10
  nt_row_04=DC EE 24 24 24 24 24 24 24 24 24 24 24 24 24 24 24 24 24 24 24 24 24 24 24 24 24 24 24 24 D6 DB
  nt_row_07=DE EE 24 24 24 E3 24 24 71 72 73 74 75 76 77 78 79 79 79 7A 7B 24 24 24 24 24 E2 24 24 24 D6 DB
  nt_row_08=DE D8 EF 24 24 E2 24 7C 7D 7E 7F 80 81 82 83 84 85 86 87 88 89 8A 8B 24 24 24 E3 24 24 24 D6 DF
  nt_row_11=DE DB D7 24 24 E3 70 AF B0 B1 B2 B3 B4 B5 B6 B7 B8 B9 BA BB BC BD BE BF C0 24 E2 24 24 D6 DB DB
  nt_row_13=DE DB EE 24 24 E3 24 C6 C7 C8 C8 C8 24 C9 CA CB CC CD C8 C8 C8 C8 E8 E9 D3 24 E2 24 24 D6 DB DB
  nt_row_17=DC DA DC D7 24 24 24 24 24 24 24 24 24 F0 01 09 08 06 24 17 12 17 1D 0E 17 0D 18 24 D6 DC DB DF
  nt_row_20=E1 D9 DC ED E0 EF 24 24 19 1E 1C 11 24 1C 1D 0A 1B 1D 24 0B 1E 1D 1D 18 17 24 24 24 D6 D8 E1 D9
  pal=390F00103917270F39081A2839303B2200303B160017270F00081A2800303B22
  chr_008=00000000000000000000000000000000
  chr_01C=00000000000000000000000000000000
  chr_108=78C4E47886867C000000000000000000
  chr_11C=78CCC07C06C67C000000000000000000
SNAPSHOT frame=1071 reason=state_change
  state gm=00 ready=01 script=00 sub=00 ppu_idx=00 ram_005C=00 auto=00 phase=01 frm=16 ctrl=B0 mask=1E ctrl_shadow=B0 mask_shadow=1E flush_done=00 vblank=00 mirror=10
  nt_row_04=DC EE 24 24 24 24 24 24 24 24 24 24 24 24 24 24 24 24 24 24 24 24 24 24 24 24 24 24 24 24 D6 DB
  nt_row_07=DE EE 24 24 24 E3 24 24 71 72 73 74 75 76 77 78 79 79 79 7A 7B 24 24 24 24 24 E2 24 24 24 D6 DB
  nt_row_08=DE D8 EF 24 24 E2 24 7C 7D 7E 7F 80 81 82 83 84 85 86 87 88 89 8A 8B 24 24 24 E3 24 24 24 D6 DF
  nt_row_11=DE DB D7 24 24 E3 70 AF B0 B1 B2 B3 B4 B5 B6 B7 B8 B9 BA BB BC BD BE BF C0 24 E2 24 24 D6 DB DB
  nt_row_13=DE DB EE 24 24 E3 24 C6 C7 C8 C8 C8 24 C9 CA CB CC CD C8 C8 C8 C8 E8 E9 D3 24 E2 24 24 D6 DB DB
  nt_row_17=DC DA DC D7 24 24 24 24 24 24 24 24 24 F0 01 09 08 06 24 17 12 17 1D 0E 17 0D 18 24 D6 DC DB DF
  nt_row_20=E1 D9 DC ED E0 EF 24 24 19 1E 1C 11 24 1C 1D 0A 1B 1D 24 0B 1E 1D 1D 18 17 24 24 24 D6 D8 E1 D9
  pal=390F00103917270F39081A2839303B2200303B160017270F00081A2800303B22
  chr_008=00000000000000000000000000000000
  chr_01C=00000000000000000000000000000000
  chr_108=78C4E47886867C000000000000000000
  chr_11C=78CCC07C06C67C000000000000000000
SNAPSHOT frame=1072 reason=state_change
  state gm=00 ready=01 script=00 sub=00 ppu_idx=00 ram_005C=00 auto=00 phase=01 frm=17 ctrl=B0 mask=1E ctrl_shadow=B0 mask_shadow=1E flush_done=00 vblank=00 mirror=10
  nt_row_04=DC EE 24 24 24 24 24 24 24 24 24 24 24 24 24 24 24 24 24 24 24 24 24 24 24 24 24 24 24 24 D6 DB
  nt_row_07=DE EE 24 24 24 E3 24 24 71 72 73 74 75 76 77 78 79 79 79 7A 7B 24 24 24 24 24 E2 24 24 24 D6 DB
  nt_row_08=DE D8 EF 24 24 E2 24 7C 7D 7E 7F 80 81 82 83 84 85 86 87 88 89 8A 8B 24 24 24 E3 24 24 24 D6 DF
  nt_row_11=DE DB D7 24 24 E3 70 AF B0 B1 B2 B3 B4 B5 B6 B7 B8 B9 BA BB BC BD BE BF C0 24 E2 24 24 D6 DB DB
  nt_row_13=DE DB EE 24 24 E3 24 C6 C7 C8 C8 C8 24 C9 CA CB CC CD C8 C8 C8 C8 E8 E9 D3 24 E2 24 24 D6 DB DB
  nt_row_17=DC DA DC D7 24 24 24 24 24 24 24 24 24 F0 01 09 08 06 24 17 12 17 1D 0E 17 0D 18 24 D6 DC DB DF
  nt_row_20=E1 D9 DC ED E0 EF 24 24 19 1E 1C 11 24 1C 1D 0A 1B 1D 24 0B 1E 1D 1D 18 17 24 24 24 D6 D8 E1 D9
  pal=310F00103117270F31081A2831303B2200303B160017270F00081A2800303B22
  chr_008=00000000000000000000000000000000
  chr_01C=00000000000000000000000000000000
  chr_108=78C4E47886867C000000000000000000
  chr_11C=78CCC07C06C67C000000000000000000
SNAPSHOT frame=1073 reason=state_change
  state gm=00 ready=01 script=00 sub=00 ppu_idx=00 ram_005C=00 auto=00 phase=01 frm=18 ctrl=B0 mask=1E ctrl_shadow=B0 mask_shadow=1E flush_done=00 vblank=01 mirror=10
  nt_row_04=DC EE 24 24 24 24 24 24 24 24 24 24 24 24 24 24 24 24 24 24 24 24 24 24 24 24 24 24 24 24 D6 DB
  nt_row_07=DE EE 24 24 24 E3 24 24 71 72 73 74 75 76 77 78 79 79 79 7A 7B 24 24 24 24 24 E2 24 24 24 D6 DB
  nt_row_08=DE D8 EF 24 24 E2 24 7C 7D 7E 7F 80 81 82 83 84 85 86 87 88 89 8A 8B 24 24 24 E3 24 24 24 D6 DF
  nt_row_11=DE DB D7 24 24 E3 70 AF B0 B1 B2 B3 B4 B5 B6 B7 B8 B9 BA BB BC BD BE BF C0 24 E2 24 24 D6 DB DB
  nt_row_13=DE DB EE 24 24 E3 24 C6 C7 C8 C8 C8 24 C9 CA CB CC CD C8 C8 C8 C8 E8 E9 D3 24 E2 24 24 D6 DB DB
  nt_row_17=DC DA DC D7 24 24 24 24 24 24 24 24 24 F0 01 09 08 06 24 17 12 17 1D 0E 17 0D 18 24 D6 DC DB DF
  nt_row_20=E1 D9 DC ED E0 EF 24 24 19 1E 1C 11 24 1C 1D 0A 1B 1D 24 0B 1E 1D 1D 18 17 24 24 24 D6 D8 E1 D9
  pal=310F00103117270F31081A2831303B2200303B160017270F00081A2800303B22
  chr_008=00000000000000000000000000000000
  chr_01C=00000000000000000000000000000000
  chr_108=78C4E47886867C000000000000000000
  chr_11C=78CCC07C06C67C000000000000000000
SNAPSHOT frame=1111 reason=state_change
  state gm=00 ready=01 script=00 sub=00 ppu_idx=00 ram_005C=00 auto=00 phase=01 frm=19 ctrl=B0 mask=1E ctrl_shadow=B0 mask_shadow=1E flush_done=00 vblank=00 mirror=10
  nt_row_04=DC EE 24 24 24 24 24 24 24 24 24 24 24 24 24 24 24 24 24 24 24 24 24 24 24 24 24 24 24 24 D6 DB
  nt_row_07=DE EE 24 24 24 E3 24 24 71 72 73 74 75 76 77 78 79 79 79 7A 7B 24 24 24 24 24 E2 24 24 24 D6 DB
  nt_row_08=DE D8 EF 24 24 E2 24 7C 7D 7E 7F 80 81 82 83 84 85 86 87 88 89 8A 8B 24 24 24 E3 24 24 24 D6 DF
  nt_row_11=DE DB D7 24 24 E3 70 AF B0 B1 B2 B3 B4 B5 B6 B7 B8 B9 BA BB BC BD BE BF C0 24 E2 24 24 D6 DB DB
  nt_row_13=DE DB EE 24 24 E3 24 C6 C7 C8 C8 C8 24 C9 CA CB CC CD C8 C8 C8 C8 E8 E9 D3 24 E2 24 24 D6 DB DB
  nt_row_17=DC DA DC D7 24 24 24 24 24 24 24 24 24 F0 01 09 08 06 24 17 12 17 1D 0E 17 0D 18 24 D6 DC DB DF
  nt_row_20=E1 D9 DC ED E0 EF 24 24 19 1E 1C 11 24 1C 1D 0A 1B 1D 24 0B 1E 1D 1D 18 17 24 24 24 D6 D8 E1 D9
  pal=310F00103117270F31081A2831303B2200303B160017270F00081A2800303B22
  chr_008=00000000000000000000000000000000
  chr_01C=00000000000000000000000000000000
  chr_108=78C4E47886867C000000000000000000
  chr_11C=78CCC07C06C67C000000000000000000
SNAPSHOT frame=1112 reason=state_change
  state gm=00 ready=01 script=00 sub=00 ppu_idx=00 ram_005C=00 auto=00 phase=01 frm=1A ctrl=B0 mask=1E ctrl_shadow=B0 mask_shadow=1E flush_done=00 vblank=00 mirror=10
  nt_row_04=DC EE 24 24 24 24 24 24 24 24 24 24 24 24 24 24 24 24 24 24 24 24 24 24 24 24 24 24 24 24 D6 DB
  nt_row_07=DE EE 24 24 24 E3 24 24 71 72 73 74 75 76 77 78 79 79 79 7A 7B 24 24 24 24 24 E2 24 24 24 D6 DB
  nt_row_08=DE D8 EF 24 24 E2 24 7C 7D 7E 7F 80 81 82 83 84 85 86 87 88 89 8A 8B 24 24 24 E3 24 24 24 D6 DF
  nt_row_11=DE DB D7 24 24 E3 70 AF B0 B1 B2 B3 B4 B5 B6 B7 B8 B9 BA BB BC BD BE BF C0 24 E2 24 24 D6 DB DB
  nt_row_13=DE DB EE 24 24 E3 24 C6 C7 C8 C8 C8 24 C9 CA CB CC CD C8 C8 C8 C8 E8 E9 D3 24 E2 24 24 D6 DB DB
  nt_row_17=DC DA DC D7 24 24 24 24 24 24 24 24 24 F0 01 09 08 06 24 17 12 17 1D 0E 17 0D 18 24 D6 DC DB DF
  nt_row_20=E1 D9 DC ED E0 EF 24 24 19 1E 1C 11 24 1C 1D 0A 1B 1D 24 0B 1E 1D 1D 18 17 24 24 24 D6 D8 E1 D9
  pal=310F00103117270F31081A2831303B2200303B160017270F00081A2800303B22
  chr_008=00000000000000000000000000000000
  chr_01C=00000000000000000000000000000000
  chr_108=78C4E47886867C000000000000000000
  chr_11C=78CCC07C06C67C000000000000000000
SNAPSHOT frame=1113 reason=state_change
  state gm=00 ready=01 script=00 sub=00 ppu_idx=00 ram_005C=00 auto=00 phase=01 frm=1B ctrl=B0 mask=1E ctrl_shadow=B0 mask_shadow=1E flush_done=00 vblank=00 mirror=10
  nt_row_04=DC EE 24 24 24 24 24 24 24 24 24 24 24 24 24 24 24 24 24 24 24 24 24 24 24 24 24 24 24 24 D6 DB
  nt_row_07=DE EE 24 24 24 E3 24 24 71 72 73 74 75 76 77 78 79 79 79 7A 7B 24 24 24 24 24 E2 24 24 24 D6 DB
  nt_row_08=DE D8 EF 24 24 E2 24 7C 7D 7E 7F 80 81 82 83 84 85 86 87 88 89 8A 8B 24 24 24 E3 24 24 24 D6 DF
  nt_row_11=DE DB D7 24 24 E3 70 AF B0 B1 B2 B3 B4 B5 B6 B7 B8 B9 BA BB BC BD BE BF C0 24 E2 24 24 D6 DB DB
  nt_row_13=DE DB EE 24 24 E3 24 C6 C7 C8 C8 C8 24 C9 CA CB CC CD C8 C8 C8 C8 E8 E9 D3 24 E2 24 24 D6 DB DB
  nt_row_17=DC DA DC D7 24 24 24 24 24 24 24 24 24 F0 01 09 08 06 24 17 12 17 1D 0E 17 0D 18 24 D6 DC DB DF
  nt_row_20=E1 D9 DC ED E0 EF 24 24 19 1E 1C 11 24 1C 1D 0A 1B 1D 24 0B 1E 1D 1D 18 17 24 24 24 D6 D8 E1 D9
  pal=310F00103117270F31081A2831303B2200303B160017270F00081A2800303B22
  chr_008=00000000000000000000000000000000
  chr_01C=00000000000000000000000000000000
  chr_108=78C4E47886867C000000000000000000
  chr_11C=78CCC07C06C67C000000000000000000
SNAPSHOT frame=1114 reason=state_change
  state gm=00 ready=01 script=00 sub=00 ppu_idx=00 ram_005C=00 auto=00 phase=01 frm=1C ctrl=B0 mask=1E ctrl_shadow=B0 mask_shadow=1E flush_done=00 vblank=01 mirror=10
  nt_row_04=DC EE 24 24 24 24 24 24 24 24 24 24 24 24 24 24 24 24 24 24 24 24 24 24 24 24 24 24 24 24 D6 DB
  nt_row_07=DE EE 24 24 24 E3 24 24 71 72 73 74 75 76 77 78 79 79 79 7A 7B 24 24 24 24 24 E2 24 24 24 D6 DB
  nt_row_08=DE D8 EF 24 24 E2 24 7C 7D 7E 7F 80 81 82 83 84 85 86 87 88 89 8A 8B 24 24 24 E3 24 24 24 D6 DF
  nt_row_11=DE DB D7 24 24 E3 70 AF B0 B1 B2 B3 B4 B5 B6 B7 B8 B9 BA BB BC BD BE BF C0 24 E2 24 24 D6 DB DB
  nt_row_13=DE DB EE 24 24 E3 24 C6 C7 C8 C8 C8 24 C9 CA CB CC CD C8 C8 C8 C8 E8 E9 D3 24 E2 24 24 D6 DB DB
  nt_row_17=DC DA DC D7 24 24 24 24 24 24 24 24 24 F0 01 09 08 06 24 17 12 17 1D 0E 17 0D 18 24 D6 DC DB DF
  nt_row_20=E1 D9 DC ED E0 EF 24 24 19 1E 1C 11 24 1C 1D 0A 1B 1D 24 0B 1E 1D 1D 18 17 24 24 24 D6 D8 E1 D9
  pal=310F00103117270F31081A2831303B2200303B160017270F00081A2800303B22
  chr_008=00000000000000000000000000000000
  chr_01C=00000000000000000000000000000000
  chr_108=78C4E47886867C000000000000000000
  chr_11C=78CCC07C06C67C000000000000000000
SNAPSHOT frame=1152 reason=state_change
  state gm=00 ready=01 script=00 sub=00 ppu_idx=00 ram_005C=00 auto=00 phase=01 frm=1D ctrl=B0 mask=1E ctrl_shadow=B0 mask_shadow=1E flush_done=00 vblank=00 mirror=10
  nt_row_04=DC EE 24 24 24 24 24 24 24 24 24 24 24 24 24 24 24 24 24 24 24 24 24 24 24 24 24 24 24 24 D6 DB
  nt_row_07=DE EE 24 24 24 E3 24 24 71 72 73 74 75 76 77 78 79 79 79 7A 7B 24 24 24 24 24 E2 24 24 24 D6 DB
  nt_row_08=DE D8 EF 24 24 E2 24 7C 7D 7E 7F 80 81 82 83 84 85 86 87 88 89 8A 8B 24 24 24 E3 24 24 24 D6 DF
  nt_row_11=DE DB D7 24 24 E3 70 AF B0 B1 B2 B3 B4 B5 B6 B7 B8 B9 BA BB BC BD BE BF C0 24 E2 24 24 D6 DB DB
  nt_row_13=DE DB EE 24 24 E3 24 C6 C7 C8 C8 C8 24 C9 CA CB CC CD C8 C8 C8 C8 E8 E9 D3 24 E2 24 24 D6 DB DB
  nt_row_17=DC DA DC D7 24 24 24 24 24 24 24 24 24 F0 01 09 08 06 24 17 12 17 1D 0E 17 0D 18 24 D6 DC DB DF
  nt_row_20=E1 D9 DC ED E0 EF 24 24 19 1E 1C 11 24 1C 1D 0A 1B 1D 24 0B 1E 1D 1D 18 17 24 24 24 D6 D8 E1 D9
  pal=3C0F00103C17270F3C081A283C303B2200303B160017270F00081A2800303B22
  chr_008=00000000000000000000000000000000
  chr_01C=00000000000000000000000000000000
  chr_108=78C4E47886867C000000000000000000
  chr_11C=78CCC07C06C67C000000000000000000
SNAPSHOT frame=1153 reason=state_change
  state gm=00 ready=01 script=00 sub=00 ppu_idx=00 ram_005C=00 auto=00 phase=01 frm=1E ctrl=B0 mask=1E ctrl_shadow=B0 mask_shadow=1E flush_done=00 vblank=00 mirror=10
  nt_row_04=DC EE 24 24 24 24 24 24 24 24 24 24 24 24 24 24 24 24 24 24 24 24 24 24 24 24 24 24 24 24 D6 DB
  nt_row_07=DE EE 24 24 24 E3 24 24 71 72 73 74 75 76 77 78 79 79 79 7A 7B 24 24 24 24 24 E2 24 24 24 D6 DB
  nt_row_08=DE D8 EF 24 24 E2 24 7C 7D 7E 7F 80 81 82 83 84 85 86 87 88 89 8A 8B 24 24 24 E3 24 24 24 D6 DF
  nt_row_11=DE DB D7 24 24 E3 70 AF B0 B1 B2 B3 B4 B5 B6 B7 B8 B9 BA BB BC BD BE BF C0 24 E2 24 24 D6 DB DB
  nt_row_13=DE DB EE 24 24 E3 24 C6 C7 C8 C8 C8 24 C9 CA CB CC CD C8 C8 C8 C8 E8 E9 D3 24 E2 24 24 D6 DB DB
  nt_row_17=DC DA DC D7 24 24 24 24 24 24 24 24 24 F0 01 09 08 06 24 17 12 17 1D 0E 17 0D 18 24 D6 DC DB DF
  nt_row_20=E1 D9 DC ED E0 EF 24 24 19 1E 1C 11 24 1C 1D 0A 1B 1D 24 0B 1E 1D 1D 18 17 24 24 24 D6 D8 E1 D9
  pal=3C0F00103C17270F3C081A283C303B2200303B160017270F00081A2800303B22
  chr_008=00000000000000000000000000000000
  chr_01C=00000000000000000000000000000000
  chr_108=78C4E47886867C000000000000000000
  chr_11C=78CCC07C06C67C000000000000000000
SNAPSHOT frame=1154 reason=state_change
  state gm=00 ready=01 script=00 sub=00 ppu_idx=00 ram_005C=00 auto=00 phase=01 frm=1F ctrl=B0 mask=1E ctrl_shadow=B0 mask_shadow=1E flush_done=00 vblank=00 mirror=10
  nt_row_04=DC EE 24 24 24 24 24 24 24 24 24 24 24 24 24 24 24 24 24 24 24 24 24 24 24 24 24 24 24 24 D6 DB
  nt_row_07=DE EE 24 24 24 E3 24 24 71 72 73 74 75 76 77 78 79 79 79 7A 7B 24 24 24 24 24 E2 24 24 24 D6 DB
  nt_row_08=DE D8 EF 24 24 E2 24 7C 7D 7E 7F 80 81 82 83 84 85 86 87 88 89 8A 8B 24 24 24 E3 24 24 24 D6 DF
  nt_row_11=DE DB D7 24 24 E3 70 AF B0 B1 B2 B3 B4 B5 B6 B7 B8 B9 BA BB BC BD BE BF C0 24 E2 24 24 D6 DB DB
  nt_row_13=DE DB EE 24 24 E3 24 C6 C7 C8 C8 C8 24 C9 CA CB CC CD C8 C8 C8 C8 E8 E9 D3 24 E2 24 24 D6 DB DB
  nt_row_17=DC DA DC D7 24 24 24 24 24 24 24 24 24 F0 01 09 08 06 24 17 12 17 1D 0E 17 0D 18 24 D6 DC DB DF
  nt_row_20=E1 D9 DC ED E0 EF 24 24 19 1E 1C 11 24 1C 1D 0A 1B 1D 24 0B 1E 1D 1D 18 17 24 24 24 D6 D8 E1 D9
  pal=3C0F00103C17270F3C081A283C303B2200303B160017270F00081A2800303B22
  chr_008=00000000000000000000000000000000
  chr_01C=00000000000000000000000000000000
  chr_108=78C4E47886867C000000000000000000
  chr_11C=78CCC07C06C67C000000000000000000
SNAPSHOT frame=1155 reason=state_change
  state gm=00 ready=01 script=00 sub=00 ppu_idx=00 ram_005C=00 auto=00 phase=01 frm=20 ctrl=B0 mask=1E ctrl_shadow=B0 mask_shadow=1E flush_done=00 vblank=01 mirror=10
  nt_row_04=DC EE 24 24 24 24 24 24 24 24 24 24 24 24 24 24 24 24 24 24 24 24 24 24 24 24 24 24 24 24 D6 DB
  nt_row_07=DE EE 24 24 24 E3 24 24 71 72 73 74 75 76 77 78 79 79 79 7A 7B 24 24 24 24 24 E2 24 24 24 D6 DB
  nt_row_08=DE D8 EF 24 24 E2 24 7C 7D 7E 7F 80 81 82 83 84 85 86 87 88 89 8A 8B 24 24 24 E3 24 24 24 D6 DF
  nt_row_11=DE DB D7 24 24 E3 70 AF B0 B1 B2 B3 B4 B5 B6 B7 B8 B9 BA BB BC BD BE BF C0 24 E2 24 24 D6 DB DB
  nt_row_13=DE DB EE 24 24 E3 24 C6 C7 C8 C8 C8 24 C9 CA CB CC CD C8 C8 C8 C8 E8 E9 D3 24 E2 24 24 D6 DB DB
  nt_row_17=DC DA DC D7 24 24 24 24 24 24 24 24 24 F0 01 09 08 06 24 17 12 17 1D 0E 17 0D 18 24 D6 DC DB DF
  nt_row_20=E1 D9 DC ED E0 EF 24 24 19 1E 1C 11 24 1C 1D 0A 1B 1D 24 0B 1E 1D 1D 18 17 24 24 24 D6 D8 E1 D9
  pal=3C0F00103C17270F3C081A283C303B2200303B160017270F00081A2800303B22
  chr_008=00000000000000000000000000000000
  chr_01C=00000000000000000000000000000000
  chr_108=78C4E47886867C000000000000000000
  chr_11C=78CCC07C06C67C000000000000000000
SNAPSHOT frame=1193 reason=state_change
  state gm=00 ready=01 script=00 sub=00 ppu_idx=00 ram_005C=00 auto=00 phase=01 frm=21 ctrl=B0 mask=1E ctrl_shadow=B0 mask_shadow=1E flush_done=00 vblank=00 mirror=10
  nt_row_04=DC EE 24 24 24 24 24 24 24 24 24 24 24 24 24 24 24 24 24 24 24 24 24 24 24 24 24 24 24 24 D6 DB
  nt_row_07=DE EE 24 24 24 E3 24 24 71 72 73 74 75 76 77 78 79 79 79 7A 7B 24 24 24 24 24 E2 24 24 24 D6 DB
  nt_row_08=DE D8 EF 24 24 E2 24 7C 7D 7E 7F 80 81 82 83 84 85 86 87 88 89 8A 8B 24 24 24 E3 24 24 24 D6 DF
  nt_row_11=DE DB D7 24 24 E3 70 AF B0 B1 B2 B3 B4 B5 B6 B7 B8 B9 BA BB BC BD BE BF C0 24 E2 24 24 D6 DB DB
  nt_row_13=DE DB EE 24 24 E3 24 C6 C7 C8 C8 C8 24 C9 CA CB CC CD C8 C8 C8 C8 E8 E9 D3 24 E2 24 24 D6 DB DB
  nt_row_17=DC DA DC D7 24 24 24 24 24 24 24 24 24 F0 01 09 08 06 24 17 12 17 1D 0E 17 0D 18 24 D6 DC DB DF
  nt_row_20=E1 D9 DC ED E0 EF 24 24 19 1E 1C 11 24 1C 1D 0A 1B 1D 24 0B 1E 1D 1D 18 17 24 24 24 D6 D8 E1 D9
  pal=3C0F00103C17270F3C081A283C303B2200303B160017270F00081A2800303B22
  chr_008=00000000000000000000000000000000
  chr_01C=00000000000000000000000000000000
  chr_108=78C4E47886867C000000000000000000
  chr_11C=78CCC07C06C67C000000000000000000
SNAPSHOT frame=1194 reason=state_change
  state gm=00 ready=01 script=00 sub=00 ppu_idx=00 ram_005C=00 auto=00 phase=01 frm=22 ctrl=B0 mask=1E ctrl_shadow=B0 mask_shadow=1E flush_done=00 vblank=00 mirror=10
  nt_row_04=DC EE 24 24 24 24 24 24 24 24 24 24 24 24 24 24 24 24 24 24 24 24 24 24 24 24 24 24 24 24 D6 DB
  nt_row_07=DE EE 24 24 24 E3 24 24 71 72 73 74 75 76 77 78 79 79 79 7A 7B 24 24 24 24 24 E2 24 24 24 D6 DB
  nt_row_08=DE D8 EF 24 24 E2 24 7C 7D 7E 7F 80 81 82 83 84 85 86 87 88 89 8A 8B 24 24 24 E3 24 24 24 D6 DF
  nt_row_11=DE DB D7 24 24 E3 70 AF B0 B1 B2 B3 B4 B5 B6 B7 B8 B9 BA BB BC BD BE BF C0 24 E2 24 24 D6 DB DB
  nt_row_13=DE DB EE 24 24 E3 24 C6 C7 C8 C8 C8 24 C9 CA CB CC CD C8 C8 C8 C8 E8 E9 D3 24 E2 24 24 D6 DB DB
  nt_row_17=DC DA DC D7 24 24 24 24 24 24 24 24 24 F0 01 09 08 06 24 17 12 17 1D 0E 17 0D 18 24 D6 DC DB DF
  nt_row_20=E1 D9 DC ED E0 EF 24 24 19 1E 1C 11 24 1C 1D 0A 1B 1D 24 0B 1E 1D 1D 18 17 24 24 24 D6 D8 E1 D9
  pal=3B0F00103B17270F3B081A283B103B2200103B160017270F00081A2800103B22
  chr_008=00000000000000000000000000000000
  chr_01C=00000000000000000000000000000000
  chr_108=78C4E47886867C000000000000000000
  chr_11C=78CCC07C06C67C000000000000000000
SNAPSHOT frame=1195 reason=state_change
  state gm=00 ready=01 script=00 sub=00 ppu_idx=00 ram_005C=00 auto=00 phase=01 frm=23 ctrl=B0 mask=1E ctrl_shadow=B0 mask_shadow=1E flush_done=00 vblank=00 mirror=10
  nt_row_04=DC EE 24 24 24 24 24 24 24 24 24 24 24 24 24 24 24 24 24 24 24 24 24 24 24 24 24 24 24 24 D6 DB
  nt_row_07=DE EE 24 24 24 E3 24 24 71 72 73 74 75 76 77 78 79 79 79 7A 7B 24 24 24 24 24 E2 24 24 24 D6 DB
  nt_row_08=DE D8 EF 24 24 E2 24 7C 7D 7E 7F 80 81 82 83 84 85 86 87 88 89 8A 8B 24 24 24 E3 24 24 24 D6 DF
  nt_row_11=DE DB D7 24 24 E3 70 AF B0 B1 B2 B3 B4 B5 B6 B7 B8 B9 BA BB BC BD BE BF C0 24 E2 24 24 D6 DB DB
  nt_row_13=DE DB EE 24 24 E3 24 C6 C7 C8 C8 C8 24 C9 CA CB CC CD C8 C8 C8 C8 E8 E9 D3 24 E2 24 24 D6 DB DB
  nt_row_17=DC DA DC D7 24 24 24 24 24 24 24 24 24 F0 01 09 08 06 24 17 12 17 1D 0E 17 0D 18 24 D6 DC DB DF
  nt_row_20=E1 D9 DC ED E0 EF 24 24 19 1E 1C 11 24 1C 1D 0A 1B 1D 24 0B 1E 1D 1D 18 17 24 24 24 D6 D8 E1 D9
  pal=3B0F00103B17270F3B081A283B103B2200103B160017270F00081A2800103B22
  chr_008=00000000000000000000000000000000
  chr_01C=00000000000000000000000000000000
  chr_108=78C4E47886867C000000000000000000
  chr_11C=78CCC07C06C67C000000000000000000
SNAPSHOT frame=1196 reason=state_change
  state gm=00 ready=01 script=00 sub=00 ppu_idx=00 ram_005C=00 auto=00 phase=01 frm=24 ctrl=B0 mask=1E ctrl_shadow=B0 mask_shadow=1E flush_done=00 vblank=01 mirror=10
  nt_row_04=DC EE 24 24 24 24 24 24 24 24 24 24 24 24 24 24 24 24 24 24 24 24 24 24 24 24 24 24 24 24 D6 DB
  nt_row_07=DE EE 24 24 24 E3 24 24 71 72 73 74 75 76 77 78 79 79 79 7A 7B 24 24 24 24 24 E2 24 24 24 D6 DB
  nt_row_08=DE D8 EF 24 24 E2 24 7C 7D 7E 7F 80 81 82 83 84 85 86 87 88 89 8A 8B 24 24 24 E3 24 24 24 D6 DF
  nt_row_11=DE DB D7 24 24 E3 70 AF B0 B1 B2 B3 B4 B5 B6 B7 B8 B9 BA BB BC BD BE BF C0 24 E2 24 24 D6 DB DB
  nt_row_13=DE DB EE 24 24 E3 24 C6 C7 C8 C8 C8 24 C9 CA CB CC CD C8 C8 C8 C8 E8 E9 D3 24 E2 24 24 D6 DB DB
  nt_row_17=DC DA DC D7 24 24 24 24 24 24 24 24 24 F0 01 09 08 06 24 17 12 17 1D 0E 17 0D 18 24 D6 DC DB DF
  nt_row_20=E1 D9 DC ED E0 EF 24 24 19 1E 1C 11 24 1C 1D 0A 1B 1D 24 0B 1E 1D 1D 18 17 24 24 24 D6 D8 E1 D9
  pal=3B0F00103B17270F3B081A283B103B2200103B160017270F00081A2800103B22
  chr_008=00000000000000000000000000000000
  chr_01C=00000000000000000000000000000000
  chr_108=78C4E47886867C000000000000000000
  chr_11C=78CCC07C06C67C000000000000000000
SNAPSHOT frame=1200 reason=checkpoint
  state gm=00 ready=01 script=00 sub=00 ppu_idx=00 ram_005C=00 auto=00 phase=01 frm=24 ctrl=B0 mask=1E ctrl_shadow=B0 mask_shadow=1E flush_done=00 vblank=01 mirror=10
  nt_row_04=DC EE 24 24 24 24 24 24 24 24 24 24 24 24 24 24 24 24 24 24 24 24 24 24 24 24 24 24 24 24 D6 DB
  nt_row_07=DE EE 24 24 24 E3 24 24 71 72 73 74 75 76 77 78 79 79 79 7A 7B 24 24 24 24 24 E2 24 24 24 D6 DB
  nt_row_08=DE D8 EF 24 24 E2 24 7C 7D 7E 7F 80 81 82 83 84 85 86 87 88 89 8A 8B 24 24 24 E3 24 24 24 D6 DF
  nt_row_11=DE DB D7 24 24 E3 70 AF B0 B1 B2 B3 B4 B5 B6 B7 B8 B9 BA BB BC BD BE BF C0 24 E2 24 24 D6 DB DB
  nt_row_13=DE DB EE 24 24 E3 24 C6 C7 C8 C8 C8 24 C9 CA CB CC CD C8 C8 C8 C8 E8 E9 D3 24 E2 24 24 D6 DB DB
  nt_row_17=DC DA DC D7 24 24 24 24 24 24 24 24 24 F0 01 09 08 06 24 17 12 17 1D 0E 17 0D 18 24 D6 DC DB DF
  nt_row_20=E1 D9 DC ED E0 EF 24 24 19 1E 1C 11 24 1C 1D 0A 1B 1D 24 0B 1E 1D 1D 18 17 24 24 24 D6 D8 E1 D9
  pal=3B0F00103B17270F3B081A283B103B2200103B160017270F00081A2800103B22
  chr_008=00000000000000000000000000000000
  chr_01C=00000000000000000000000000000000
  chr_108=78C4E47886867C000000000000000000
  chr_11C=78CCC07C06C67C000000000000000000
SNAPSHOT frame=1234 reason=state_change
  state gm=00 ready=01 script=00 sub=00 ppu_idx=00 ram_005C=00 auto=00 phase=01 frm=25 ctrl=B0 mask=1E ctrl_shadow=B0 mask_shadow=1E flush_done=00 vblank=00 mirror=10
  nt_row_04=DC EE 24 24 24 24 24 24 24 24 24 24 24 24 24 24 24 24 24 24 24 24 24 24 24 24 24 24 24 24 D6 DB
  nt_row_07=DE EE 24 24 24 E3 24 24 71 72 73 74 75 76 77 78 79 79 79 7A 7B 24 24 24 24 24 E2 24 24 24 D6 DB
  nt_row_08=DE D8 EF 24 24 E2 24 7C 7D 7E 7F 80 81 82 83 84 85 86 87 88 89 8A 8B 24 24 24 E3 24 24 24 D6 DF
  nt_row_11=DE DB D7 24 24 E3 70 AF B0 B1 B2 B3 B4 B5 B6 B7 B8 B9 BA BB BC BD BE BF C0 24 E2 24 24 D6 DB DB
  nt_row_13=DE DB EE 24 24 E3 24 C6 C7 C8 C8 C8 24 C9 CA CB CC CD C8 C8 C8 C8 E8 E9 D3 24 E2 24 24 D6 DB DB
  nt_row_17=DC DA DC D7 24 24 24 24 24 24 24 24 24 F0 01 09 08 06 24 17 12 17 1D 0E 17 0D 18 24 D6 DC DB DF
  nt_row_20=E1 D9 DC ED E0 EF 24 24 19 1E 1C 11 24 1C 1D 0A 1B 1D 24 0B 1E 1D 1D 18 17 24 24 24 D6 D8 E1 D9
  pal=3B0F00103B17270F3B081A283B103B2200103B160017270F00081A2800103B22
  chr_008=00000000000000000000000000000000
  chr_01C=00000000000000000000000000000000
  chr_108=78C4E47886867C000000000000000000
  chr_11C=78CCC07C06C67C000000000000000000
SNAPSHOT frame=1235 reason=state_change
  state gm=00 ready=01 script=00 sub=00 ppu_idx=00 ram_005C=00 auto=00 phase=01 frm=26 ctrl=B0 mask=1E ctrl_shadow=B0 mask_shadow=1E flush_done=00 vblank=00 mirror=10
  nt_row_04=DC EE 24 24 24 24 24 24 24 24 24 24 24 24 24 24 24 24 24 24 24 24 24 24 24 24 24 24 24 24 D6 DB
  nt_row_07=DE EE 24 24 24 E3 24 24 71 72 73 74 75 76 77 78 79 79 79 7A 7B 24 24 24 24 24 E2 24 24 24 D6 DB
  nt_row_08=DE D8 EF 24 24 E2 24 7C 7D 7E 7F 80 81 82 83 84 85 86 87 88 89 8A 8B 24 24 24 E3 24 24 24 D6 DF
  nt_row_11=DE DB D7 24 24 E3 70 AF B0 B1 B2 B3 B4 B5 B6 B7 B8 B9 BA BB BC BD BE BF C0 24 E2 24 24 D6 DB DB
  nt_row_13=DE DB EE 24 24 E3 24 C6 C7 C8 C8 C8 24 C9 CA CB CC CD C8 C8 C8 C8 E8 E9 D3 24 E2 24 24 D6 DB DB
  nt_row_17=DC DA DC D7 24 24 24 24 24 24 24 24 24 F0 01 09 08 06 24 17 12 17 1D 0E 17 0D 18 24 D6 DC DB DF
  nt_row_20=E1 D9 DC ED E0 EF 24 24 19 1E 1C 11 24 1C 1D 0A 1B 1D 24 0B 1E 1D 1D 18 17 24 24 24 D6 D8 E1 D9
  pal=2C0F00102C17270F2C081A282C103B2200103B160017270F00081A2800103B22
  chr_008=00000000000000000000000000000000
  chr_01C=00000000000000000000000000000000
  chr_108=78C4E47886867C000000000000000000
  chr_11C=78CCC07C06C67C000000000000000000
SNAPSHOT frame=1236 reason=state_change
  state gm=00 ready=01 script=00 sub=00 ppu_idx=00 ram_005C=00 auto=00 phase=01 frm=27 ctrl=B0 mask=1E ctrl_shadow=B0 mask_shadow=1E flush_done=00 vblank=00 mirror=10
  nt_row_04=DC EE 24 24 24 24 24 24 24 24 24 24 24 24 24 24 24 24 24 24 24 24 24 24 24 24 24 24 24 24 D6 DB
  nt_row_07=DE EE 24 24 24 E3 24 24 71 72 73 74 75 76 77 78 79 79 79 7A 7B 24 24 24 24 24 E2 24 24 24 D6 DB
  nt_row_08=DE D8 EF 24 24 E2 24 7C 7D 7E 7F 80 81 82 83 84 85 86 87 88 89 8A 8B 24 24 24 E3 24 24 24 D6 DF
  nt_row_11=DE DB D7 24 24 E3 70 AF B0 B1 B2 B3 B4 B5 B6 B7 B8 B9 BA BB BC BD BE BF C0 24 E2 24 24 D6 DB DB
  nt_row_13=DE DB EE 24 24 E3 24 C6 C7 C8 C8 C8 24 C9 CA CB CC CD C8 C8 C8 C8 E8 E9 D3 24 E2 24 24 D6 DB DB
  nt_row_17=DC DA DC D7 24 24 24 24 24 24 24 24 24 F0 01 09 08 06 24 17 12 17 1D 0E 17 0D 18 24 D6 DC DB DF
  nt_row_20=E1 D9 DC ED E0 EF 24 24 19 1E 1C 11 24 1C 1D 0A 1B 1D 24 0B 1E 1D 1D 18 17 24 24 24 D6 D8 E1 D9
  pal=2C0F00102C17270F2C081A282C103B2200103B160017270F00081A2800103B22
  chr_008=00000000000000000000000000000000
  chr_01C=00000000000000000000000000000000
  chr_108=78C4E47886867C000000000000000000
  chr_11C=78CCC07C06C67C000000000000000000
SNAPSHOT frame=1237 reason=state_change
  state gm=00 ready=01 script=00 sub=00 ppu_idx=00 ram_005C=00 auto=00 phase=01 frm=28 ctrl=B0 mask=1E ctrl_shadow=B0 mask_shadow=1E flush_done=00 vblank=01 mirror=10
  nt_row_04=DC EE 24 24 24 24 24 24 24 24 24 24 24 24 24 24 24 24 24 24 24 24 24 24 24 24 24 24 24 24 D6 DB
  nt_row_07=DE EE 24 24 24 E3 24 24 71 72 73 74 75 76 77 78 79 79 79 7A 7B 24 24 24 24 24 E2 24 24 24 D6 DB
  nt_row_08=DE D8 EF 24 24 E2 24 7C 7D 7E 7F 80 81 82 83 84 85 86 87 88 89 8A 8B 24 24 24 E3 24 24 24 D6 DF
  nt_row_11=DE DB D7 24 24 E3 70 AF B0 B1 B2 B3 B4 B5 B6 B7 B8 B9 BA BB BC BD BE BF C0 24 E2 24 24 D6 DB DB
  nt_row_13=DE DB EE 24 24 E3 24 C6 C7 C8 C8 C8 24 C9 CA CB CC CD C8 C8 C8 C8 E8 E9 D3 24 E2 24 24 D6 DB DB
  nt_row_17=DC DA DC D7 24 24 24 24 24 24 24 24 24 F0 01 09 08 06 24 17 12 17 1D 0E 17 0D 18 24 D6 DC DB DF
  nt_row_20=E1 D9 DC ED E0 EF 24 24 19 1E 1C 11 24 1C 1D 0A 1B 1D 24 0B 1E 1D 1D 18 17 24 24 24 D6 D8 E1 D9
  pal=2C0F00102C17270F2C081A282C103B2200103B160017270F00081A2800103B22
  chr_008=00000000000000000000000000000000
  chr_01C=00000000000000000000000000000000
  chr_108=78C4E47886867C000000000000000000
  chr_11C=78CCC07C06C67C000000000000000000
SNAPSHOT frame=1275 reason=state_change
  state gm=00 ready=01 script=00 sub=00 ppu_idx=00 ram_005C=00 auto=00 phase=01 frm=29 ctrl=B0 mask=1E ctrl_shadow=B0 mask_shadow=1E flush_done=00 vblank=00 mirror=10
  nt_row_04=DC EE 24 24 24 24 24 24 24 24 24 24 24 24 24 24 24 24 24 24 24 24 24 24 24 24 24 24 24 24 D6 DB
  nt_row_07=DE EE 24 24 24 E3 24 24 71 72 73 74 75 76 77 78 79 79 79 7A 7B 24 24 24 24 24 E2 24 24 24 D6 DB
  nt_row_08=DE D8 EF 24 24 E2 24 7C 7D 7E 7F 80 81 82 83 84 85 86 87 88 89 8A 8B 24 24 24 E3 24 24 24 D6 DF
  nt_row_11=DE DB D7 24 24 E3 70 AF B0 B1 B2 B3 B4 B5 B6 B7 B8 B9 BA BB BC BD BE BF C0 24 E2 24 24 D6 DB DB
  nt_row_13=DE DB EE 24 24 E3 24 C6 C7 C8 C8 C8 24 C9 CA CB CC CD C8 C8 C8 C8 E8 E9 D3 24 E2 24 24 D6 DB DB
  nt_row_17=DC DA DC D7 24 24 24 24 24 24 24 24 24 F0 01 09 08 06 24 17 12 17 1D 0E 17 0D 18 24 D6 DC DB DF
  nt_row_20=E1 D9 DC ED E0 EF 24 24 19 1E 1C 11 24 1C 1D 0A 1B 1D 24 0B 1E 1D 1D 18 17 24 24 24 D6 D8 E1 D9
  pal=1C0F00101C17270F1C081A281C103B2200103B160017270F00081A2800103B22
  chr_008=00000000000000000000000000000000
  chr_01C=00000000000000000000000000000000
  chr_108=78C4E47886867C000000000000000000
  chr_11C=78CCC07C06C67C000000000000000000
SNAPSHOT frame=1276 reason=state_change
  state gm=00 ready=01 script=00 sub=00 ppu_idx=00 ram_005C=00 auto=00 phase=01 frm=2A ctrl=B0 mask=1E ctrl_shadow=B0 mask_shadow=1E flush_done=00 vblank=00 mirror=10
  nt_row_04=DC EE 24 24 24 24 24 24 24 24 24 24 24 24 24 24 24 24 24 24 24 24 24 24 24 24 24 24 24 24 D6 DB
  nt_row_07=DE EE 24 24 24 E3 24 24 71 72 73 74 75 76 77 78 79 79 79 7A 7B 24 24 24 24 24 E2 24 24 24 D6 DB
  nt_row_08=DE D8 EF 24 24 E2 24 7C 7D 7E 7F 80 81 82 83 84 85 86 87 88 89 8A 8B 24 24 24 E3 24 24 24 D6 DF
  nt_row_11=DE DB D7 24 24 E3 70 AF B0 B1 B2 B3 B4 B5 B6 B7 B8 B9 BA BB BC BD BE BF C0 24 E2 24 24 D6 DB DB
  nt_row_13=DE DB EE 24 24 E3 24 C6 C7 C8 C8 C8 24 C9 CA CB CC CD C8 C8 C8 C8 E8 E9 D3 24 E2 24 24 D6 DB DB
  nt_row_17=DC DA DC D7 24 24 24 24 24 24 24 24 24 F0 01 09 08 06 24 17 12 17 1D 0E 17 0D 18 24 D6 DC DB DF
  nt_row_20=E1 D9 DC ED E0 EF 24 24 19 1E 1C 11 24 1C 1D 0A 1B 1D 24 0B 1E 1D 1D 18 17 24 24 24 D6 D8 E1 D9
  pal=1C0F00101C17270F1C081A281C103B2200103B160017270F00081A2800103B22
  chr_008=00000000000000000000000000000000
  chr_01C=00000000000000000000000000000000
  chr_108=78C4E47886867C000000000000000000
  chr_11C=78CCC07C06C67C000000000000000000
SNAPSHOT frame=1277 reason=state_change
  state gm=00 ready=01 script=00 sub=00 ppu_idx=00 ram_005C=00 auto=00 phase=01 frm=2B ctrl=B0 mask=1E ctrl_shadow=B0 mask_shadow=1E flush_done=00 vblank=00 mirror=10
  nt_row_04=DC EE 24 24 24 24 24 24 24 24 24 24 24 24 24 24 24 24 24 24 24 24 24 24 24 24 24 24 24 24 D6 DB
  nt_row_07=DE EE 24 24 24 E3 24 24 71 72 73 74 75 76 77 78 79 79 79 7A 7B 24 24 24 24 24 E2 24 24 24 D6 DB
  nt_row_08=DE D8 EF 24 24 E2 24 7C 7D 7E 7F 80 81 82 83 84 85 86 87 88 89 8A 8B 24 24 24 E3 24 24 24 D6 DF
  nt_row_11=DE DB D7 24 24 E3 70 AF B0 B1 B2 B3 B4 B5 B6 B7 B8 B9 BA BB BC BD BE BF C0 24 E2 24 24 D6 DB DB
  nt_row_13=DE DB EE 24 24 E3 24 C6 C7 C8 C8 C8 24 C9 CA CB CC CD C8 C8 C8 C8 E8 E9 D3 24 E2 24 24 D6 DB DB
  nt_row_17=DC DA DC D7 24 24 24 24 24 24 24 24 24 F0 01 09 08 06 24 17 12 17 1D 0E 17 0D 18 24 D6 DC DB DF
  nt_row_20=E1 D9 DC ED E0 EF 24 24 19 1E 1C 11 24 1C 1D 0A 1B 1D 24 0B 1E 1D 1D 18 17 24 24 24 D6 D8 E1 D9
  pal=020F00100206270F020A1A1802102B1200102B060006270F000A1A1800102B12
  chr_008=00000000000000000000000000000000
  chr_01C=00000000000000000000000000000000
  chr_108=78C4E47886867C000000000000000000
  chr_11C=78CCC07C06C67C000000000000000000
SNAPSHOT frame=1278 reason=state_change
  state gm=00 ready=01 script=00 sub=00 ppu_idx=00 ram_005C=00 auto=00 phase=01 frm=2C ctrl=B0 mask=1E ctrl_shadow=B0 mask_shadow=1E flush_done=00 vblank=01 mirror=10
  nt_row_04=DC EE 24 24 24 24 24 24 24 24 24 24 24 24 24 24 24 24 24 24 24 24 24 24 24 24 24 24 24 24 D6 DB
  nt_row_07=DE EE 24 24 24 E3 24 24 71 72 73 74 75 76 77 78 79 79 79 7A 7B 24 24 24 24 24 E2 24 24 24 D6 DB
  nt_row_08=DE D8 EF 24 24 E2 24 7C 7D 7E 7F 80 81 82 83 84 85 86 87 88 89 8A 8B 24 24 24 E3 24 24 24 D6 DF
  nt_row_11=DE DB D7 24 24 E3 70 AF B0 B1 B2 B3 B4 B5 B6 B7 B8 B9 BA BB BC BD BE BF C0 24 E2 24 24 D6 DB DB
  nt_row_13=DE DB EE 24 24 E3 24 C6 C7 C8 C8 C8 24 C9 CA CB CC CD C8 C8 C8 C8 E8 E9 D3 24 E2 24 24 D6 DB DB
  nt_row_17=DC DA DC D7 24 24 24 24 24 24 24 24 24 F0 01 09 08 06 24 17 12 17 1D 0E 17 0D 18 24 D6 DC DB DF
  nt_row_20=E1 D9 DC ED E0 EF 24 24 19 1E 1C 11 24 1C 1D 0A 1B 1D 24 0B 1E 1D 1D 18 17 24 24 24 D6 D8 E1 D9
  pal=020F00100206270F020A1A1802102B1200102B060006270F000A1A1800102B12
  chr_008=00000000000000000000000000000000
  chr_01C=00000000000000000000000000000000
  chr_108=78C4E47886867C000000000000000000
  chr_11C=78CCC07C06C67C000000000000000000
SNAPSHOT frame=1316 reason=state_change
  state gm=00 ready=01 script=00 sub=00 ppu_idx=00 ram_005C=00 auto=00 phase=01 frm=2D ctrl=B0 mask=1E ctrl_shadow=B0 mask_shadow=1E flush_done=00 vblank=00 mirror=10
  nt_row_04=DC EE 24 24 24 24 24 24 24 24 24 24 24 24 24 24 24 24 24 24 24 24 24 24 24 24 24 24 24 24 D6 DB
  nt_row_07=DE EE 24 24 24 E3 24 24 71 72 73 74 75 76 77 78 79 79 79 7A 7B 24 24 24 24 24 E2 24 24 24 D6 DB
  nt_row_08=DE D8 EF 24 24 E2 24 7C 7D 7E 7F 80 81 82 83 84 85 86 87 88 89 8A 8B 24 24 24 E3 24 24 24 D6 DF
  nt_row_11=DE DB D7 24 24 E3 70 AF B0 B1 B2 B3 B4 B5 B6 B7 B8 B9 BA BB BC BD BE BF C0 24 E2 24 24 D6 DB DB
  nt_row_13=DE DB EE 24 24 E3 24 C6 C7 C8 C8 C8 24 C9 CA CB CC CD C8 C8 C8 C8 E8 E9 D3 24 E2 24 24 D6 DB DB
  nt_row_17=DC DA DC D7 24 24 24 24 24 24 24 24 24 F0 01 09 08 06 24 17 12 17 1D 0E 17 0D 18 24 D6 DC DB DF
  nt_row_20=E1 D9 DC ED E0 EF 24 24 19 1E 1C 11 24 1C 1D 0A 1B 1D 24 0B 1E 1D 1D 18 17 24 24 24 D6 D8 E1 D9
  pal=0C0F00100C03160F0C010A080C001B0200001B020003160F00010A0800001B02
  chr_008=00000000000000000000000000000000
  chr_01C=00000000000000000000000000000000
  chr_108=78C4E47886867C000000000000000000
  chr_11C=78CCC07C06C67C000000000000000000
SNAPSHOT frame=1317 reason=state_change
  state gm=00 ready=01 script=00 sub=00 ppu_idx=00 ram_005C=00 auto=00 phase=01 frm=2E ctrl=B0 mask=1E ctrl_shadow=B0 mask_shadow=1E flush_done=00 vblank=00 mirror=10
  nt_row_04=DC EE 24 24 24 24 24 24 24 24 24 24 24 24 24 24 24 24 24 24 24 24 24 24 24 24 24 24 24 24 D6 DB
  nt_row_07=DE EE 24 24 24 E3 24 24 71 72 73 74 75 76 77 78 79 79 79 7A 7B 24 24 24 24 24 E2 24 24 24 D6 DB
  nt_row_08=DE D8 EF 24 24 E2 24 7C 7D 7E 7F 80 81 82 83 84 85 86 87 88 89 8A 8B 24 24 24 E3 24 24 24 D6 DF
  nt_row_11=DE DB D7 24 24 E3 70 AF B0 B1 B2 B3 B4 B5 B6 B7 B8 B9 BA BB BC BD BE BF C0 24 E2 24 24 D6 DB DB
  nt_row_13=DE DB EE 24 24 E3 24 C6 C7 C8 C8 C8 24 C9 CA CB CC CD C8 C8 C8 C8 E8 E9 D3 24 E2 24 24 D6 DB DB
  nt_row_17=DC DA DC D7 24 24 24 24 24 24 24 24 24 F0 01 09 08 06 24 17 12 17 1D 0E 17 0D 18 24 D6 DC DB DF
  nt_row_20=E1 D9 DC ED E0 EF 24 24 19 1E 1C 11 24 1C 1D 0A 1B 1D 24 0B 1E 1D 1D 18 17 24 24 24 D6 D8 E1 D9
  pal=0C0F00100C03160F0C010A080C001B0200001B020003160F00010A0800001B02
  chr_008=00000000000000000000000000000000
  chr_01C=00000000000000000000000000000000
  chr_108=78C4E47886867C000000000000000000
  chr_11C=78CCC07C06C67C000000000000000000
SNAPSHOT frame=1318 reason=state_change
  state gm=00 ready=01 script=00 sub=00 ppu_idx=00 ram_005C=00 auto=00 phase=01 frm=2F ctrl=B0 mask=1E ctrl_shadow=B0 mask_shadow=1E flush_done=00 vblank=00 mirror=10
  nt_row_04=DC EE 24 24 24 24 24 24 24 24 24 24 24 24 24 24 24 24 24 24 24 24 24 24 24 24 24 24 24 24 D6 DB
  nt_row_07=DE EE 24 24 24 E3 24 24 71 72 73 74 75 76 77 78 79 79 79 7A 7B 24 24 24 24 24 E2 24 24 24 D6 DB
  nt_row_08=DE D8 EF 24 24 E2 24 7C 7D 7E 7F 80 81 82 83 84 85 86 87 88 89 8A 8B 24 24 24 E3 24 24 24 D6 DF
  nt_row_11=DE DB D7 24 24 E3 70 AF B0 B1 B2 B3 B4 B5 B6 B7 B8 B9 BA BB BC BD BE BF C0 24 E2 24 24 D6 DB DB
  nt_row_13=DE DB EE 24 24 E3 24 C6 C7 C8 C8 C8 24 C9 CA CB CC CD C8 C8 C8 C8 E8 E9 D3 24 E2 24 24 D6 DB DB
  nt_row_17=DC DA DC D7 24 24 24 24 24 24 24 24 24 F0 01 09 08 06 24 17 12 17 1D 0E 17 0D 18 24 D6 DC DB DF
  nt_row_20=E1 D9 DC ED E0 EF 24 24 19 1E 1C 11 24 1C 1D 0A 1B 1D 24 0B 1E 1D 1D 18 17 24 24 24 D6 D8 E1 D9
  pal=0F0F0F000F01110F0F0C01020F00010C0000010C0001110F000C01020000010C
  chr_008=00000000000000000000000000000000
  chr_01C=00000000000000000000000000000000
  chr_108=78C4E47886867C000000000000000000
  chr_11C=78CCC07C06C67C000000000000000000
SNAPSHOT frame=1319 reason=state_change
  state gm=00 ready=01 script=00 sub=00 ppu_idx=00 ram_005C=00 auto=00 phase=01 frm=30 ctrl=B0 mask=1E ctrl_shadow=B0 mask_shadow=1E flush_done=00 vblank=01 mirror=10
  nt_row_04=DC EE 24 24 24 24 24 24 24 24 24 24 24 24 24 24 24 24 24 24 24 24 24 24 24 24 24 24 24 24 D6 DB
  nt_row_07=DE EE 24 24 24 E3 24 24 71 72 73 74 75 76 77 78 79 79 79 7A 7B 24 24 24 24 24 E2 24 24 24 D6 DB
  nt_row_08=DE D8 EF 24 24 E2 24 7C 7D 7E 7F 80 81 82 83 84 85 86 87 88 89 8A 8B 24 24 24 E3 24 24 24 D6 DF
  nt_row_11=DE DB D7 24 24 E3 70 AF B0 B1 B2 B3 B4 B5 B6 B7 B8 B9 BA BB BC BD BE BF C0 24 E2 24 24 D6 DB DB
  nt_row_13=DE DB EE 24 24 E3 24 C6 C7 C8 C8 C8 24 C9 CA CB CC CD C8 C8 C8 C8 E8 E9 D3 24 E2 24 24 D6 DB DB
  nt_row_17=DC DA DC D7 24 24 24 24 24 24 24 24 24 F0 01 09 08 06 24 17 12 17 1D 0E 17 0D 18 24 D6 DC DB DF
  nt_row_20=E1 D9 DC ED E0 EF 24 24 19 1E 1C 11 24 1C 1D 0A 1B 1D 24 0B 1E 1D 1D 18 17 24 24 24 D6 D8 E1 D9
  pal=0F0F0F000F01110F0F0C01020F00010C0000010C0001110F000C01020000010C
  chr_008=00000000000000000000000000000000
  chr_01C=00000000000000000000000000000000
  chr_108=78C4E47886867C000000000000000000
  chr_11C=78CCC07C06C67C000000000000000000
SNAPSHOT frame=1357 reason=state_change
  state gm=00 ready=01 script=00 sub=00 ppu_idx=00 ram_005C=00 auto=00 phase=01 frm=31 ctrl=B0 mask=1E ctrl_shadow=B0 mask_shadow=1E flush_done=00 vblank=00 mirror=10
  nt_row_04=DC EE 24 24 24 24 24 24 24 24 24 24 24 24 24 24 24 24 24 24 24 24 24 24 24 24 24 24 24 24 D6 DB
  nt_row_07=DE EE 24 24 24 E3 24 24 71 72 73 74 75 76 77 78 79 79 79 7A 7B 24 24 24 24 24 E2 24 24 24 D6 DB
  nt_row_08=DE D8 EF 24 24 E2 24 7C 7D 7E 7F 80 81 82 83 84 85 86 87 88 89 8A 8B 24 24 24 E3 24 24 24 D6 DF
  nt_row_11=DE DB D7 24 24 E3 70 AF B0 B1 B2 B3 B4 B5 B6 B7 B8 B9 BA BB BC BD BE BF C0 24 E2 24 24 D6 DB DB
  nt_row_13=DE DB EE 24 24 E3 24 C6 C7 C8 C8 C8 24 C9 CA CB CC CD C8 C8 C8 C8 E8 E9 D3 24 E2 24 24 D6 DB DB
  nt_row_17=DC DA DC D7 24 24 24 24 24 24 24 24 24 F0 01 09 08 06 24 17 12 17 1D 0E 17 0D 18 24 D6 DC DB DF
  nt_row_20=E1 D9 DC ED E0 EF 24 24 19 1E 1C 11 24 1C 1D 0A 1B 1D 24 0B 1E 1D 1D 18 17 24 24 24 D6 D8 E1 D9
  pal=0F0F0F000F01110F0F0C01020F00010C0000010C0001110F000C01020000010C
  chr_008=00000000000000000000000000000000
  chr_01C=00000000000000000000000000000000
  chr_108=78C4E47886867C000000000000000000
  chr_11C=78CCC07C06C67C000000000000000000
SNAPSHOT frame=1358 reason=state_change
  state gm=00 ready=01 script=00 sub=00 ppu_idx=00 ram_005C=00 auto=00 phase=01 frm=32 ctrl=B0 mask=1E ctrl_shadow=B0 mask_shadow=1E flush_done=00 vblank=00 mirror=10
  nt_row_04=DC EE 24 24 24 24 24 24 24 24 24 24 24 24 24 24 24 24 24 24 24 24 24 24 24 24 24 24 24 24 D6 DB
  nt_row_07=DE EE 24 24 24 E3 24 24 71 72 73 74 75 76 77 78 79 79 79 7A 7B 24 24 24 24 24 E2 24 24 24 D6 DB
  nt_row_08=DE D8 EF 24 24 E2 24 7C 7D 7E 7F 80 81 82 83 84 85 86 87 88 89 8A 8B 24 24 24 E3 24 24 24 D6 DF
  nt_row_11=DE DB D7 24 24 E3 70 AF B0 B1 B2 B3 B4 B5 B6 B7 B8 B9 BA BB BC BD BE BF C0 24 E2 24 24 D6 DB DB
  nt_row_13=DE DB EE 24 24 E3 24 C6 C7 C8 C8 C8 24 C9 CA CB CC CD C8 C8 C8 C8 E8 E9 D3 24 E2 24 24 D6 DB DB
  nt_row_17=DC DA DC D7 24 24 24 24 24 24 24 24 24 F0 01 09 08 06 24 17 12 17 1D 0E 17 0D 18 24 D6 DC DB DF
  nt_row_20=E1 D9 DC ED E0 EF 24 24 19 1E 1C 11 24 1C 1D 0A 1B 1D 24 0B 1E 1D 1D 18 17 24 24 24 D6 D8 E1 D9
  pal=0F0F0F000F01110F0F0C01020F00010C0000010C0001110F000C01020000010C
  chr_008=00000000000000000000000000000000
  chr_01C=00000000000000000000000000000000
  chr_108=78C4E47886867C000000000000000000
  chr_11C=78CCC07C06C67C000000000000000000
SNAPSHOT frame=1359 reason=state_change
  state gm=00 ready=01 script=00 sub=00 ppu_idx=00 ram_005C=00 auto=00 phase=01 frm=33 ctrl=B0 mask=1E ctrl_shadow=B0 mask_shadow=1E flush_done=00 vblank=00 mirror=10
  nt_row_04=DC EE 24 24 24 24 24 24 24 24 24 24 24 24 24 24 24 24 24 24 24 24 24 24 24 24 24 24 24 24 D6 DB
  nt_row_07=DE EE 24 24 24 E3 24 24 71 72 73 74 75 76 77 78 79 79 79 7A 7B 24 24 24 24 24 E2 24 24 24 D6 DB
  nt_row_08=DE D8 EF 24 24 E2 24 7C 7D 7E 7F 80 81 82 83 84 85 86 87 88 89 8A 8B 24 24 24 E3 24 24 24 D6 DF
  nt_row_11=DE DB D7 24 24 E3 70 AF B0 B1 B2 B3 B4 B5 B6 B7 B8 B9 BA BB BC BD BE BF C0 24 E2 24 24 D6 DB DB
  nt_row_13=DE DB EE 24 24 E3 24 C6 C7 C8 C8 C8 24 C9 CA CB CC CD C8 C8 C8 C8 E8 E9 D3 24 E2 24 24 D6 DB DB
  nt_row_17=DC DA DC D7 24 24 24 24 24 24 24 24 24 F0 01 09 08 06 24 17 12 17 1D 0E 17 0D 18 24 D6 DC DB DF
  nt_row_20=E1 D9 DC ED E0 EF 24 24 19 1E 1C 11 24 1C 1D 0A 1B 1D 24 0B 1E 1D 1D 18 17 24 24 24 D6 D8 E1 D9
  pal=0F0F0F000F01110F0F0C01020F00010C0000010C0001110F000C01020000010C
  chr_008=00000000000000000000000000000000
  chr_01C=00000000000000000000000000000000
  chr_108=78C4E47886867C000000000000000000
  chr_11C=78CCC07C06C67C000000000000000000
SNAPSHOT frame=1360 reason=state_change
  state gm=00 ready=01 script=00 sub=00 ppu_idx=00 ram_005C=00 auto=00 phase=01 frm=34 ctrl=B0 mask=1E ctrl_shadow=B0 mask_shadow=1E flush_done=00 vblank=01 mirror=10
  nt_row_04=DC EE 24 24 24 24 24 24 24 24 24 24 24 24 24 24 24 24 24 24 24 24 24 24 24 24 24 24 24 24 D6 DB
  nt_row_07=DE EE 24 24 24 E3 24 24 71 72 73 74 75 76 77 78 79 79 79 7A 7B 24 24 24 24 24 E2 24 24 24 D6 DB
  nt_row_08=DE D8 EF 24 24 E2 24 7C 7D 7E 7F 80 81 82 83 84 85 86 87 88 89 8A 8B 24 24 24 E3 24 24 24 D6 DF
  nt_row_11=DE DB D7 24 24 E3 70 AF B0 B1 B2 B3 B4 B5 B6 B7 B8 B9 BA BB BC BD BE BF C0 24 E2 24 24 D6 DB DB
  nt_row_13=DE DB EE 24 24 E3 24 C6 C7 C8 C8 C8 24 C9 CA CB CC CD C8 C8 C8 C8 E8 E9 D3 24 E2 24 24 D6 DB DB
  nt_row_17=DC DA DC D7 24 24 24 24 24 24 24 24 24 F0 01 09 08 06 24 17 12 17 1D 0E 17 0D 18 24 D6 DC DB DF
  nt_row_20=E1 D9 DC ED E0 EF 24 24 19 1E 1C 11 24 1C 1D 0A 1B 1D 24 0B 1E 1D 1D 18 17 24 24 24 D6 D8 E1 D9
  pal=0F0F0F000F01110F0F0C01020F00010C0000010C0001110F000C01020000010C
  chr_008=00000000000000000000000000000000
  chr_01C=00000000000000000000000000000000
  chr_108=78C4E47886867C000000000000000000
  chr_11C=78CCC07C06C67C000000000000000000
SNAPSHOT frame=1398 reason=state_change
  state gm=00 ready=01 script=00 sub=00 ppu_idx=00 ram_005C=00 auto=00 phase=01 frm=35 ctrl=B0 mask=1E ctrl_shadow=B0 mask_shadow=1E flush_done=00 vblank=00 mirror=10
  nt_row_04=DC EE 24 24 24 24 24 24 24 24 24 24 24 24 24 24 24 24 24 24 24 24 24 24 24 24 24 24 24 24 D6 DB
  nt_row_07=DE EE 24 24 24 E3 24 24 71 72 73 74 75 76 77 78 79 79 79 7A 7B 24 24 24 24 24 E2 24 24 24 D6 DB
  nt_row_08=DE D8 EF 24 24 E2 24 7C 7D 7E 7F 80 81 82 83 84 85 86 87 88 89 8A 8B 24 24 24 E3 24 24 24 D6 DF
  nt_row_11=DE DB D7 24 24 E3 70 AF B0 B1 B2 B3 B4 B5 B6 B7 B8 B9 BA BB BC BD BE BF C0 24 E2 24 24 D6 DB DB
  nt_row_13=DE DB EE 24 24 E3 24 C6 C7 C8 C8 C8 24 C9 CA CB CC CD C8 C8 C8 C8 E8 E9 D3 24 E2 24 24 D6 DB DB
  nt_row_17=DC DA DC D7 24 24 24 24 24 24 24 24 24 F0 01 09 08 06 24 17 12 17 1D 0E 17 0D 18 24 D6 DC DB DF
  nt_row_20=E1 D9 DC ED E0 EF 24 24 19 1E 1C 11 24 1C 1D 0A 1B 1D 24 0B 1E 1D 1D 18 17 24 24 24 D6 D8 E1 D9
  pal=0F0F0F000F01110F0F0C01020F00010C0000010C0001110F000C01020000010C
  chr_008=00000000000000000000000000000000
  chr_01C=00000000000000000000000000000000
  chr_108=78C4E47886867C000000000000000000
  chr_11C=78CCC07C06C67C000000000000000000
SNAPSHOT frame=1399 reason=state_change
  state gm=00 ready=01 script=00 sub=00 ppu_idx=00 ram_005C=00 auto=00 phase=01 frm=36 ctrl=B0 mask=1E ctrl_shadow=B0 mask_shadow=1E flush_done=00 vblank=00 mirror=10
  nt_row_04=DC EE 24 24 24 24 24 24 24 24 24 24 24 24 24 24 24 24 24 24 24 24 24 24 24 24 24 24 24 24 D6 DB
  nt_row_07=DE EE 24 24 24 E3 24 24 71 72 73 74 75 76 77 78 79 79 79 7A 7B 24 24 24 24 24 E2 24 24 24 D6 DB
  nt_row_08=DE D8 EF 24 24 E2 24 7C 7D 7E 7F 80 81 82 83 84 85 86 87 88 89 8A 8B 24 24 24 E3 24 24 24 D6 DF
  nt_row_11=DE DB D7 24 24 E3 70 AF B0 B1 B2 B3 B4 B5 B6 B7 B8 B9 BA BB BC BD BE BF C0 24 E2 24 24 D6 DB DB
  nt_row_13=DE DB EE 24 24 E3 24 C6 C7 C8 C8 C8 24 C9 CA CB CC CD C8 C8 C8 C8 E8 E9 D3 24 E2 24 24 D6 DB DB
  nt_row_17=DC DA DC D7 24 24 24 24 24 24 24 24 24 F0 01 09 08 06 24 17 12 17 1D 0E 17 0D 18 24 D6 DC DB DF
  nt_row_20=E1 D9 DC ED E0 EF 24 24 19 1E 1C 11 24 1C 1D 0A 1B 1D 24 0B 1E 1D 1D 18 17 24 24 24 D6 D8 E1 D9
  pal=0F0F0F000F01110F0F0C01020F00010C0000010C0001110F000C01020000010C
  chr_008=00000000000000000000000000000000
  chr_01C=00000000000000000000000000000000
  chr_108=78C4E47886867C000000000000000000
  chr_11C=78CCC07C06C67C000000000000000000
SNAPSHOT frame=1400 reason=state_change
  state gm=00 ready=01 script=00 sub=00 ppu_idx=00 ram_005C=00 auto=00 phase=01 frm=37 ctrl=B0 mask=1E ctrl_shadow=B0 mask_shadow=1E flush_done=00 vblank=00 mirror=10
  nt_row_04=DC EE 24 24 24 24 24 24 24 24 24 24 24 24 24 24 24 24 24 24 24 24 24 24 24 24 24 24 24 24 D6 DB
  nt_row_07=DE EE 24 24 24 E3 24 24 71 72 73 74 75 76 77 78 79 79 79 7A 7B 24 24 24 24 24 E2 24 24 24 D6 DB
  nt_row_08=DE D8 EF 24 24 E2 24 7C 7D 7E 7F 80 81 82 83 84 85 86 87 88 89 8A 8B 24 24 24 E3 24 24 24 D6 DF
  nt_row_11=DE DB D7 24 24 E3 70 AF B0 B1 B2 B3 B4 B5 B6 B7 B8 B9 BA BB BC BD BE BF C0 24 E2 24 24 D6 DB DB
  nt_row_13=DE DB EE 24 24 E3 24 C6 C7 C8 C8 C8 24 C9 CA CB CC CD C8 C8 C8 C8 E8 E9 D3 24 E2 24 24 D6 DB DB
  nt_row_17=DC DA DC D7 24 24 24 24 24 24 24 24 24 F0 01 09 08 06 24 17 12 17 1D 0E 17 0D 18 24 D6 DC DB DF
  nt_row_20=E1 D9 DC ED E0 EF 24 24 19 1E 1C 11 24 1C 1D 0A 1B 1D 24 0B 1E 1D 1D 18 17 24 24 24 D6 D8 E1 D9
  pal=0F0F0F000F01110F0F0C01020F00010C0000010C0001110F000C01020000010C
  chr_008=00000000000000000000000000000000
  chr_01C=00000000000000000000000000000000
  chr_108=78C4E47886867C000000000000000000
  chr_11C=78CCC07C06C67C000000000000000000
SNAPSHOT frame=1401 reason=state_change
  state gm=00 ready=01 script=00 sub=00 ppu_idx=00 ram_005C=00 auto=00 phase=01 frm=38 ctrl=B0 mask=1E ctrl_shadow=B0 mask_shadow=1E flush_done=00 vblank=01 mirror=10
  nt_row_04=DC EE 24 24 24 24 24 24 24 24 24 24 24 24 24 24 24 24 24 24 24 24 24 24 24 24 24 24 24 24 D6 DB
  nt_row_07=DE EE 24 24 24 E3 24 24 71 72 73 74 75 76 77 78 79 79 79 7A 7B 24 24 24 24 24 E2 24 24 24 D6 DB
  nt_row_08=DE D8 EF 24 24 E2 24 7C 7D 7E 7F 80 81 82 83 84 85 86 87 88 89 8A 8B 24 24 24 E3 24 24 24 D6 DF
  nt_row_11=DE DB D7 24 24 E3 70 AF B0 B1 B2 B3 B4 B5 B6 B7 B8 B9 BA BB BC BD BE BF C0 24 E2 24 24 D6 DB DB
  nt_row_13=DE DB EE 24 24 E3 24 C6 C7 C8 C8 C8 24 C9 CA CB CC CD C8 C8 C8 C8 E8 E9 D3 24 E2 24 24 D6 DB DB
  nt_row_17=DC DA DC D7 24 24 24 24 24 24 24 24 24 F0 01 09 08 06 24 17 12 17 1D 0E 17 0D 18 24 D6 DC DB DF
  nt_row_20=E1 D9 DC ED E0 EF 24 24 19 1E 1C 11 24 1C 1D 0A 1B 1D 24 0B 1E 1D 1D 18 17 24 24 24 D6 D8 E1 D9
  pal=0F0F0F000F01110F0F0C01020F00010C0000010C0001110F000C01020000010C
  chr_008=00000000000000000000000000000000
  chr_01C=00000000000000000000000000000000
  chr_108=78C4E47886867C000000000000000000
  chr_11C=78CCC07C06C67C000000000000000000
SNAPSHOT frame=1439 reason=state_change
  state gm=00 ready=01 script=00 sub=00 ppu_idx=00 ram_005C=00 auto=00 phase=01 frm=39 ctrl=B0 mask=1E ctrl_shadow=B0 mask_shadow=1E flush_done=00 vblank=00 mirror=10
  nt_row_04=DC EE 24 24 24 24 24 24 24 24 24 24 24 24 24 24 24 24 24 24 24 24 24 24 24 24 24 24 24 24 D6 DB
  nt_row_07=DE EE 24 24 24 E3 24 24 71 72 73 74 75 76 77 78 79 79 79 7A 7B 24 24 24 24 24 E2 24 24 24 D6 DB
  nt_row_08=DE D8 EF 24 24 E2 24 7C 7D 7E 7F 80 81 82 83 84 85 86 87 88 89 8A 8B 24 24 24 E3 24 24 24 D6 DF
  nt_row_11=DE DB D7 24 24 E3 70 AF B0 B1 B2 B3 B4 B5 B6 B7 B8 B9 BA BB BC BD BE BF C0 24 E2 24 24 D6 DB DB
  nt_row_13=DE DB EE 24 24 E3 24 C6 C7 C8 C8 C8 24 C9 CA CB CC CD C8 C8 C8 C8 E8 E9 D3 24 E2 24 24 D6 DB DB
  nt_row_17=DC DA DC D7 24 24 24 24 24 24 24 24 24 F0 01 09 08 06 24 17 12 17 1D 0E 17 0D 18 24 D6 DC DB DF
  nt_row_20=E1 D9 DC ED E0 EF 24 24 19 1E 1C 11 24 1C 1D 0A 1B 1D 24 0B 1E 1D 1D 18 17 24 24 24 D6 D8 E1 D9
  pal=0F0F0F000F01110F0F0C01020F00010C0000010C0001110F000C01020000010C
  chr_008=00000000000000000000000000000000
  chr_01C=00000000000000000000000000000000
  chr_108=78C4E47886867C000000000000000000
  chr_11C=78CCC07C06C67C000000000000000000
SNAPSHOT frame=1440 reason=state_change
  state gm=00 ready=01 script=00 sub=00 ppu_idx=00 ram_005C=00 auto=00 phase=01 frm=3A ctrl=B0 mask=1E ctrl_shadow=B0 mask_shadow=1E flush_done=00 vblank=00 mirror=10
  nt_row_04=DC EE 24 24 24 24 24 24 24 24 24 24 24 24 24 24 24 24 24 24 24 24 24 24 24 24 24 24 24 24 D6 DB
  nt_row_07=DE EE 24 24 24 E3 24 24 71 72 73 74 75 76 77 78 79 79 79 7A 7B 24 24 24 24 24 E2 24 24 24 D6 DB
  nt_row_08=DE D8 EF 24 24 E2 24 7C 7D 7E 7F 80 81 82 83 84 85 86 87 88 89 8A 8B 24 24 24 E3 24 24 24 D6 DF
  nt_row_11=DE DB D7 24 24 E3 70 AF B0 B1 B2 B3 B4 B5 B6 B7 B8 B9 BA BB BC BD BE BF C0 24 E2 24 24 D6 DB DB
  nt_row_13=DE DB EE 24 24 E3 24 C6 C7 C8 C8 C8 24 C9 CA CB CC CD C8 C8 C8 C8 E8 E9 D3 24 E2 24 24 D6 DB DB
  nt_row_17=DC DA DC D7 24 24 24 24 24 24 24 24 24 F0 01 09 08 06 24 17 12 17 1D 0E 17 0D 18 24 D6 DC DB DF
  nt_row_20=E1 D9 DC ED E0 EF 24 24 19 1E 1C 11 24 1C 1D 0A 1B 1D 24 0B 1E 1D 1D 18 17 24 24 24 D6 D8 E1 D9
  pal=0F0F0F000F01110F0F0C01020F00010C0000010C0001110F000C01020000010C
  chr_008=00000000000000000000000000000000
  chr_01C=00000000000000000000000000000000
  chr_108=78C4E47886867C000000000000000000
  chr_11C=78CCC07C06C67C000000000000000000
SNAPSHOT frame=1441 reason=state_change
  state gm=00 ready=01 script=00 sub=00 ppu_idx=00 ram_005C=00 auto=00 phase=01 frm=3B ctrl=B0 mask=1E ctrl_shadow=B0 mask_shadow=1E flush_done=00 vblank=00 mirror=10
  nt_row_04=DC EE 24 24 24 24 24 24 24 24 24 24 24 24 24 24 24 24 24 24 24 24 24 24 24 24 24 24 24 24 D6 DB
  nt_row_07=DE EE 24 24 24 E3 24 24 71 72 73 74 75 76 77 78 79 79 79 7A 7B 24 24 24 24 24 E2 24 24 24 D6 DB
  nt_row_08=DE D8 EF 24 24 E2 24 7C 7D 7E 7F 80 81 82 83 84 85 86 87 88 89 8A 8B 24 24 24 E3 24 24 24 D6 DF
  nt_row_11=DE DB D7 24 24 E3 70 AF B0 B1 B2 B3 B4 B5 B6 B7 B8 B9 BA BB BC BD BE BF C0 24 E2 24 24 D6 DB DB
  nt_row_13=DE DB EE 24 24 E3 24 C6 C7 C8 C8 C8 24 C9 CA CB CC CD C8 C8 C8 C8 E8 E9 D3 24 E2 24 24 D6 DB DB
  nt_row_17=DC DA DC D7 24 24 24 24 24 24 24 24 24 F0 01 09 08 06 24 17 12 17 1D 0E 17 0D 18 24 D6 DC DB DF
  nt_row_20=E1 D9 DC ED E0 EF 24 24 19 1E 1C 11 24 1C 1D 0A 1B 1D 24 0B 1E 1D 1D 18 17 24 24 24 D6 D8 E1 D9
  pal=0F0F0F000F01110F0F0C01020F00010C0000010C0001110F000C01020000010C
  chr_008=00000000000000000000000000000000
  chr_01C=00000000000000000000000000000000
  chr_108=78C4E47886867C000000000000000000
  chr_11C=78CCC07C06C67C000000000000000000
SNAPSHOT frame=1442 reason=state_change
  state gm=00 ready=01 script=00 sub=00 ppu_idx=00 ram_005C=00 auto=00 phase=01 frm=3C ctrl=B0 mask=1E ctrl_shadow=B0 mask_shadow=1E flush_done=00 vblank=01 mirror=10
  nt_row_04=DC EE 24 24 24 24 24 24 24 24 24 24 24 24 24 24 24 24 24 24 24 24 24 24 24 24 24 24 24 24 D6 DB
  nt_row_07=DE EE 24 24 24 E3 24 24 71 72 73 74 75 76 77 78 79 79 79 7A 7B 24 24 24 24 24 E2 24 24 24 D6 DB
  nt_row_08=DE D8 EF 24 24 E2 24 7C 7D 7E 7F 80 81 82 83 84 85 86 87 88 89 8A 8B 24 24 24 E3 24 24 24 D6 DF
  nt_row_11=DE DB D7 24 24 E3 70 AF B0 B1 B2 B3 B4 B5 B6 B7 B8 B9 BA BB BC BD BE BF C0 24 E2 24 24 D6 DB DB
  nt_row_13=DE DB EE 24 24 E3 24 C6 C7 C8 C8 C8 24 C9 CA CB CC CD C8 C8 C8 C8 E8 E9 D3 24 E2 24 24 D6 DB DB
  nt_row_17=DC DA DC D7 24 24 24 24 24 24 24 24 24 F0 01 09 08 06 24 17 12 17 1D 0E 17 0D 18 24 D6 DC DB DF
  nt_row_20=E1 D9 DC ED E0 EF 24 24 19 1E 1C 11 24 1C 1D 0A 1B 1D 24 0B 1E 1D 1D 18 17 24 24 24 D6 D8 E1 D9
  pal=0F0F0F000F01110F0F0C01020F00010C0000010C0001110F000C01020000010C
  chr_008=00000000000000000000000000000000
  chr_01C=00000000000000000000000000000000
  chr_108=78C4E47886867C000000000000000000
  chr_11C=78CCC07C06C67C000000000000000000
SNAPSHOT frame=1480 reason=state_change
  state gm=00 ready=01 script=00 sub=00 ppu_idx=00 ram_005C=00 auto=00 phase=01 frm=3D ctrl=B0 mask=1E ctrl_shadow=B0 mask_shadow=1E flush_done=00 vblank=00 mirror=10
  nt_row_04=DC EE 24 24 24 24 24 24 24 24 24 24 24 24 24 24 24 24 24 24 24 24 24 24 24 24 24 24 24 24 D6 DB
  nt_row_07=DE EE 24 24 24 E3 24 24 71 72 73 74 75 76 77 78 79 79 79 7A 7B 24 24 24 24 24 E2 24 24 24 D6 DB
  nt_row_08=DE D8 EF 24 24 E2 24 7C 7D 7E 7F 80 81 82 83 84 85 86 87 88 89 8A 8B 24 24 24 E3 24 24 24 D6 DF
  nt_row_11=DE DB D7 24 24 E3 70 AF B0 B1 B2 B3 B4 B5 B6 B7 B8 B9 BA BB BC BD BE BF C0 24 E2 24 24 D6 DB DB
  nt_row_13=DE DB EE 24 24 E3 24 C6 C7 C8 C8 C8 24 C9 CA CB CC CD C8 C8 C8 C8 E8 E9 D3 24 E2 24 24 D6 DB DB
  nt_row_17=DC DA DC D7 24 24 24 24 24 24 24 24 24 F0 01 09 08 06 24 17 12 17 1D 0E 17 0D 18 24 D6 DC DB DF
  nt_row_20=E1 D9 DC ED E0 EF 24 24 19 1E 1C 11 24 1C 1D 0A 1B 1D 24 0B 1E 1D 1D 18 17 24 24 24 D6 D8 E1 D9
  pal=0F0F0F000F01110F0F0C01020F00010C0000010C0001110F000C01020000010C
  chr_008=00000000000000000000000000000000
  chr_01C=00000000000000000000000000000000
  chr_108=78C4E47886867C000000000000000000
  chr_11C=78CCC07C06C67C000000000000000000
SNAPSHOT frame=1481 reason=state_change
  state gm=00 ready=01 script=00 sub=00 ppu_idx=00 ram_005C=00 auto=00 phase=01 frm=3E ctrl=B0 mask=1E ctrl_shadow=B0 mask_shadow=1E flush_done=00 vblank=00 mirror=10
  nt_row_04=DC EE 24 24 24 24 24 24 24 24 24 24 24 24 24 24 24 24 24 24 24 24 24 24 24 24 24 24 24 24 D6 DB
  nt_row_07=DE EE 24 24 24 E3 24 24 71 72 73 74 75 76 77 78 79 79 79 7A 7B 24 24 24 24 24 E2 24 24 24 D6 DB
  nt_row_08=DE D8 EF 24 24 E2 24 7C 7D 7E 7F 80 81 82 83 84 85 86 87 88 89 8A 8B 24 24 24 E3 24 24 24 D6 DF
  nt_row_11=DE DB D7 24 24 E3 70 AF B0 B1 B2 B3 B4 B5 B6 B7 B8 B9 BA BB BC BD BE BF C0 24 E2 24 24 D6 DB DB
  nt_row_13=DE DB EE 24 24 E3 24 C6 C7 C8 C8 C8 24 C9 CA CB CC CD C8 C8 C8 C8 E8 E9 D3 24 E2 24 24 D6 DB DB
  nt_row_17=DC DA DC D7 24 24 24 24 24 24 24 24 24 F0 01 09 08 06 24 17 12 17 1D 0E 17 0D 18 24 D6 DC DB DF
  nt_row_20=E1 D9 DC ED E0 EF 24 24 19 1E 1C 11 24 1C 1D 0A 1B 1D 24 0B 1E 1D 1D 18 17 24 24 24 D6 D8 E1 D9
  pal=0F0F0F000F01110F0F0C01020F00010C0000010C0001110F000C01020000010C
  chr_008=00000000000000000000000000000000
  chr_01C=00000000000000000000000000000000
  chr_108=78C4E47886867C000000000000000000
  chr_11C=78CCC07C06C67C000000000000000000
SNAPSHOT frame=1482 reason=state_change
  state gm=00 ready=01 script=00 sub=00 ppu_idx=00 ram_005C=00 auto=00 phase=01 frm=3F ctrl=B0 mask=1E ctrl_shadow=B0 mask_shadow=1E flush_done=00 vblank=00 mirror=10
  nt_row_04=DC EE 24 24 24 24 24 24 24 24 24 24 24 24 24 24 24 24 24 24 24 24 24 24 24 24 24 24 24 24 D6 DB
  nt_row_07=DE EE 24 24 24 E3 24 24 71 72 73 74 75 76 77 78 79 79 79 7A 7B 24 24 24 24 24 E2 24 24 24 D6 DB
  nt_row_08=DE D8 EF 24 24 E2 24 7C 7D 7E 7F 80 81 82 83 84 85 86 87 88 89 8A 8B 24 24 24 E3 24 24 24 D6 DF
  nt_row_11=DE DB D7 24 24 E3 70 AF B0 B1 B2 B3 B4 B5 B6 B7 B8 B9 BA BB BC BD BE BF C0 24 E2 24 24 D6 DB DB
  nt_row_13=DE DB EE 24 24 E3 24 C6 C7 C8 C8 C8 24 C9 CA CB CC CD C8 C8 C8 C8 E8 E9 D3 24 E2 24 24 D6 DB DB
  nt_row_17=DC DA DC D7 24 24 24 24 24 24 24 24 24 F0 01 09 08 06 24 17 12 17 1D 0E 17 0D 18 24 D6 DC DB DF
  nt_row_20=E1 D9 DC ED E0 EF 24 24 19 1E 1C 11 24 1C 1D 0A 1B 1D 24 0B 1E 1D 1D 18 17 24 24 24 D6 D8 E1 D9
  pal=0F0F0F000F01110F0F0C01020F00010C0000010C0001110F000C01020000010C
  chr_008=00000000000000000000000000000000
  chr_01C=00000000000000000000000000000000
  chr_108=78C4E47886867C000000000000000000
  chr_11C=78CCC07C06C67C000000000000000000
SNAPSHOT frame=1483 reason=state_change
  state gm=00 ready=01 script=00 sub=00 ppu_idx=00 ram_005C=00 auto=00 phase=01 frm=40 ctrl=B0 mask=1E ctrl_shadow=B0 mask_shadow=1E flush_done=00 vblank=01 mirror=10
  nt_row_04=DC EE 24 24 24 24 24 24 24 24 24 24 24 24 24 24 24 24 24 24 24 24 24 24 24 24 24 24 24 24 D6 DB
  nt_row_07=DE EE 24 24 24 E3 24 24 71 72 73 74 75 76 77 78 79 79 79 7A 7B 24 24 24 24 24 E2 24 24 24 D6 DB
  nt_row_08=DE D8 EF 24 24 E2 24 7C 7D 7E 7F 80 81 82 83 84 85 86 87 88 89 8A 8B 24 24 24 E3 24 24 24 D6 DF
  nt_row_11=DE DB D7 24 24 E3 70 AF B0 B1 B2 B3 B4 B5 B6 B7 B8 B9 BA BB BC BD BE BF C0 24 E2 24 24 D6 DB DB
  nt_row_13=DE DB EE 24 24 E3 24 C6 C7 C8 C8 C8 24 C9 CA CB CC CD C8 C8 C8 C8 E8 E9 D3 24 E2 24 24 D6 DB DB
  nt_row_17=DC DA DC D7 24 24 24 24 24 24 24 24 24 F0 01 09 08 06 24 17 12 17 1D 0E 17 0D 18 24 D6 DC DB DF
  nt_row_20=E1 D9 DC ED E0 EF 24 24 19 1E 1C 11 24 1C 1D 0A 1B 1D 24 0B 1E 1D 1D 18 17 24 24 24 D6 D8 E1 D9
  pal=0F0F0F000F01110F0F0C01020F00010C0000010C0001110F000C01020000010C
  chr_008=00000000000000000000000000000000
  chr_01C=00000000000000000000000000000000
  chr_108=78C4E47886867C000000000000000000
  chr_11C=78CCC07C06C67C000000000000000000
SNAPSHOT frame=1500 reason=checkpoint
  state gm=00 ready=01 script=00 sub=00 ppu_idx=00 ram_005C=00 auto=00 phase=01 frm=40 ctrl=B0 mask=1E ctrl_shadow=B0 mask_shadow=1E flush_done=00 vblank=01 mirror=10
  nt_row_04=DC EE 24 24 24 24 24 24 24 24 24 24 24 24 24 24 24 24 24 24 24 24 24 24 24 24 24 24 24 24 D6 DB
  nt_row_07=DE EE 24 24 24 E3 24 24 71 72 73 74 75 76 77 78 79 79 79 7A 7B 24 24 24 24 24 E2 24 24 24 D6 DB
  nt_row_08=DE D8 EF 24 24 E2 24 7C 7D 7E 7F 80 81 82 83 84 85 86 87 88 89 8A 8B 24 24 24 E3 24 24 24 D6 DF
  nt_row_11=DE DB D7 24 24 E3 70 AF B0 B1 B2 B3 B4 B5 B6 B7 B8 B9 BA BB BC BD BE BF C0 24 E2 24 24 D6 DB DB
  nt_row_13=DE DB EE 24 24 E3 24 C6 C7 C8 C8 C8 24 C9 CA CB CC CD C8 C8 C8 C8 E8 E9 D3 24 E2 24 24 D6 DB DB
  nt_row_17=DC DA DC D7 24 24 24 24 24 24 24 24 24 F0 01 09 08 06 24 17 12 17 1D 0E 17 0D 18 24 D6 DC DB DF
  nt_row_20=E1 D9 DC ED E0 EF 24 24 19 1E 1C 11 24 1C 1D 0A 1B 1D 24 0B 1E 1D 1D 18 17 24 24 24 D6 D8 E1 D9
  pal=0F0F0F000F01110F0F0C01020F00010C0000010C0001110F000C01020000010C
  chr_008=00000000000000000000000000000000
  chr_01C=00000000000000000000000000000000
  chr_108=78C4E47886867C000000000000000000
  chr_11C=78CCC07C06C67C000000000000000000
SNAPSHOT frame=1521 reason=state_change
  state gm=00 ready=01 script=00 sub=00 ppu_idx=00 ram_005C=00 auto=00 phase=01 frm=41 ctrl=B0 mask=1E ctrl_shadow=B0 mask_shadow=1E flush_done=00 vblank=00 mirror=10
  nt_row_04=DC EE 24 24 24 24 24 24 24 24 24 24 24 24 24 24 24 24 24 24 24 24 24 24 24 24 24 24 24 24 D6 DB
  nt_row_07=DE EE 24 24 24 E3 24 24 71 72 73 74 75 76 77 78 79 79 79 7A 7B 24 24 24 24 24 E2 24 24 24 D6 DB
  nt_row_08=DE D8 EF 24 24 E2 24 7C 7D 7E 7F 80 81 82 83 84 85 86 87 88 89 8A 8B 24 24 24 E3 24 24 24 D6 DF
  nt_row_11=DE DB D7 24 24 E3 70 AF B0 B1 B2 B3 B4 B5 B6 B7 B8 B9 BA BB BC BD BE BF C0 24 E2 24 24 D6 DB DB
  nt_row_13=DE DB EE 24 24 E3 24 C6 C7 C8 C8 C8 24 C9 CA CB CC CD C8 C8 C8 C8 E8 E9 D3 24 E2 24 24 D6 DB DB
  nt_row_17=DC DA DC D7 24 24 24 24 24 24 24 24 24 F0 01 09 08 06 24 17 12 17 1D 0E 17 0D 18 24 D6 DC DB DF
  nt_row_20=E1 D9 DC ED E0 EF 24 24 19 1E 1C 11 24 1C 1D 0A 1B 1D 24 0B 1E 1D 1D 18 17 24 24 24 D6 D8 E1 D9
  pal=0F0F0F000F01110F0F0C01020F00010C0000010C0001110F000C01020000010C
  chr_008=00000000000000000000000000000000
  chr_01C=00000000000000000000000000000000
  chr_108=78C4E47886867C000000000000000000
  chr_11C=78CCC07C06C67C000000000000000000
SNAPSHOT frame=1522 reason=state_change
  state gm=00 ready=01 script=00 sub=00 ppu_idx=00 ram_005C=00 auto=00 phase=01 frm=42 ctrl=B0 mask=1E ctrl_shadow=B0 mask_shadow=1E flush_done=00 vblank=00 mirror=10
  nt_row_04=DC EE 24 24 24 24 24 24 24 24 24 24 24 24 24 24 24 24 24 24 24 24 24 24 24 24 24 24 24 24 D6 DB
  nt_row_07=DE EE 24 24 24 E3 24 24 71 72 73 74 75 76 77 78 79 79 79 7A 7B 24 24 24 24 24 E2 24 24 24 D6 DB
  nt_row_08=DE D8 EF 24 24 E2 24 7C 7D 7E 7F 80 81 82 83 84 85 86 87 88 89 8A 8B 24 24 24 E3 24 24 24 D6 DF
  nt_row_11=DE DB D7 24 24 E3 70 AF B0 B1 B2 B3 B4 B5 B6 B7 B8 B9 BA BB BC BD BE BF C0 24 E2 24 24 D6 DB DB
  nt_row_13=DE DB EE 24 24 E3 24 C6 C7 C8 C8 C8 24 C9 CA CB CC CD C8 C8 C8 C8 E8 E9 D3 24 E2 24 24 D6 DB DB
  nt_row_17=DC DA DC D7 24 24 24 24 24 24 24 24 24 F0 01 09 08 06 24 17 12 17 1D 0E 17 0D 18 24 D6 DC DB DF
  nt_row_20=E1 D9 DC ED E0 EF 24 24 19 1E 1C 11 24 1C 1D 0A 1B 1D 24 0B 1E 1D 1D 18 17 24 24 24 D6 D8 E1 D9
  pal=0F0F0F000F01110F0F0C01020F00010C0000010C0001110F000C01020000010C
  chr_008=00000000000000000000000000000000
  chr_01C=00000000000000000000000000000000
  chr_108=78C4E47886867C000000000000000000
  chr_11C=78CCC07C06C67C000000000000000000
SNAPSHOT frame=1523 reason=state_change
  state gm=00 ready=01 script=00 sub=00 ppu_idx=00 ram_005C=00 auto=00 phase=01 frm=43 ctrl=B0 mask=1E ctrl_shadow=B0 mask_shadow=1E flush_done=00 vblank=00 mirror=10
  nt_row_04=DC EE 24 24 24 24 24 24 24 24 24 24 24 24 24 24 24 24 24 24 24 24 24 24 24 24 24 24 24 24 D6 DB
  nt_row_07=DE EE 24 24 24 E3 24 24 71 72 73 74 75 76 77 78 79 79 79 7A 7B 24 24 24 24 24 E2 24 24 24 D6 DB
  nt_row_08=DE D8 EF 24 24 E2 24 7C 7D 7E 7F 80 81 82 83 84 85 86 87 88 89 8A 8B 24 24 24 E3 24 24 24 D6 DF
  nt_row_11=DE DB D7 24 24 E3 70 AF B0 B1 B2 B3 B4 B5 B6 B7 B8 B9 BA BB BC BD BE BF C0 24 E2 24 24 D6 DB DB
  nt_row_13=DE DB EE 24 24 E3 24 C6 C7 C8 C8 C8 24 C9 CA CB CC CD C8 C8 C8 C8 E8 E9 D3 24 E2 24 24 D6 DB DB
  nt_row_17=DC DA DC D7 24 24 24 24 24 24 24 24 24 F0 01 09 08 06 24 17 12 17 1D 0E 17 0D 18 24 D6 DC DB DF
  nt_row_20=E1 D9 DC ED E0 EF 24 24 19 1E 1C 11 24 1C 1D 0A 1B 1D 24 0B 1E 1D 1D 18 17 24 24 24 D6 D8 E1 D9
  pal=0F0F0F000F01110F0F0C01020F00010C0000010C0001110F000C01020000010C
  chr_008=00000000000000000000000000000000
  chr_01C=00000000000000000000000000000000
  chr_108=78C4E47886867C000000000000000000
  chr_11C=78CCC07C06C67C000000000000000000
SNAPSHOT frame=1524 reason=state_change
  state gm=00 ready=01 script=00 sub=00 ppu_idx=00 ram_005C=00 auto=00 phase=01 frm=44 ctrl=B0 mask=1E ctrl_shadow=B0 mask_shadow=1E flush_done=00 vblank=01 mirror=10
  nt_row_04=DC EE 24 24 24 24 24 24 24 24 24 24 24 24 24 24 24 24 24 24 24 24 24 24 24 24 24 24 24 24 D6 DB
  nt_row_07=DE EE 24 24 24 E3 24 24 71 72 73 74 75 76 77 78 79 79 79 7A 7B 24 24 24 24 24 E2 24 24 24 D6 DB
  nt_row_08=DE D8 EF 24 24 E2 24 7C 7D 7E 7F 80 81 82 83 84 85 86 87 88 89 8A 8B 24 24 24 E3 24 24 24 D6 DF
  nt_row_11=DE DB D7 24 24 E3 70 AF B0 B1 B2 B3 B4 B5 B6 B7 B8 B9 BA BB BC BD BE BF C0 24 E2 24 24 D6 DB DB
  nt_row_13=DE DB EE 24 24 E3 24 C6 C7 C8 C8 C8 24 C9 CA CB CC CD C8 C8 C8 C8 E8 E9 D3 24 E2 24 24 D6 DB DB
  nt_row_17=DC DA DC D7 24 24 24 24 24 24 24 24 24 F0 01 09 08 06 24 17 12 17 1D 0E 17 0D 18 24 D6 DC DB DF
  nt_row_20=E1 D9 DC ED E0 EF 24 24 19 1E 1C 11 24 1C 1D 0A 1B 1D 24 0B 1E 1D 1D 18 17 24 24 24 D6 D8 E1 D9
  pal=0F0F0F000F01110F0F0C01020F00010C0000010C0001110F000C01020000010C
  chr_008=00000000000000000000000000000000
  chr_01C=00000000000000000000000000000000
  chr_108=78C4E47886867C000000000000000000
  chr_11C=78CCC07C06C67C000000000000000000
SNAPSHOT frame=1562 reason=state_change
  state gm=00 ready=01 script=00 sub=00 ppu_idx=00 ram_005C=00 auto=00 phase=01 frm=45 ctrl=B0 mask=1E ctrl_shadow=B0 mask_shadow=1E flush_done=00 vblank=00 mirror=10
  nt_row_04=DC EE 24 24 24 24 24 24 24 24 24 24 24 24 24 24 24 24 24 24 24 24 24 24 24 24 24 24 24 24 D6 DB
  nt_row_07=DE EE 24 24 24 E3 24 24 71 72 73 74 75 76 77 78 79 79 79 7A 7B 24 24 24 24 24 E2 24 24 24 D6 DB
  nt_row_08=DE D8 EF 24 24 E2 24 7C 7D 7E 7F 80 81 82 83 84 85 86 87 88 89 8A 8B 24 24 24 E3 24 24 24 D6 DF
  nt_row_11=DE DB D7 24 24 E3 70 AF B0 B1 B2 B3 B4 B5 B6 B7 B8 B9 BA BB BC BD BE BF C0 24 E2 24 24 D6 DB DB
  nt_row_13=DE DB EE 24 24 E3 24 C6 C7 C8 C8 C8 24 C9 CA CB CC CD C8 C8 C8 C8 E8 E9 D3 24 E2 24 24 D6 DB DB
  nt_row_17=DC DA DC D7 24 24 24 24 24 24 24 24 24 F0 01 09 08 06 24 17 12 17 1D 0E 17 0D 18 24 D6 DC DB DF
  nt_row_20=E1 D9 DC ED E0 EF 24 24 19 1E 1C 11 24 1C 1D 0A 1B 1D 24 0B 1E 1D 1D 18 17 24 24 24 D6 D8 E1 D9
  pal=0F0F0F000F01110F0F0C01020F00010C0000010C0001110F000C01020000010C
  chr_008=00000000000000000000000000000000
  chr_01C=00000000000000000000000000000000
  chr_108=78C4E47886867C000000000000000000
  chr_11C=78CCC07C06C67C000000000000000000
SNAPSHOT frame=1563 reason=state_change
  state gm=00 ready=01 script=00 sub=00 ppu_idx=00 ram_005C=00 auto=00 phase=01 frm=46 ctrl=B0 mask=1E ctrl_shadow=B0 mask_shadow=1E flush_done=00 vblank=00 mirror=10
  nt_row_04=DC EE 24 24 24 24 24 24 24 24 24 24 24 24 24 24 24 24 24 24 24 24 24 24 24 24 24 24 24 24 D6 DB
  nt_row_07=DE EE 24 24 24 E3 24 24 71 72 73 74 75 76 77 78 79 79 79 7A 7B 24 24 24 24 24 E2 24 24 24 D6 DB
  nt_row_08=DE D8 EF 24 24 E2 24 7C 7D 7E 7F 80 81 82 83 84 85 86 87 88 89 8A 8B 24 24 24 E3 24 24 24 D6 DF
  nt_row_11=DE DB D7 24 24 E3 70 AF B0 B1 B2 B3 B4 B5 B6 B7 B8 B9 BA BB BC BD BE BF C0 24 E2 24 24 D6 DB DB
  nt_row_13=DE DB EE 24 24 E3 24 C6 C7 C8 C8 C8 24 C9 CA CB CC CD C8 C8 C8 C8 E8 E9 D3 24 E2 24 24 D6 DB DB
  nt_row_17=DC DA DC D7 24 24 24 24 24 24 24 24 24 F0 01 09 08 06 24 17 12 17 1D 0E 17 0D 18 24 D6 DC DB DF
  nt_row_20=E1 D9 DC ED E0 EF 24 24 19 1E 1C 11 24 1C 1D 0A 1B 1D 24 0B 1E 1D 1D 18 17 24 24 24 D6 D8 E1 D9
  pal=0F0F0F000F01110F0F0C01020F00010C0000010C0001110F000C01020000010C
  chr_008=00000000000000000000000000000000
  chr_01C=00000000000000000000000000000000
  chr_108=78C4E47886867C000000000000000000
  chr_11C=78CCC07C06C67C000000000000000000
SNAPSHOT frame=1564 reason=state_change
  state gm=00 ready=01 script=00 sub=00 ppu_idx=00 ram_005C=00 auto=00 phase=01 frm=47 ctrl=B0 mask=1E ctrl_shadow=B0 mask_shadow=1E flush_done=00 vblank=00 mirror=10
  nt_row_04=DC EE 24 24 24 24 24 24 24 24 24 24 24 24 24 24 24 24 24 24 24 24 24 24 24 24 24 24 24 24 D6 DB
  nt_row_07=DE EE 24 24 24 E3 24 24 71 72 73 74 75 76 77 78 79 79 79 7A 7B 24 24 24 24 24 E2 24 24 24 D6 DB
  nt_row_08=DE D8 EF 24 24 E2 24 7C 7D 7E 7F 80 81 82 83 84 85 86 87 88 89 8A 8B 24 24 24 E3 24 24 24 D6 DF
  nt_row_11=DE DB D7 24 24 E3 70 AF B0 B1 B2 B3 B4 B5 B6 B7 B8 B9 BA BB BC BD BE BF C0 24 E2 24 24 D6 DB DB
  nt_row_13=DE DB EE 24 24 E3 24 C6 C7 C8 C8 C8 24 C9 CA CB CC CD C8 C8 C8 C8 E8 E9 D3 24 E2 24 24 D6 DB DB
  nt_row_17=DC DA DC D7 24 24 24 24 24 24 24 24 24 F0 01 09 08 06 24 17 12 17 1D 0E 17 0D 18 24 D6 DC DB DF
  nt_row_20=E1 D9 DC ED E0 EF 24 24 19 1E 1C 11 24 1C 1D 0A 1B 1D 24 0B 1E 1D 1D 18 17 24 24 24 D6 D8 E1 D9
  pal=0F0F0F000F01110F0F0C01020F00010C0000010C0001110F000C01020000010C
  chr_008=00000000000000000000000000000000
  chr_01C=00000000000000000000000000000000
  chr_108=78C4E47886867C000000000000000000
  chr_11C=78CCC07C06C67C000000000000000000
SNAPSHOT frame=1565 reason=state_change
  state gm=00 ready=01 script=00 sub=00 ppu_idx=00 ram_005C=00 auto=00 phase=01 frm=48 ctrl=B0 mask=1E ctrl_shadow=B0 mask_shadow=1E flush_done=00 vblank=01 mirror=10
  nt_row_04=DC EE 24 24 24 24 24 24 24 24 24 24 24 24 24 24 24 24 24 24 24 24 24 24 24 24 24 24 24 24 D6 DB
  nt_row_07=DE EE 24 24 24 E3 24 24 71 72 73 74 75 76 77 78 79 79 79 7A 7B 24 24 24 24 24 E2 24 24 24 D6 DB
  nt_row_08=DE D8 EF 24 24 E2 24 7C 7D 7E 7F 80 81 82 83 84 85 86 87 88 89 8A 8B 24 24 24 E3 24 24 24 D6 DF
  nt_row_11=DE DB D7 24 24 E3 70 AF B0 B1 B2 B3 B4 B5 B6 B7 B8 B9 BA BB BC BD BE BF C0 24 E2 24 24 D6 DB DB
  nt_row_13=DE DB EE 24 24 E3 24 C6 C7 C8 C8 C8 24 C9 CA CB CC CD C8 C8 C8 C8 E8 E9 D3 24 E2 24 24 D6 DB DB
  nt_row_17=DC DA DC D7 24 24 24 24 24 24 24 24 24 F0 01 09 08 06 24 17 12 17 1D 0E 17 0D 18 24 D6 DC DB DF
  nt_row_20=E1 D9 DC ED E0 EF 24 24 19 1E 1C 11 24 1C 1D 0A 1B 1D 24 0B 1E 1D 1D 18 17 24 24 24 D6 D8 E1 D9
  pal=0F0F0F000F01110F0F0C01020F00010C0000010C0001110F000C01020000010C
  chr_008=00000000000000000000000000000000
  chr_01C=00000000000000000000000000000000
  chr_108=78C4E47886867C000000000000000000
  chr_11C=78CCC07C06C67C000000000000000000
SNAPSHOT frame=1603 reason=state_change
  state gm=00 ready=01 script=00 sub=00 ppu_idx=00 ram_005C=00 auto=00 phase=01 frm=49 ctrl=B0 mask=1E ctrl_shadow=B0 mask_shadow=1E flush_done=00 vblank=00 mirror=10
  nt_row_04=DC EE 24 24 24 24 24 24 24 24 24 24 24 24 24 24 24 24 24 24 24 24 24 24 24 24 24 24 24 24 D6 DB
  nt_row_07=DE EE 24 24 24 E3 24 24 71 72 73 74 75 76 77 78 79 79 79 7A 7B 24 24 24 24 24 E2 24 24 24 D6 DB
  nt_row_08=DE D8 EF 24 24 E2 24 7C 7D 7E 7F 80 81 82 83 84 85 86 87 88 89 8A 8B 24 24 24 E3 24 24 24 D6 DF
  nt_row_11=DE DB D7 24 24 E3 70 AF B0 B1 B2 B3 B4 B5 B6 B7 B8 B9 BA BB BC BD BE BF C0 24 E2 24 24 D6 DB DB
  nt_row_13=DE DB EE 24 24 E3 24 C6 C7 C8 C8 C8 24 C9 CA CB CC CD C8 C8 C8 C8 E8 E9 D3 24 E2 24 24 D6 DB DB
  nt_row_17=DC DA DC D7 24 24 24 24 24 24 24 24 24 F0 01 09 08 06 24 17 12 17 1D 0E 17 0D 18 24 D6 DC DB DF
  nt_row_20=E1 D9 DC ED E0 EF 24 24 19 1E 1C 11 24 1C 1D 0A 1B 1D 24 0B 1E 1D 1D 18 17 24 24 24 D6 D8 E1 D9
  pal=0F0F0F000F01110F0F0C01020F00010C0000010C0001110F000C01020000010C
  chr_008=00000000000000000000000000000000
  chr_01C=00000000000000000000000000000000
  chr_108=78C4E47886867C000000000000000000
  chr_11C=78CCC07C06C67C000000000000000000
SNAPSHOT frame=1604 reason=state_change
  state gm=00 ready=01 script=00 sub=00 ppu_idx=00 ram_005C=00 auto=00 phase=01 frm=4A ctrl=B0 mask=1E ctrl_shadow=B0 mask_shadow=1E flush_done=00 vblank=00 mirror=10
  nt_row_04=DC EE 24 24 24 24 24 24 24 24 24 24 24 24 24 24 24 24 24 24 24 24 24 24 24 24 24 24 24 24 D6 DB
  nt_row_07=DE EE 24 24 24 E3 24 24 71 72 73 74 75 76 77 78 79 79 79 7A 7B 24 24 24 24 24 E2 24 24 24 D6 DB
  nt_row_08=DE D8 EF 24 24 E2 24 7C 7D 7E 7F 80 81 82 83 84 85 86 87 88 89 8A 8B 24 24 24 E3 24 24 24 D6 DF
  nt_row_11=DE DB D7 24 24 E3 70 AF B0 B1 B2 B3 B4 B5 B6 B7 B8 B9 BA BB BC BD BE BF C0 24 E2 24 24 D6 DB DB
  nt_row_13=DE DB EE 24 24 E3 24 C6 C7 C8 C8 C8 24 C9 CA CB CC CD C8 C8 C8 C8 E8 E9 D3 24 E2 24 24 D6 DB DB
  nt_row_17=DC DA DC D7 24 24 24 24 24 24 24 24 24 F0 01 09 08 06 24 17 12 17 1D 0E 17 0D 18 24 D6 DC DB DF
  nt_row_20=E1 D9 DC ED E0 EF 24 24 19 1E 1C 11 24 1C 1D 0A 1B 1D 24 0B 1E 1D 1D 18 17 24 24 24 D6 D8 E1 D9
  pal=0F0F0F000F01110F0F0C01020F00010C0000010C0001110F000C01020000010C
  chr_008=00000000000000000000000000000000
  chr_01C=00000000000000000000000000000000
  chr_108=78C4E47886867C000000000000000000
  chr_11C=78CCC07C06C67C000000000000000000
SNAPSHOT frame=1605 reason=state_change
  state gm=00 ready=01 script=00 sub=00 ppu_idx=00 ram_005C=00 auto=00 phase=01 frm=4B ctrl=B0 mask=1E ctrl_shadow=B0 mask_shadow=1E flush_done=00 vblank=00 mirror=10
  nt_row_04=DC EE 24 24 24 24 24 24 24 24 24 24 24 24 24 24 24 24 24 24 24 24 24 24 24 24 24 24 24 24 D6 DB
  nt_row_07=DE EE 24 24 24 E3 24 24 71 72 73 74 75 76 77 78 79 79 79 7A 7B 24 24 24 24 24 E2 24 24 24 D6 DB
  nt_row_08=DE D8 EF 24 24 E2 24 7C 7D 7E 7F 80 81 82 83 84 85 86 87 88 89 8A 8B 24 24 24 E3 24 24 24 D6 DF
  nt_row_11=DE DB D7 24 24 E3 70 AF B0 B1 B2 B3 B4 B5 B6 B7 B8 B9 BA BB BC BD BE BF C0 24 E2 24 24 D6 DB DB
  nt_row_13=DE DB EE 24 24 E3 24 C6 C7 C8 C8 C8 24 C9 CA CB CC CD C8 C8 C8 C8 E8 E9 D3 24 E2 24 24 D6 DB DB
  nt_row_17=DC DA DC D7 24 24 24 24 24 24 24 24 24 F0 01 09 08 06 24 17 12 17 1D 0E 17 0D 18 24 D6 DC DB DF
  nt_row_20=E1 D9 DC ED E0 EF 24 24 19 1E 1C 11 24 1C 1D 0A 1B 1D 24 0B 1E 1D 1D 18 17 24 24 24 D6 D8 E1 D9
  pal=0F0F0F000F01110F0F0C01020F00010C0000010C0001110F000C01020000010C
  chr_008=00000000000000000000000000000000
  chr_01C=00000000000000000000000000000000
  chr_108=78C4E47886867C000000000000000000
  chr_11C=78CCC07C06C67C000000000000000000
SNAPSHOT frame=1606 reason=state_change
  state gm=00 ready=01 script=00 sub=00 ppu_idx=00 ram_005C=00 auto=00 phase=01 frm=4C ctrl=B0 mask=1E ctrl_shadow=B0 mask_shadow=1E flush_done=00 vblank=01 mirror=10
  nt_row_04=DC EE 24 24 24 24 24 24 24 24 24 24 24 24 24 24 24 24 24 24 24 24 24 24 24 24 24 24 24 24 D6 DB
  nt_row_07=DE EE 24 24 24 E3 24 24 71 72 73 74 75 76 77 78 79 79 79 7A 7B 24 24 24 24 24 E2 24 24 24 D6 DB
  nt_row_08=DE D8 EF 24 24 E2 24 7C 7D 7E 7F 80 81 82 83 84 85 86 87 88 89 8A 8B 24 24 24 E3 24 24 24 D6 DF
  nt_row_11=DE DB D7 24 24 E3 70 AF B0 B1 B2 B3 B4 B5 B6 B7 B8 B9 BA BB BC BD BE BF C0 24 E2 24 24 D6 DB DB
  nt_row_13=DE DB EE 24 24 E3 24 C6 C7 C8 C8 C8 24 C9 CA CB CC CD C8 C8 C8 C8 E8 E9 D3 24 E2 24 24 D6 DB DB
  nt_row_17=DC DA DC D7 24 24 24 24 24 24 24 24 24 F0 01 09 08 06 24 17 12 17 1D 0E 17 0D 18 24 D6 DC DB DF
  nt_row_20=E1 D9 DC ED E0 EF 24 24 19 1E 1C 11 24 1C 1D 0A 1B 1D 24 0B 1E 1D 1D 18 17 24 24 24 D6 D8 E1 D9
  pal=0F0F0F000F01110F0F0C01020F00010C0000010C0001110F000C01020000010C
  chr_008=00000000000000000000000000000000
  chr_01C=00000000000000000000000000000000
  chr_108=78C4E47886867C000000000000000000
  chr_11C=78CCC07C06C67C000000000000000000
SNAPSHOT frame=1644 reason=state_change
  state gm=00 ready=01 script=00 sub=00 ppu_idx=00 ram_005C=00 auto=00 phase=01 frm=4D ctrl=B0 mask=1E ctrl_shadow=B0 mask_shadow=1E flush_done=00 vblank=00 mirror=10
  nt_row_04=DC EE 24 24 24 24 24 24 24 24 24 24 24 24 24 24 24 24 24 24 24 24 24 24 24 24 24 24 24 24 D6 DB
  nt_row_07=DE EE 24 24 24 E3 24 24 71 72 73 74 75 76 77 78 79 79 79 7A 7B 24 24 24 24 24 E2 24 24 24 D6 DB
  nt_row_08=DE D8 EF 24 24 E2 24 7C 7D 7E 7F 80 81 82 83 84 85 86 87 88 89 8A 8B 24 24 24 E3 24 24 24 D6 DF
  nt_row_11=DE DB D7 24 24 E3 70 AF B0 B1 B2 B3 B4 B5 B6 B7 B8 B9 BA BB BC BD BE BF C0 24 E2 24 24 D6 DB DB
  nt_row_13=DE DB EE 24 24 E3 24 C6 C7 C8 C8 C8 24 C9 CA CB CC CD C8 C8 C8 C8 E8 E9 D3 24 E2 24 24 D6 DB DB
  nt_row_17=DC DA DC D7 24 24 24 24 24 24 24 24 24 F0 01 09 08 06 24 17 12 17 1D 0E 17 0D 18 24 D6 DC DB DF
  nt_row_20=E1 D9 DC ED E0 EF 24 24 19 1E 1C 11 24 1C 1D 0A 1B 1D 24 0B 1E 1D 1D 18 17 24 24 24 D6 D8 E1 D9
  pal=0F0F0F000F01110F0F0C01020F00010C0000010C0001110F000C01020000010C
  chr_008=00000000000000000000000000000000
  chr_01C=00000000000000000000000000000000
  chr_108=78C4E47886867C000000000000000000
  chr_11C=78CCC07C06C67C000000000000000000
SNAPSHOT frame=1645 reason=state_change
  state gm=00 ready=01 script=00 sub=00 ppu_idx=00 ram_005C=00 auto=00 phase=01 frm=4E ctrl=B0 mask=1E ctrl_shadow=B0 mask_shadow=1E flush_done=00 vblank=00 mirror=10
  nt_row_04=DC EE 24 24 24 24 24 24 24 24 24 24 24 24 24 24 24 24 24 24 24 24 24 24 24 24 24 24 24 24 D6 DB
  nt_row_07=DE EE 24 24 24 E3 24 24 71 72 73 74 75 76 77 78 79 79 79 7A 7B 24 24 24 24 24 E2 24 24 24 D6 DB
  nt_row_08=DE D8 EF 24 24 E2 24 7C 7D 7E 7F 80 81 82 83 84 85 86 87 88 89 8A 8B 24 24 24 E3 24 24 24 D6 DF
  nt_row_11=DE DB D7 24 24 E3 70 AF B0 B1 B2 B3 B4 B5 B6 B7 B8 B9 BA BB BC BD BE BF C0 24 E2 24 24 D6 DB DB
  nt_row_13=DE DB EE 24 24 E3 24 C6 C7 C8 C8 C8 24 C9 CA CB CC CD C8 C8 C8 C8 E8 E9 D3 24 E2 24 24 D6 DB DB
  nt_row_17=DC DA DC D7 24 24 24 24 24 24 24 24 24 F0 01 09 08 06 24 17 12 17 1D 0E 17 0D 18 24 D6 DC DB DF
  nt_row_20=E1 D9 DC ED E0 EF 24 24 19 1E 1C 11 24 1C 1D 0A 1B 1D 24 0B 1E 1D 1D 18 17 24 24 24 D6 D8 E1 D9
  pal=0F0F0F000F01110F0F0C01020F00010C0000010C0001110F000C01020000010C
  chr_008=00000000000000000000000000000000
  chr_01C=00000000000000000000000000000000
  chr_108=78C4E47886867C000000000000000000
  chr_11C=78CCC07C06C67C000000000000000000
SNAPSHOT frame=1646 reason=state_change
  state gm=00 ready=01 script=00 sub=00 ppu_idx=00 ram_005C=00 auto=00 phase=01 frm=4F ctrl=B0 mask=1E ctrl_shadow=B0 mask_shadow=1E flush_done=00 vblank=00 mirror=10
  nt_row_04=DC EE 24 24 24 24 24 24 24 24 24 24 24 24 24 24 24 24 24 24 24 24 24 24 24 24 24 24 24 24 D6 DB
  nt_row_07=DE EE 24 24 24 E3 24 24 71 72 73 74 75 76 77 78 79 79 79 7A 7B 24 24 24 24 24 E2 24 24 24 D6 DB
  nt_row_08=DE D8 EF 24 24 E2 24 7C 7D 7E 7F 80 81 82 83 84 85 86 87 88 89 8A 8B 24 24 24 E3 24 24 24 D6 DF
  nt_row_11=DE DB D7 24 24 E3 70 AF B0 B1 B2 B3 B4 B5 B6 B7 B8 B9 BA BB BC BD BE BF C0 24 E2 24 24 D6 DB DB
  nt_row_13=DE DB EE 24 24 E3 24 C6 C7 C8 C8 C8 24 C9 CA CB CC CD C8 C8 C8 C8 E8 E9 D3 24 E2 24 24 D6 DB DB
  nt_row_17=DC DA DC D7 24 24 24 24 24 24 24 24 24 F0 01 09 08 06 24 17 12 17 1D 0E 17 0D 18 24 D6 DC DB DF
  nt_row_20=E1 D9 DC ED E0 EF 24 24 19 1E 1C 11 24 1C 1D 0A 1B 1D 24 0B 1E 1D 1D 18 17 24 24 24 D6 D8 E1 D9
  pal=0F0F0F000F01110F0F0C01020F00010C0000010C0001110F000C01020000010C
  chr_008=00000000000000000000000000000000
  chr_01C=00000000000000000000000000000000
  chr_108=78C4E47886867C000000000000000000
  chr_11C=78CCC07C06C67C000000000000000000
SNAPSHOT frame=1647 reason=state_change
  state gm=00 ready=01 script=00 sub=00 ppu_idx=00 ram_005C=00 auto=00 phase=01 frm=50 ctrl=B0 mask=1E ctrl_shadow=B0 mask_shadow=1E flush_done=00 vblank=01 mirror=10
  nt_row_04=DC EE 24 24 24 24 24 24 24 24 24 24 24 24 24 24 24 24 24 24 24 24 24 24 24 24 24 24 24 24 D6 DB
  nt_row_07=DE EE 24 24 24 E3 24 24 71 72 73 74 75 76 77 78 79 79 79 7A 7B 24 24 24 24 24 E2 24 24 24 D6 DB
  nt_row_08=DE D8 EF 24 24 E2 24 7C 7D 7E 7F 80 81 82 83 84 85 86 87 88 89 8A 8B 24 24 24 E3 24 24 24 D6 DF
  nt_row_11=DE DB D7 24 24 E3 70 AF B0 B1 B2 B3 B4 B5 B6 B7 B8 B9 BA BB BC BD BE BF C0 24 E2 24 24 D6 DB DB
  nt_row_13=DE DB EE 24 24 E3 24 C6 C7 C8 C8 C8 24 C9 CA CB CC CD C8 C8 C8 C8 E8 E9 D3 24 E2 24 24 D6 DB DB
  nt_row_17=DC DA DC D7 24 24 24 24 24 24 24 24 24 F0 01 09 08 06 24 17 12 17 1D 0E 17 0D 18 24 D6 DC DB DF
  nt_row_20=E1 D9 DC ED E0 EF 24 24 19 1E 1C 11 24 1C 1D 0A 1B 1D 24 0B 1E 1D 1D 18 17 24 24 24 D6 D8 E1 D9
  pal=0F0F0F000F01110F0F0C01020F00010C0000010C0001110F000C01020000010C
  chr_008=00000000000000000000000000000000
  chr_01C=00000000000000000000000000000000
  chr_108=78C4E47886867C000000000000000000
  chr_11C=78CCC07C06C67C000000000000000000
SNAPSHOT frame=1685 reason=state_change
  state gm=00 ready=01 script=00 sub=00 ppu_idx=00 ram_005C=00 auto=00 phase=01 frm=51 ctrl=B0 mask=1E ctrl_shadow=B0 mask_shadow=1E flush_done=00 vblank=00 mirror=10
  nt_row_04=DC EE 24 24 24 24 24 24 24 24 24 24 24 24 24 24 24 24 24 24 24 24 24 24 24 24 24 24 24 24 D6 DB
  nt_row_07=DE EE 24 24 24 E3 24 24 71 72 73 74 75 76 77 78 79 79 79 7A 7B 24 24 24 24 24 E2 24 24 24 D6 DB
  nt_row_08=DE D8 EF 24 24 E2 24 7C 7D 7E 7F 80 81 82 83 84 85 86 87 88 89 8A 8B 24 24 24 E3 24 24 24 D6 DF
  nt_row_11=DE DB D7 24 24 E3 70 AF B0 B1 B2 B3 B4 B5 B6 B7 B8 B9 BA BB BC BD BE BF C0 24 E2 24 24 D6 DB DB
  nt_row_13=DE DB EE 24 24 E3 24 C6 C7 C8 C8 C8 24 C9 CA CB CC CD C8 C8 C8 C8 E8 E9 D3 24 E2 24 24 D6 DB DB
  nt_row_17=DC DA DC D7 24 24 24 24 24 24 24 24 24 F0 01 09 08 06 24 17 12 17 1D 0E 17 0D 18 24 D6 DC DB DF
  nt_row_20=E1 D9 DC ED E0 EF 24 24 19 1E 1C 11 24 1C 1D 0A 1B 1D 24 0B 1E 1D 1D 18 17 24 24 24 D6 D8 E1 D9
  pal=0F0F0F000F01110F0F0C01020F00010C0000010C0001110F000C01020000010C
  chr_008=00000000000000000000000000000000
  chr_01C=00000000000000000000000000000000
  chr_108=78C4E47886867C000000000000000000
  chr_11C=78CCC07C06C67C000000000000000000
SNAPSHOT frame=1686 reason=state_change
  state gm=00 ready=01 script=00 sub=00 ppu_idx=00 ram_005C=00 auto=00 phase=01 frm=52 ctrl=B0 mask=1E ctrl_shadow=B0 mask_shadow=1E flush_done=00 vblank=00 mirror=10
  nt_row_04=DC EE 24 24 24 24 24 24 24 24 24 24 24 24 24 24 24 24 24 24 24 24 24 24 24 24 24 24 24 24 D6 DB
  nt_row_07=DE EE 24 24 24 E3 24 24 71 72 73 74 75 76 77 78 79 79 79 7A 7B 24 24 24 24 24 E2 24 24 24 D6 DB
  nt_row_08=DE D8 EF 24 24 E2 24 7C 7D 7E 7F 80 81 82 83 84 85 86 87 88 89 8A 8B 24 24 24 E3 24 24 24 D6 DF
  nt_row_11=DE DB D7 24 24 E3 70 AF B0 B1 B2 B3 B4 B5 B6 B7 B8 B9 BA BB BC BD BE BF C0 24 E2 24 24 D6 DB DB
  nt_row_13=DE DB EE 24 24 E3 24 C6 C7 C8 C8 C8 24 C9 CA CB CC CD C8 C8 C8 C8 E8 E9 D3 24 E2 24 24 D6 DB DB
  nt_row_17=DC DA DC D7 24 24 24 24 24 24 24 24 24 F0 01 09 08 06 24 17 12 17 1D 0E 17 0D 18 24 D6 DC DB DF
  nt_row_20=E1 D9 DC ED E0 EF 24 24 19 1E 1C 11 24 1C 1D 0A 1B 1D 24 0B 1E 1D 1D 18 17 24 24 24 D6 D8 E1 D9
  pal=0F0F0F000F01110F0F0C01020F00010C0000010C0001110F000C01020000010C
  chr_008=00000000000000000000000000000000
  chr_01C=00000000000000000000000000000000
  chr_108=78C4E47886867C000000000000000000
  chr_11C=78CCC07C06C67C000000000000000000
SNAPSHOT frame=1687 reason=state_change
  state gm=00 ready=01 script=00 sub=00 ppu_idx=00 ram_005C=00 auto=00 phase=01 frm=53 ctrl=B0 mask=1E ctrl_shadow=B0 mask_shadow=1E flush_done=00 vblank=00 mirror=10
  nt_row_04=DC EE 24 24 24 24 24 24 24 24 24 24 24 24 24 24 24 24 24 24 24 24 24 24 24 24 24 24 24 24 D6 DB
  nt_row_07=DE EE 24 24 24 E3 24 24 71 72 73 74 75 76 77 78 79 79 79 7A 7B 24 24 24 24 24 E2 24 24 24 D6 DB
  nt_row_08=DE D8 EF 24 24 E2 24 7C 7D 7E 7F 80 81 82 83 84 85 86 87 88 89 8A 8B 24 24 24 E3 24 24 24 D6 DF
  nt_row_11=DE DB D7 24 24 E3 70 AF B0 B1 B2 B3 B4 B5 B6 B7 B8 B9 BA BB BC BD BE BF C0 24 E2 24 24 D6 DB DB
  nt_row_13=DE DB EE 24 24 E3 24 C6 C7 C8 C8 C8 24 C9 CA CB CC CD C8 C8 C8 C8 E8 E9 D3 24 E2 24 24 D6 DB DB
  nt_row_17=DC DA DC D7 24 24 24 24 24 24 24 24 24 F0 01 09 08 06 24 17 12 17 1D 0E 17 0D 18 24 D6 DC DB DF
  nt_row_20=E1 D9 DC ED E0 EF 24 24 19 1E 1C 11 24 1C 1D 0A 1B 1D 24 0B 1E 1D 1D 18 17 24 24 24 D6 D8 E1 D9
  pal=0F0F0F000F01110F0F0C01020F00010C0000010C0001110F000C01020000010C
  chr_008=00000000000000000000000000000000
  chr_01C=00000000000000000000000000000000
  chr_108=78C4E47886867C000000000000000000
  chr_11C=78CCC07C06C67C000000000000000000
SNAPSHOT frame=1688 reason=state_change
  state gm=00 ready=01 script=00 sub=00 ppu_idx=00 ram_005C=00 auto=00 phase=01 frm=54 ctrl=B0 mask=1E ctrl_shadow=B0 mask_shadow=1E flush_done=00 vblank=01 mirror=10
  nt_row_04=DC EE 24 24 24 24 24 24 24 24 24 24 24 24 24 24 24 24 24 24 24 24 24 24 24 24 24 24 24 24 D6 DB
  nt_row_07=DE EE 24 24 24 E3 24 24 71 72 73 74 75 76 77 78 79 79 79 7A 7B 24 24 24 24 24 E2 24 24 24 D6 DB
  nt_row_08=DE D8 EF 24 24 E2 24 7C 7D 7E 7F 80 81 82 83 84 85 86 87 88 89 8A 8B 24 24 24 E3 24 24 24 D6 DF
  nt_row_11=DE DB D7 24 24 E3 70 AF B0 B1 B2 B3 B4 B5 B6 B7 B8 B9 BA BB BC BD BE BF C0 24 E2 24 24 D6 DB DB
  nt_row_13=DE DB EE 24 24 E3 24 C6 C7 C8 C8 C8 24 C9 CA CB CC CD C8 C8 C8 C8 E8 E9 D3 24 E2 24 24 D6 DB DB
  nt_row_17=DC DA DC D7 24 24 24 24 24 24 24 24 24 F0 01 09 08 06 24 17 12 17 1D 0E 17 0D 18 24 D6 DC DB DF
  nt_row_20=E1 D9 DC ED E0 EF 24 24 19 1E 1C 11 24 1C 1D 0A 1B 1D 24 0B 1E 1D 1D 18 17 24 24 24 D6 D8 E1 D9
  pal=0F0F0F000F01110F0F0C01020F00010C0000010C0001110F000C01020000010C
  chr_008=00000000000000000000000000000000
  chr_01C=00000000000000000000000000000000
  chr_108=78C4E47886867C000000000000000000
  chr_11C=78CCC07C06C67C000000000000000000
SNAPSHOT frame=1726 reason=state_change
  state gm=00 ready=01 script=00 sub=00 ppu_idx=00 ram_005C=00 auto=00 phase=01 frm=55 ctrl=B0 mask=1E ctrl_shadow=B0 mask_shadow=1E flush_done=00 vblank=00 mirror=10
  nt_row_04=DC EE 24 24 24 24 24 24 24 24 24 24 24 24 24 24 24 24 24 24 24 24 24 24 24 24 24 24 24 24 D6 DB
  nt_row_07=DE EE 24 24 24 E3 24 24 71 72 73 74 75 76 77 78 79 79 79 7A 7B 24 24 24 24 24 E2 24 24 24 D6 DB
  nt_row_08=DE D8 EF 24 24 E2 24 7C 7D 7E 7F 80 81 82 83 84 85 86 87 88 89 8A 8B 24 24 24 E3 24 24 24 D6 DF
  nt_row_11=DE DB D7 24 24 E3 70 AF B0 B1 B2 B3 B4 B5 B6 B7 B8 B9 BA BB BC BD BE BF C0 24 E2 24 24 D6 DB DB
  nt_row_13=DE DB EE 24 24 E3 24 C6 C7 C8 C8 C8 24 C9 CA CB CC CD C8 C8 C8 C8 E8 E9 D3 24 E2 24 24 D6 DB DB
  nt_row_17=DC DA DC D7 24 24 24 24 24 24 24 24 24 F0 01 09 08 06 24 17 12 17 1D 0E 17 0D 18 24 D6 DC DB DF
  nt_row_20=E1 D9 DC ED E0 EF 24 24 19 1E 1C 11 24 1C 1D 0A 1B 1D 24 0B 1E 1D 1D 18 17 24 24 24 D6 D8 E1 D9
  pal=0F0F0F000F01110F0F0C01020F00010C0000010C0001110F000C01020000010C
  chr_008=00000000000000000000000000000000
  chr_01C=00000000000000000000000000000000
  chr_108=78C4E47886867C000000000000000000
  chr_11C=78CCC07C06C67C000000000000000000
SNAPSHOT frame=1727 reason=state_change
  state gm=00 ready=01 script=00 sub=00 ppu_idx=00 ram_005C=00 auto=00 phase=01 frm=56 ctrl=B0 mask=1E ctrl_shadow=B0 mask_shadow=1E flush_done=00 vblank=00 mirror=10
  nt_row_04=DC EE 24 24 24 24 24 24 24 24 24 24 24 24 24 24 24 24 24 24 24 24 24 24 24 24 24 24 24 24 D6 DB
  nt_row_07=DE EE 24 24 24 E3 24 24 71 72 73 74 75 76 77 78 79 79 79 7A 7B 24 24 24 24 24 E2 24 24 24 D6 DB
  nt_row_08=DE D8 EF 24 24 E2 24 7C 7D 7E 7F 80 81 82 83 84 85 86 87 88 89 8A 8B 24 24 24 E3 24 24 24 D6 DF
  nt_row_11=DE DB D7 24 24 E3 70 AF B0 B1 B2 B3 B4 B5 B6 B7 B8 B9 BA BB BC BD BE BF C0 24 E2 24 24 D6 DB DB
  nt_row_13=DE DB EE 24 24 E3 24 C6 C7 C8 C8 C8 24 C9 CA CB CC CD C8 C8 C8 C8 E8 E9 D3 24 E2 24 24 D6 DB DB
  nt_row_17=DC DA DC D7 24 24 24 24 24 24 24 24 24 F0 01 09 08 06 24 17 12 17 1D 0E 17 0D 18 24 D6 DC DB DF
  nt_row_20=E1 D9 DC ED E0 EF 24 24 19 1E 1C 11 24 1C 1D 0A 1B 1D 24 0B 1E 1D 1D 18 17 24 24 24 D6 D8 E1 D9
  pal=0F0F0F000F01110F0F0C01020F00010C0000010C0001110F000C01020000010C
  chr_008=00000000000000000000000000000000
  chr_01C=00000000000000000000000000000000
  chr_108=78C4E47886867C000000000000000000
  chr_11C=78CCC07C06C67C000000000000000000
SNAPSHOT frame=1728 reason=state_change
  state gm=00 ready=01 script=00 sub=00 ppu_idx=00 ram_005C=00 auto=00 phase=01 frm=57 ctrl=B0 mask=1E ctrl_shadow=B0 mask_shadow=1E flush_done=00 vblank=00 mirror=10
  nt_row_04=DC EE 24 24 24 24 24 24 24 24 24 24 24 24 24 24 24 24 24 24 24 24 24 24 24 24 24 24 24 24 D6 DB
  nt_row_07=DE EE 24 24 24 E3 24 24 71 72 73 74 75 76 77 78 79 79 79 7A 7B 24 24 24 24 24 E2 24 24 24 D6 DB
  nt_row_08=DE D8 EF 24 24 E2 24 7C 7D 7E 7F 80 81 82 83 84 85 86 87 88 89 8A 8B 24 24 24 E3 24 24 24 D6 DF
  nt_row_11=DE DB D7 24 24 E3 70 AF B0 B1 B2 B3 B4 B5 B6 B7 B8 B9 BA BB BC BD BE BF C0 24 E2 24 24 D6 DB DB
  nt_row_13=DE DB EE 24 24 E3 24 C6 C7 C8 C8 C8 24 C9 CA CB CC CD C8 C8 C8 C8 E8 E9 D3 24 E2 24 24 D6 DB DB
  nt_row_17=DC DA DC D7 24 24 24 24 24 24 24 24 24 F0 01 09 08 06 24 17 12 17 1D 0E 17 0D 18 24 D6 DC DB DF
  nt_row_20=E1 D9 DC ED E0 EF 24 24 19 1E 1C 11 24 1C 1D 0A 1B 1D 24 0B 1E 1D 1D 18 17 24 24 24 D6 D8 E1 D9
  pal=0F0F0F000F01110F0F0C01020F00010C0000010C0001110F000C01020000010C
  chr_008=00000000000000000000000000000000
  chr_01C=00000000000000000000000000000000
  chr_108=78C4E47886867C000000000000000000
  chr_11C=78CCC07C06C67C000000000000000000
SNAPSHOT frame=1729 reason=state_change
  state gm=00 ready=01 script=00 sub=00 ppu_idx=00 ram_005C=00 auto=00 phase=01 frm=58 ctrl=B0 mask=1E ctrl_shadow=B0 mask_shadow=1E flush_done=00 vblank=01 mirror=10
  nt_row_04=DC EE 24 24 24 24 24 24 24 24 24 24 24 24 24 24 24 24 24 24 24 24 24 24 24 24 24 24 24 24 D6 DB
  nt_row_07=DE EE 24 24 24 E3 24 24 71 72 73 74 75 76 77 78 79 79 79 7A 7B 24 24 24 24 24 E2 24 24 24 D6 DB
  nt_row_08=DE D8 EF 24 24 E2 24 7C 7D 7E 7F 80 81 82 83 84 85 86 87 88 89 8A 8B 24 24 24 E3 24 24 24 D6 DF
  nt_row_11=DE DB D7 24 24 E3 70 AF B0 B1 B2 B3 B4 B5 B6 B7 B8 B9 BA BB BC BD BE BF C0 24 E2 24 24 D6 DB DB
  nt_row_13=DE DB EE 24 24 E3 24 C6 C7 C8 C8 C8 24 C9 CA CB CC CD C8 C8 C8 C8 E8 E9 D3 24 E2 24 24 D6 DB DB
  nt_row_17=DC DA DC D7 24 24 24 24 24 24 24 24 24 F0 01 09 08 06 24 17 12 17 1D 0E 17 0D 18 24 D6 DC DB DF
  nt_row_20=E1 D9 DC ED E0 EF 24 24 19 1E 1C 11 24 1C 1D 0A 1B 1D 24 0B 1E 1D 1D 18 17 24 24 24 D6 D8 E1 D9
  pal=0F0F0F000F01110F0F0C01020F00010C0000010C0001110F000C01020000010C
  chr_008=00000000000000000000000000000000
  chr_01C=00000000000000000000000000000000
  chr_108=78C4E47886867C000000000000000000
  chr_11C=78CCC07C06C67C000000000000000000
SNAPSHOT frame=1767 reason=state_change
  state gm=00 ready=01 script=00 sub=00 ppu_idx=00 ram_005C=00 auto=00 phase=01 frm=59 ctrl=B0 mask=1E ctrl_shadow=B0 mask_shadow=1E flush_done=00 vblank=00 mirror=10
  nt_row_04=DC EE 24 24 24 24 24 24 24 24 24 24 24 24 24 24 24 24 24 24 24 24 24 24 24 24 24 24 24 24 D6 DB
  nt_row_07=DE EE 24 24 24 E3 24 24 71 72 73 74 75 76 77 78 79 79 79 7A 7B 24 24 24 24 24 E2 24 24 24 D6 DB
  nt_row_08=DE D8 EF 24 24 E2 24 7C 7D 7E 7F 80 81 82 83 84 85 86 87 88 89 8A 8B 24 24 24 E3 24 24 24 D6 DF
  nt_row_11=DE DB D7 24 24 E3 70 AF B0 B1 B2 B3 B4 B5 B6 B7 B8 B9 BA BB BC BD BE BF C0 24 E2 24 24 D6 DB DB
  nt_row_13=DE DB EE 24 24 E3 24 C6 C7 C8 C8 C8 24 C9 CA CB CC CD C8 C8 C8 C8 E8 E9 D3 24 E2 24 24 D6 DB DB
  nt_row_17=DC DA DC D7 24 24 24 24 24 24 24 24 24 F0 01 09 08 06 24 17 12 17 1D 0E 17 0D 18 24 D6 DC DB DF
  nt_row_20=E1 D9 DC ED E0 EF 24 24 19 1E 1C 11 24 1C 1D 0A 1B 1D 24 0B 1E 1D 1D 18 17 24 24 24 D6 D8 E1 D9
  pal=0F0F0F000F01110F0F0C01020F00010C0000010C0001110F000C01020000010C
  chr_008=00000000000000000000000000000000
  chr_01C=00000000000000000000000000000000
  chr_108=78C4E47886867C000000000000000000
  chr_11C=78CCC07C06C67C000000000000000000
SNAPSHOT frame=1768 reason=state_change
  state gm=00 ready=01 script=00 sub=00 ppu_idx=00 ram_005C=00 auto=00 phase=01 frm=5A ctrl=B0 mask=1E ctrl_shadow=B0 mask_shadow=1E flush_done=00 vblank=00 mirror=10
  nt_row_04=DC EE 24 24 24 24 24 24 24 24 24 24 24 24 24 24 24 24 24 24 24 24 24 24 24 24 24 24 24 24 D6 DB
  nt_row_07=DE EE 24 24 24 E3 24 24 71 72 73 74 75 76 77 78 79 79 79 7A 7B 24 24 24 24 24 E2 24 24 24 D6 DB
  nt_row_08=DE D8 EF 24 24 E2 24 7C 7D 7E 7F 80 81 82 83 84 85 86 87 88 89 8A 8B 24 24 24 E3 24 24 24 D6 DF
  nt_row_11=DE DB D7 24 24 E3 70 AF B0 B1 B2 B3 B4 B5 B6 B7 B8 B9 BA BB BC BD BE BF C0 24 E2 24 24 D6 DB DB
  nt_row_13=DE DB EE 24 24 E3 24 C6 C7 C8 C8 C8 24 C9 CA CB CC CD C8 C8 C8 C8 E8 E9 D3 24 E2 24 24 D6 DB DB
  nt_row_17=DC DA DC D7 24 24 24 24 24 24 24 24 24 F0 01 09 08 06 24 17 12 17 1D 0E 17 0D 18 24 D6 DC DB DF
  nt_row_20=E1 D9 DC ED E0 EF 24 24 19 1E 1C 11 24 1C 1D 0A 1B 1D 24 0B 1E 1D 1D 18 17 24 24 24 D6 D8 E1 D9
  pal=0F0F0F000F01110F0F0C01020F00010C0000010C0001110F000C01020000010C
  chr_008=00000000000000000000000000000000
  chr_01C=00000000000000000000000000000000
  chr_108=78C4E47886867C000000000000000000
  chr_11C=78CCC07C06C67C000000000000000000
SNAPSHOT frame=1769 reason=state_change
  state gm=00 ready=01 script=00 sub=00 ppu_idx=00 ram_005C=00 auto=00 phase=01 frm=5B ctrl=B0 mask=1E ctrl_shadow=B0 mask_shadow=1E flush_done=00 vblank=00 mirror=10
  nt_row_04=DC EE 24 24 24 24 24 24 24 24 24 24 24 24 24 24 24 24 24 24 24 24 24 24 24 24 24 24 24 24 D6 DB
  nt_row_07=DE EE 24 24 24 E3 24 24 71 72 73 74 75 76 77 78 79 79 79 7A 7B 24 24 24 24 24 E2 24 24 24 D6 DB
  nt_row_08=DE D8 EF 24 24 E2 24 7C 7D 7E 7F 80 81 82 83 84 85 86 87 88 89 8A 8B 24 24 24 E3 24 24 24 D6 DF
  nt_row_11=DE DB D7 24 24 E3 70 AF B0 B1 B2 B3 B4 B5 B6 B7 B8 B9 BA BB BC BD BE BF C0 24 E2 24 24 D6 DB DB
  nt_row_13=DE DB EE 24 24 E3 24 C6 C7 C8 C8 C8 24 C9 CA CB CC CD C8 C8 C8 C8 E8 E9 D3 24 E2 24 24 D6 DB DB
  nt_row_17=DC DA DC D7 24 24 24 24 24 24 24 24 24 F0 01 09 08 06 24 17 12 17 1D 0E 17 0D 18 24 D6 DC DB DF
  nt_row_20=E1 D9 DC ED E0 EF 24 24 19 1E 1C 11 24 1C 1D 0A 1B 1D 24 0B 1E 1D 1D 18 17 24 24 24 D6 D8 E1 D9
  pal=0F0F0F000F01110F0F0C01020F00010C0000010C0001110F000C01020000010C
  chr_008=00000000000000000000000000000000
  chr_01C=00000000000000000000000000000000
  chr_108=78C4E47886867C000000000000000000
  chr_11C=78CCC07C06C67C000000000000000000
SNAPSHOT frame=1770 reason=state_change
  state gm=00 ready=01 script=00 sub=00 ppu_idx=00 ram_005C=00 auto=00 phase=01 frm=5C ctrl=B0 mask=1E ctrl_shadow=B0 mask_shadow=1E flush_done=00 vblank=01 mirror=10
  nt_row_04=DC EE 24 24 24 24 24 24 24 24 24 24 24 24 24 24 24 24 24 24 24 24 24 24 24 24 24 24 24 24 D6 DB
  nt_row_07=DE EE 24 24 24 E3 24 24 71 72 73 74 75 76 77 78 79 79 79 7A 7B 24 24 24 24 24 E2 24 24 24 D6 DB
  nt_row_08=DE D8 EF 24 24 E2 24 7C 7D 7E 7F 80 81 82 83 84 85 86 87 88 89 8A 8B 24 24 24 E3 24 24 24 D6 DF
  nt_row_11=DE DB D7 24 24 E3 70 AF B0 B1 B2 B3 B4 B5 B6 B7 B8 B9 BA BB BC BD BE BF C0 24 E2 24 24 D6 DB DB
  nt_row_13=DE DB EE 24 24 E3 24 C6 C7 C8 C8 C8 24 C9 CA CB CC CD C8 C8 C8 C8 E8 E9 D3 24 E2 24 24 D6 DB DB
  nt_row_17=DC DA DC D7 24 24 24 24 24 24 24 24 24 F0 01 09 08 06 24 17 12 17 1D 0E 17 0D 18 24 D6 DC DB DF
  nt_row_20=E1 D9 DC ED E0 EF 24 24 19 1E 1C 11 24 1C 1D 0A 1B 1D 24 0B 1E 1D 1D 18 17 24 24 24 D6 D8 E1 D9
  pal=0F0F0F000F01110F0F0C01020F00010C0000010C0001110F000C01020000010C
  chr_008=00000000000000000000000000000000
  chr_01C=00000000000000000000000000000000
  chr_108=78C4E47886867C000000000000000000
  chr_11C=78CCC07C06C67C000000000000000000
SNAPSHOT frame=1800 reason=checkpoint
  state gm=00 ready=01 script=00 sub=00 ppu_idx=00 ram_005C=00 auto=00 phase=01 frm=5C ctrl=B0 mask=1E ctrl_shadow=B0 mask_shadow=1E flush_done=00 vblank=01 mirror=10
  nt_row_04=DC EE 24 24 24 24 24 24 24 24 24 24 24 24 24 24 24 24 24 24 24 24 24 24 24 24 24 24 24 24 D6 DB
  nt_row_07=DE EE 24 24 24 E3 24 24 71 72 73 74 75 76 77 78 79 79 79 7A 7B 24 24 24 24 24 E2 24 24 24 D6 DB
  nt_row_08=DE D8 EF 24 24 E2 24 7C 7D 7E 7F 80 81 82 83 84 85 86 87 88 89 8A 8B 24 24 24 E3 24 24 24 D6 DF
  nt_row_11=DE DB D7 24 24 E3 70 AF B0 B1 B2 B3 B4 B5 B6 B7 B8 B9 BA BB BC BD BE BF C0 24 E2 24 24 D6 DB DB
  nt_row_13=DE DB EE 24 24 E3 24 C6 C7 C8 C8 C8 24 C9 CA CB CC CD C8 C8 C8 C8 E8 E9 D3 24 E2 24 24 D6 DB DB
  nt_row_17=DC DA DC D7 24 24 24 24 24 24 24 24 24 F0 01 09 08 06 24 17 12 17 1D 0E 17 0D 18 24 D6 DC DB DF
  nt_row_20=E1 D9 DC ED E0 EF 24 24 19 1E 1C 11 24 1C 1D 0A 1B 1D 24 0B 1E 1D 1D 18 17 24 24 24 D6 D8 E1 D9
  pal=0F0F0F000F01110F0F0C01020F00010C0000010C0001110F000C01020000010C
  chr_008=00000000000000000000000000000000
  chr_01C=00000000000000000000000000000000
  chr_108=78C4E47886867C000000000000000000
  chr_11C=78CCC07C06C67C000000000000000000
=== COMPLETE ===
